Iteration	start_1	end_1	start_2	end_2	start_3	end_3	start_4	end_4	start_5	end_5	start_6	end_6	start_7	end_7	start_8	end_8	start_9	end_9	start_10	end_10	start_11	end_11	start_12	end_12	start_13	end_13	start_14	end_14	start_15	end_15	start_16	end_16	start_17	end_17	start_18	end_18	start_19	end_19	start_20	end_20	start_21	end_21	start_22	end_22	start_23	end_23	start_24	end_24	start_25	end_25	start_26	end_26	start_27	end_27	start_28	end_28	start_29	end_29	start_30	end_30	start_31	end_31	start_32	end_32	start_33	end_33	start_34	end_34	start_35	end_35
0	5	5	5	14	5	27	14	14	5	5	1	6	3	3	1	9	1	1	1	1	1	28	26	26	3	14	5	5	5	5	5	5	4	11	5	5	5	15	5	5	5	5	5	5	26	26	31	31	1	1	31	31	31	31	28	31	31	31	2	31	14	14	22	14	5	5	8	22	8	8
10	5	5	3	14	21	27	5	14	5	5	2	6	3	3	1	9	1	1	1	1	1	28	31	26	5	14	5	5	5	5	5	5	11	11	5	5	5	25	5	5	5	5	5	5	30	31	30	30	1	1	31	31	31	31	31	31	31	31	4	31	5	5	23	21	3	14	26	29	26	26
20	5	5	5	14	26	27	5	14	5	5	20	6	3	3	1	9	1	1	1	1	1	28	16	26	3	14	5	5	5	5	5	5	15	11	5	5	5	15	5	5	5	5	5	5	6	16	1	20	1	1	1	1	1	1	1	1	3	7	6	27	2	5	1	26	4	5	3	9	16	16
30	5	5	5	14	16	27	5	14	5	5	1	6	1	3	1	9	1	1	1	1	1	28	16	26	5	14	5	5	5	5	5	5	11	11	5	5	11	25	5	5	15	25	15	15	1	27	12	23	1	1	1	12	1	1	1	1	1	1	1	1	5	5	26	27	5	5	12	31	12	12
40	12	5	5	14	28	27	5	14	5	5	1	6	1	3	1	9	12	1	5	1	5	28	1	26	5	14	5	5	5	5	5	5	25	11	5	5	5	25	5	5	5	5	5	5	5	12	5	5	5	5	5	5	1	12	1	1	1	1	16	1	4	5	1	28	29	12	1	29	16	16
50	5	5	5	14	16	27	5	14	5	5	1	6	7	3	1	9	1	1	1	1	1	28	7	26	3	14	5	5	5	5	5	5	11	11	5	5	5	25	5	5	5	5	5	5	7	7	1	21	1	1	1	1	1	1	1	1	18	7	3	18	5	5	28	27	2	5	14	28	14	14
60	5	5	5	14	4	27	5	14	5	5	2	6	17	3	5	9	5	1	6	1	2	28	13	26	2	14	5	5	5	5	5	5	4	11	5	5	5	15	5	5	5	5	5	5	5	13	5	5	2	6	5	13	5	5	5	5	20	28	4	20	28	5	13	28	2	5	4	13	4	4
70	5	5	26	14	28	27	5	14	5	5	3	6	14	3	5	9	1	1	1	1	8	28	4	26	5	14	5	5	5	5	5	5	5	11	5	5	5	5	5	5	5	5	5	5	5	15	5	5	7	16	1	21	1	1	5	12	14	14	2	14	5	5	31	28	4	31	19	31	19	19
80	5	5	5	14	27	27	14	14	5	5	2	6	3	3	4	9	1	1	1	1	13	28	5	26	14	14	5	5	5	5	5	5	4	11	5	5	5	15	5	5	5	5	5	5	14	14	5	14	12	20	12	12	12	12	23	23	23	29	15	28	3	14	16	27	5	5	4	27	15	15
90	5	5	5	14	27	27	14	14	5	5	2	6	3	3	1	9	1	1	1	1	1	28	1	26	12	14	5	5	5	5	5	5	3	11	5	5	5	14	5	5	5	5	5	5	12	12	1	12	1	1	1	1	1	1	9	1	18	18	23	26	5	14	15	27	5	5	5	15	23	23
100	5	5	5	14	5	27	14	14	5	5	2	6	3	3	1	9	1	1	1	1	1	28	16	26	3	14	5	5	5	5	5	5	14	11	5	5	5	14	5	5	5	5	5	5	7	16	12	21	1	1	1	12	1	1	1	1	7	7	5	16	5	14	5	5	5	5	5	5	5	5
110	22	5	5	14	23	27	3	14	5	5	1	6	3	3	20	9	1	1	1	1	4	28	19	26	5	14	5	5	5	5	5	5	3	11	5	5	5	14	5	5	5	5	5	5	15	30	4	15	9	9	1	9	1	1	2	20	19	8	10	26	3	14	18	29	2	22	4	26	10	10
120	5	5	14	14	13	27	5	14	5	5	8	6	4	3	4	9	1	1	1	1	1	28	19	26	5	14	1	5	5	5	5	5	4	11	5	5	15	15	5	5	15	15	23	23	4	30	9	23	1	1	9	9	4	9	4	4	4	4	12	19	5	5	20	13	3	14	5	27	12	12
130	4	5	4	14	2	27	30	14	2	5	4	6	4	3	21	9	5	1	5	1	5	28	5	26	5	14	5	5	5	5	5	5	3	11	3	5	5	3	5	5	5	5	5	5	5	5	5	5	5	5	5	5	5	5	28	21	13	28	5	24	18	30	29	26	1	4	5	29	5	5
140	5	5	5	14	3	27	14	14	5	5	7	6	1	3	1	9	1	1	3	1	25	28	4	26	3	14	5	5	5	5	5	5	15	11	5	5	5	15	5	5	5	5	5	5	3	11	5	14	5	25	5	5	1	12	1	1	1	1	25	7	3	14	2	3	2	5	1	2	29	29
150	5	5	5	14	1	27	5	14	5	5	1	6	28	3	1	9	1	1	5	1	5	28	3	26	14	14	5	5	5	5	5	5	11	11	5	5	5	25	5	5	5	5	5	5	1	14	12	12	5	5	1	12	1	1	1	1	28	28	5	28	6	5	3	6	3	5	21	3	21	21
160	5	5	5	14	28	27	14	14	5	5	3	6	2	3	4	9	4	1	1	1	9	28	19	26	5	14	5	5	5	5	5	5	4	11	15	5	5	15	5	5	5	5	5	5	30	30	30	30	4	9	30	30	30	30	25	30	30	30	2	30	5	14	17	28	5	5	28	28	28	28
170	5	5	12	14	2	27	5	14	12	5	3	6	2	3	9	9	1	1	1	1	9	28	17	26	5	14	5	5	5	5	5	5	3	11	5	5	5	14	5	5	5	5	5	5	5	28	5	5	9	9	1	23	1	1	12	9	20	20	4	27	6	12	15	6	4	12	7	15	18	18
180	3	5	3	14	1	27	3	14	8	5	1	6	3	3	5	9	5	1	1	1	21	28	16	26	5	14	5	5	5	5	5	5	3	11	15	5	5	25	5	5	5	5	5	5	5	27	5	5	5	21	5	5	5	5	5	5	3	14	1	7	2	8	24	6	3	3	19	30	26	26
190	5	5	14	14	20	27	5	14	5	5	1	6	3	3	1	9	1	1	1	1	5	28	18	26	5	14	5	5	5	5	5	5	4	11	5	5	5	15	5	5	5	5	5	5	15	29	5	15	12	12	1	12	1	1	1	1	7	7	13	7	5	5	12	20	1	14	2	12	13	13
200	4	5	13	14	1	27	5	14	12	5	5	6	3	3	4	9	1	1	1	1	24	28	10	26	5	14	5	5	5	5	5	5	11	11	5	5	14	25	5	5	5	14	5	5	5	24	5	5	17	28	29	28	18	29	21	18	21	21	2	21	21	12	1	21	25	24	2	29	2	2
210	5	5	3	14	5	27	5	14	5	5	4	6	18	3	1	9	1	1	1	1	9	28	5	26	5	14	5	5	5	5	5	5	5	11	5	5	5	5	5	5	5	5	5	5	5	5	5	5	9	9	1	23	1	1	1	1	18	18	4	18	5	5	12	5	5	14	5	12	15	15
220	3	5	3	14	3	27	4	14	14	5	12	6	5	3	5	9	2	1	5	1	5	28	26	26	5	14	5	5	5	5	5	5	4	11	5	5	4	15	4	5	5	4	5	5	5	31	5	5	5	5	5	5	5	13	5	5	5	5	2	12	3	25	2	3	2	3	13	2	13	13
230	2	5	23	14	16	27	5	14	5	5	12	6	3	3	23	9	1	1	1	1	1	28	29	26	5	14	5	5	5	5	5	5	4	11	5	5	15	15	5	5	5	15	5	5	21	29	1	21	1	1	1	1	1	1	1	23	3	7	23	21	5	5	3	27	7	28	5	7	23	23
240	5	5	5	14	26	27	5	14	5	5	2	6	5	3	4	9	1	1	1	1	1	28	16	26	5	14	5	5	5	5	5	5	11	11	5	5	5	25	5	5	5	5	5	5	12	27	12	12	1	1	12	12	12	12	12	23	12	12	2	20	5	5	31	31	2	5	22	31	22	22
250	5	5	5	14	21	27	5	14	5	5	2	6	3	3	1	9	1	1	1	1	1	28	10	26	5	14	5	5	5	5	5	5	11	11	5	5	5	25	5	5	5	5	5	5	24	24	24	24	1	1	28	28	20	28	20	20	31	27	5	31	5	5	5	21	5	5	3	5	14	14
260	5	5	5	14	3	27	22	14	5	5	17	6	1	3	1	9	1	1	1	1	1	28	3	26	14	14	5	5	5	5	5	5	4	11	5	5	5	15	5	5	5	5	5	5	5	14	5	5	1	1	1	12	1	1	1	1	1	1	8	17	5	22	5	14	12	5	5	12	22	22
270	5	5	5	14	27	27	5	14	5	5	2	6	3	3	4	9	1	1	7	1	1	28	8	26	5	14	5	5	5	5	5	5	15	11	5	5	5	15	5	5	5	5	5	5	14	22	3	14	7	7	7	7	7	7	18	18	18	18	8	26	5	5	5	27	5	5	5	5	22	22
280	5	5	5	14	5	27	14	14	5	5	1	6	1	3	1	9	1	1	1	1	1	28	16	26	5	14	5	5	5	5	5	5	3	11	5	5	5	14	5	5	5	5	5	5	7	27	1	21	1	1	1	1	1	1	1	1	1	1	13	1	12	14	28	12	5	5	1	28	20	20
290	5	5	5	14	27	27	5	14	5	5	2	6	19	3	1	9	1	1	1	1	1	28	17	26	5	14	5	5	5	5	5	5	3	11	5	5	5	14	5	5	5	5	5	5	12	28	12	12	1	1	1	12	1	1	1	1	26	26	3	26	4	5	31	31	5	5	3	31	3	3
300	1	5	8	14	3	27	5	14	5	5	1	6	1	3	7	9	1	1	1	1	21	28	27	26	3	14	12	5	5	5	5	5	4	11	5	5	5	15	5	5	5	5	1	12	1	27	1	1	14	21	7	21	1	7	1	7	1	1	4	1	5	5	6	14	2	16	11	6	11	11
310	5	5	5	14	5	27	5	14	5	5	7	6	1	3	1	9	1	1	1	1	1	28	31	26	5	14	5	5	5	5	5	5	3	11	14	5	5	14	5	5	5	5	5	5	12	31	1	12	1	1	1	1	1	1	1	1	1	1	20	7	5	5	5	5	5	5	1	5	20	20
320	5	5	5	14	19	27	5	14	5	5	26	6	1	3	1	9	1	1	1	1	1	28	28	26	5	14	5	5	5	5	5	5	4	11	5	5	15	15	5	5	5	15	5	5	6	28	12	20	1	1	1	12	1	1	1	1	1	1	7	26	5	5	4	30	23	5	5	23	21	21
330	5	5	5	14	13	27	5	14	5	5	1	6	1	3	1	9	1	1	1	1	1	28	17	26	5	14	5	5	5	5	5	5	4	11	5	5	5	15	5	5	5	5	5	5	5	28	12	5	1	1	1	12	1	1	1	1	1	1	12	1	5	5	5	13	5	5	5	5	12	12
340	5	5	5	14	31	27	14	14	5	5	2	6	3	3	4	9	1	1	1	1	12	28	17	26	5	14	5	5	5	5	5	5	4	11	5	5	5	15	5	5	5	5	5	5	5	28	5	5	12	12	12	12	12	12	15	23	25	25	1	30	5	14	26	31	5	5	5	31	12	12
350	5	5	25	14	25	27	5	14	5	5	3	6	3	3	1	9	1	1	1	1	1	28	1	26	5	14	5	5	5	5	5	5	4	11	15	5	5	15	5	5	5	5	5	5	12	12	1	12	1	1	1	1	1	1	1	1	7	7	1	7	3	5	5	25	15	25	9	15	9	9
360	2	5	23	14	3	27	5	14	5	5	10	6	1	3	1	9	1	1	1	1	1	28	18	26	5	14	5	5	5	5	5	5	11	11	5	5	5	25	5	5	5	5	5	5	12	29	1	12	1	1	1	1	1	1	1	1	1	1	5	17	25	5	4	25	17	28	24	17	24	24
370	5	5	5	14	1	27	5	14	15	5	25	6	1	3	1	9	1	1	1	1	1	28	3	26	14	14	5	5	5	5	5	5	25	11	5	5	5	25	5	5	5	5	5	5	12	14	1	12	1	1	1	1	1	1	1	1	1	1	4	29	12	15	5	12	29	5	10	29	10	10
380	5	5	20	14	5	27	5	14	5	5	2	6	1	3	1	9	1	1	1	1	1	28	8	26	5	14	5	5	5	5	5	5	15	11	5	5	5	15	5	5	5	5	5	5	16	22	6	27	1	1	1	6	1	1	1	1	6	1	2	6	18	5	2	29	10	20	30	10	30	30
390	5	5	5	14	5	27	5	14	5	5	10	6	1	3	1	9	1	1	1	1	1	28	26	26	5	14	5	5	5	5	5	5	4	11	5	5	5	15	5	5	5	5	5	5	5	31	5	5	1	1	1	12	1	1	1	1	1	1	4	17	5	5	24	5	5	5	4	24	4	4
400	5	5	14	14	3	27	5	14	5	5	19	6	1	3	19	9	1	1	1	1	1	28	7	26	3	14	5	5	5	5	5	5	3	11	5	5	5	14	5	5	5	5	5	5	12	7	1	12	1	1	1	1	1	1	3	26	1	7	3	26	3	5	6	3	1	14	14	6	14	14
410	5	5	5	14	31	27	5	14	5	5	2	6	1	3	1	9	1	1	1	1	1	28	16	26	3	14	5	5	5	5	5	5	3	11	5	5	5	14	5	5	5	5	5	5	1	16	12	12	1	1	1	12	1	1	1	1	1	1	5	6	5	5	27	31	3	5	25	27	25	25
420	12	5	5	14	22	27	14	14	5	5	1	6	11	3	1	9	1	1	1	1	1	28	3	26	14	14	5	5	5	5	5	5	3	11	5	5	5	14	5	5	5	5	5	5	5	14	5	5	1	1	1	12	1	1	1	1	18	18	13	18	3	14	5	22	5	12	5	5	13	13
430	5	5	5	14	6	27	30	14	4	5	2	6	21	3	1	9	1	1	1	1	1	28	5	26	5	14	5	5	5	5	5	5	4	11	5	5	5	15	5	5	5	5	5	5	5	5	5	5	1	1	1	12	1	1	1	1	21	21	6	27	5	30	24	20	5	5	1	24	6	6
440	22	5	1	14	23	27	1	14	12	5	3	6	2	3	21	9	5	1	2	1	24	28	4	26	4	14	5	5	5	5	5	5	3	11	5	5	5	14	5	5	5	5	5	5	5	4	5	5	5	24	5	5	5	5	3	21	3	8	2	3	4	12	14	23	2	27	24	22	24	24
450	5	5	23	14	31	27	5	14	5	5	1	6	3	3	1	9	1	1	1	1	1	28	6	26	5	14	5	5	5	5	5	5	4	11	5	5	5	15	5	5	5	5	5	5	12	20	1	12	1	1	1	1	1	1	1	1	7	7	1	7	5	5	26	31	4	23	5	26	12	12
460	4	5	21	14	8	27	5	14	5	5	31	6	1	3	1	9	1	1	1	1	1	28	3	26	12	14	5	5	5	5	5	5	3	11	5	5	12	14	5	5	12	12	1	12	1	21	1	1	1	1	1	1	1	1	1	1	1	1	5	31	5	5	5	22	5	29	1	5	12	12
470	5	5	13	14	6	27	5	14	5	5	30	6	1	3	1	9	1	1	1	1	1	28	4	26	29	14	5	5	5	5	5	5	4	11	5	5	5	15	5	5	5	5	5	5	12	29	1	12	1	1	1	1	1	1	1	1	1	1	22	31	5	5	5	20	3	13	4	14	30	30
480	5	5	5	14	2	27	14	14	5	5	2	6	3	3	1	9	1	1	1	1	1	28	20	26	5	14	5	5	5	5	5	5	4	11	5	5	5	15	5	5	5	5	5	5	12	20	12	12	1	1	1	12	1	1	7	1	3	7	3	8	12	14	26	20	5	5	23	31	29	29
490	5	5	25	14	6	27	5	14	5	5	13	6	3	3	3	9	1	1	1	1	1	28	18	26	3	14	5	5	5	5	5	5	11	11	5	5	5	25	5	5	5	5	5	5	9	18	18	23	1	1	1	18	1	1	3	7	3	3	8	22	5	5	5	20	31	25	2	31	8	8
500	5	5	3	14	16	27	5	14	5	5	2	6	3	3	5	9	1	1	1	1	1	28	26	26	3	14	5	5	5	5	5	5	5	11	5	5	5	5	5	5	5	5	5	5	17	26	28	28	1	1	28	28	28	28	28	28	31	31	5	31	5	5	31	27	1	14	5	31	5	5
510	15	5	3	14	5	27	5	14	5	5	4	6	4	3	1	9	1	1	1	1	1	28	18	26	5	14	5	5	5	5	5	5	3	11	14	5	5	14	5	5	5	5	5	5	12	29	1	12	1	1	1	1	1	1	4	1	4	4	24	4	27	5	21	27	5	25	3	21	30	30
520	5	5	5	14	5	27	14	14	5	5	5	6	4	3	3	9	1	1	1	1	1	28	6	26	2	14	5	5	5	5	5	5	4	11	5	5	5	15	5	5	5	5	5	5	6	6	20	20	1	1	17	20	17	17	26	26	18	26	2	29	5	14	4	5	28	5	5	28	13	13
530	5	5	25	14	28	27	5	14	5	5	13	6	1	3	1	9	1	1	1	1	9	28	11	26	3	14	5	5	5	5	5	5	5	11	5	5	5	5	5	5	5	5	5	5	23	11	9	23	1	9	1	9	1	1	1	1	1	1	1	20	5	5	4	28	27	25	4	31	9	9
540	5	5	5	14	4	27	20	14	5	5	3	6	3	3	1	9	1	1	1	1	1	28	26	26	3	14	5	5	5	5	5	5	3	11	5	5	5	14	5	5	5	5	5	5	6	26	20	20	1	1	1	20	1	1	12	1	21	21	16	21	17	20	31	17	5	5	2	31	16	16
550	5	5	3	14	12	27	7	14	5	5	1	6	3	3	4	9	1	1	1	1	1	28	4	26	15	14	5	5	5	5	5	5	11	11	5	5	5	25	5	5	5	5	5	5	13	15	13	13	1	1	1	20	1	1	26	9	18	26	17	18	5	21	23	12	4	14	2	23	17	17
560	5	5	5	14	20	27	14	14	5	5	1	6	2	3	1	9	1	1	1	1	1	28	26	26	3	14	5	5	5	5	5	5	3	11	5	5	5	14	5	5	5	5	5	5	26	26	31	31	1	1	28	31	28	28	28	28	28	28	13	28	5	14	20	20	4	5	4	28	24	24
570	5	5	14	14	20	27	5	14	5	5	12	6	2	3	2	9	2	1	1	1	20	28	6	26	5	14	13	5	5	5	5	5	4	11	5	5	5	15	5	5	5	5	13	13	5	20	2	13	13	20	2	13	2	2	2	2	2	2	5	20	5	5	1	20	27	14	4	27	15	15
580	10	5	4	14	22	27	5	14	5	5	3	6	13	3	2	9	2	1	4	1	4	28	7	26	5	14	10	5	5	5	5	5	3	11	3	5	3	3	4	5	4	11	4	10	9	21	4	9	10	4	2	10	2	2	2	2	20	13	4	27	4	5	15	30	5	10	21	15	29	29
590	5	5	14	14	10	27	5	14	15	5	14	6	1	3	1	9	1	1	1	1	1	28	18	26	3	14	4	5	5	5	5	5	11	11	5	5	15	25	5	5	4	15	4	4	9	18	1	9	1	1	1	1	1	1	1	1	1	1	29	21	4	15	1	10	29	14	5	29	29	29
600	5	5	3	14	2	27	14	14	5	5	1	6	1	3	1	9	1	1	1	1	1	28	4	26	5	14	5	5	5	5	5	5	7	11	5	5	5	21	5	5	5	5	5	5	23	15	23	23	1	1	1	23	1	1	1	1	6	1	8	6	2	14	2	2	2	14	3	2	8	8
610	5	5	12	14	4	27	1	14	5	5	9	6	4	3	1	9	1	1	1	1	1	28	4	26	24	14	5	5	5	5	5	5	4	11	5	5	5	15	5	5	5	5	5	5	5	24	12	5	1	1	1	12	1	1	4	1	4	4	16	9	5	12	7	15	5	12	2	21	16	16
620	5	5	21	14	5	27	5	14	5	5	13	6	5	3	1	9	1	1	1	1	9	28	17	26	5	14	5	5	5	5	5	5	3	11	12	5	5	21	5	5	5	5	5	5	4	28	15	15	4	9	15	15	23	23	15	23	5	15	5	13	5	5	1	5	1	21	1	1	12	12
630	5	5	5	14	2	27	14	14	5	5	20	6	3	3	1	9	1	1	1	1	12	28	17	26	5	14	5	5	5	5	5	5	4	11	5	5	5	15	5	5	5	5	5	5	12	28	12	12	5	12	1	12	1	1	1	1	3	7	26	27	25	14	8	30	5	5	3	22	26	26
640	5	5	14	14	17	27	5	14	5	5	2	6	3	3	1	9	1	1	1	1	1	28	18	26	3	14	5	5	5	5	5	5	11	11	5	5	5	25	5	5	5	5	5	5	29	18	29	29	1	1	12	29	12	12	21	12	21	21	1	27	5	5	28	28	3	14	2	31	6	6
650	5	5	5	14	30	27	5	14	5	5	14	6	3	3	4	9	1	1	1	1	1	28	26	26	5	14	5	5	5	5	5	5	9	11	5	5	5	23	5	5	5	5	1	5	1	31	1	1	1	1	1	1	1	1	4	9	4	11	4	25	5	5	26	30	5	5	15	31	15	15
660	5	5	27	14	4	27	3	14	5	5	1	6	5	3	1	9	1	1	1	1	1	28	1	26	21	14	5	5	5	5	5	5	3	11	12	5	12	21	5	5	5	12	5	5	5	21	5	5	12	1	1	12	1	1	21	1	21	21	2	21	11	14	4	11	14	27	2	25	2	2
670	5	5	2	14	4	27	25	14	4	5	29	6	1	3	1	9	1	1	1	1	9	28	7	26	3	14	5	5	5	5	5	5	3	11	5	5	7	14	5	5	12	21	1	12	1	7	1	1	1	9	1	1	1	1	1	1	1	1	17	29	8	25	5	19	11	13	1	25	17	17
680	5	5	5	14	4	27	5	14	5	5	4	6	5	3	5	9	1	1	1	1	1	28	4	26	3	14	5	5	5	5	5	5	4	11	15	5	5	15	5	5	5	5	1	5	3	11	1	7	1	1	1	1	12	1	1	12	12	12	30	23	5	5	2	15	2	5	5	2	30	30
690	16	5	1	14	25	27	5	14	5	5	31	6	2	3	1	9	1	1	1	1	1	28	1	26	21	14	5	5	5	5	5	5	14	11	5	5	5	14	5	5	5	5	5	5	5	21	5	5	1	1	1	12	1	1	1	1	1	6	10	31	5	5	15	25	4	16	3	15	19	19
700	5	5	5	14	27	27	14	14	5	5	2	6	3	3	4	9	1	1	1	1	1	28	26	26	5	14	5	5	5	5	5	5	11	11	5	5	5	25	5	5	5	5	5	5	26	31	27	31	1	1	22	27	31	27	27	31	27	27	17	27	5	14	22	27	5	5	2	22	17	17
710	5	5	21	14	13	27	5	14	5	5	2	6	1	3	1	9	1	1	1	1	1	28	16	26	3	14	5	5	5	5	5	5	5	11	5	5	5	5	5	5	5	5	5	5	1	16	12	12	1	1	1	12	1	1	1	1	1	1	22	6	5	5	30	13	1	21	5	31	22	22
720	8	5	3	14	19	27	14	14	5	5	1	6	7	3	1	9	1	1	1	1	1	28	29	26	3	14	5	5	5	5	5	5	3	11	5	5	5	14	5	5	5	5	5	5	21	29	12	21	1	1	1	12	1	1	1	1	7	7	1	7	3	14	11	19	2	8	21	19	21	21
730	5	5	5	14	27	27	5	14	5	5	10	6	1	3	1	9	1	1	1	1	9	28	26	26	3	14	5	5	5	5	5	5	3	11	5	5	5	14	5	5	5	5	5	5	1	26	1	12	1	9	1	1	1	1	1	1	1	1	22	17	5	5	5	27	5	5	2	5	22	22
740	5	5	5	14	22	27	14	14	5	5	2	6	3	3	4	9	1	1	1	1	17	28	16	26	5	14	5	5	5	5	5	5	3	11	5	5	5	14	5	5	5	5	5	5	5	27	5	5	26	17	28	31	28	28	28	28	31	31	1	31	5	14	8	22	5	5	16	22	16	16
750	11	5	3	14	14	27	3	14	5	5	1	6	5	3	1	9	1	1	1	1	1	28	3	26	14	14	5	5	5	5	5	5	15	11	5	5	5	15	5	5	5	5	5	5	5	14	5	5	1	1	12	12	12	12	5	12	5	5	5	12	5	14	3	14	4	11	5	11	5	5
760	5	5	5	14	22	27	14	14	5	5	2	6	3	3	4	9	1	1	1	1	20	28	3	26	14	14	5	5	5	5	5	5	4	11	5	5	5	15	5	5	5	5	5	5	5	14	5	5	20	20	12	20	20	12	28	28	31	31	8	31	3	14	30	22	5	5	3	30	8	8
770	5	5	5	14	28	27	3	14	5	5	2	6	4	3	9	9	1	1	1	1	1	28	6	26	3	14	5	5	5	5	5	5	4	11	5	5	5	15	5	5	5	5	5	5	1	16	1	12	1	1	1	1	1	1	9	9	17	9	1	17	5	14	2	28	2	5	9	2	9	9
780	5	5	25	14	16	27	5	14	5	5	2	6	3	3	1	9	1	1	1	1	9	28	10	26	3	14	5	5	5	5	5	5	3	11	5	5	5	14	5	5	5	5	5	5	4	19	4	15	9	9	1	9	1	1	9	1	29	18	2	31	5	5	6	27	4	25	29	17	31	31
790	5	5	3	14	18	27	5	14	5	5	1	6	2	3	4	9	1	1	4	1	4	28	17	26	3	14	5	5	5	5	5	5	4	11	5	5	5	15	5	5	5	5	5	5	25	26	11	25	4	4	11	11	29	18	23	29	28	28	5	28	5	5	31	29	4	14	20	31	20	20
800	5	5	12	14	5	27	5	14	5	5	1	6	3	3	1	9	1	1	1	1	1	28	26	26	5	14	5	5	5	5	5	5	11	11	5	5	5	25	5	5	5	5	5	5	29	31	29	29	1	1	29	29	18	29	18	18	18	18	25	18	14	5	3	14	25	12	2	25	30	30
810	18	5	5	14	5	27	5	14	29	5	7	6	2	3	3	9	5	1	14	1	5	28	31	26	5	14	22	5	5	5	5	5	14	11	5	5	3	14	3	5	3	3	14	22	3	31	7	14	5	14	14	21	11	14	2	11	2	2	21	16	5	29	5	5	5	29	5	5	21	21
820	3	5	3	14	1	27	5	14	14	5	4	6	1	3	1	9	2	1	2	1	2	28	13	26	5	14	16	5	17	5	2	5	15	11	4	5	1	15	12	17	1	12	18	16	1	13	5	18	10	2	2	24	12	2	1	12	10	1	3	10	1	14	5	1	15	3	8	15	8	8
830	2	5	27	14	3	27	5	14	19	5	4	6	31	3	24	9	2	1	1	1	1	28	4	26	16	14	7	5	4	5	26	5	5	11	17	5	4	28	29	26	3	29	2	7	1	26	5	6	4	1	2	15	2	2	4	24	13	31	30	24	15	30	1	25	6	27	4	6	30	30
840	19	5	5	14	5	27	3	14	25	5	2	6	12	3	16	9	4	1	4	1	3	28	26	26	5	14	2	5	5	5	6	5	19	11	5	5	3	30	18	20	17	18	22	17	5	31	3	22	3	11	1	3	3	9	3	16	2	21	2	2	5	25	16	5	4	30	12	26	20	20
850	4	5	21	14	5	27	31	14	3	5	13	6	22	3	26	9	24	1	2	1	12	28	2	26	30	14	2	5	4	5	9	5	4	11	10	5	4	10	9	9	5	9	2	13	2	30	1	2	1	20	1	1	1	28	2	26	2	22	4	13	14	31	14	14	4	29	2	25	10	10
860	3	5	1	14	2	27	8	14	3	5	3	6	1	3	3	9	22	1	1	1	11	28	5	26	31	14	13	5	7	5	5	5	5	11	2	5	3	13	17	21	5	26	5	13	5	31	4	5	31	18	4	31	31	30	1	31	7	1	3	7	6	8	3	6	4	7	3	11	3	3
870	3	5	1	14	18	27	2	14	6	5	22	6	2	3	4	9	2	1	10	1	2	28	1	26	1	14	4	5	5	5	5	5	1	11	1	5	13	1	1	5	4	20	5	4	5	1	4	5	4	10	2	4	28	2	3	28	2	8	14	22	2	6	3	26	3	7	4	3	25	25
880	20	5	5	14	3	27	2	14	2	5	2	6	5	3	1	9	4	1	1	1	22	28	4	26	1	14	4	5	1	5	5	5	3	11	3	5	7	3	3	12	27	7	25	31	5	9	3	25	3	27	30	3	12	30	2	12	2	13	1	2	3	2	1	3	1	20	24	1	28	28
890	1	5	1	14	1	27	5	14	5	5	3	6	3	3	3	9	5	1	1	1	20	28	28	26	5	14	5	5	5	5	5	5	3	11	22	5	5	22	5	5	5	5	5	5	5	28	5	5	5	20	5	5	14	5	3	14	3	3	30	3	1	5	3	1	5	1	3	14	30	30
900	5	5	5	14	20	27	5	14	5	5	15	6	1	3	1	9	1	1	12	1	5	28	6	26	5	14	5	5	5	5	5	5	11	11	5	5	5	25	5	5	5	5	5	5	5	20	5	5	12	12	1	12	1	1	1	1	1	1	4	23	5	5	6	20	5	5	4	20	4	4
910	2	5	5	14	5	27	5	14	5	5	28	6	1	3	1	9	1	1	1	1	1	28	18	26	3	14	5	5	5	5	5	5	4	11	5	5	5	15	5	5	5	5	5	5	9	18	9	23	1	1	1	9	1	1	1	1	1	1	8	28	5	5	5	5	5	13	3	5	8	8
920	5	5	3	14	5	27	5	14	5	5	1	6	1	3	1	9	1	1	1	1	1	28	26	26	5	14	5	5	5	5	5	5	11	11	5	5	5	25	5	5	5	5	5	5	23	31	23	23	1	1	1	23	1	1	1	1	1	1	9	1	5	5	5	5	5	14	2	5	17	17
930	5	5	5	14	1	27	3	14	15	5	1	6	5	3	5	9	5	1	5	1	5	28	3	26	14	14	5	5	5	5	5	5	14	11	5	5	5	14	5	5	5	5	5	5	5	14	5	5	5	5	5	5	5	5	5	5	5	5	5	12	15	25	5	23	5	5	12	5	12	12
940	5	5	14	14	29	27	5	14	5	5	2	6	3	3	4	9	1	1	1	1	23	28	8	26	5	14	5	5	5	5	5	5	3	11	5	5	5	14	5	5	5	5	5	5	5	22	5	5	23	23	15	23	15	23	25	15	25	25	9	30	5	5	26	29	5	14	1	31	9	9
950	5	5	15	14	13	27	5	14	5	5	24	6	1	3	1	9	12	1	1	1	1	28	5	26	5	14	5	5	5	5	5	5	7	11	5	5	5	21	5	5	5	5	5	5	5	5	5	5	1	1	5	12	1	12	1	1	1	1	4	28	5	5	28	13	2	15	4	28	4	4
960	5	5	14	14	27	27	5	14	5	5	2	6	3	3	1	9	1	1	1	1	28	28	3	26	14	14	5	5	5	5	5	5	4	11	5	5	5	15	5	5	5	5	5	5	5	14	5	5	12	28	1	12	1	1	7	1	3	7	3	8	5	5	28	27	3	14	16	31	16	16
970	5	5	22	14	31	27	5	14	5	5	9	6	1	3	2	9	1	1	1	1	1	28	7	26	3	14	12	5	5	5	5	5	4	11	5	5	5	15	5	5	5	5	1	12	1	7	1	1	1	1	1	1	1	1	1	6	1	1	3	9	5	5	5	31	15	22	28	15	31	31
980	5	5	5	14	5	27	14	14	5	5	2	6	3	3	4	9	1	1	1	1	1	28	26	26	3	14	5	5	5	5	5	5	4	11	5	5	5	15	5	5	5	5	5	5	8	26	22	22	1	1	27	27	27	27	29	31	29	29	14	31	5	14	5	5	5	5	5	5	14	14
990	5	5	14	14	1	27	5	14	5	5	2	6	8	3	1	9	1	1	1	1	1	28	26	26	5	14	5	5	5	5	5	5	11	11	5	5	5	25	5	5	5	5	5	5	15	31	15	15	1	1	1	23	1	1	1	1	26	16	5	26	5	5	1	12	3	14	3	7	14	14
1000	5	5	25	14	5	27	5	14	5	5	2	6	8	3	1	9	1	1	1	1	1	28	5	26	5	14	5	5	5	5	5	5	4	11	5	5	5	15	5	5	5	5	5	5	5	5	5	5	1	1	12	12	1	12	1	1	16	16	1	16	13	5	5	13	7	25	5	21	12	12
1010	5	5	5	14	28	27	5	14	5	5	6	6	1	3	1	9	1	1	1	1	12	28	31	26	3	14	5	5	5	5	5	5	4	11	5	5	5	15	5	5	5	5	5	5	5	31	5	5	12	12	1	12	1	1	1	1	1	1	28	6	5	5	20	28	2	5	1	20	28	28
1020	5	5	14	14	22	27	14	14	5	5	1	6	18	3	1	9	1	1	1	1	1	28	7	26	3	14	5	5	5	5	5	5	4	11	5	5	5	15	5	5	5	5	5	5	1	7	1	12	1	1	1	1	1	1	1	1	18	18	4	18	3	14	21	22	3	14	4	21	4	4
1030	5	5	5	14	2	27	5	14	5	5	1	6	1	3	1	9	1	1	1	1	1	28	31	26	5	14	5	5	5	5	5	5	11	11	5	5	5	25	5	5	5	5	5	5	20	31	20	20	1	1	1	20	1	1	1	1	1	1	9	1	5	5	12	13	5	5	5	12	23	23
1040	22	5	3	14	5	27	5	14	5	5	1	6	1	3	1	9	1	1	1	1	24	28	3	26	14	14	5	5	5	5	5	5	25	11	5	5	5	25	5	5	5	5	5	5	14	14	5	14	20	28	1	20	1	1	1	1	1	1	17	1	5	5	15	5	4	22	2	15	17	17
1050	5	5	5	14	5	27	14	14	5	5	27	6	1	3	1	9	1	1	1	1	1	28	12	26	3	14	5	5	5	5	5	5	5	11	5	5	5	5	5	5	5	5	5	5	12	21	1	12	1	1	1	1	1	1	1	1	1	1	26	27	5	14	5	5	5	5	5	5	31	31
1060	2	5	2	14	30	27	8	14	3	5	4	6	27	3	5	9	5	1	12	1	5	28	3	26	14	14	5	5	5	5	5	5	4	11	5	5	14	15	5	5	5	14	5	5	5	14	5	5	5	12	5	5	5	5	5	5	27	27	3	31	4	8	3	30	8	2	22	8	22	22
1070	5	5	14	14	27	27	5	14	5	5	1	6	3	3	4	9	1	1	1	1	1	28	26	26	3	14	5	5	5	5	5	5	11	11	5	5	5	25	5	5	5	5	5	5	7	26	21	21	1	1	12	21	12	12	23	23	29	29	5	29	5	5	12	27	5	14	5	12	5	5
1080	5	5	5	14	21	27	5	14	5	5	1	6	1	3	1	9	1	1	1	1	1	28	26	26	5	14	5	5	5	5	5	5	4	11	5	5	15	15	5	5	5	15	5	5	21	31	21	21	1	1	1	21	1	1	1	1	1	1	1	1	5	5	3	21	14	5	5	14	12	12
1090	5	5	14	14	8	27	5	14	5	5	1	6	3	3	1	9	1	1	1	1	1	28	17	26	5	14	5	5	5	5	5	5	11	11	5	5	5	25	5	5	5	5	5	5	12	28	1	12	1	1	1	1	1	1	1	1	7	7	1	7	5	5	8	22	5	14	13	22	20	20
1100	5	5	5	14	26	27	5	14	5	5	8	6	4	3	9	9	1	1	1	1	1	28	17	26	5	14	5	5	5	5	5	5	4	11	5	5	5	15	5	5	5	5	5	5	5	28	5	5	5	1	5	5	1	12	4	9	4	4	29	19	5	5	30	31	5	5	2	30	31	31
1110	5	5	26	14	3	27	5	14	5	5	4	6	5	3	31	9	1	1	5	1	1	28	9	26	5	14	12	5	5	5	5	5	3	11	5	5	5	14	5	5	5	5	1	12	1	23	1	1	1	12	1	1	1	1	31	31	21	31	1	29	23	5	1	29	1	31	19	1	26	26
1120	5	5	14	14	16	27	5	14	5	5	2	6	1	3	1	9	1	1	1	1	1	28	6	26	3	14	12	5	5	5	5	5	3	11	5	5	5	14	5	5	5	5	1	12	1	16	1	1	1	1	1	1	1	1	1	1	1	1	3	6	5	5	28	27	3	14	15	31	25	25
1130	17	5	3	14	1	27	29	14	3	5	26	6	5	3	5	9	2	1	1	1	23	28	14	26	5	14	5	5	5	5	5	5	4	11	5	5	5	15	5	5	5	5	5	5	5	14	5	5	5	23	5	5	5	13	5	5	5	5	4	31	30	29	4	31	26	26	2	26	10	10
1140	3	5	31	14	1	27	3	14	13	5	10	6	3	3	1	9	1	1	1	1	1	28	8	26	5	14	5	5	5	5	5	5	5	11	5	5	5	5	5	5	5	5	5	5	5	22	5	5	1	1	1	12	1	1	3	1	3	3	4	19	26	22	19	26	4	31	28	19	28	28
1150	5	5	5	14	26	27	3	14	3	5	10	6	6	3	1	9	1	1	1	1	1	28	26	26	5	14	5	5	5	5	5	5	3	11	5	5	5	14	5	5	5	5	5	5	31	31	9	31	1	1	1	9	1	1	1	1	1	6	2	17	3	3	5	26	5	5	13	5	13	13
1160	1	5	25	14	5	27	5	14	5	5	1	6	5	3	5	9	1	1	1	1	12	28	29	26	5	14	5	5	5	5	5	5	3	11	5	5	5	14	5	5	5	5	5	5	5	29	5	5	12	12	21	12	21	21	27	21	6	27	7	6	5	5	2	5	6	29	1	6	7	7
1170	5	5	5	14	1	27	16	14	5	5	1	6	1	3	1	9	1	1	12	1	1	28	15	26	5	14	5	5	5	5	5	5	11	11	5	5	5	25	5	5	5	5	5	5	5	15	5	5	5	12	5	5	1	12	1	1	1	1	15	1	20	27	1	20	1	5	2	1	24	24
1180	5	5	23	14	9	27	5	14	5	5	16	6	9	3	1	9	1	1	1	1	6	28	31	26	3	14	5	5	5	5	5	5	11	11	5	5	5	25	5	5	5	5	5	5	20	31	1	20	1	6	1	1	1	1	1	1	4	9	11	26	5	5	28	23	1	23	2	28	19	19
1190	5	5	13	14	6	27	5	14	5	5	1	6	3	3	1	9	1	1	1	1	1	28	7	26	3	14	5	5	5	5	5	5	11	11	5	5	25	25	5	5	14	25	3	14	7	7	1	7	1	1	1	1	1	1	1	1	7	7	1	7	5	5	5	20	9	13	1	23	1	1
1200	5	5	5	14	6	27	5	14	5	5	2	6	3	3	4	9	1	1	1	1	1	28	26	26	5	14	5	5	5	5	5	5	11	11	5	5	5	25	5	5	5	5	5	5	5	31	5	5	1	1	12	12	12	12	23	23	29	29	10	31	5	5	20	20	5	5	4	20	10	10
1210	5	5	5	14	4	27	14	14	5	5	1	6	1	3	1	9	1	1	1	1	20	28	3	26	14	14	5	5	5	5	5	5	3	11	5	5	5	14	5	5	5	5	5	5	5	14	5	5	20	20	1	20	1	1	1	1	1	1	26	1	3	14	2	11	5	5	5	13	31	31
1220	5	5	5	14	14	27	5	14	5	5	1	6	3	3	15	9	1	1	1	1	1	28	18	26	3	14	5	5	5	5	5	5	3	11	5	5	5	14	5	5	5	5	5	5	1	18	12	12	1	1	12	12	1	12	23	23	29	29	4	29	5	5	5	14	4	5	10	15	10	10
1230	5	5	5	14	27	27	5	14	5	5	2	6	3	3	1	9	1	1	1	1	1	28	1	26	5	14	5	5	5	5	5	5	4	11	5	5	5	15	5	5	5	5	5	5	12	12	1	12	1	1	1	1	1	1	1	1	21	7	4	27	5	5	30	27	5	5	7	30	18	18
1240	3	5	3	14	24	27	5	14	5	5	29	6	7	3	1	9	1	1	1	1	1	28	17	26	5	14	5	5	5	5	5	5	5	11	5	5	5	5	5	5	5	5	5	5	28	28	6	28	1	1	1	6	1	1	1	1	1	7	23	29	5	5	23	24	3	3	4	29	23	23
1250	5	5	3	14	31	27	5	14	5	5	1	6	12	3	1	9	1	1	1	1	1	28	18	26	5	14	5	5	5	5	5	5	11	11	5	5	5	25	5	5	5	5	5	5	12	29	1	12	1	1	1	1	1	1	1	1	12	12	20	12	5	5	17	31	3	14	1	26	20	20
1260	5	5	21	14	5	27	14	14	5	5	2	6	3	3	12	9	1	1	1	1	1	28	4	26	5	14	5	5	5	5	5	5	18	11	5	5	5	29	5	5	5	5	5	5	5	15	5	5	1	1	1	12	1	1	12	12	27	21	3	27	14	14	5	14	25	21	15	25	25	25
1270	5	5	5	14	5	27	5	14	5	5	2	6	3	3	1	9	1	1	1	1	1	28	2	26	2	14	5	5	5	5	5	5	4	11	5	5	5	15	5	5	5	5	5	5	4	2	23	15	1	1	23	23	12	23	15	12	25	25	11	30	5	5	5	5	13	5	4	13	11	11
1280	5	5	3	14	31	27	5	14	5	5	20	6	1	3	1	9	1	1	1	1	1	28	9	26	5	14	5	5	5	5	5	5	11	11	5	5	5	25	5	5	5	5	5	5	23	23	23	23	1	1	1	23	1	1	1	1	1	1	9	20	3	5	30	31	4	14	3	30	18	18
1290	5	5	7	14	2	27	5	14	5	5	2	6	3	3	9	9	1	1	1	1	1	28	1	26	5	14	5	5	5	5	5	5	11	11	5	5	5	25	5	5	5	5	5	5	12	12	1	12	1	1	1	1	1	1	3	9	3	3	4	8	2	5	2	2	26	21	10	26	10	10
1300	28	5	1	14	1	27	5	14	5	5	23	6	3	3	18	9	1	1	6	1	4	28	4	26	3	14	5	5	5	5	5	5	11	11	5	5	5	25	5	5	5	5	5	5	3	11	14	14	1	17	1	21	1	1	11	18	4	11	4	23	5	5	5	12	5	28	10	5	10	10
1310	5	5	5	14	1	27	5	14	14	5	4	6	3	3	9	9	1	1	1	1	10	28	1	26	5	14	5	5	5	5	5	5	3	11	14	5	5	14	5	5	5	5	5	5	1	12	1	12	6	17	1	6	1	1	9	9	9	18	5	9	14	14	3	21	14	5	15	14	15	15
1320	5	5	5	14	5	27	14	14	5	5	16	6	7	3	12	9	1	1	1	1	20	28	5	26	5	14	5	5	5	5	14	5	4	11	5	5	4	15	15	14	5	15	5	5	5	5	5	5	20	20	5	20	5	12	1	12	3	7	5	16	8	14	3	22	29	5	15	29	15	15
1330	5	5	8	14	5	27	14	14	5	5	9	6	3	3	1	9	1	1	6	1	1	28	9	26	5	14	5	5	5	5	5	5	11	11	5	5	5	25	5	5	5	5	5	5	1	23	12	12	2	6	1	20	1	1	1	1	3	7	1	18	14	14	5	14	3	22	1	14	1	1
1340	5	5	14	14	17	27	5	14	5	5	19	6	5	3	5	9	5	1	5	1	5	28	26	26	5	14	5	5	5	5	5	5	11	11	5	5	2	25	13	5	5	13	5	5	5	31	5	5	5	5	5	5	5	5	5	5	5	5	3	30	5	5	3	28	3	14	9	3	18	18
1350	5	5	5	14	17	27	14	14	5	5	2	6	8	3	1	9	1	1	1	1	1	28	3	26	14	14	5	5	5	5	5	5	3	11	5	5	5	14	5	5	5	5	5	5	14	14	3	14	1	1	7	7	7	7	1	7	16	16	20	16	3	14	26	26	5	5	4	31	28	28
1360	5	5	14	14	31	27	5	14	5	5	1	6	3	3	4	9	1	1	1	1	1	28	26	26	3	14	5	5	5	5	5	5	3	11	5	5	5	14	5	5	5	5	5	5	26	26	31	31	1	1	31	31	31	31	31	31	31	31	4	31	5	5	4	31	31	14	9	31	9	9
1370	5	5	31	14	1	27	31	14	5	5	2	6	3	3	1	9	23	1	1	1	12	28	7	26	3	14	5	5	5	5	5	5	15	11	5	5	5	15	5	5	5	5	5	5	3	7	5	14	12	12	1	12	23	23	23	23	29	29	4	31	31	31	23	31	4	31	4	23	4	4
1380	5	5	5	14	12	27	5	14	5	5	28	6	1	3	1	9	1	1	1	1	1	28	26	26	5	14	5	5	5	5	5	5	11	11	5	5	5	25	5	5	5	5	5	5	12	31	1	12	1	1	1	1	1	1	1	1	1	1	1	28	5	5	12	12	5	5	1	12	1	1
1390	5	5	5	14	3	27	12	14	5	5	4	6	3	3	1	9	1	1	1	1	1	28	2	26	21	14	5	5	5	5	5	5	11	11	5	5	5	25	5	5	5	5	5	5	12	27	1	12	1	1	1	1	1	1	20	1	27	27	24	31	23	12	19	29	5	5	5	30	24	24
1400	5	5	5	14	5	27	5	14	5	5	5	6	5	3	5	9	13	1	4	1	15	28	1	26	14	14	5	5	5	5	5	5	4	11	15	5	5	15	5	5	5	5	5	5	5	21	5	5	5	15	5	5	5	13	5	5	5	5	5	5	28	5	2	28	2	5	14	2	14	14
1410	5	5	5	14	22	27	5	14	5	5	2	6	3	3	4	9	1	1	12	1	5	28	26	26	5	14	5	5	5	5	5	5	11	11	5	5	5	25	5	5	5	5	5	5	14	31	14	14	1	12	21	21	21	21	29	29	29	29	9	31	5	5	3	22	5	5	5	14	23	23
1420	5	5	5	14	27	27	14	14	5	5	2	6	3	3	4	9	1	1	1	1	1	28	26	26	5	14	5	5	5	5	5	5	4	11	5	5	5	15	5	5	5	5	5	5	31	31	31	31	1	1	25	31	29	29	29	29	29	29	17	31	3	14	1	27	2	5	1	6	17	17
1430	5	5	5	14	20	27	5	14	5	5	2	6	3	3	1	9	1	1	1	1	17	28	26	26	5	14	5	5	5	5	5	5	4	11	5	5	5	15	5	5	5	5	5	5	12	31	1	12	17	17	6	17	6	6	6	6	16	16	16	16	5	5	13	20	5	5	5	13	27	27
1440	5	5	5	14	1	27	29	14	5	5	2	6	3	3	1	9	1	1	1	1	1	28	17	26	5	14	5	5	5	5	5	5	11	11	5	5	5	25	5	5	5	5	5	5	5	28	5	5	1	1	1	12	1	1	20	1	27	27	12	27	31	29	29	31	5	5	2	29	20	20
1450	5	5	5	14	18	27	5	14	5	5	1	6	3	3	5	9	1	1	1	1	9	28	3	26	14	14	5	5	5	5	5	5	4	11	5	5	5	15	5	5	5	5	5	5	5	14	5	5	4	9	11	15	18	18	14	29	14	14	13	21	5	5	4	29	4	5	5	4	13	13
1460	5	5	5	14	18	27	5	14	5	5	4	6	3	3	6	9	1	1	1	1	1	28	26	26	5	14	5	5	5	5	5	5	11	11	5	5	14	25	5	5	5	14	5	5	5	31	1	5	1	1	1	1	1	1	20	6	27	27	1	31	5	5	31	29	2	5	30	31	31	31
1470	5	5	15	14	2	27	5	14	5	5	2	6	3	3	1	9	1	1	1	1	1	28	2	26	5	14	5	5	5	5	5	5	11	11	5	5	5	25	5	5	5	5	5	5	5	13	5	5	1	1	12	12	1	12	1	1	7	7	18	16	2	5	2	2	1	15	1	6	18	18
1480	5	5	5	14	3	27	14	14	5	5	1	6	4	3	1	9	1	1	1	1	1	28	18	26	5	14	5	5	5	5	5	5	11	11	5	5	5	25	5	5	5	5	5	5	7	29	21	21	1	1	21	21	21	21	21	21	29	29	20	29	3	14	3	3	5	5	5	14	20	20
1490	5	5	5	14	26	27	5	14	5	5	2	6	3	3	9	9	1	1	1	1	1	28	17	26	5	14	5	5	5	5	5	5	11	11	5	5	5	25	5	5	5	5	5	5	15	28	5	15	1	1	12	12	5	12	9	23	18	18	1	26	5	5	29	31	5	5	29	29	29	29
1500	5	5	5	14	20	27	5	14	5	5	1	6	1	3	1	9	1	1	1	1	1	28	31	26	5	14	5	5	5	5	5	5	5	11	5	5	5	5	5	5	5	5	5	5	20	31	6	20	1	1	1	6	1	1	1	1	1	1	19	1	5	5	21	20	1	5	1	21	26	26
1510	5	5	14	14	27	27	5	14	5	5	2	6	3	3	1	9	1	1	1	1	1	28	17	26	5	14	5	5	5	5	5	5	11	11	5	5	5	25	5	5	5	5	5	5	23	28	12	23	1	1	12	12	12	12	12	12	21	21	16	27	4	5	29	31	5	14	3	29	16	16
1520	5	5	5	14	7	27	14	14	5	5	1	6	8	3	1	9	1	1	1	1	1	28	18	26	5	14	5	5	5	5	5	5	3	11	5	5	5	14	5	5	5	5	5	5	12	29	12	12	1	1	1	12	1	1	1	1	16	16	2	16	3	14	16	7	5	5	3	27	8	8
1530	5	5	3	14	3	27	5	14	5	5	2	6	3	3	1	9	1	1	1	1	9	28	26	26	5	14	5	5	5	5	5	5	3	11	5	5	5	14	5	5	5	5	5	5	13	31	13	13	1	9	6	20	6	6	6	6	16	16	3	16	5	5	3	14	3	14	3	3	3	3
1540	5	5	14	14	31	27	5	14	5	5	1	6	3	3	1	9	1	1	1	1	20	28	3	26	14	14	5	5	5	5	5	5	11	11	5	5	5	25	5	5	5	5	5	5	5	14	5	5	20	20	1	20	1	1	1	1	7	7	7	7	5	5	26	31	3	14	1	26	7	7
1550	5	5	14	14	5	27	5	14	5	5	26	6	1	3	1	9	1	1	1	1	12	28	3	26	14	14	5	5	5	5	5	5	5	11	5	5	5	5	5	5	5	5	5	5	5	14	5	5	12	12	1	12	1	1	1	1	1	1	13	26	5	5	4	5	4	14	2	4	13	13
1560	5	5	5	14	1	27	5	14	15	5	2	6	3	3	1	9	1	1	1	1	1	28	16	26	5	14	5	5	5	5	5	5	11	11	5	5	5	25	5	5	5	5	5	5	12	27	12	12	1	1	1	12	1	1	1	1	7	7	3	16	4	15	12	9	5	5	2	12	8	8
1570	22	5	5	14	12	27	3	14	5	5	2	6	3	3	1	9	1	1	1	1	1	28	17	26	5	14	5	5	5	5	5	5	4	11	5	5	5	15	5	5	5	5	5	5	12	28	1	12	1	1	1	1	1	1	1	1	7	7	21	16	3	14	2	21	27	22	5	27	21	21
1580	28	5	3	14	7	27	5	14	5	5	2	6	1	3	1	9	1	1	1	1	1	28	3	26	3	14	5	5	5	5	5	5	3	11	5	5	14	14	5	5	14	14	3	14	3	3	3	3	1	1	9	7	1	9	1	1	17	1	5	17	5	5	5	21	7	31	24	21	24	24
1590	5	5	5	14	13	27	5	14	5	5	2	6	3	3	4	9	1	1	1	1	1	28	11	26	5	14	5	5	5	5	5	5	4	11	5	5	15	15	5	5	5	15	14	5	3	25	14	14	1	1	21	21	21	21	29	29	21	29	19	27	5	5	5	13	5	5	3	5	19	19
1600	5	5	14	14	20	27	5	14	5	5	2	6	3	3	1	9	1	1	1	1	1	28	3	26	14	14	5	5	5	5	5	5	11	11	5	5	5	25	5	5	5	5	5	5	5	14	5	5	1	1	1	12	1	1	1	1	7	7	20	16	5	5	1	20	30	14	1	31	20	20
1610	5	5	5	14	5	27	5	14	5	5	1	6	3	3	1	9	1	1	1	1	1	28	9	26	5	14	5	5	5	5	5	5	11	11	5	5	5	25	5	5	5	5	5	5	12	23	12	12	1	1	12	12	12	12	12	12	21	21	5	21	5	5	5	5	5	5	5	5	5	5
1620	5	5	5	14	26	27	14	14	5	5	1	6	3	3	1	9	1	1	1	1	1	28	9	26	5	14	5	5	5	5	5	5	11	11	5	5	5	25	5	5	5	5	5	5	12	23	1	12	1	1	1	1	1	1	1	1	7	7	4	7	5	14	31	31	5	5	23	31	23	23
1630	5	5	14	14	3	27	14	14	5	5	28	6	1	3	1	9	1	1	1	1	1	28	16	26	5	14	5	5	5	5	5	5	11	11	5	5	5	25	5	5	5	5	5	5	1	27	1	12	1	1	1	1	1	1	1	1	1	1	4	28	3	14	8	3	5	14	18	22	18	18
1640	5	5	5	14	24	27	5	14	5	5	6	6	1	3	1	9	1	1	1	1	1	28	7	26	5	14	5	5	5	5	5	5	4	11	5	5	5	15	5	5	5	5	5	5	12	21	1	12	1	1	1	1	1	1	1	1	1	1	4	6	5	5	10	24	5	5	1	24	9	9
1650	3	5	3	14	21	27	5	14	5	5	4	6	3	3	9	9	1	1	1	1	1	28	25	26	1	14	5	5	5	5	5	5	5	11	5	5	5	5	5	5	5	5	5	5	12	29	12	12	1	1	1	12	1	1	9	9	11	18	1	11	5	5	17	21	3	3	30	26	31	31
1660	5	5	5	14	6	27	5	14	5	5	2	6	3	3	9	9	1	1	1	1	1	28	10	26	5	14	5	5	5	5	5	5	11	11	5	5	5	25	5	5	5	5	5	5	5	24	5	5	12	1	1	12	1	1	9	9	18	18	2	26	5	5	20	20	4	5	2	28	2	2
1670	5	5	5	14	8	27	3	14	5	5	1	6	11	3	1	9	1	1	1	1	1	28	16	26	3	14	5	5	5	5	5	5	11	11	5	5	12	25	5	5	12	12	1	12	1	16	1	1	1	1	1	1	1	1	1	1	18	18	17	18	5	14	5	22	5	5	2	5	17	17
1680	5	5	14	14	5	27	5	14	5	5	2	6	3	3	4	9	1	1	1	1	1	28	3	26	14	14	5	5	5	5	5	5	11	11	5	5	5	25	5	5	5	5	5	5	5	14	5	5	1	1	12	12	12	12	9	23	7	18	4	16	5	5	5	5	5	14	14	5	25	25
1690	5	5	5	14	5	27	14	14	5	5	1	6	19	3	4	9	9	1	1	1	23	28	29	26	5	14	5	5	5	5	5	5	3	11	5	5	14	14	5	5	5	14	5	5	5	29	5	5	15	23	4	15	9	9	4	9	19	19	6	26	5	14	5	5	5	5	3	5	16	16
1700	5	5	14	14	8	27	5	14	5	5	1	6	3	3	1	9	1	1	1	1	12	28	1	26	14	14	5	5	5	5	5	5	4	11	5	5	5	15	5	5	5	5	5	5	12	21	1	12	1	12	1	1	1	1	1	1	1	7	1	1	5	5	18	22	3	14	25	18	29	29
1710	5	5	16	14	27	27	14	14	5	5	2	6	1	3	1	9	1	1	1	1	1	28	7	26	3	14	5	5	5	5	5	5	11	11	5	5	5	25	5	5	5	5	5	5	1	7	1	12	1	1	1	1	1	1	1	1	1	1	3	6	3	14	31	27	1	27	2	31	8	8
1720	5	5	3	14	27	27	5	14	5	5	1	6	5	3	1	9	1	1	1	1	6	28	16	26	5	14	5	5	5	5	5	5	11	11	5	5	5	25	5	5	5	5	5	5	12	27	1	12	6	6	6	6	6	6	6	6	20	20	12	20	5	5	2	27	19	14	3	19	21	21
1730	5	5	25	14	5	27	5	14	5	5	1	6	3	3	1	9	1	1	1	1	12	28	7	26	5	14	5	5	5	5	5	5	4	11	5	5	5	15	5	5	5	5	5	5	12	21	5	12	12	12	12	12	12	12	12	12	21	21	14	21	7	5	29	21	4	25	5	29	14	14
1740	5	5	5	14	5	27	5	14	5	5	7	6	3	3	1	9	1	1	1	1	1	28	21	26	3	14	5	5	5	5	5	5	4	11	15	5	5	15	5	5	5	5	5	5	5	21	5	5	1	1	1	12	1	1	1	1	1	7	17	7	5	5	5	5	5	5	3	5	26	26
1750	3	5	3	14	20	27	5	14	5	5	2	6	3	3	4	9	1	1	1	1	1	28	16	26	3	14	5	5	5	5	5	5	11	11	5	5	15	25	5	5	5	15	5	5	8	16	22	22	1	1	27	27	27	27	31	31	31	31	1	31	5	5	20	20	3	3	12	27	12	12
1760	5	5	3	14	31	27	14	14	5	5	1	6	1	3	1	9	1	1	1	1	6	28	3	26	14	14	5	5	5	5	5	5	11	11	5	5	5	25	5	5	5	5	5	5	5	14	5	5	6	6	1	20	1	1	1	1	1	1	10	1	3	14	18	31	3	14	4	18	10	10
1770	5	5	3	14	7	27	3	14	12	5	6	6	1	3	1	9	1	1	1	1	1	28	4	26	14	14	5	5	5	5	5	5	11	11	5	5	5	25	5	5	5	5	5	5	5	25	5	5	1	1	1	12	1	1	1	1	1	1	18	6	1	21	18	7	5	14	4	29	18	18
1780	2	5	5	14	21	27	14	14	5	5	1	6	16	3	1	9	1	1	1	1	6	28	9	26	5	14	5	5	5	5	5	5	18	11	5	5	5	29	5	5	5	5	5	5	15	23	4	15	1	6	1	9	1	1	1	1	16	16	5	16	3	14	24	21	5	13	7	24	21	21
1790	13	5	5	14	5	27	5	14	5	5	2	6	2	3	11	9	5	1	3	1	23	28	2	26	21	14	5	5	5	5	5	5	5	11	13	5	5	13	5	5	5	5	5	5	5	27	5	5	5	29	5	5	5	5	2	25	2	2	2	2	5	5	4	5	2	13	5	10	13	13
1800	5	5	5	14	23	27	5	14	5	5	1	6	1	3	1	9	1	1	1	1	1	28	16	26	3	14	5	5	5	5	5	5	4	11	5	5	5	15	5	5	5	5	5	5	21	16	1	21	1	1	1	1	1	1	1	1	1	1	5	1	5	5	3	23	14	5	5	14	5	5
1810	3	5	12	14	26	27	5	14	5	5	3	6	11	3	9	9	1	1	1	1	1	28	14	26	3	14	5	5	5	5	5	5	4	11	5	5	5	15	5	5	5	5	5	5	5	14	5	5	1	1	1	12	1	1	1	9	18	18	2	18	5	5	8	31	4	21	2	19	2	2
1820	22	5	5	14	27	27	11	14	4	5	27	6	3	3	7	9	1	1	1	1	12	28	23	26	5	14	5	5	5	5	5	5	11	11	5	5	5	25	5	5	5	5	5	5	5	23	5	5	12	12	1	12	1	1	3	7	3	3	17	27	4	11	28	31	3	22	1	31	17	17
1830	13	5	2	14	20	27	3	14	5	5	1	6	28	3	4	9	4	1	1	1	17	28	27	26	3	14	5	5	5	5	5	5	14	11	5	5	5	14	5	5	5	5	5	5	5	27	5	5	9	17	4	23	4	4	4	4	20	28	2	20	3	14	1	27	30	13	29	31	31	31
1840	5	5	5	14	16	27	14	14	5	5	1	6	3	3	23	9	1	1	1	1	1	28	18	26	5	14	5	5	5	5	5	5	15	11	5	5	5	15	5	5	5	5	5	5	12	29	12	12	1	1	12	12	1	12	15	23	30	25	2	31	5	14	4	27	1	5	5	9	13	13
1850	5	5	14	14	1	27	5	14	5	5	1	6	3	3	3	9	3	1	1	1	1	28	26	26	3	14	12	5	5	5	5	5	3	11	5	5	5	14	5	5	5	5	5	12	11	26	11	25	1	1	3	18	3	3	3	3	3	3	26	7	9	5	30	9	5	14	1	30	26	26
1860	5	5	27	14	26	27	3	14	5	5	2	6	3	3	1	9	1	1	1	1	16	28	13	26	5	14	5	5	5	5	5	5	11	11	5	5	5	25	5	5	5	5	5	5	5	13	5	5	16	16	7	27	7	7	7	7	7	7	1	16	5	14	30	31	1	27	27	31	27	27
1870	5	5	5	14	27	27	5	14	5	5	2	6	8	3	1	9	1	1	1	1	1	28	3	26	14	14	5	5	5	5	5	5	3	11	14	5	5	14	5	5	5	5	5	5	14	14	3	14	1	1	1	7	1	1	4	1	8	19	27	8	5	5	10	27	5	5	4	24	31	31
1880	3	5	3	14	1	27	14	14	5	5	2	6	3	3	13	9	1	1	1	1	1	28	20	26	5	14	5	5	5	5	5	5	3	11	5	5	14	14	5	5	5	14	5	5	12	20	1	12	1	1	1	1	1	1	20	20	27	27	9	27	7	14	1	7	3	3	1	7	9	9
1890	22	5	5	14	12	27	5	14	5	5	2	6	12	3	1	9	1	1	1	1	1	28	8	26	5	14	5	5	5	5	5	5	3	11	5	5	5	14	5	5	5	5	5	5	5	22	5	5	1	1	1	12	1	1	1	1	6	12	2	6	5	5	4	12	22	22	5	30	13	13
1900	5	5	5	14	1	27	5	14	5	5	1	6	3	3	1	9	1	1	1	1	1	28	3	26	14	14	5	5	5	5	5	5	25	11	5	5	5	25	5	5	5	5	5	5	5	14	5	5	1	1	1	12	1	1	1	1	7	7	30	7	5	5	23	12	5	5	2	23	30	30
1910	24	5	5	14	13	27	5	14	5	5	5	6	3	3	9	9	1	1	1	1	6	28	3	26	14	14	5	5	5	5	5	5	11	11	5	5	5	25	5	5	5	5	5	5	5	14	5	5	6	6	1	20	1	1	9	9	18	18	5	29	5	5	22	13	4	24	2	30	13	13
1920	5	5	14	14	25	27	5	14	5	5	1	6	3	3	1	9	1	1	1	1	12	28	26	26	3	14	5	5	5	5	5	5	5	11	5	5	5	5	5	5	5	5	5	5	17	26	28	28	1	12	28	28	24	28	28	28	27	31	3	27	5	5	4	25	26	14	1	26	7	7
1930	13	5	5	14	4	27	5	14	5	5	2	6	3	3	15	9	1	1	1	1	1	28	16	26	3	14	1	5	5	5	5	5	3	11	5	5	5	14	5	5	5	5	1	12	1	16	1	1	1	1	1	1	1	1	23	23	29	29	1	31	14	5	5	25	20	13	5	20	12	12
1940	5	5	5	14	14	27	5	14	5	5	1	6	3	3	17	9	1	1	1	1	1	28	3	26	14	14	5	5	5	5	5	5	11	11	5	5	5	25	5	5	5	5	5	5	5	14	5	5	1	1	1	12	1	1	17	17	26	26	21	26	5	5	25	14	5	5	3	25	21	21
1950	5	5	5	14	5	27	5	14	5	5	2	6	3	3	9	9	1	1	1	1	1	28	26	26	5	14	5	5	5	5	5	5	4	11	5	5	5	15	5	5	5	5	5	5	5	31	5	5	1	1	1	12	1	1	9	9	18	18	13	26	5	5	5	5	5	5	5	5	13	13
1960	5	5	20	14	5	27	5	14	5	5	1	6	1	3	1	9	1	1	1	1	1	28	18	26	5	14	5	5	5	5	5	5	4	11	5	5	5	15	5	5	5	5	5	5	12	29	1	12	1	1	1	1	1	1	1	1	1	1	1	1	5	5	14	5	5	20	25	14	29	29
1970	5	5	14	14	30	27	5	14	5	5	1	6	3	3	1	9	1	1	1	1	10	28	29	26	3	14	5	5	5	5	5	5	4	11	5	5	5	15	5	5	5	5	5	5	5	29	5	5	17	17	28	28	17	28	30	17	30	30	2	31	5	5	5	30	18	14	19	29	19	19
1980	5	5	5	14	30	27	5	14	5	5	2	6	3	3	1	9	1	1	1	1	12	28	26	26	3	14	5	5	5	5	5	5	3	11	5	5	5	14	5	5	5	5	5	5	18	26	29	29	1	12	29	29	23	29	23	23	29	29	8	31	5	5	15	30	5	5	4	15	19	19
1990	5	5	14	14	14	27	5	14	5	5	1	6	3	3	4	9	1	1	1	1	1	28	17	26	3	14	5	5	5	5	5	5	4	11	5	5	5	15	5	5	5	5	5	5	19	26	30	30	1	1	31	31	31	31	31	31	31	31	17	31	5	5	5	14	14	14	3	14	26	26
2000	5	5	14	14	5	27	5	14	5	5	12	6	1	3	9	9	1	1	1	1	1	28	3	26	5	14	5	5	5	5	5	5	4	11	5	5	5	15	5	5	5	5	5	5	5	14	5	5	1	1	1	12	1	1	9	9	1	9	2	12	5	5	27	5	3	14	8	27	8	8
2010	5	5	15	14	14	27	5	14	5	5	1	6	3	3	4	9	3	1	1	1	1	28	19	26	3	14	5	5	5	5	5	5	5	11	5	5	5	5	5	5	5	5	5	5	19	19	30	30	1	1	30	31	25	30	25	25	25	25	2	29	5	5	22	14	4	15	2	30	2	2
2020	5	5	21	14	14	27	14	14	5	5	1	6	3	3	17	9	1	1	1	1	1	28	19	26	5	14	5	5	5	5	5	5	25	11	5	5	5	25	5	5	5	5	5	5	5	30	5	5	1	1	1	12	1	1	17	17	26	26	1	26	3	14	3	14	3	21	7	3	7	7
2030	5	5	6	14	16	27	5	14	5	5	17	6	1	3	1	9	1	1	1	1	1	28	7	26	3	14	5	5	5	5	5	5	11	11	5	5	14	25	5	5	5	14	5	5	1	7	1	12	1	1	1	1	1	1	1	1	1	1	2	17	5	5	5	27	5	20	10	5	10	10
2040	5	5	14	14	5	27	5	14	5	5	1	6	5	3	4	9	1	1	1	1	1	28	11	26	3	14	5	5	5	5	5	5	3	11	5	5	5	14	5	5	5	5	5	5	11	11	25	25	1	1	29	29	29	29	29	29	29	29	5	29	5	5	5	5	14	14	28	14	28	28
2050	5	5	5	14	26	27	5	14	5	5	16	6	3	3	1	9	1	1	1	1	1	28	26	26	3	14	5	5	5	5	5	5	11	11	5	5	5	25	5	5	5	5	5	5	12	26	1	12	1	1	1	1	1	1	1	1	1	7	1	16	5	5	19	31	5	5	20	30	20	20
2060	13	5	5	14	2	27	5	14	5	5	29	6	8	3	3	9	21	1	1	1	20	28	31	26	5	14	5	5	5	5	5	5	25	11	5	5	5	25	5	5	5	5	5	5	5	31	5	5	13	20	5	13	21	21	5	21	2	22	3	31	15	5	7	24	3	13	30	7	30	30
2070	5	5	5	14	8	27	5	14	5	5	1	6	24	3	7	9	5	1	1	1	1	28	29	26	5	14	5	5	15	5	5	5	11	11	5	5	5	25	5	15	5	5	5	5	14	29	3	14	12	1	5	21	5	5	3	21	30	30	1	31	5	5	8	22	5	5	1	22	1	1
2080	31	5	3	14	13	27	19	14	5	5	3	6	5	3	16	9	1	1	1	1	6	28	7	26	5	14	5	5	5	5	5	5	11	11	5	5	5	25	5	5	5	5	5	5	12	21	1	12	6	6	1	6	1	1	2	16	13	13	1	22	4	30	31	24	2	31	8	31	16	16
2090	5	5	8	14	1	27	21	14	5	5	1	6	4	3	4	9	1	1	6	1	1	28	26	26	5	14	5	5	5	5	5	5	4	11	15	5	15	15	5	5	5	15	5	5	16	31	27	27	2	6	27	27	27	27	29	31	31	29	21	31	14	21	21	21	5	22	1	21	21	21
2100	14	5	3	14	30	27	5	14	12	5	10	6	3	3	1	9	1	1	1	1	1	28	18	26	5	14	5	5	5	5	5	5	4	11	5	5	5	15	5	5	5	5	5	5	12	29	1	12	1	1	1	1	1	1	1	1	3	7	8	19	1	12	21	31	4	14	1	29	16	16
2110	5	5	5	14	24	27	5	14	5	5	2	6	3	3	9	9	1	1	1	1	1	28	18	26	5	14	5	5	5	5	5	5	15	11	5	5	5	15	5	5	5	5	5	5	12	29	12	12	1	1	1	12	1	1	9	9	18	18	3	26	5	5	31	24	1	5	25	31	25	25
2120	5	5	5	14	12	27	5	14	5	5	2	6	5	3	23	9	1	1	2	1	2	28	16	26	5	14	5	5	5	5	5	5	11	11	5	5	5	25	5	5	5	5	5	5	12	27	12	12	2	2	1	20	1	1	31	23	31	31	16	31	5	5	12	12	5	5	5	12	27	27
2130	5	5	14	14	5	27	5	14	5	5	4	6	4	3	4	9	1	1	1	1	1	28	3	26	14	14	5	5	5	5	5	5	5	11	5	5	5	5	5	5	5	5	5	5	5	14	5	5	1	1	1	12	1	1	4	9	4	4	6	4	5	5	5	5	5	14	3	5	16	16
2140	2	5	14	14	5	27	4	14	2	5	30	6	1	3	1	9	1	1	1	1	1	28	18	26	5	14	5	5	5	5	5	5	3	11	5	5	5	14	5	5	5	5	5	5	12	29	1	12	1	1	1	1	1	1	1	1	1	1	5	31	10	10	15	24	4	22	13	15	13	13
2150	5	5	5	14	20	27	5	14	5	5	1	6	18	3	1	9	1	1	1	1	15	28	26	26	5	14	5	5	5	5	5	5	3	11	5	5	5	14	5	5	5	5	5	5	5	31	5	5	5	23	5	5	1	12	1	1	18	18	1	18	5	5	5	20	5	5	12	5	12	12
2160	5	5	5	14	5	27	5	14	5	5	2	6	1	3	1	9	1	1	1	1	1	28	16	26	5	14	5	5	5	5	5	5	14	11	5	5	5	14	5	5	5	5	5	5	12	27	1	12	1	1	1	1	1	1	1	1	1	1	13	6	5	5	5	5	3	5	2	14	13	13
2170	5	5	14	14	18	27	5	14	5	5	2	6	3	3	4	9	1	1	1	1	1	28	18	26	5	14	5	5	5	5	5	5	11	11	5	5	5	25	5	5	5	5	5	5	29	29	29	29	1	1	29	29	29	29	29	29	29	29	5	31	5	5	29	29	5	14	9	29	23	23
2180	5	5	5	14	19	27	5	14	5	5	2	6	3	3	4	9	1	1	1	1	1	28	3	26	14	14	5	5	5	5	5	5	3	11	5	5	5	14	5	5	5	5	5	5	5	14	5	5	1	1	12	12	12	12	28	23	31	31	31	31	5	5	4	30	4	5	3	4	31	31
2190	14	5	5	14	14	27	5	14	5	5	10	6	1	3	1	9	1	1	1	1	12	28	3	26	21	14	5	5	5	5	5	5	5	11	5	5	5	5	5	5	5	5	5	5	5	21	5	5	12	12	1	12	1	1	1	1	1	1	28	17	5	5	5	14	22	14	1	22	28	28
2200	5	5	5	14	13	27	5	14	5	5	2	6	3	3	4	9	18	1	1	1	12	28	14	26	3	14	5	5	5	5	5	5	11	11	5	5	5	25	5	5	5	5	5	5	5	14	5	5	5	12	5	5	29	29	31	29	29	31	22	31	5	5	19	13	5	5	4	30	30	30
2210	5	5	5	14	20	27	3	14	5	5	2	6	3	3	1	9	1	1	1	1	1	28	26	26	5	14	5	5	5	5	5	5	25	11	5	5	5	25	5	5	5	5	5	5	31	31	31	31	1	1	1	31	1	1	12	1	21	21	4	27	5	14	26	20	2	5	12	26	23	23
2220	5	5	14	14	13	27	14	14	5	5	12	6	1	3	1	9	1	1	1	1	5	28	3	26	14	14	5	5	5	5	5	5	4	11	5	5	5	15	5	5	5	5	5	5	5	14	5	5	12	12	1	12	1	1	1	1	1	1	27	12	3	14	16	22	4	14	3	26	27	27
2230	5	5	3	14	26	27	5	14	5	5	1	6	3	3	4	9	1	1	1	1	1	28	16	26	3	14	5	5	5	5	5	5	14	11	5	5	5	14	5	5	5	5	5	5	16	16	27	27	1	1	27	27	27	27	26	31	26	26	4	26	5	5	28	31	3	14	25	31	25	25
2240	5	5	5	14	26	27	5	14	5	5	2	6	8	3	1	9	1	1	1	1	1	28	16	26	5	14	5	5	5	5	5	5	11	11	5	5	5	25	5	5	5	5	5	5	20	27	1	20	1	1	1	1	1	1	1	1	8	16	2	8	5	5	26	31	5	5	4	31	10	10
2250	22	5	3	14	29	27	5	14	5	5	2	6	11	3	1	9	1	1	1	1	1	28	9	26	5	14	5	5	5	5	5	5	11	11	5	5	5	25	5	5	5	5	5	5	12	23	1	12	1	1	1	1	1	1	1	1	18	18	16	26	4	5	14	29	3	22	1	14	16	16
2260	5	5	3	14	20	27	14	14	5	5	1	6	3	3	5	9	5	1	2	1	2	28	17	26	3	14	5	5	5	5	5	5	3	11	5	5	5	14	5	5	5	5	5	5	19	26	30	30	2	2	10	30	15	24	4	15	11	11	7	18	3	14	28	27	3	14	1	31	7	7
2270	5	5	5	14	27	27	5	14	5	5	1	6	7	3	1	9	1	1	1	1	1	28	3	26	14	14	5	5	5	5	5	5	25	11	5	5	5	25	5	5	5	5	5	5	5	14	5	5	1	1	1	12	1	1	1	1	7	7	29	7	5	5	27	27	5	5	2	27	31	31
2280	5	5	5	14	16	27	14	14	5	5	1	6	4	3	1	9	1	1	1	1	1	28	26	26	5	14	5	5	5	5	5	5	4	11	5	5	5	15	5	5	5	5	5	5	31	31	27	31	1	1	27	27	27	27	16	27	26	26	4	26	5	14	16	27	5	5	29	27	29	29
2290	5	5	5	14	22	27	14	14	5	5	1	6	1	3	1	9	1	1	1	1	1	28	7	26	3	14	5	5	5	5	5	5	3	11	5	5	5	14	5	5	5	5	5	5	1	7	1	12	1	1	1	1	1	1	1	1	1	1	8	1	3	14	5	22	5	5	2	5	8	8
2300	5	5	4	14	29	27	5	14	5	5	1	6	29	3	1	9	1	1	1	1	12	28	6	26	5	14	5	5	5	5	5	5	3	11	5	5	5	14	5	5	5	5	5	5	20	20	12	20	5	12	1	12	1	1	1	1	25	29	3	29	5	5	31	29	5	15	13	31	22	22
2310	23	5	5	14	27	27	3	14	5	5	7	6	1	3	1	9	1	1	1	1	23	28	16	26	5	14	5	5	5	5	5	5	4	11	15	5	5	15	5	5	5	5	5	5	5	27	5	5	23	23	1	23	1	1	1	1	1	1	4	7	5	14	2	27	29	23	13	31	24	24
2320	5	5	5	14	22	27	5	14	5	5	1	6	1	3	1	9	1	1	1	1	1	28	26	26	3	14	5	5	5	5	5	5	5	11	5	5	5	5	13	5	5	13	5	5	27	26	1	27	1	1	1	1	1	1	1	1	1	1	9	1	5	5	16	22	1	5	1	16	9	9
2330	5	5	8	14	5	27	5	14	5	5	1	6	5	3	5	9	1	1	1	1	28	28	3	26	14	14	5	5	5	5	5	5	5	11	5	5	5	5	5	5	5	5	14	5	5	14	5	14	12	28	1	12	1	1	5	12	5	5	22	12	5	5	5	5	5	22	3	5	22	22
2340	3	5	3	14	31	27	14	14	5	5	4	6	3	3	25	9	1	1	1	1	1	28	3	26	3	14	5	5	5	5	5	5	11	11	5	5	5	25	5	5	5	5	5	5	5	3	5	5	1	1	1	12	1	1	25	29	25	25	4	25	5	14	8	31	1	3	4	16	4	4
2350	5	5	5	14	26	27	5	14	5	5	1	6	4	3	1	9	1	1	4	1	4	28	7	26	5	14	5	5	5	5	5	5	11	11	5	5	5	25	5	5	5	5	5	5	5	21	5	5	10	4	9	24	9	9	23	9	12	23	12	12	5	5	5	31	5	5	5	5	12	12
2360	5	5	5	14	5	27	5	14	5	5	1	6	2	3	5	9	1	1	1	1	1	28	18	26	5	14	5	5	5	5	5	5	11	11	5	5	5	25	5	5	5	5	5	5	23	29	23	23	1	1	23	23	23	23	23	23	28	28	5	28	13	5	5	13	5	5	5	5	5	5
2370	5	5	5	14	4	27	5	14	21	5	1	6	5	3	1	9	1	1	1	1	1	28	5	26	5	14	5	5	5	5	5	5	11	11	5	5	5	25	5	5	5	5	5	5	5	5	5	5	1	1	12	12	12	12	5	12	5	5	1	12	9	21	2	9	29	5	14	31	21	21
2380	5	5	5	14	27	27	5	14	5	5	1	6	1	3	1	9	1	1	1	1	1	28	1	26	21	14	5	5	5	5	5	5	4	11	5	5	5	15	5	5	5	5	5	5	12	21	1	12	1	1	1	1	1	1	1	1	1	1	3	1	5	5	13	27	5	5	17	13	26	26
2390	28	5	4	14	25	27	3	14	3	5	8	6	3	3	4	9	1	1	2	1	2	28	16	26	5	14	5	5	5	5	5	5	3	11	5	5	5	14	5	5	5	5	5	5	13	27	24	13	2	2	14	24	7	21	3	18	3	3	5	8	3	3	2	25	31	28	11	31	25	25
2400	5	5	1	14	18	27	5	14	5	5	3	6	7	3	1	9	1	1	1	1	1	28	26	26	5	14	5	5	5	5	5	5	4	11	5	5	5	15	5	5	5	5	5	5	20	31	20	20	1	1	1	20	1	1	1	1	7	7	5	7	5	5	12	29	5	12	12	12	12	12
2410	5	5	5	14	16	27	5	14	5	5	2	6	3	3	1	9	1	1	1	1	1	28	17	26	3	14	5	5	5	5	5	5	11	11	5	5	5	25	5	5	5	5	5	5	10	26	24	24	1	1	28	28	28	28	23	28	29	29	29	31	5	5	22	27	5	5	4	22	29	29
2420	5	5	5	14	23	27	17	14	5	5	30	6	1	3	1	9	1	1	1	1	1	28	12	26	5	14	5	5	5	5	5	5	5	11	5	5	5	5	5	5	5	5	5	5	5	12	5	5	1	1	1	12	1	1	1	1	1	1	1	31	1	28	5	23	5	5	10	5	17	17
2430	5	5	5	14	7	27	5	14	5	5	3	6	3	3	1	9	1	1	1	1	12	28	16	26	5	14	5	5	5	5	5	5	14	11	5	5	5	14	5	5	5	5	5	5	5	27	5	5	12	12	1	12	1	1	1	1	7	7	3	7	5	5	17	21	5	5	25	28	25	25
2440	5	5	3	14	12	27	5	14	5	5	23	6	1	3	3	9	1	1	1	1	23	28	3	26	14	14	5	5	5	5	5	5	11	11	5	5	5	25	5	5	5	5	5	5	5	14	5	5	21	23	12	21	12	12	21	21	5	21	19	23	5	5	1	12	24	14	1	28	26	26
2450	5	5	5	14	28	27	5	14	5	5	2	6	3	3	4	9	1	1	1	1	9	28	18	26	5	14	5	5	5	5	5	5	4	11	5	5	5	15	5	5	5	5	5	5	11	29	25	25	4	9	14	25	21	21	23	29	29	29	25	31	5	5	18	28	5	5	4	29	25	25
2460	21	5	3	14	2	27	5	14	5	5	2	6	3	3	18	9	1	1	1	1	1	28	28	26	3	14	5	5	5	5	5	5	3	11	5	5	5	14	5	5	5	5	5	5	21	31	1	21	1	1	1	1	1	1	18	18	27	18	5	27	4	5	4	10	26	21	28	26	28	28
2470	5	5	29	14	28	27	5	14	5	5	4	6	2	3	11	9	1	1	1	1	1	28	19	26	5	14	5	5	5	5	5	5	11	11	5	5	5	25	5	5	5	5	5	5	12	30	1	12	1	1	1	1	1	1	18	18	26	26	6	26	5	5	12	28	3	29	3	21	16	16
2480	5	5	5	14	31	27	5	14	5	5	3	6	25	3	1	9	1	1	1	1	1	28	31	26	3	14	5	5	5	5	5	5	11	11	5	5	5	25	5	5	5	5	5	5	20	31	20	20	1	1	1	20	1	1	1	1	29	29	5	29	5	5	31	31	5	5	15	31	15	15
2490	20	5	5	14	1	27	14	14	5	5	5	6	8	3	1	9	1	1	4	1	28	28	26	26	5	14	5	5	5	5	5	5	11	11	5	5	5	25	5	5	5	5	5	5	21	31	12	21	1	28	1	12	1	1	1	1	16	16	5	27	7	14	3	7	6	20	3	16	14	14
2500	5	5	5	14	22	27	26	14	5	5	2	6	2	3	1	9	1	1	1	1	1	28	20	26	5	14	5	5	5	5	5	5	4	11	5	5	5	15	5	5	5	5	5	5	12	20	1	12	1	1	1	1	1	1	24	1	24	24	2	24	4	31	5	30	5	5	15	5	24	24
2510	5	5	14	14	27	27	14	14	5	5	2	6	3	3	1	9	1	1	1	1	5	28	3	26	14	14	5	5	5	5	5	5	11	11	5	5	5	25	5	5	5	5	5	5	5	14	5	5	12	12	12	12	12	12	12	12	21	21	8	27	3	14	20	27	5	14	1	20	16	16
2520	5	5	5	14	31	27	5	14	5	5	2	6	3	3	4	9	1	1	1	1	1	28	16	26	5	14	5	5	5	5	5	5	3	11	5	5	14	14	5	5	5	14	5	5	27	27	27	27	1	1	27	27	27	27	26	31	26	26	28	26	5	5	18	31	2	5	1	26	28	28
2530	5	5	3	14	27	27	5	14	5	5	2	6	3	3	4	9	1	1	1	1	1	28	17	26	5	14	5	5	5	5	5	5	11	11	5	5	5	25	5	5	5	5	5	5	28	28	28	28	1	1	12	28	12	12	9	23	18	18	8	26	5	5	12	27	5	14	5	12	22	22
2540	5	5	14	14	31	27	5	14	5	5	2	6	3	3	2	9	1	1	1	1	1	28	16	26	5	14	5	5	5	5	5	5	4	11	5	5	5	15	5	5	5	5	5	5	22	27	22	22	1	1	21	27	21	21	7	27	7	7	4	16	5	5	29	31	3	14	2	29	10	10
2550	5	5	5	14	5	27	5	14	5	5	2	6	3	3	1	9	1	1	1	1	1	28	19	26	5	14	5	5	5	5	5	5	3	11	5	5	5	14	5	5	5	5	5	5	13	30	2	13	1	1	1	6	1	1	1	1	7	7	5	16	5	5	5	5	24	5	15	24	15	15
2560	5	5	14	14	5	27	5	14	5	5	1	6	4	3	1	9	1	1	1	1	12	28	3	26	14	14	5	5	5	5	5	5	5	11	5	5	5	5	5	5	5	5	5	5	5	14	5	5	12	12	1	12	1	1	1	1	9	9	1	9	5	5	3	5	14	14	28	14	28	28
2570	5	5	14	14	5	27	5	14	5	5	13	6	1	3	1	9	1	1	1	1	1	28	16	26	3	14	5	5	5	5	5	5	5	11	5	5	5	5	5	5	5	5	5	5	1	16	1	12	1	1	1	1	1	1	1	1	1	1	13	20	5	5	10	5	1	14	4	17	24	24
2580	5	5	5	14	5	27	5	14	5	5	1	6	3	3	1	9	1	1	1	1	12	28	3	26	14	14	5	5	5	5	5	5	4	11	5	5	5	15	5	5	5	5	5	5	5	14	5	5	12	12	1	12	1	1	1	1	7	7	1	7	5	5	5	5	5	5	16	5	16	16
2590	5	5	5	14	11	27	3	14	14	5	2	6	3	3	4	9	1	1	1	1	28	28	7	26	5	14	5	5	5	5	5	5	4	11	5	5	5	15	5	5	5	5	5	5	14	21	5	14	28	28	17	28	17	17	28	17	31	31	4	31	3	14	11	11	5	5	24	25	24	24
2600	5	5	5	14	5	27	5	14	5	5	13	6	3	3	1	9	1	1	1	1	1	28	16	26	5	14	5	5	5	5	5	5	3	11	5	5	5	14	5	5	5	5	5	5	12	27	1	12	1	1	1	1	1	1	1	1	3	7	6	22	5	5	5	5	5	5	5	5	20	20
2610	5	5	3	14	26	27	5	14	5	5	2	6	22	3	4	9	1	1	1	1	1	28	16	26	3	14	5	5	5	5	5	5	3	11	5	5	5	14	5	5	5	5	5	5	1	16	1	12	1	1	1	1	1	1	1	9	7	27	1	16	5	5	1	31	11	14	5	18	12	12
2620	5	5	15	14	21	27	5	14	5	5	2	6	3	3	4	9	1	1	1	1	1	28	17	26	3	14	5	5	5	5	5	5	3	11	5	5	5	14	5	5	5	5	5	5	26	26	31	31	1	1	29	31	29	29	25	29	25	25	1	30	5	5	28	21	4	15	15	28	23	23
2630	5	5	5	14	7	27	5	14	5	5	1	6	3	3	1	9	1	1	1	1	5	28	5	26	5	14	5	5	5	5	5	5	3	11	5	5	5	14	5	5	5	5	5	5	5	5	5	5	12	12	1	12	1	1	1	1	7	7	2	7	2	5	2	16	27	5	22	27	22	22
2640	5	5	14	14	5	27	5	14	5	5	2	6	3	3	4	9	1	1	1	1	28	28	17	26	5	14	5	5	5	5	5	5	4	11	5	5	5	15	5	5	5	5	5	5	13	28	5	13	28	28	28	28	28	28	28	28	31	31	12	31	5	5	5	5	5	14	5	5	12	12
2650	5	5	5	14	13	27	5	14	5	5	1	6	1	3	1	9	1	1	1	1	1	28	26	26	5	14	5	5	5	5	5	5	3	11	5	5	5	14	5	5	5	5	5	5	7	31	21	21	1	1	7	21	1	7	1	1	1	1	1	1	5	5	2	13	5	5	20	13	20	20
2660	5	5	5	14	1	27	5	14	5	5	1	6	3	3	1	9	1	1	5	1	5	28	26	26	5	14	5	5	5	5	5	5	4	11	5	5	5	15	5	5	5	5	5	5	26	31	31	31	5	5	23	31	23	23	23	23	29	29	2	29	14	5	1	21	3	5	12	7	20	20
2670	5	5	14	14	27	27	5	14	5	5	1	6	3	3	1	9	1	1	1	1	31	28	3	26	3	14	5	5	5	5	5	5	11	11	5	5	14	25	5	5	14	14	14	14	3	3	5	14	31	31	31	31	29	31	29	29	29	29	7	29	5	5	26	27	5	14	5	31	21	21
2680	5	5	5	14	25	27	5	14	5	5	2	6	3	3	1	9	1	1	1	1	1	28	11	26	3	14	5	5	5	5	5	5	3	11	5	5	14	14	5	5	14	14	3	14	3	11	3	3	1	1	1	7	1	1	1	1	7	7	31	16	5	5	4	25	15	5	4	15	31	31
2690	2	5	1	14	14	27	5	14	5	5	17	6	3	3	1	9	17	1	3	1	3	28	1	26	9	14	5	5	5	5	5	5	3	11	14	5	5	14	5	5	5	5	5	5	25	9	3	25	3	3	3	3	26	26	3	26	3	3	6	26	5	5	2	14	10	6	5	10	20	20
2700	5	5	5	14	2	27	5	14	5	5	1	6	5	3	18	9	5	1	5	1	5	28	9	26	5	14	5	5	5	5	5	5	11	11	5	5	5	25	5	5	5	5	5	5	5	23	5	5	5	5	5	5	5	5	29	29	29	29	14	29	2	5	2	2	18	5	5	26	14	14
2710	5	5	25	14	2	27	14	14	5	5	1	6	1	3	1	9	1	1	1	1	1	28	3	26	3	14	5	5	5	5	5	5	4	11	5	5	5	15	5	5	5	5	5	5	7	3	1	21	1	1	1	1	1	1	1	1	1	1	2	1	3	14	29	8	4	25	5	29	13	13
2720	20	5	1	14	27	27	5	14	5	5	2	6	3	3	4	9	1	1	4	1	4	28	26	26	5	14	5	5	5	5	5	5	11	11	5	5	5	25	5	5	5	5	5	5	31	31	31	31	4	4	30	31	31	31	29	31	29	29	3	31	5	5	3	27	20	20	7	27	7	7
2730	5	5	14	14	8	27	5	14	5	5	2	6	3	3	1	9	1	1	1	1	20	28	4	26	14	14	5	5	5	5	5	5	3	11	5	5	14	14	5	5	5	14	5	5	5	25	5	5	20	20	6	20	6	6	6	6	16	16	3	16	5	5	19	22	3	14	22	19	22	22
2740	23	5	5	14	6	27	14	14	5	5	1	6	2	3	1	9	1	1	1	1	21	28	3	26	3	14	5	5	5	5	5	5	3	11	25	5	5	25	5	5	5	5	5	5	14	3	5	14	12	21	1	12	1	1	1	1	6	6	12	6	3	14	16	16	5	23	4	27	23	23
2750	5	5	11	14	3	27	14	14	5	5	1	6	1	3	1	9	1	1	1	1	1	28	1	26	14	14	5	5	15	5	5	5	4	11	5	5	15	15	4	15	5	15	5	5	12	21	1	12	1	1	1	1	1	1	1	1	1	1	2	1	22	14	5	22	15	25	2	15	2	2
2760	5	5	5	14	23	27	5	14	5	5	2	6	3	3	3	9	4	1	1	1	17	28	17	26	5	14	5	5	5	5	5	5	11	11	5	5	5	25	5	5	5	5	5	5	5	28	5	5	17	17	28	28	28	28	31	31	31	31	2	31	5	5	26	23	5	5	2	31	2	2
2770	5	5	5	14	5	27	5	14	5	5	28	6	3	3	1	9	1	1	1	1	1	28	3	26	14	14	5	5	5	5	5	5	11	11	5	5	5	25	5	5	5	5	5	5	5	14	5	5	1	1	12	12	1	12	1	1	3	7	14	31	5	5	5	5	5	5	5	5	14	14
2780	5	5	5	14	11	27	5	14	5	5	4	6	3	3	1	9	1	1	1	1	12	28	3	26	14	14	5	5	5	5	5	5	11	11	5	5	5	25	5	5	5	5	5	5	5	14	5	5	12	12	1	12	1	1	1	1	7	7	24	18	5	5	7	25	4	5	4	18	24	24
2790	5	5	3	14	5	27	5	14	5	5	17	6	3	3	7	9	1	1	1	1	1	28	1	26	22	14	5	5	5	5	5	5	11	11	5	5	14	25	5	5	5	14	5	5	12	27	1	12	1	1	1	1	1	1	3	7	3	3	3	26	5	5	15	5	3	14	4	25	11	11
2800	5	5	3	14	1	27	5	14	5	5	1	6	1	3	1	9	1	1	1	1	1	28	17	26	5	14	5	5	5	5	5	5	3	11	5	5	5	14	5	5	5	5	5	5	12	28	1	12	1	1	1	1	1	1	1	1	1	1	12	1	5	5	12	12	5	14	1	12	12	12
2810	5	5	3	14	13	27	5	14	5	5	1	6	3	3	4	9	1	1	1	1	1	28	16	26	3	14	5	5	5	5	5	5	11	11	5	5	5	25	5	5	5	5	5	5	16	16	27	27	1	1	27	27	27	27	31	31	31	31	2	31	5	5	2	13	14	14	5	22	13	13
2820	5	5	21	14	2	27	14	14	5	5	2	6	3	3	4	9	1	1	1	1	1	28	26	26	3	14	5	5	5	5	5	5	4	11	5	5	5	15	5	5	5	5	5	5	31	26	27	31	1	1	27	27	27	27	30	31	30	30	3	30	3	14	3	8	27	21	5	27	14	14
2830	5	5	5	14	5	27	5	14	5	5	21	6	3	3	1	9	1	1	1	1	1	28	4	26	14	14	5	5	5	5	5	5	3	11	5	5	5	14	5	5	5	5	5	5	5	25	5	5	1	1	1	12	1	1	1	1	1	7	26	21	5	5	5	5	5	5	1	5	26	26
2840	5	5	5	14	3	27	14	14	5	5	1	6	3	3	4	9	1	1	1	1	28	28	19	26	3	14	5	5	5	5	5	5	11	11	5	5	14	25	5	5	14	14	14	14	3	19	3	14	28	28	28	31	28	28	28	28	30	31	5	31	5	14	27	14	5	5	5	27	5	5
2850	5	5	14	14	27	27	5	14	5	5	2	6	3	3	4	9	1	1	1	1	20	28	19	26	5	14	5	5	5	5	5	5	4	11	5	5	15	15	5	5	5	15	5	5	5	30	5	5	20	20	20	20	20	20	28	28	31	31	8	31	5	5	20	27	3	14	3	27	8	8
2860	5	5	14	14	2	27	5	14	5	5	2	6	3	3	3	9	2	1	1	1	28	28	17	26	5	14	5	5	5	5	5	5	3	11	5	5	5	14	5	5	5	5	5	5	5	28	5	5	31	28	31	31	29	31	29	29	29	29	5	31	5	5	5	13	3	14	6	14	20	20
2870	5	5	5	14	18	27	5	14	5	5	1	6	5	3	4	9	4	1	1	1	12	28	17	26	5	14	5	5	5	5	5	5	11	11	5	5	5	25	5	5	5	5	5	5	23	28	15	23	5	12	4	15	4	4	4	4	15	15	3	23	5	5	12	29	5	5	12	12	21	21
2880	5	5	5	14	14	27	3	14	13	5	3	6	2	3	3	9	1	1	1	1	1	28	14	26	3	14	5	5	5	5	5	5	3	11	14	5	5	14	5	5	5	5	5	5	5	14	5	5	1	1	1	12	1	1	7	7	16	16	4	16	3	22	3	14	28	5	15	31	15	15
2890	5	5	14	14	6	27	5	14	5	5	1	6	1	3	1	9	1	1	1	1	1	28	6	26	5	14	5	5	5	5	5	5	11	11	5	5	5	25	5	5	5	5	5	5	5	20	5	5	1	1	1	12	1	1	1	1	1	1	4	1	5	5	27	20	5	14	23	27	23	23
2900	5	5	5	14	27	27	14	14	5	5	2	6	3	3	4	9	1	1	1	1	9	28	3	26	14	14	5	5	5	5	5	5	5	11	5	5	5	5	5	5	5	5	5	5	5	14	5	5	9	9	23	23	9	23	9	9	18	18	2	26	5	14	2	27	12	5	2	20	2	2
2910	5	5	14	14	16	27	5	14	5	5	1	6	3	3	4	9	1	1	1	1	6	28	4	26	5	14	5	5	5	5	5	5	11	11	5	5	5	25	5	5	5	5	5	5	5	15	5	5	6	6	20	20	20	20	24	28	30	30	10	31	5	5	27	27	5	14	3	27	19	19
2920	5	5	5	14	5	27	5	14	5	5	1	6	3	3	1	9	7	1	5	1	1	28	6	26	5	14	5	5	5	5	5	5	11	11	5	5	5	25	5	5	5	5	5	5	5	20	5	5	12	12	1	12	7	7	7	7	7	7	9	7	5	5	27	5	5	5	3	27	18	18
2930	5	5	5	14	1	27	5	14	5	5	5	6	3	3	4	9	1	1	1	1	1	28	4	26	22	14	5	5	5	5	5	5	3	11	5	5	5	14	5	5	5	5	5	5	10	30	24	24	1	1	23	28	23	23	23	23	29	29	2	29	5	5	7	12	3	5	2	7	2	2
2940	5	5	30	14	24	27	5	14	5	5	16	6	3	3	1	9	1	1	1	1	1	28	16	26	5	14	5	5	5	5	5	5	4	11	5	5	5	15	5	5	5	5	5	5	27	27	27	27	1	1	1	27	1	1	3	1	3	3	2	16	5	5	24	24	2	30	27	24	27	27
2950	5	5	14	14	1	27	3	14	13	5	1	6	7	3	9	9	1	1	1	1	1	28	7	26	5	14	5	5	5	5	5	5	3	11	5	5	5	14	5	5	5	5	5	5	12	21	1	12	1	1	1	1	1	1	4	9	9	18	9	9	21	22	1	21	14	14	1	21	9	9
2960	1	5	1	14	27	27	5	14	5	5	18	6	2	3	1	9	2	1	1	1	12	28	11	26	5	14	5	5	5	5	5	5	4	11	5	5	5	15	5	5	5	5	5	5	5	25	5	5	12	12	2	12	2	2	2	6	2	2	5	26	1	5	14	27	4	1	19	25	30	30
2970	5	5	14	14	27	27	5	14	12	5	2	6	8	3	1	9	1	1	1	1	1	28	18	26	5	14	5	5	5	5	5	5	11	11	5	5	5	25	5	5	5	5	5	5	12	29	1	12	1	1	1	1	1	1	1	1	16	16	4	16	1	12	3	27	3	14	3	3	11	11
2980	5	5	27	14	5	27	5	14	5	5	1	6	1	3	1	9	1	1	1	1	1	28	25	26	5	14	5	5	5	5	5	5	4	11	15	5	5	15	5	5	5	5	5	5	5	25	5	5	1	1	1	12	1	1	1	1	1	1	1	1	5	5	5	5	27	27	1	27	1	1
2990	5	5	14	14	2	27	5	14	5	5	2	6	3	3	4	9	1	1	5	1	5	28	18	26	5	14	5	5	5	5	5	5	4	11	15	5	15	15	5	5	15	15	5	15	12	29	12	12	5	5	12	12	12	12	23	23	29	29	5	31	2	5	2	2	5	14	24	13	24	24
3000	23	5	3	14	2	27	24	14	5	5	1	6	1	3	1	9	1	1	1	1	1	28	3	26	3	14	5	5	5	5	5	5	11	11	5	5	5	25	5	5	5	5	5	5	3	3	5	14	1	1	1	12	1	1	1	1	1	1	18	1	2	24	3	2	3	29	5	3	29	29
3010	5	5	5	14	1	27	5	14	5	5	1	6	1	3	1	9	1	1	1	1	28	28	1	26	14	14	5	5	5	5	5	5	11	11	5	5	5	25	5	5	5	5	5	5	5	21	5	5	28	28	9	28	1	9	1	1	1	1	28	1	5	5	5	12	5	5	4	5	28	28
3020	5	5	5	14	21	27	5	14	5	5	4	6	10	3	4	9	1	1	1	1	1	28	7	26	3	14	5	5	5	5	5	5	4	11	5	5	5	15	5	5	5	5	5	5	7	7	21	21	1	1	29	21	29	29	5	29	28	24	27	28	5	5	3	21	5	5	3	14	27	27
3030	5	5	5	14	30	27	5	14	5	5	1	6	3	3	24	9	1	1	1	1	1	28	3	26	14	14	5	5	5	5	5	5	3	11	5	5	5	14	5	5	5	5	5	5	5	14	5	5	1	1	1	12	1	1	28	28	31	31	5	31	5	5	28	30	5	5	24	28	24	24
3040	5	5	15	14	20	27	5	14	5	5	1	6	3	3	7	9	1	1	1	1	1	28	3	26	3	14	5	5	5	5	5	5	11	11	5	5	5	25	5	5	5	5	12	5	3	3	1	21	1	1	1	1	1	1	7	7	7	7	4	7	5	5	31	20	5	15	5	31	15	15
3050	5	5	5	14	5	27	14	14	5	5	2	6	3	3	4	9	1	1	1	1	23	28	3	26	14	14	5	5	5	5	5	5	11	11	5	5	5	25	5	5	5	5	5	5	5	14	5	5	23	23	23	23	23	23	23	23	29	29	5	31	5	14	5	5	5	5	5	5	5	5
3060	5	5	14	14	5	27	5	14	5	5	1	6	1	3	1	9	1	1	1	1	23	28	26	26	5	14	5	5	5	5	5	5	11	11	5	5	5	25	5	5	5	5	5	5	25	31	14	25	1	23	12	21	12	12	1	12	1	1	20	1	5	5	5	5	26	14	5	31	20	20
3070	3	5	3	14	30	27	5	14	5	5	4	6	21	3	1	9	12	1	12	1	1	28	25	26	5	14	5	5	5	5	5	5	7	11	5	5	5	21	5	5	5	5	5	5	5	25	5	5	12	12	5	12	12	12	5	12	21	21	5	29	5	5	11	30	3	3	8	11	22	22
3080	5	5	14	14	27	27	5	14	5	5	2	6	3	3	1	9	1	1	1	1	1	28	9	26	5	14	5	5	5	5	5	5	3	11	5	5	14	14	5	5	5	14	5	5	12	23	1	12	1	1	1	1	1	1	1	1	7	7	3	16	5	5	27	27	5	14	3	27	3	3
3090	5	5	5	14	5	27	5	14	5	5	2	6	3	3	1	9	1	1	1	1	1	28	18	26	3	14	5	5	5	5	5	5	4	11	5	5	5	15	5	5	5	5	5	5	5	18	5	5	1	1	1	12	1	1	1	1	7	7	2	16	5	5	5	5	15	5	3	15	8	8
3100	13	5	3	14	1	27	5	14	12	5	9	6	4	3	1	9	18	1	5	1	5	28	18	26	3	14	5	5	5	5	5	5	3	11	15	5	5	25	5	5	5	5	5	5	14	18	14	14	5	5	5	14	25	29	25	29	3	25	3	18	1	12	2	1	2	22	4	2	11	11
3110	5	5	14	14	19	27	5	14	12	5	26	6	1	3	1	9	1	1	1	1	1	28	27	26	3	14	5	5	5	5	5	5	3	11	5	5	5	14	5	5	5	5	5	5	12	27	1	12	1	1	1	1	1	1	1	1	1	1	1	26	5	12	31	30	5	14	9	31	9	9
3120	5	5	5	14	3	27	5	14	5	5	4	6	3	3	1	9	1	1	1	1	12	28	26	26	3	14	5	5	5	5	5	5	4	11	5	5	5	15	5	5	5	5	5	5	17	26	30	28	1	12	31	31	31	31	27	31	27	27	5	31	5	5	8	14	5	5	24	22	24	24
3130	5	5	5	14	16	27	5	14	5	5	26	6	1	3	1	9	1	1	1	1	12	28	16	26	5	14	5	5	5	5	5	5	3	11	5	5	5	14	5	5	5	5	5	5	21	27	1	21	1	12	1	1	1	1	1	1	1	1	5	26	5	5	3	27	14	5	17	14	28	28
3140	5	5	14	14	2	27	14	14	5	5	2	6	3	3	2	9	1	1	1	1	1	28	17	26	5	14	5	5	5	5	5	5	4	11	5	5	5	15	5	5	5	5	5	5	23	28	23	23	1	1	23	23	23	23	28	28	31	31	16	31	14	14	3	22	3	14	3	3	16	16
3150	5	5	5	14	20	27	5	14	5	5	17	6	3	3	1	9	1	1	1	1	1	28	27	26	3	14	5	5	5	5	5	5	3	11	5	5	5	14	5	5	5	5	5	5	8	27	3	22	1	1	3	7	7	7	3	7	3	3	15	26	5	5	1	20	1	5	1	1	23	23
3160	5	5	8	14	21	27	5	14	5	5	31	6	3	3	1	9	1	1	1	1	6	28	19	26	5	14	5	5	5	5	5	5	3	11	5	5	5	14	5	5	5	5	5	5	13	30	2	13	6	6	1	6	1	1	3	1	3	3	3	31	5	5	11	21	2	22	3	19	3	3
3170	1	5	22	14	2	27	5	14	5	5	4	6	3	3	2	9	1	1	2	1	2	28	4	26	21	14	5	5	5	5	5	5	10	11	5	5	5	24	5	5	5	5	5	5	25	29	25	25	2	2	28	30	28	28	23	28	31	29	5	31	5	5	2	13	7	27	23	16	23	23
3180	5	5	3	14	10	27	5	14	5	5	1	6	3	3	1	9	1	1	1	1	1	28	9	26	5	14	5	5	5	5	5	5	4	11	5	5	5	15	5	5	5	5	5	5	23	23	12	23	1	1	1	12	1	1	1	1	7	7	1	7	5	5	23	24	3	14	23	29	23	23
3190	5	5	5	14	30	27	5	14	5	5	19	6	12	3	5	9	5	1	5	1	5	28	3	26	3	14	5	5	5	5	5	5	7	11	5	5	5	21	5	5	5	5	5	5	5	3	5	5	5	5	5	5	5	5	5	5	1	12	3	26	2	5	8	30	4	5	2	19	8	8
3200	5	5	21	14	12	27	3	14	5	5	2	6	11	3	4	9	4	1	1	1	1	28	7	26	3	14	5	5	5	5	5	5	4	11	15	5	5	15	5	5	5	5	5	5	1	7	12	12	1	1	4	12	4	4	5	4	25	25	1	30	5	14	5	12	12	21	3	12	7	7
3210	5	5	5	14	11	27	14	14	5	5	2	6	3	3	9	9	1	1	1	1	1	28	8	26	3	14	5	5	5	5	5	5	4	11	5	5	5	15	5	5	5	5	5	5	14	8	3	14	1	1	1	7	1	1	9	9	18	18	1	26	5	14	27	25	5	5	5	27	12	12
3220	5	5	3	14	3	27	14	14	5	5	1	6	5	3	9	9	1	1	1	1	1	28	1	26	14	14	5	5	5	5	5	5	11	11	5	5	5	25	5	5	5	5	5	5	21	21	21	21	1	1	1	21	1	1	1	9	1	12	1	1	14	14	3	14	24	14	12	30	12	12
3230	5	5	5	14	11	27	5	14	5	5	15	6	3	3	1	9	1	1	1	1	1	28	16	26	5	14	5	5	5	5	5	5	25	11	5	5	5	25	5	5	5	5	5	5	18	27	1	29	1	1	1	1	1	1	3	1	3	3	1	25	4	5	1	11	14	5	23	21	23	23
3240	5	5	15	14	20	27	5	14	5	5	1	6	1	3	1	9	1	1	1	1	1	28	26	26	5	14	5	5	5	5	5	5	5	11	5	5	5	5	5	5	5	5	5	5	31	31	31	31	1	1	31	31	31	31	31	31	31	31	5	31	5	5	21	20	4	15	30	29	30	30
3250	5	5	5	14	31	27	14	14	5	5	1	6	3	3	1	9	7	1	1	1	9	28	26	26	3	14	5	5	5	5	5	5	4	11	5	5	5	15	5	5	5	5	5	5	6	26	12	20	1	9	1	12	7	7	7	7	7	7	3	7	5	14	31	31	5	5	11	31	11	11
3260	5	5	14	14	29	27	5	14	5	5	2	6	3	3	4	9	1	1	1	1	17	28	18	26	5	14	5	5	5	5	5	5	4	11	5	5	5	15	5	5	5	5	5	5	5	29	5	5	17	17	31	28	31	31	30	31	31	30	1	31	5	5	18	29	5	14	1	29	1	1
3270	5	5	5	14	22	27	5	14	5	5	1	6	1	3	1	9	1	1	1	1	1	28	27	26	3	14	5	5	5	5	5	5	11	11	5	5	5	25	5	5	5	5	5	5	12	27	12	12	1	1	1	12	1	1	1	1	1	1	1	1	5	5	5	22	5	5	5	5	12	12
3280	5	5	5	14	5	27	27	14	5	5	1	6	3	3	28	9	1	1	1	1	1	28	6	26	5	14	5	5	5	5	5	5	3	11	5	5	5	14	5	5	5	5	5	5	5	20	5	5	1	1	12	12	5	12	24	28	30	30	1	31	29	27	2	29	14	5	22	22	27	27
3290	5	5	5	14	20	27	5	14	5	5	4	6	27	3	1	9	1	1	1	1	1	28	1	26	5	14	5	5	5	5	5	5	11	11	5	5	5	25	5	5	5	5	5	5	12	12	1	12	1	1	6	1	1	6	1	1	16	27	7	26	5	5	1	20	15	5	1	23	7	7
3300	5	5	5	14	5	27	5	14	5	5	1	6	3	3	9	9	1	1	1	1	15	28	2	26	3	14	5	5	5	5	5	5	11	11	5	5	5	25	5	5	5	5	5	5	5	8	5	5	23	23	1	23	1	1	9	9	18	18	12	18	5	5	5	5	5	5	3	5	21	21
3310	5	5	3	14	5	27	5	14	5	5	4	6	3	3	4	9	1	1	1	1	12	28	18	26	3	14	5	5	5	5	5	5	11	11	5	5	5	25	5	5	5	5	5	5	5	18	5	5	12	12	6	12	9	6	4	9	11	11	3	11	14	5	5	14	5	14	3	5	3	3
3320	3	5	19	14	31	27	5	14	5	5	1	6	26	3	1	9	1	1	1	1	12	28	25	26	5	14	5	5	5	5	5	5	11	11	5	5	5	25	5	5	5	5	5	5	5	25	5	5	12	12	1	12	1	1	1	1	30	26	5	31	5	5	29	31	4	19	5	29	5	5
3330	14	5	5	14	9	27	5	14	5	5	2	6	8	3	1	9	1	1	1	1	1	28	29	26	3	14	5	5	5	5	5	5	10	11	5	5	5	24	5	5	5	5	1	5	1	29	1	1	1	1	1	1	1	1	1	1	6	16	16	6	4	5	4	9	18	14	3	18	16	16
3340	14	5	4	14	1	27	5	14	5	5	2	6	2	3	2	9	1	1	1	1	12	28	26	26	3	14	5	5	5	5	5	5	11	11	5	5	5	25	5	5	5	5	5	5	26	26	28	31	5	12	1	28	1	1	2	6	2	2	1	2	12	5	5	12	5	25	3	5	7	7
3350	14	5	5	14	16	27	5	14	5	5	6	6	3	3	1	9	1	1	1	1	12	28	3	26	14	14	5	5	5	5	5	5	11	11	5	5	5	25	5	5	5	5	5	5	5	14	5	5	12	12	1	12	1	1	3	1	3	3	4	16	5	5	7	27	2	14	20	16	28	28
3360	5	5	5	14	3	27	14	14	5	5	2	6	3	3	9	9	1	1	1	1	1	28	16	26	5	14	5	5	5	5	5	5	3	11	5	5	5	14	5	5	5	5	5	5	12	27	12	12	1	1	1	12	1	1	4	9	11	11	13	19	3	14	27	3	5	5	5	27	13	13
3370	5	5	5	14	31	27	5	14	5	5	2	6	3	3	4	9	1	1	1	1	1	28	3	26	14	14	5	5	5	5	5	5	3	11	5	5	5	14	5	5	5	5	5	5	14	14	14	14	1	1	21	21	21	21	29	29	29	29	21	31	5	5	18	31	5	5	3	29	21	21
3380	5	5	27	14	26	27	5	14	5	5	8	6	4	3	4	9	4	1	4	1	24	28	9	26	5	14	5	5	5	5	5	5	15	11	5	5	5	15	5	5	5	5	5	5	5	23	5	5	24	24	15	24	4	15	4	4	4	4	4	19	5	5	2	31	12	27	10	20	10	10
3390	6	5	4	14	5	27	4	14	12	5	23	6	1	3	5	9	5	1	1	1	1	28	5	26	5	14	5	5	5	5	5	5	4	11	5	5	5	15	5	5	5	5	5	5	5	5	5	5	5	1	5	5	5	5	1	5	1	1	6	23	5	23	6	5	1	17	2	6	6	6
3400	24	5	5	14	13	27	5	14	5	5	2	6	5	3	26	9	1	1	1	1	1	28	1	26	5	14	5	5	5	5	5	5	5	11	5	5	5	5	5	5	5	5	5	5	12	12	12	12	1	1	1	12	1	1	18	26	29	29	17	31	5	5	27	13	4	24	4	31	17	17
3410	5	5	5	14	27	27	5	14	5	5	1	6	3	3	4	9	1	1	1	1	28	28	3	26	14	14	5	5	5	5	5	5	5	11	5	5	5	5	5	5	5	5	5	5	5	14	5	5	28	28	28	28	28	28	24	28	24	30	23	28	5	5	21	27	5	5	5	21	23	23
3420	5	5	5	14	13	27	5	14	5	5	4	6	3	3	1	9	1	1	1	1	1	28	27	26	3	14	5	5	5	5	5	5	11	11	5	5	5	25	5	5	5	5	5	5	5	27	12	5	1	1	1	12	1	1	1	1	7	7	4	18	5	5	5	13	5	5	13	5	24	24
3430	5	5	5	14	21	27	14	14	5	5	2	6	3	3	1	9	1	1	1	1	12	28	26	26	3	14	5	5	5	5	5	5	11	11	5	5	5	25	5	5	5	5	5	5	1	26	5	12	12	12	12	12	23	12	23	23	29	29	10	31	5	14	14	21	5	5	5	14	24	24
3440	5	5	5	14	5	27	5	14	5	5	1	6	25	3	1	9	1	1	1	1	1	28	3	26	5	14	5	5	5	5	5	5	15	11	5	5	5	15	5	5	5	5	5	5	5	14	5	5	12	1	1	12	1	1	1	1	21	29	3	21	5	5	5	5	5	5	5	5	14	14
3450	5	5	8	14	2	27	2	14	14	5	1	6	3	3	7	9	1	1	1	1	3	28	5	26	12	14	5	5	5	5	5	5	3	11	14	5	5	14	5	5	5	5	5	5	1	12	1	12	1	7	12	1	1	12	3	7	3	3	2	7	15	22	12	24	4	22	17	23	17	17
3460	2	5	15	14	5	27	14	14	5	5	4	6	3	3	5	9	5	1	5	1	5	28	13	26	5	14	5	5	5	5	5	5	4	11	15	5	5	15	5	5	5	5	5	5	5	13	5	5	5	5	5	5	5	5	5	5	22	14	1	30	5	14	11	5	3	24	1	11	1	1
3470	5	5	21	14	3	27	14	14	5	5	1	6	3	3	1	9	3	1	1	1	1	28	19	26	3	14	5	5	5	5	5	5	11	11	5	5	5	25	5	5	5	5	5	5	24	19	24	24	1	1	28	28	31	31	11	31	11	11	5	18	3	14	8	3	1	21	20	16	20	20
3480	5	5	5	14	12	27	5	14	5	5	3	6	3	3	1	9	1	1	1	1	1	28	16	26	5	14	5	5	5	5	5	5	4	11	5	5	15	15	5	5	5	15	5	5	6	27	20	20	1	1	6	20	1	6	1	1	7	7	2	7	5	5	3	12	24	5	22	30	22	22
3490	5	5	31	14	13	27	5	14	5	5	1	6	3	3	1	9	1	1	1	1	1	28	18	26	3	14	5	5	5	5	5	5	11	11	5	5	5	25	5	5	12	5	1	12	1	18	1	1	1	1	1	1	1	1	1	1	7	7	3	7	5	5	5	13	3	31	25	14	25	25
3500	5	5	5	14	31	27	5	14	5	5	1	6	3	3	3	9	1	1	1	1	1	28	3	26	14	14	5	5	5	5	5	5	4	11	5	5	5	15	5	5	5	5	5	5	5	14	5	5	1	1	12	12	12	12	14	21	14	14	1	21	5	5	27	31	1	5	7	27	7	7
3510	1	5	22	14	2	27	1	14	13	5	1	6	27	3	5	9	1	1	1	1	1	28	4	26	5	14	4	5	5	5	5	5	11	11	5	5	5	25	5	5	5	5	15	15	5	15	15	15	1	1	12	23	5	12	5	5	27	27	14	27	8	20	8	8	2	27	5	8	14	14
3520	5	5	3	14	1	27	3	14	5	5	5	6	1	3	1	9	1	1	1	1	1	28	21	26	5	14	5	5	5	5	5	5	4	11	5	5	5	15	5	5	5	5	5	5	14	21	21	14	1	1	14	21	1	21	1	1	12	1	27	12	3	14	3	7	1	14	1	7	27	27
3530	9	5	3	14	4	27	14	14	5	5	1	6	1	3	19	9	1	1	1	1	6	28	6	26	3	14	13	5	5	5	5	5	8	11	5	5	5	22	5	5	5	5	2	13	6	16	2	6	1	6	1	6	1	1	1	26	1	1	3	1	14	14	1	25	11	18	3	18	3	3
3540	5	5	5	14	8	27	5	14	5	5	1	6	3	3	4	9	4	1	1	1	1	28	26	26	5	14	5	5	5	5	14	5	4	11	5	5	5	15	5	14	5	5	5	5	28	31	28	28	1	1	28	28	24	28	24	24	30	30	28	31	5	5	22	22	1	5	1	27	28	28
3550	5	5	12	14	5	27	22	14	5	5	3	6	1	3	1	9	1	1	1	1	1	28	28	26	1	14	5	5	5	5	5	5	3	11	5	5	5	14	5	5	5	5	5	5	12	28	12	12	1	1	12	12	12	12	1	12	1	1	12	7	5	22	4	5	4	12	1	4	12	12
3560	5	5	5	14	26	27	13	14	5	5	31	6	7	3	1	9	1	1	1	1	1	28	1	26	12	14	5	5	5	5	5	5	3	11	5	5	5	14	5	5	5	5	5	5	5	12	5	5	1	1	1	12	1	1	1	1	3	7	2	31	5	13	31	31	1	5	6	31	6	6
3570	5	5	5	14	23	27	5	14	5	5	1	6	3	3	4	9	1	1	7	1	2	28	26	26	3	14	5	5	5	5	5	5	11	11	5	5	14	25	5	5	14	14	3	14	3	26	3	3	16	16	16	16	16	16	28	26	26	31	5	26	5	5	5	23	5	5	5	5	5	5
3580	5	5	5	14	31	27	5	14	5	5	2	6	3	3	9	9	1	1	1	1	1	28	26	26	3	14	5	5	5	5	5	5	11	11	5	5	15	25	5	5	15	15	4	15	1	26	1	9	1	1	1	1	1	1	9	9	18	18	1	26	5	5	31	31	5	5	3	31	7	7
3590	5	5	5	14	26	27	5	14	5	5	2	6	3	3	1	9	1	1	1	1	4	28	18	26	5	14	5	5	5	5	5	5	11	11	5	5	5	25	5	5	5	5	5	5	12	29	12	12	1	9	1	12	1	1	1	1	7	7	17	16	5	5	31	31	5	5	5	31	28	28
3600	5	5	5	14	14	27	5	14	5	5	1	6	25	3	1	9	1	1	1	1	9	28	7	26	3	14	12	5	5	5	5	5	3	11	5	5	5	14	5	5	5	5	1	12	1	7	1	1	1	9	1	1	1	1	1	1	29	29	5	29	5	5	5	14	13	5	2	13	13	13
3610	5	5	5	14	5	27	14	14	5	5	1	6	4	3	4	9	1	1	1	1	1	28	26	26	5	14	5	5	5	5	5	5	4	11	5	5	5	15	5	5	5	5	5	5	14	31	14	14	1	1	21	21	21	21	31	29	26	31	19	26	5	14	5	5	5	5	5	5	30	30
3620	4	5	14	14	1	27	3	14	5	5	2	6	3	3	1	9	1	1	1	1	1	28	26	26	5	14	5	5	5	5	5	5	3	11	5	5	5	14	5	5	5	5	5	5	1	31	12	12	1	1	1	12	1	1	1	1	7	7	28	16	10	14	2	17	23	25	2	28	28	28
3630	5	5	14	14	4	27	5	14	5	5	3	6	3	3	9	9	1	1	1	1	6	28	1	26	5	14	5	5	5	5	5	5	4	11	5	5	5	15	5	5	5	5	5	5	12	12	1	12	1	6	1	1	1	1	18	9	18	18	1	18	4	5	4	4	22	14	9	30	9	9
3640	15	5	1	14	18	27	5	14	5	5	22	6	3	3	1	9	1	1	1	1	6	28	18	26	4	14	1	5	12	5	5	5	4	11	5	5	12	15	1	12	12	12	1	12	1	18	1	1	1	6	1	1	1	1	1	1	3	7	3	22	5	5	5	29	13	23	14	13	14	14
3650	5	5	5	14	20	27	5	14	5	5	2	6	3	3	5	9	5	1	1	1	12	28	5	26	5	14	5	5	5	5	5	5	11	11	5	5	5	25	5	5	5	5	5	5	5	5	5	5	5	12	5	5	5	5	22	5	22	22	14	22	5	5	10	20	3	5	5	19	14	14
3660	5	5	25	14	1	27	14	14	5	5	2	6	3	3	1	9	1	1	1	1	2	28	3	26	14	14	5	5	5	5	5	5	25	11	5	5	5	25	5	5	5	5	12	5	3	14	1	21	1	6	1	1	1	1	1	1	1	7	19	6	14	14	1	21	16	25	1	16	26	26
3670	5	5	5	14	2	27	11	14	4	5	13	6	1	3	1	9	1	1	1	1	1	28	1	26	12	14	5	5	5	5	5	5	4	11	5	5	4	15	5	5	15	15	5	15	23	12	1	23	1	1	1	1	1	1	1	1	1	1	3	20	11	11	5	19	13	5	11	13	11	11
3680	5	5	5	14	21	27	3	14	3	5	6	6	1	3	1	9	1	1	1	1	1	28	7	26	3	14	5	5	5	5	5	5	4	11	5	5	23	15	5	5	12	23	1	12	1	7	1	1	1	1	1	1	1	1	1	1	1	1	3	6	2	3	2	27	11	5	11	19	11	11
3690	5	5	5	14	31	27	14	14	5	5	3	6	3	3	1	9	1	1	2	1	28	28	26	26	3	14	5	5	5	5	5	5	3	11	5	5	5	14	5	5	5	5	5	5	1	26	1	12	28	28	30	28	31	31	28	31	31	31	2	31	3	14	27	31	5	5	1	27	6	6
3700	5	5	5	14	16	27	14	14	5	5	1	6	3	3	4	9	1	1	1	1	12	28	14	26	3	14	5	5	5	5	5	5	3	11	5	5	5	14	5	5	5	5	5	5	5	14	5	5	12	12	1	12	12	1	9	23	18	18	2	18	5	14	5	27	5	5	2	5	2	2
3710	3	5	5	14	14	27	5	14	5	5	2	6	3	3	4	9	1	1	1	1	1	28	26	26	5	14	5	5	5	5	5	5	3	11	5	5	5	14	5	5	5	5	5	5	20	31	12	20	1	1	1	12	1	1	23	9	25	29	3	30	5	5	13	14	5	14	25	13	25	25
3720	5	5	3	14	3	27	3	14	5	5	4	6	3	3	4	9	1	1	5	1	5	28	17	26	3	14	5	5	5	5	5	5	5	11	5	5	5	5	5	5	5	5	5	5	26	26	31	31	5	5	31	31	31	31	29	31	29	29	3	29	3	14	3	3	7	14	18	7	18	18
3730	5	5	14	14	16	27	14	14	5	5	1	6	3	3	4	9	1	1	1	1	24	28	26	26	5	14	5	5	5	5	5	5	4	11	5	5	5	15	5	5	5	5	5	5	5	31	5	5	28	28	28	28	20	28	28	28	31	31	18	31	5	14	27	27	3	14	2	27	26	26
3740	5	5	5	14	26	27	5	14	5	5	26	6	3	3	2	9	1	1	2	1	4	28	26	26	5	14	5	5	5	5	5	5	3	11	5	5	5	14	5	5	5	5	5	5	16	31	27	27	2	10	16	27	16	16	3	16	3	3	4	26	5	5	31	31	4	5	2	31	10	10
3750	5	5	14	14	29	27	5	14	5	5	26	6	1	3	1	9	1	1	1	1	1	28	18	26	3	14	12	5	5	5	5	5	3	11	5	5	5	14	5	5	5	5	1	12	1	18	1	1	1	1	1	1	1	1	1	1	1	1	9	26	5	5	5	29	5	14	2	5	17	17
3760	5	5	11	14	12	27	15	14	5	5	17	6	1	3	1	9	1	1	1	1	1	28	5	26	5	14	5	5	5	5	5	5	18	11	5	5	5	29	5	5	5	5	5	5	5	5	5	5	1	1	1	12	1	1	1	1	1	1	5	17	4	15	10	23	4	25	16	10	27	27
3770	5	5	5	14	5	27	5	14	5	5	3	6	3	3	3	9	5	1	1	1	16	28	1	26	5	14	5	5	5	5	5	5	5	11	5	5	5	5	5	5	5	5	5	5	5	12	5	5	16	16	1	27	12	12	3	21	3	3	1	3	5	5	5	5	5	5	13	5	20	20
3780	5	5	12	14	31	27	14	14	5	5	9	6	1	3	4	9	1	1	1	1	1	28	3	26	14	14	5	5	5	5	5	5	11	11	5	5	5	25	5	5	5	5	5	5	14	14	5	14	12	1	1	12	1	1	1	9	1	1	4	9	3	14	22	31	1	12	4	27	4	4
3790	5	5	5	14	3	27	5	14	15	5	1	6	3	3	4	9	1	1	1	1	1	28	19	26	5	14	5	5	5	5	5	5	14	11	5	5	5	14	5	5	5	5	5	5	30	30	30	30	1	1	21	31	21	21	29	29	29	29	20	29	5	15	5	14	5	5	5	5	20	20
3800	5	5	5	14	22	27	5	14	5	5	17	6	3	3	1	9	1	1	1	1	1	28	26	26	3	14	5	5	5	5	5	5	11	11	5	5	4	25	5	5	5	15	5	5	23	26	9	23	1	1	1	9	1	1	1	1	3	7	20	26	5	5	10	22	5	5	4	24	28	28
3810	5	5	14	14	8	27	5	14	5	5	1	6	3	3	1	9	1	1	1	1	17	28	3	26	14	14	5	5	5	5	5	5	4	11	5	5	5	15	5	5	5	5	5	5	5	14	5	5	17	17	17	28	17	17	26	17	26	26	3	26	5	5	31	22	5	14	9	31	18	18
3820	5	5	4	14	4	27	5	14	5	5	26	6	1	3	12	9	5	1	1	1	6	28	4	26	5	14	5	5	5	5	5	5	3	11	5	5	5	14	5	5	5	5	5	5	5	15	5	5	6	6	12	20	5	12	1	12	1	1	2	26	15	5	4	15	28	15	20	28	20	20
3830	5	5	5	14	3	27	5	14	5	5	2	6	3	3	4	9	1	1	1	1	1	28	26	26	3	14	5	5	5	5	5	5	11	11	5	5	14	25	5	5	5	14	5	5	10	26	24	24	1	1	28	28	24	28	24	24	29	30	5	31	23	5	14	29	5	5	2	14	13	13
3840	13	5	5	14	3	27	5	14	5	5	5	6	3	3	2	9	5	1	5	1	5	28	2	26	14	14	5	5	5	5	5	5	11	11	5	5	5	25	5	5	5	5	5	5	5	22	5	5	5	5	5	5	5	5	2	13	7	8	2	21	7	5	4	7	5	13	11	15	19	19
3850	2	5	16	14	3	27	4	14	3	5	14	6	2	3	14	9	5	1	3	1	4	28	5	26	24	14	11	5	5	5	5	5	5	11	5	5	5	5	5	5	4	5	18	11	5	24	4	29	4	11	15	4	5	15	2	14	2	2	17	22	3	11	16	3	4	16	3	26	26	26
3860	5	5	5	14	31	27	5	14	5	5	2	6	3	3	4	9	1	1	1	1	1	28	26	26	3	14	5	5	5	5	5	5	5	11	5	5	5	5	5	5	5	5	5	5	16	26	27	27	1	1	27	27	27	27	31	31	31	31	14	31	5	5	23	31	5	5	1	23	21	21
3870	5	5	3	14	14	27	14	14	5	5	1	6	3	3	1	9	1	1	1	1	1	28	26	26	5	14	5	5	5	5	5	5	3	11	5	5	5	14	5	5	5	5	5	5	31	31	30	31	1	1	31	31	31	31	31	31	31	31	2	31	5	14	14	14	3	14	21	14	27	27
3880	5	5	3	14	5	27	5	14	5	5	5	6	2	3	1	9	5	1	5	1	5	28	2	26	22	14	5	5	5	5	5	5	4	11	5	5	5	15	5	5	5	5	5	5	13	22	13	13	5	5	5	13	5	5	12	12	12	20	1	12	5	5	5	5	24	14	28	24	28	28
3890	5	5	5	14	5	27	5	14	5	5	9	6	1	3	1	9	1	1	1	1	1	28	3	26	14	14	5	5	5	5	5	5	3	11	5	5	5	14	5	5	5	5	5	5	5	14	5	5	1	1	12	12	1	12	1	1	1	1	17	9	5	5	5	5	5	5	2	5	17	17
3900	5	5	5	14	5	27	5	14	5	5	1	6	1	3	1	9	1	1	4	1	23	28	3	26	14	14	5	5	5	5	5	5	4	11	5	5	5	15	5	5	5	5	5	5	5	14	5	5	23	23	12	23	1	12	1	1	1	1	10	1	5	5	5	5	5	5	4	5	10	10
3910	15	5	5	14	24	27	5	14	5	5	2	6	3	3	1	9	1	1	1	1	1	28	19	26	5	14	5	5	5	5	5	5	11	11	5	5	5	25	5	5	5	5	5	5	31	30	31	31	1	1	31	31	31	31	30	31	30	30	5	30	5	5	30	24	1	15	12	31	12	12
3920	8	5	3	14	5	27	30	14	5	5	2	6	16	3	1	9	1	1	1	1	1	28	10	26	5	14	5	5	5	5	5	5	4	11	5	5	5	15	5	5	5	5	5	5	5	24	5	5	12	1	1	12	1	1	1	1	27	16	1	27	13	30	14	13	2	8	11	22	18	18
3930	5	5	5	14	14	27	5	14	5	5	1	6	7	3	1	9	1	1	1	1	1	28	3	26	14	14	5	5	5	5	5	5	3	11	5	5	5	14	5	5	5	5	5	5	14	14	14	14	1	1	1	21	1	1	1	1	7	7	9	7	5	5	1	14	12	5	2	12	17	17
3940	5	5	5	14	31	27	14	14	5	5	1	6	13	3	1	9	1	1	1	1	23	28	3	26	3	14	5	5	5	5	14	5	3	11	5	5	14	14	5	14	14	14	3	14	3	3	3	3	29	23	23	29	23	23	4	23	24	24	20	28	5	14	25	31	5	5	1	25	20	20
3950	5	5	14	14	29	27	5	14	5	5	2	6	2	3	1	9	1	1	1	1	1	28	6	26	5	14	5	5	5	5	5	5	14	11	5	5	14	14	5	5	5	14	5	5	12	20	1	12	1	1	1	1	1	1	1	1	2	6	4	2	5	5	1	29	3	14	7	7	18	18
3960	5	5	12	14	26	27	5	14	5	5	20	6	3	3	1	9	1	1	1	1	1	28	17	26	5	14	5	5	5	5	5	5	3	11	5	5	5	14	5	5	5	5	5	5	28	28	20	28	1	1	6	20	6	6	2	6	3	8	1	27	5	5	26	31	5	12	3	31	7	7
3970	5	5	5	14	6	27	5	14	5	5	1	6	11	3	1	9	1	1	1	1	1	28	29	26	5	14	5	5	5	5	5	5	4	11	5	5	5	15	5	5	5	5	5	5	23	29	1	23	1	1	1	1	1	1	1	1	18	18	4	18	5	5	13	20	5	5	27	13	31	31
3980	3	5	3	14	1	27	16	14	5	5	4	6	3	3	2	9	13	1	1	1	5	28	24	26	5	14	5	5	5	5	5	5	4	11	5	5	5	15	5	5	5	5	5	5	5	24	5	5	5	12	5	5	13	13	24	13	19	30	15	19	16	27	25	16	5	3	1	25	23	23
3990	5	5	14	14	5	27	5	14	5	5	2	6	3	3	1	9	1	1	1	1	1	28	27	26	5	14	5	5	5	5	5	5	11	11	5	5	5	25	5	5	5	5	5	5	21	27	21	21	1	1	21	21	21	21	21	21	21	21	21	27	5	5	5	5	15	14	4	15	29	29
4000	5	5	5	14	27	27	5	14	5	5	17	6	3	3	1	9	3	1	1	1	1	28	7	26	3	14	5	5	5	5	5	5	3	11	5	5	5	14	5	5	5	5	5	5	7	7	21	21	1	1	7	21	7	7	3	7	3	3	5	26	5	5	27	27	1	5	15	27	15	15
4010	5	5	16	14	1	27	5	14	5	5	3	6	14	3	1	9	1	1	1	1	1	28	16	26	3	14	5	5	5	5	5	5	5	11	5	5	5	5	5	5	5	5	5	5	8	16	8	22	1	1	6	16	6	6	1	6	12	21	7	21	15	5	16	23	2	27	5	16	21	21
4020	5	5	5	14	5	27	5	14	5	5	1	6	21	3	1	9	1	1	1	1	1	28	18	26	5	14	5	5	5	5	5	5	11	11	5	5	5	25	5	5	5	5	5	5	7	29	1	21	1	1	1	1	1	1	1	1	21	21	6	21	5	5	5	5	5	5	3	5	16	16
4030	14	5	3	14	16	27	5	14	5	5	1	6	3	3	4	9	1	1	1	1	6	28	26	26	3	14	5	5	5	5	5	5	11	11	5	5	5	25	5	5	5	5	5	5	28	26	28	28	2	6	28	28	17	28	18	17	18	18	20	18	5	5	16	27	5	14	2	27	20	20
4040	12	5	3	14	27	27	5	14	5	5	28	6	1	3	1	9	1	1	1	1	1	28	5	26	5	14	5	5	5	5	5	5	4	11	5	5	5	15	5	5	5	5	5	5	5	5	5	5	1	1	1	12	1	1	1	1	1	1	2	28	4	5	30	31	1	21	2	31	2	2
4050	5	5	1	14	9	27	5	14	5	5	1	6	1	3	1	9	1	1	1	1	9	28	26	26	5	14	5	5	5	5	5	5	4	11	5	5	5	15	5	5	5	5	5	5	16	31	1	27	9	9	1	9	1	1	1	1	1	1	2	1	5	5	5	23	31	12	2	31	2	2
4060	5	5	5	14	17	27	5	14	5	5	2	6	4	3	4	9	2	1	1	1	5	28	26	26	3	14	5	5	5	5	5	5	11	11	5	5	5	25	5	5	5	5	5	5	26	26	31	31	1	12	29	31	31	31	31	31	28	31	2	28	5	5	26	28	5	5	3	31	8	8
4070	5	5	27	14	7	27	5	14	30	5	1	6	3	3	4	9	1	1	1	1	1	28	26	26	5	14	5	5	5	5	5	5	4	11	5	5	5	15	5	5	5	5	5	5	31	31	31	31	1	1	30	31	31	31	24	31	30	30	5	31	3	30	3	7	28	27	1	31	12	12
4080	5	5	5	14	31	27	5	14	5	5	1	6	3	3	1	9	1	1	1	1	1	28	17	26	3	14	5	5	5	5	5	5	3	11	5	5	5	14	5	5	5	5	5	5	16	26	6	27	1	1	1	6	1	1	7	1	7	7	13	7	5	5	18	31	5	5	2	29	13	13
4090	15	5	3	14	12	27	14	14	5	5	1	6	14	3	1	9	1	1	1	1	1	28	23	26	5	14	5	5	5	5	5	5	3	11	5	5	5	14	5	5	5	5	5	5	12	23	21	12	1	1	1	21	1	1	1	1	21	21	3	21	5	14	18	12	4	25	3	18	3	3
4100	1	5	1	14	3	27	3	14	2	5	2	6	1	3	1	9	1	1	2	1	2	28	5	26	5	14	5	5	5	5	5	5	14	11	5	5	5	14	5	5	5	5	5	5	5	5	13	5	2	2	21	13	1	21	1	1	9	1	1	17	3	8	14	3	3	1	1	14	1	1
4110	5	5	5	14	12	27	19	14	3	5	5	6	28	3	1	9	1	1	1	1	20	28	3	26	14	14	5	5	5	5	5	5	19	11	5	5	5	30	5	5	5	5	5	5	5	14	5	5	6	20	1	20	1	1	1	1	28	28	1	28	3	19	14	21	5	5	31	14	31	31
4120	5	5	12	14	5	27	3	14	5	5	2	6	14	3	1	9	1	1	1	1	1	28	7	26	3	14	5	5	5	5	5	5	8	11	5	5	5	22	5	5	5	5	3	5	7	7	1	7	1	1	1	1	1	1	1	1	29	21	22	31	7	14	1	21	25	12	3	29	22	22
4130	5	5	11	14	12	27	5	14	5	5	1	6	3	3	5	9	1	1	1	1	1	28	17	26	5	14	5	5	5	5	5	5	3	11	5	5	5	14	5	5	5	5	5	5	28	28	28	28	1	1	23	28	23	23	23	23	29	29	11	29	5	5	9	12	4	25	2	9	19	19
4140	5	5	25	14	2	27	5	14	5	5	9	6	1	3	1	9	12	1	1	1	1	28	7	26	5	14	5	5	5	5	5	5	25	11	5	5	14	25	5	5	5	14	5	5	21	21	7	21	1	1	1	7	12	12	1	12	1	1	1	9	13	5	5	13	11	25	1	25	1	1
4150	5	5	14	14	6	27	5	14	5	5	2	6	3	3	4	9	1	1	1	1	5	28	18	26	5	14	5	5	5	5	5	5	11	11	5	5	5	25	5	5	5	5	5	5	14	29	5	14	5	12	5	5	12	12	23	23	29	29	2	31	5	5	20	20	3	14	14	27	22	22
4160	5	5	21	14	31	27	5	14	5	5	1	6	3	3	4	9	1	1	1	1	28	28	10	26	5	14	5	5	5	5	5	5	11	11	5	5	5	25	5	5	5	5	5	5	5	24	5	5	28	28	17	28	17	17	17	17	26	26	3	26	5	5	31	31	3	21	25	31	25	25
4170	5	5	5	14	12	27	5	14	5	5	1	6	2	3	4	9	1	1	1	1	1	28	7	26	5	14	5	5	5	5	5	5	3	11	5	5	14	14	5	5	14	14	3	14	14	21	14	14	1	1	21	21	21	21	25	29	30	30	5	31	5	5	29	12	2	5	24	31	24	24
4180	5	5	5	14	30	27	5	14	5	5	3	6	1	3	1	9	1	1	1	1	1	28	26	26	3	14	5	5	5	5	5	5	5	11	5	5	5	5	5	5	5	5	5	5	16	26	27	27	1	1	1	27	1	1	1	1	1	1	1	7	5	5	5	30	28	5	5	28	12	12
4190	5	5	5	14	5	27	5	14	5	5	2	6	7	3	1	9	1	1	1	1	1	28	26	26	3	14	13	5	5	5	5	5	11	11	5	5	5	25	5	5	5	5	13	13	2	26	5	13	1	1	1	12	1	1	1	1	7	7	4	16	5	5	5	5	31	5	4	31	4	4
4200	5	5	3	14	5	27	3	14	5	5	2	6	3	3	4	9	1	1	1	1	1	28	2	26	5	14	5	5	5	5	5	5	5	11	5	5	5	5	5	5	5	5	5	5	5	13	5	5	1	1	12	12	12	12	12	23	21	21	5	27	5	14	5	5	5	14	13	5	13	13
4210	5	5	5	14	31	27	5	14	5	5	1	6	3	3	4	9	1	1	1	1	1	28	26	26	5	14	5	5	5	5	5	5	11	11	5	5	5	25	5	5	5	5	5	5	22	31	14	22	1	1	12	21	20	12	17	28	26	26	5	26	5	5	26	31	5	5	15	31	15	15
4220	5	5	14	14	5	27	5	14	5	5	2	6	3	3	1	9	1	1	1	1	1	28	16	26	3	14	5	5	5	5	5	5	4	11	5	5	5	15	5	5	5	5	5	5	6	16	12	20	1	1	12	12	1	12	1	1	7	7	20	16	5	5	5	5	5	14	5	5	20	20
4230	5	5	5	14	7	27	7	14	5	5	4	6	3	3	9	9	1	1	1	1	12	28	3	26	14	14	5	5	5	5	5	5	4	11	5	5	5	15	5	5	5	5	5	5	5	14	5	5	12	12	1	12	1	1	17	9	19	26	2	19	1	21	20	7	5	5	16	20	16	16
4240	5	5	5	14	25	27	5	14	5	5	2	6	3	3	1	9	1	1	1	1	1	28	7	26	3	14	5	5	5	5	5	5	11	11	5	5	5	25	5	5	5	5	5	5	21	7	21	21	1	1	27	21	20	27	3	20	3	3	25	8	5	5	4	25	4	5	5	4	25	25
4250	3	5	27	14	12	27	5	14	5	5	30	6	5	3	1	9	1	1	7	1	3	28	7	26	5	14	5	5	5	5	5	5	3	11	5	5	5	14	5	5	5	5	5	5	5	21	12	5	1	7	21	12	21	21	5	21	5	5	25	30	5	5	3	12	31	27	2	31	30	30
4260	5	5	5	14	7	27	14	14	5	5	1	6	1	3	1	9	1	1	1	1	1	28	17	26	5	14	1	5	5	5	5	5	11	11	5	5	25	25	5	5	5	25	1	12	1	28	1	1	1	1	1	1	1	1	1	1	1	1	4	1	3	14	18	7	5	5	5	29	15	15
4270	13	5	5	14	11	27	5	14	5	5	2	6	3	3	1	9	1	1	1	1	1	28	26	26	5	14	5	5	5	5	5	5	3	11	5	5	5	14	5	5	5	5	5	5	23	31	23	23	1	1	23	23	23	23	23	23	25	29	16	30	5	5	3	25	13	13	2	22	16	16
4280	5	5	5	14	29	27	5	14	5	5	2	6	3	3	4	9	1	1	1	1	6	28	1	26	5	14	5	5	5	5	5	5	11	11	5	5	5	25	5	5	5	5	5	5	12	12	1	12	6	6	1	6	1	1	9	9	18	18	5	26	5	5	31	29	5	5	30	31	30	30
4290	13	5	5	14	27	27	14	14	5	5	5	6	7	3	1	9	1	1	1	1	1	28	6	26	5	14	5	5	5	5	5	5	11	11	5	5	5	25	5	5	5	5	5	5	12	20	1	12	1	1	1	1	1	1	1	1	7	7	2	21	5	14	30	27	2	13	2	30	2	2
4300	5	5	5	14	22	27	14	14	5	5	1	6	1	3	1	9	1	1	1	1	12	28	31	26	5	14	5	5	5	5	5	5	11	11	5	5	5	25	5	5	5	5	5	5	5	31	12	5	1	12	1	12	1	1	1	1	1	1	5	1	5	14	14	22	1	5	3	21	14	14
4310	5	5	14	14	31	27	5	14	5	5	2	6	3	3	4	9	1	1	1	1	1	28	7	26	5	14	5	5	5	5	5	5	3	11	5	5	5	14	5	5	5	5	5	5	12	21	12	12	1	1	12	12	12	12	23	23	29	29	2	31	5	5	28	31	5	14	12	28	20	20
4320	5	5	5	14	27	27	13	14	5	5	1	6	3	3	5	9	5	1	12	1	5	28	14	26	5	14	5	5	5	5	5	5	11	11	5	5	5	25	5	5	5	5	5	5	5	14	5	5	12	12	5	12	5	5	5	5	14	14	3	21	2	13	2	27	2	5	8	2	8	8
4330	13	5	2	14	27	27	14	14	5	5	1	6	4	3	4	9	4	1	1	1	9	28	30	26	5	14	5	5	5	5	5	5	11	11	5	5	5	25	5	5	5	5	5	5	15	30	4	15	4	9	4	4	4	4	11	4	11	11	5	18	5	14	30	27	1	13	2	31	13	13
4340	1	5	20	14	4	27	5	14	5	5	1	6	3	3	4	9	4	1	4	1	4	28	26	26	5	14	5	5	5	5	5	5	15	11	5	5	5	15	5	5	5	5	5	5	23	31	4	23	4	4	4	4	4	4	4	4	3	11	5	7	24	5	1	24	24	20	5	28	5	5
4350	5	5	5	14	26	27	5	14	5	5	1	6	2	3	2	9	1	1	1	1	6	28	11	26	5	14	5	5	5	5	5	5	15	11	5	5	15	15	5	5	5	15	5	5	14	25	14	14	1	6	21	21	21	21	27	27	27	27	3	27	5	5	18	31	5	5	5	29	14	14
4360	5	5	5	14	22	27	5	14	5	5	2	6	3	3	16	9	1	1	1	1	1	28	17	26	5	14	5	5	5	5	5	5	5	11	5	5	5	5	5	5	5	5	5	5	20	28	1	20	1	1	1	1	1	1	16	16	16	16	1	16	5	5	5	22	5	5	5	5	12	12
4370	14	5	5	14	21	27	5	14	5	5	1	6	3	3	4	9	1	1	1	1	1	28	11	26	3	14	5	5	5	5	5	5	11	11	5	5	5	25	5	5	5	5	5	5	11	11	25	25	1	1	25	29	29	29	29	29	29	29	5	29	5	5	3	21	3	14	3	3	14	14
4380	5	5	5	14	13	27	15	14	5	5	2	6	3	3	1	9	1	1	1	1	1	28	19	26	3	14	5	5	5	5	5	5	11	11	5	5	5	25	5	5	5	5	5	5	8	19	22	22	1	1	9	27	9	9	15	9	25	25	1	30	4	15	30	24	5	5	12	30	12	12
4390	5	5	3	14	5	27	5	14	5	5	1	6	1	3	1	9	1	1	1	1	6	28	2	26	25	14	14	5	5	5	5	5	4	11	5	5	5	15	5	5	5	5	5	14	5	30	5	5	6	6	1	20	1	1	1	1	1	1	24	1	5	5	5	5	5	14	4	5	24	24
4400	24	5	5	14	13	27	16	14	2	5	23	6	2	3	29	9	2	1	2	1	30	28	21	26	1	14	4	5	1	5	1	5	6	11	2	5	5	6	1	1	24	12	5	24	5	21	4	5	30	30	2	30	2	2	2	31	2	2	4	28	2	16	24	13	2	24	4	24	4	4
4410	8	5	2	14	5	27	1	14	12	5	3	6	5	3	1	9	5	1	2	1	10	28	13	26	5	14	3	5	15	5	5	5	2	11	2	5	2	2	2	15	3	2	5	3	2	13	5	13	5	10	4	5	3	15	9	7	3	23	13	3	3	12	1	14	1	8	5	1	13	13
4420	8	5	2	14	1	27	1	14	1	5	1	6	10	3	1	9	5	1	2	1	2	28	1	26	23	14	12	5	4	5	4	5	2	11	2	5	5	2	5	4	1	5	30	12	1	23	4	31	4	2	14	4	1	14	4	1	21	10	24	21	2	1	8	6	2	8	2	8	24	24
4430	3	5	3	14	28	27	4	14	7	5	1	6	2	3	5	9	23	1	4	1	15	28	5	26	14	14	3	5	19	5	4	5	5	11	27	5	1	27	1	19	16	1	3	16	3	14	24	3	3	15	1	30	3	23	2	14	28	2	2	28	1	18	4	28	15	3	8	15	8	8
4440	4	5	23	14	30	27	3	14	28	5	30	6	24	3	14	9	18	1	1	1	5	28	1	26	9	14	12	5	17	5	3	5	6	11	5	5	2	20	23	26	1	28	5	12	15	9	1	15	1	12	2	1	3	26	3	14	1	30	10	31	3	31	2	30	2	23	1	2	17	17
4450	1	5	5	14	19	27	8	14	2	5	1	6	4	3	1	9	3	1	3	1	7	28	2	26	2	14	5	5	5	5	22	5	22	11	5	5	6	22	1	22	5	6	10	5	4	2	4	10	8	7	13	19	1	22	4	1	4	4	1	9	2	8	1	19	1	12	1	1	1	1
4460	1	5	7	14	7	27	11	14	5	5	5	6	5	3	3	9	7	1	5	1	25	28	4	26	15	14	1	5	2	5	2	5	1	11	23	5	13	23	2	2	13	13	15	20	1	15	5	23	25	25	1	25	1	7	5	7	5	5	3	5	3	25	3	7	3	7	25	3	25	25
4470	5	5	5	14	4	27	30	14	5	5	12	6	1	3	1	9	1	1	1	1	1	28	18	26	3	14	5	5	5	5	5	5	11	11	5	5	5	25	5	5	5	5	5	5	7	18	1	21	1	1	1	1	1	1	1	1	1	1	5	12	21	30	20	29	5	5	14	20	14	14
4480	5	5	25	14	5	27	5	14	5	5	1	6	3	3	1	9	1	1	1	1	1	28	26	26	3	14	5	5	5	5	5	5	4	11	5	5	5	15	5	5	5	5	5	5	16	26	12	27	1	1	1	12	1	1	1	1	7	7	3	7	5	5	5	5	3	25	3	14	3	3
4490	5	5	14	14	22	27	5	14	5	5	1	6	3	3	1	9	1	1	1	1	1	28	7	26	3	14	5	5	5	5	5	5	3	11	5	5	5	14	5	5	5	5	5	5	7	7	7	21	1	1	7	7	7	7	7	7	7	7	14	7	5	5	3	22	3	14	3	3	14	14
4500	12	5	3	14	14	27	5	14	5	5	1	6	3	3	28	9	1	1	1	1	1	28	7	26	5	14	5	5	5	5	5	5	4	11	5	5	5	15	5	5	5	5	5	5	12	21	1	12	1	1	1	1	1	1	28	28	31	31	20	31	5	5	5	14	26	21	1	31	20	20
4510	5	5	22	14	28	27	5	14	5	5	1	6	3	3	1	9	5	1	1	1	1	28	26	26	5	14	5	5	5	5	5	5	3	11	5	5	5	14	5	5	5	5	5	5	28	31	31	28	1	1	27	31	27	27	22	27	22	22	1	27	5	5	24	28	3	22	6	30	6	6
4520	5	5	25	14	5	27	5	14	5	5	4	6	4	3	9	9	1	1	1	1	1	28	29	26	3	14	5	5	5	5	5	5	11	11	5	5	5	25	5	5	5	5	5	5	5	29	5	5	1	1	1	12	1	1	9	9	9	9	27	9	5	5	5	5	27	25	5	27	27	27
4530	5	5	5	14	31	27	5	14	5	5	2	6	11	3	1	9	1	1	1	1	12	28	19	26	5	14	5	5	5	5	5	5	4	11	5	5	5	15	5	5	5	5	5	5	5	30	5	5	12	12	1	12	1	1	1	1	18	18	1	26	5	5	26	31	5	5	15	31	23	23
4540	5	5	5	14	14	27	5	14	5	5	13	6	1	3	1	9	1	1	12	1	5	28	9	26	5	14	5	5	5	5	5	5	11	11	5	5	5	25	5	5	5	5	5	5	5	23	5	5	12	12	1	12	1	1	1	1	1	1	11	20	5	5	5	14	5	5	3	5	11	11
4550	12	5	5	14	13	27	5	14	5	5	4	6	3	3	4	9	1	1	1	1	20	28	18	26	3	14	5	5	5	5	5	5	4	11	5	5	5	15	5	5	5	5	5	5	1	18	5	12	20	20	20	20	20	20	20	28	27	27	1	31	5	5	10	13	4	12	13	10	20	20
4560	5	5	5	14	27	27	14	14	5	5	2	6	3	3	1	9	1	1	1	1	12	28	3	26	14	14	5	5	5	5	5	5	11	11	5	5	14	25	5	5	5	14	5	5	5	14	5	5	12	12	1	12	1	1	1	1	7	7	3	16	3	14	30	27	5	5	3	30	3	3
4570	5	5	14	14	5	27	21	14	5	5	2	6	15	3	9	9	1	1	1	1	1	28	3	26	14	14	5	5	5	5	5	5	11	11	5	5	5	25	5	5	5	5	5	5	5	14	5	5	1	1	1	12	1	1	1	9	23	23	23	28	1	21	11	12	4	14	1	11	23	23
4580	3	5	3	14	1	27	5	14	13	5	9	6	9	3	1	9	1	1	1	1	1	28	7	26	3	14	5	5	5	5	5	5	11	11	5	5	5	25	5	5	5	5	12	5	1	7	12	12	1	1	12	12	21	12	1	21	4	9	2	9	9	13	29	9	2	3	24	31	24	24
4590	22	5	5	14	1	27	5	14	15	5	10	6	1	3	1	9	1	1	1	1	1	28	14	26	5	14	5	5	5	5	5	5	11	11	5	5	5	25	5	5	5	5	5	5	12	14	12	12	1	1	12	12	12	12	1	12	1	1	1	17	5	15	22	12	2	22	15	22	23	23
4600	5	5	5	14	14	27	5	14	5	5	2	6	3	3	4	9	1	1	1	1	18	28	17	26	5	14	5	5	5	5	5	5	3	11	5	5	5	14	5	5	5	5	5	5	5	28	5	5	18	18	23	29	23	23	23	23	29	29	30	31	5	5	5	14	5	5	5	5	30	30
4610	5	5	3	14	5	27	14	14	5	5	1	6	1	3	1	9	1	1	1	1	12	28	3	26	5	14	5	5	5	5	5	5	3	11	5	5	5	14	5	5	5	5	5	5	5	14	5	5	12	12	1	12	1	1	1	1	1	1	2	1	5	14	22	5	3	14	2	22	2	2
4620	1	5	14	14	5	27	5	14	5	5	1	6	1	3	12	9	1	1	1	1	1	28	7	26	3	14	1	5	5	5	5	5	3	11	14	5	3	14	3	5	3	3	1	7	1	7	1	1	1	1	1	1	1	1	1	12	1	1	10	1	27	5	3	27	3	21	5	3	24	24
4630	5	5	14	14	3	27	13	14	5	5	31	6	3	3	3	9	1	1	1	1	1	28	19	26	5	14	5	5	5	5	5	5	3	11	5	5	5	14	5	5	5	5	5	5	29	30	21	29	1	1	1	21	9	1	3	18	3	3	3	31	28	13	22	31	3	14	3	22	3	3
4640	5	5	5	14	1	27	5	14	5	5	2	6	3	3	4	9	1	1	1	1	1	28	7	26	3	14	5	5	5	5	5	5	11	11	5	5	5	25	5	5	5	5	5	5	1	7	1	12	1	1	1	1	1	1	9	9	18	18	5	26	5	5	1	12	12	5	1	12	12	12
4650	5	5	5	14	7	27	14	14	5	5	2	6	3	3	1	9	1	1	1	1	1	28	17	26	5	14	5	5	5	5	5	5	4	11	5	5	5	15	5	5	5	5	5	5	15	28	15	15	1	1	23	23	23	23	23	23	29	29	14	31	3	14	7	7	5	5	5	21	14	14
4660	5	5	5	14	13	27	5	14	5	5	2	6	3	3	4	9	3	1	1	1	9	28	2	26	14	14	5	5	5	5	5	5	3	11	5	5	5	14	5	5	5	5	5	5	13	22	22	13	4	9	30	30	30	30	31	30	28	31	6	28	5	5	5	13	5	5	2	5	6	6
4670	5	5	5	14	26	27	5	14	5	5	1	6	3	3	17	9	1	1	1	1	12	28	24	26	5	14	5	5	5	5	5	5	4	11	5	5	5	15	5	5	5	5	5	5	5	24	5	5	12	12	1	12	1	1	17	17	31	26	3	31	5	5	4	31	24	5	18	24	18	18
4680	5	5	5	14	1	27	21	14	5	5	1	6	3	3	4	9	2	1	1	1	1	28	26	26	5	14	5	5	5	5	5	5	11	11	5	5	5	25	5	5	5	5	5	5	30	31	30	30	1	1	22	31	13	22	24	24	30	30	5	31	16	21	29	16	1	5	20	29	20	20
4690	23	5	3	14	2	27	5	14	5	5	3	6	3	3	19	9	1	1	1	1	1	28	8	26	3	14	5	5	5	5	5	5	3	11	5	5	14	14	5	5	5	14	5	5	3	8	3	14	1	1	1	7	1	1	28	26	31	31	3	31	5	5	2	13	15	29	4	24	11	11
4700	5	5	14	14	26	27	5	14	5	5	5	6	19	3	1	9	1	1	1	1	1	28	18	26	5	14	5	5	5	5	5	5	4	11	5	5	5	15	5	5	5	5	5	5	12	29	12	12	1	1	12	12	1	12	1	1	16	26	2	27	5	5	15	31	3	14	2	25	2	2
4710	5	5	13	14	16	27	5	14	5	5	2	6	3	3	4	9	1	1	1	1	1	28	8	26	5	14	5	5	5	5	5	5	25	11	5	5	14	25	5	5	5	14	5	5	25	22	25	25	1	1	29	29	21	29	25	29	25	25	5	30	5	5	29	27	2	13	5	31	5	5
4720	5	5	5	14	16	27	14	14	5	5	4	6	3	3	1	9	1	1	5	1	6	28	11	26	3	14	5	5	5	5	5	5	11	11	5	5	5	25	5	5	5	5	5	5	3	11	3	14	12	20	21	21	21	21	12	21	21	21	17	29	5	14	21	27	5	5	4	21	17	17
4730	5	5	22	14	1	27	5	14	5	5	2	6	3	3	4	9	1	1	1	1	1	28	3	26	14	14	5	5	5	5	5	5	11	11	5	5	5	25	5	5	5	5	5	5	5	14	5	5	1	1	1	12	1	1	23	9	29	29	1	31	5	5	24	12	5	22	14	24	21	21
4740	1	5	3	14	16	27	5	14	5	5	16	6	1	3	1	9	1	1	1	1	23	28	3	26	5	14	5	5	5	5	5	5	3	11	5	5	5	14	5	5	5	5	5	5	5	14	5	5	12	23	1	12	1	1	1	1	1	1	3	16	5	5	7	27	1	7	9	7	18	18
4750	6	5	5	14	22	27	5	14	14	5	2	6	31	3	1	9	1	1	1	1	6	28	9	26	3	14	5	5	5	5	5	5	14	11	5	5	5	14	5	5	5	5	5	5	1	18	1	12	6	6	1	6	1	1	1	1	26	31	2	26	5	14	7	22	5	20	22	21	22	22
4760	5	5	5	14	5	27	5	14	5	5	9	6	1	3	1	9	1	1	1	1	1	28	16	26	5	14	5	5	5	5	5	5	3	11	5	5	5	14	5	5	5	5	5	5	12	27	1	12	1	1	1	1	1	1	1	1	1	1	1	9	5	5	5	5	5	5	5	5	12	12
4770	5	5	5	14	4	27	14	14	5	5	26	6	1	3	1	9	1	1	1	1	1	28	29	26	5	14	5	5	5	5	5	5	5	11	5	5	5	5	5	5	5	5	5	5	29	29	12	29	1	1	1	12	1	1	1	1	1	1	4	26	19	14	2	19	2	5	5	2	15	15
4780	20	5	5	14	17	27	5	14	5	5	3	6	3	3	5	9	1	1	1	1	1	28	4	26	14	14	5	5	5	5	5	5	11	11	5	5	5	25	5	5	5	5	5	5	14	25	14	14	1	1	21	21	21	21	3	21	14	3	1	14	5	5	1	28	1	20	26	1	26	26
4790	5	5	3	14	20	27	3	14	5	5	2	6	3	3	1	9	1	1	1	1	1	28	26	26	5	14	5	5	5	5	5	5	4	11	5	5	5	15	5	5	5	5	5	5	30	31	30	30	1	1	31	31	31	31	24	31	30	30	3	30	3	14	28	27	3	14	12	31	21	21
4800	5	5	14	14	22	27	5	14	5	5	8	6	1	3	1	9	1	1	1	1	20	28	31	26	3	14	5	5	5	5	5	5	11	11	5	5	5	25	5	5	5	5	5	5	5	31	5	5	12	20	1	12	1	1	1	1	1	1	20	16	3	5	22	22	3	14	5	22	20	20
4810	5	5	30	14	3	27	14	14	5	5	31	6	1	3	1	9	1	1	1	1	1	28	28	26	3	14	5	5	5	5	5	5	11	11	5	5	5	25	5	5	5	5	5	5	12	31	1	12	1	1	1	1	1	1	1	1	1	1	9	31	3	14	1	3	30	30	1	31	9	9
4820	5	5	5	14	21	27	5	14	5	5	2	6	2	3	4	9	1	1	1	1	1	28	26	26	3	14	5	5	5	5	5	5	4	11	5	5	5	15	5	5	5	5	5	5	19	26	24	30	1	1	24	28	28	28	28	28	28	28	14	28	5	5	5	21	5	5	5	5	14	14
4830	5	5	5	14	5	27	5	14	5	5	13	6	1	3	1	9	1	1	1	1	1	28	27	26	5	14	5	5	5	5	5	5	3	11	5	5	5	14	5	5	5	5	5	5	12	27	12	12	1	1	1	12	1	1	1	1	1	1	5	20	5	5	5	5	5	5	6	5	20	20
4840	5	5	5	14	5	27	5	14	5	5	2	6	21	3	1	9	1	1	1	1	12	28	3	26	14	14	5	5	5	5	5	5	11	11	5	5	5	25	5	5	5	5	5	5	5	14	5	5	12	12	1	12	1	1	1	1	21	21	2	27	5	5	5	5	5	5	5	5	13	13
4850	5	5	14	14	12	27	3	14	5	5	31	6	2	3	4	9	9	1	1	1	1	28	3	26	5	14	5	5	5	5	5	5	11	11	5	5	5	25	5	5	5	5	5	5	5	14	1	5	1	1	1	1	4	9	2	4	2	2	30	31	5	14	5	12	5	14	5	5	30	30
4860	5	5	5	14	22	27	5	14	15	5	7	6	1	3	1	9	1	1	1	1	1	28	26	26	3	14	5	5	5	5	5	5	5	11	5	5	5	5	5	5	5	5	5	5	1	26	1	12	1	1	1	1	1	1	1	1	1	1	5	7	4	15	5	30	2	5	4	13	15	15
4870	5	5	14	14	11	27	5	14	5	5	1	6	14	3	1	9	1	1	1	1	1	28	29	26	3	14	5	5	5	5	5	5	4	11	5	5	5	15	5	5	5	5	5	5	21	29	1	21	1	1	1	1	1	1	1	1	21	21	1	21	5	5	14	25	3	14	1	14	1	1
4880	5	5	5	14	6	27	5	14	5	5	28	6	3	3	1	9	1	1	1	1	12	28	7	26	5	14	5	5	5	5	5	5	11	11	5	5	5	25	5	5	5	5	5	5	12	21	1	12	12	12	1	12	1	1	3	1	3	3	2	31	5	5	10	20	4	5	4	10	10	10
4890	5	5	27	14	20	27	5	14	5	5	2	6	3	3	1	9	1	1	1	1	1	28	1	26	5	14	5	5	5	5	5	5	4	11	5	5	5	15	5	5	5	5	5	5	12	12	1	12	1	1	1	1	1	1	1	1	7	7	2	16	5	5	5	20	17	27	14	28	22	22
4900	5	5	5	14	22	27	5	14	5	5	1	6	29	3	1	9	1	1	1	1	1	28	12	26	5	14	5	5	5	5	5	5	3	11	5	5	5	14	5	5	5	5	5	5	1	12	1	12	1	1	1	1	1	1	1	1	29	29	6	29	5	5	14	22	5	5	5	14	20	20
4910	19	5	1	14	9	27	22	14	5	5	3	6	3	3	3	9	3	1	2	1	14	28	3	26	5	14	5	5	5	5	5	5	14	11	5	5	5	14	5	5	5	5	5	5	14	14	3	14	22	22	3	22	3	3	3	3	3	3	7	3	4	22	2	9	10	26	5	10	21	21
4920	5	5	5	14	17	27	5	14	5	5	20	6	1	3	1	9	1	1	1	1	5	28	19	26	5	14	5	5	5	5	5	5	11	11	5	5	5	25	5	5	5	5	5	5	5	30	5	5	12	12	1	12	1	1	1	1	1	1	5	20	5	5	26	28	5	5	26	31	31	31
4930	5	5	5	14	3	27	5	14	15	5	31	6	1	3	1	9	1	1	1	1	1	28	16	26	3	14	5	5	5	5	5	5	5	11	5	5	5	5	5	5	5	5	5	5	6	16	20	20	1	1	1	20	1	1	1	1	1	1	5	31	29	15	29	29	5	5	7	29	21	21
4940	5	5	5	14	5	27	22	14	5	5	1	6	3	3	1	9	1	1	1	1	1	28	17	26	3	14	5	5	5	5	5	5	5	11	5	5	5	5	5	5	5	5	5	5	26	26	31	31	1	1	31	31	31	31	31	31	31	31	25	31	14	22	27	14	5	5	5	27	25	25
4950	5	5	5	14	5	27	5	14	5	5	5	6	1	3	1	9	1	1	1	1	1	28	1	26	12	14	5	5	5	5	5	5	4	11	5	5	5	15	5	5	5	5	5	5	12	12	1	12	1	1	1	1	1	1	1	1	1	1	19	12	5	5	5	5	5	5	5	5	30	30
4960	9	5	4	14	2	27	3	14	5	5	1	6	30	3	1	9	1	1	7	1	3	28	18	26	3	14	5	5	5	5	5	5	15	11	5	5	5	15	5	5	5	5	5	5	18	18	26	29	3	7	1	26	1	1	1	1	31	31	3	31	30	14	29	30	4	9	3	29	3	3
4970	5	5	5	14	27	27	5	14	5	5	1	6	3	3	1	9	1	1	1	1	1	28	16	26	5	14	5	5	5	5	5	5	3	11	5	5	14	14	5	5	14	14	5	14	12	27	12	12	1	1	1	12	1	1	1	1	7	7	5	7	5	5	22	27	5	5	13	22	13	13
4980	5	5	29	14	19	27	5	14	5	5	2	6	3	3	1	9	8	1	5	1	5	28	21	26	5	14	5	5	5	5	5	5	11	11	5	5	14	25	5	5	5	14	5	5	5	21	5	5	5	5	5	5	22	22	26	27	31	26	21	31	5	5	22	30	1	29	5	27	21	21
4990	5	5	5	14	27	27	5	14	5	5	1	6	3	3	1	9	1	1	1	1	28	28	9	26	5	14	5	5	5	5	5	5	3	11	5	5	5	14	5	5	13	5	5	13	5	23	5	5	23	28	1	23	1	1	1	1	1	7	3	1	5	5	2	27	27	5	3	27	3	3
5000	23	5	3	14	2	27	14	14	3	5	16	6	4	3	4	9	1	1	1	1	1	28	7	26	3	14	12	5	5	5	5	5	15	11	5	5	5	15	5	5	5	5	12	12	1	7	1	12	1	1	1	1	1	1	4	9	4	4	1	26	2	14	2	2	11	29	1	19	1	1
5010	15	5	3	14	12	27	5	14	5	5	2	6	3	3	1	9	1	1	4	1	9	28	1	26	14	14	5	5	5	5	5	5	9	11	5	5	5	23	5	5	5	5	5	5	5	21	5	5	18	9	29	29	25	29	18	29	29	18	20	31	5	5	21	12	3	25	3	21	27	27
5020	5	5	5	14	1	27	14	14	5	5	2	6	3	3	1	9	1	1	1	1	1	28	16	26	3	14	5	5	5	5	5	5	3	11	5	5	5	14	5	5	5	5	5	5	16	16	20	27	1	1	12	20	12	12	12	12	7	21	8	16	21	14	22	21	5	5	5	22	22	22
5030	5	5	25	14	13	27	5	14	5	5	5	6	2	3	5	9	3	1	1	1	16	28	3	26	3	14	5	5	5	5	5	5	3	11	5	5	14	14	5	5	5	14	5	5	7	3	7	21	3	16	3	7	14	3	14	14	14	22	10	14	5	5	16	13	1	25	2	16	10	10
5040	5	5	5	14	5	27	5	14	5	5	2	6	3	3	12	9	1	1	1	1	1	28	19	26	3	14	2	5	5	5	5	5	11	11	5	5	5	25	13	5	2	13	2	2	2	19	2	2	1	1	1	6	1	1	12	12	21	21	7	27	5	5	5	5	20	5	2	20	16	16
5050	5	5	12	14	3	27	5	14	5	5	7	6	5	3	5	9	5	1	1	1	12	28	24	26	5	14	5	5	5	5	5	5	3	11	5	5	5	14	5	5	5	5	5	5	5	24	5	5	5	12	5	5	5	5	5	5	5	5	16	21	3	5	3	3	23	12	2	29	16	16
5060	13	5	5	14	29	27	5	14	5	5	21	6	4	3	9	9	1	1	1	1	1	28	16	26	5	14	5	5	5	5	5	5	11	11	5	5	5	25	5	5	5	5	5	5	12	27	1	12	1	1	1	1	1	1	4	9	4	4	5	29	5	5	3	29	9	13	18	18	29	29
5070	5	5	5	14	21	27	5	14	5	5	2	6	3	3	1	9	1	1	1	1	1	28	26	26	5	14	5	5	5	5	5	5	3	11	5	5	5	14	5	5	5	5	5	5	25	31	25	25	1	1	18	29	7	18	7	7	7	7	2	16	2	5	16	27	5	5	2	27	2	2
5080	5	5	5	14	1	27	22	14	5	5	1	6	1	3	1	9	1	1	1	1	23	28	4	26	14	14	5	5	5	5	5	5	4	11	5	5	5	15	5	5	5	5	5	5	5	25	5	5	12	23	1	12	1	1	1	1	1	1	21	1	13	22	13	20	5	5	4	13	29	29
5090	5	5	5	14	12	27	5	14	5	5	1	6	25	3	9	9	1	1	1	1	12	28	19	26	5	14	5	5	5	5	5	5	3	11	5	5	14	14	5	5	5	14	5	5	14	30	14	14	1	12	1	21	1	1	4	9	25	25	4	29	5	5	5	12	5	5	20	5	28	28
5100	5	5	14	14	24	27	5	14	5	5	1	6	3	3	1	9	1	1	1	1	1	28	26	26	5	14	5	5	5	5	5	5	11	11	5	5	5	25	5	5	5	5	5	5	1	31	12	12	1	1	1	12	1	1	1	1	7	7	1	7	5	5	4	24	24	14	5	24	12	12
5110	5	5	5	14	12	27	5	14	5	5	2	6	1	3	1	9	1	1	1	1	1	28	1	26	5	14	5	5	5	5	5	5	5	11	5	5	5	5	5	5	5	5	5	5	12	12	12	12	1	1	1	12	1	1	1	1	1	1	30	6	5	5	12	12	5	5	1	12	31	31
5120	5	5	14	14	14	27	5	14	5	5	2	6	3	3	1	9	1	1	1	1	1	28	4	26	14	14	5	5	5	5	5	5	11	11	5	5	5	25	5	5	5	5	5	5	25	25	25	25	1	1	9	29	9	9	9	9	18	18	27	26	5	5	5	14	12	14	1	12	27	27
5130	5	5	3	14	24	27	5	14	5	5	2	6	3	3	9	9	1	1	1	1	1	28	16	26	5	14	5	5	5	5	5	5	3	11	5	5	22	14	5	5	14	22	3	14	1	27	1	7	1	1	1	1	1	1	9	9	18	18	4	26	5	5	24	24	4	14	5	24	15	15
5140	5	5	5	14	27	27	14	14	5	5	1	6	3	3	4	9	1	1	1	1	1	28	26	26	5	14	5	5	5	5	5	5	11	11	5	5	5	25	5	5	5	5	5	5	13	31	13	13	1	1	20	20	20	20	28	28	31	31	14	31	3	14	22	27	5	5	3	22	14	14
5150	5	5	5	14	16	27	5	14	5	5	3	6	5	3	4	9	1	1	1	1	6	28	3	26	14	14	5	5	5	5	5	5	11	11	5	5	5	25	5	5	5	5	5	5	5	14	5	5	2	6	13	13	20	20	28	28	28	28	5	31	5	5	26	27	5	5	2	31	13	13
5160	5	5	5	14	26	27	5	14	5	5	2	6	3	3	4	9	1	1	1	1	23	28	11	26	5	14	5	5	5	5	5	5	11	11	5	5	5	25	5	5	5	5	5	5	5	25	5	5	23	23	23	23	23	23	23	23	29	29	15	31	5	5	16	31	5	5	5	27	15	15
5170	5	5	5	14	5	27	5	14	5	5	1	6	3	3	1	9	1	1	1	1	20	28	26	26	5	14	5	5	5	5	5	5	3	11	5	5	5	14	5	5	5	5	5	5	5	31	5	5	12	20	1	12	1	1	7	1	7	7	13	7	5	5	5	5	5	5	4	5	24	24
5180	1	5	25	14	13	27	5	14	5	5	12	6	11	3	1	9	1	1	1	1	1	28	28	26	3	14	5	5	5	5	5	5	11	11	5	5	12	25	5	5	12	12	1	12	9	31	1	9	1	1	6	1	1	6	1	1	3	18	4	21	5	5	2	13	29	29	8	31	19	19
5190	5	5	14	14	13	27	5	14	5	5	1	6	3	3	4	9	1	1	1	1	1	28	26	26	3	14	5	5	5	5	5	5	11	11	5	5	5	25	5	5	5	5	5	5	8	26	22	22	1	1	22	27	27	27	28	31	31	31	16	31	5	5	5	13	5	14	5	5	27	27
5200	5	5	5	14	2	27	12	14	5	5	3	6	4	3	5	9	5	1	1	1	1	28	3	26	21	14	5	5	5	5	5	5	11	11	5	5	5	25	5	5	5	5	5	5	7	21	21	21	1	1	5	21	5	5	15	5	4	15	7	11	5	12	3	13	14	5	5	14	21	21
5210	5	5	5	14	3	27	2	14	14	5	28	6	3	3	21	9	1	1	1	1	1	28	18	26	5	14	5	5	14	5	5	5	5	11	5	5	5	5	5	14	5	5	5	5	12	29	1	12	1	1	1	1	1	1	21	21	3	21	4	31	29	22	5	29	5	5	18	5	18	18
5220	2	5	2	14	5	27	17	14	2	5	3	6	4	3	2	9	15	1	3	1	14	28	3	26	5	14	4	5	15	5	5	5	3	11	3	5	4	3	4	15	4	4	2	4	1	14	5	6	12	14	2	12	2	24	3	2	4	11	3	11	5	17	5	5	2	2	9	13	18	18
5230	3	5	5	14	2	27	3	14	4	5	6	6	3	3	3	9	1	1	1	1	1	28	1	26	22	14	5	5	5	5	5	5	21	11	5	5	5	21	5	5	5	5	5	5	12	27	1	12	1	1	1	1	1	1	3	7	3	3	7	16	17	11	5	17	5	14	5	5	21	21
5240	5	5	14	14	21	27	3	14	3	5	31	6	2	3	6	9	1	1	1	1	1	28	16	26	5	14	5	5	5	5	5	5	4	11	12	5	5	23	5	5	5	5	5	5	12	27	1	12	1	1	1	1	1	1	2	6	2	2	12	31	2	3	10	27	5	14	5	24	12	12
5250	5	5	5	14	5	27	5	14	5	5	1	6	11	3	4	9	1	1	1	1	28	28	1	26	5	14	5	5	5	5	5	5	3	11	5	5	5	14	5	5	5	5	5	5	5	12	5	5	15	28	23	15	23	23	4	23	11	11	10	18	5	5	5	5	5	5	4	5	10	10
5260	12	5	5	14	8	27	5	14	5	5	2	6	30	3	1	9	1	1	1	1	1	28	26	26	5	14	5	5	5	5	5	5	4	11	5	5	5	15	5	5	5	5	5	5	5	31	5	5	1	1	1	12	1	1	1	1	31	31	14	31	5	5	30	22	1	12	5	31	14	14
5270	5	5	3	14	16	27	5	14	5	5	27	6	3	3	1	9	1	1	1	1	1	28	7	26	3	14	5	5	5	5	5	5	1	11	5	5	5	12	5	5	5	5	5	5	1	7	1	12	1	1	1	1	1	1	1	1	3	7	1	27	2	5	1	16	25	14	12	29	12	12
5280	5	5	31	14	5	27	5	14	5	5	2	6	2	3	6	9	1	1	1	1	1	28	21	26	3	14	12	5	5	5	5	5	4	11	5	5	5	15	5	5	5	5	1	12	1	21	1	1	1	1	1	1	1	1	1	6	6	6	2	6	5	5	5	5	17	31	2	28	2	2
5290	5	5	15	14	22	27	5	14	5	5	22	6	4	3	1	9	1	1	1	1	1	28	28	26	5	14	5	5	5	5	5	5	11	11	5	5	4	25	5	5	5	15	5	5	12	28	1	12	1	1	1	1	1	1	1	1	1	9	4	27	5	5	2	22	2	15	2	2	10	10
5300	27	5	2	14	19	27	5	14	5	5	1	6	1	3	1	9	1	1	1	1	1	28	2	26	5	14	5	5	5	5	5	5	3	11	13	5	5	22	5	5	12	5	12	12	5	13	12	12	1	1	12	12	1	12	1	1	1	1	3	1	5	5	4	30	4	27	7	4	7	7
5310	5	5	14	14	27	27	5	14	5	5	17	6	1	3	1	9	1	1	1	1	1	28	29	26	1	14	5	5	5	5	5	5	11	11	5	5	5	25	5	5	5	5	5	5	21	29	12	21	1	1	5	12	12	12	1	12	1	1	1	17	5	5	2	27	29	14	15	31	23	23
5320	5	5	5	14	31	27	3	14	20	5	5	6	25	3	4	9	4	1	1	1	4	28	4	26	4	14	5	5	5	5	5	5	11	11	5	5	5	25	5	5	5	5	15	5	4	4	15	15	4	9	4	15	4	4	4	4	31	25	5	31	5	27	4	31	10	5	10	10	24	24
5330	5	5	14	14	26	27	5	14	5	5	2	6	3	3	4	9	1	1	1	1	6	28	3	26	14	14	5	5	5	5	5	5	3	11	5	5	5	14	5	5	5	5	5	5	5	14	5	5	6	6	20	20	20	20	28	28	31	31	2	31	5	5	6	31	1	14	2	6	2	2
5340	5	5	5	14	28	27	3	14	5	5	1	6	14	3	1	9	1	1	1	1	1	28	26	26	5	14	5	5	5	5	5	5	4	11	5	5	5	15	5	5	5	5	5	5	12	31	1	12	1	1	1	1	1	1	1	1	29	21	5	29	5	14	4	28	12	5	2	23	13	13
5350	5	5	5	14	21	27	3	14	5	5	5	6	3	3	1	9	1	1	5	1	5	28	1	26	22	14	5	5	5	5	5	5	4	11	5	5	5	15	5	5	5	5	5	5	5	27	5	5	5	5	5	5	12	12	5	12	14	14	1	14	3	14	5	21	5	5	24	5	28	28
5360	5	5	5	14	16	27	5	14	5	5	6	6	5	3	4	9	1	1	1	1	12	28	3	26	14	14	5	5	5	5	5	5	19	11	5	5	5	30	5	5	5	5	5	5	5	14	5	5	12	12	23	12	23	23	5	23	5	5	3	20	5	5	13	27	5	5	2	13	8	8
5370	5	5	5	14	5	27	21	14	5	5	2	6	1	3	1	9	1	1	1	1	1	28	3	26	14	14	5	5	5	5	5	5	4	11	15	5	5	15	5	5	5	5	5	5	14	14	5	14	1	1	1	12	1	1	1	1	1	1	25	6	14	21	5	14	5	5	2	5	30	30
5380	2	5	14	14	3	27	5	14	5	5	5	6	3	3	1	9	1	1	1	1	28	28	9	26	5	14	5	5	5	5	5	5	5	11	5	5	5	5	5	5	5	5	5	5	5	23	5	5	28	28	28	28	28	28	9	28	18	18	31	29	21	5	16	21	5	22	2	27	31	31
5390	5	5	14	14	3	27	14	14	5	5	2	6	3	3	4	9	1	1	1	1	7	28	26	26	5	14	5	5	5	5	5	5	4	11	5	5	5	15	5	5	5	5	5	5	28	31	28	28	3	7	31	31	31	31	31	31	28	31	5	28	3	14	3	3	3	14	2	3	13	13
5400	5	5	5	14	5	27	5	14	5	5	2	6	3	3	1	9	1	1	1	1	1	28	26	26	3	14	5	5	5	5	5	5	11	11	5	5	5	25	5	5	5	5	5	5	26	26	31	31	1	1	31	31	31	31	21	31	29	21	5	31	5	5	5	5	5	5	5	5	5	5
5410	13	5	5	14	1	27	11	14	5	5	26	6	1	3	1	9	1	1	1	1	1	28	26	26	3	14	5	5	5	5	5	5	4	11	5	5	5	15	5	5	5	5	5	5	7	26	1	21	1	1	1	1	1	1	1	1	1	1	4	26	30	25	30	31	1	13	11	31	11	11
5420	5	5	23	14	14	27	5	14	5	5	1	6	1	3	1	9	1	1	1	1	1	28	7	26	5	14	5	5	5	5	5	5	4	11	5	5	5	15	5	5	5	5	5	5	12	21	1	12	1	1	1	1	1	1	1	1	1	1	2	1	5	5	5	14	16	23	4	27	10	10
5430	5	5	19	14	19	27	5	14	5	5	1	6	19	3	1	9	12	1	5	1	5	28	18	26	5	14	5	5	5	5	5	5	4	11	5	5	5	15	5	5	5	5	5	5	5	29	5	5	5	5	5	5	1	12	1	1	19	26	28	26	5	5	4	30	4	30	2	4	28	28
5440	5	5	5	14	28	27	14	14	5	5	1	6	3	3	4	9	1	1	1	1	24	28	26	26	5	14	5	5	5	5	5	5	25	11	5	5	15	25	5	5	15	15	4	15	2	31	2	10	24	28	24	24	28	28	20	28	27	27	4	27	3	14	19	31	5	5	4	30	4	4
5450	5	5	5	14	26	27	5	14	5	5	2	6	8	3	1	9	1	1	1	1	12	28	17	26	5	14	5	5	5	5	5	5	11	11	5	5	5	25	5	5	5	5	5	5	5	28	5	5	12	12	1	12	1	1	1	1	16	16	1	16	5	5	26	31	5	5	29	31	29	29
5460	5	5	5	14	27	27	5	14	12	5	1	6	3	3	1	9	1	1	1	1	6	28	7	26	3	14	5	5	5	5	5	5	11	11	5	5	15	25	5	5	15	15	5	15	1	7	12	12	1	6	1	12	1	1	12	1	7	21	16	7	1	12	11	27	5	5	2	25	16	16
5470	2	5	5	14	29	27	14	14	5	5	4	6	25	3	1	9	1	1	1	1	1	28	9	26	3	14	5	5	5	5	5	5	3	11	5	5	5	14	5	5	5	5	1	5	1	18	1	1	1	1	1	1	1	1	1	1	29	29	15	29	5	14	29	29	2	13	4	31	15	15
5480	5	5	5	14	13	27	5	14	5	5	1	6	14	3	1	9	1	1	1	1	1	28	16	26	5	14	5	5	5	5	5	5	11	11	5	5	5	25	5	5	5	5	5	5	12	27	12	12	1	1	12	12	12	12	5	12	14	14	5	21	5	5	13	13	5	5	12	13	12	12
5490	5	5	5	14	5	27	5	14	5	5	1	6	3	3	1	9	1	1	1	1	1	28	18	26	3	14	5	5	5	5	5	5	3	11	5	5	5	14	5	5	5	5	5	5	7	18	1	21	1	1	1	1	1	1	1	1	7	7	5	7	5	5	5	5	5	5	5	5	5	5
5500	5	5	27	14	5	27	5	14	5	5	2	6	1	3	1	9	1	1	1	1	1	28	18	26	3	14	5	5	5	5	5	5	5	11	5	5	5	5	5	5	5	5	5	5	7	18	7	21	1	1	1	7	1	1	1	1	1	1	1	6	5	5	5	5	6	27	4	20	9	9
5510	5	5	14	14	26	27	5	14	5	5	5	6	2	3	4	9	1	1	1	1	28	28	9	26	5	14	5	5	5	5	5	5	11	11	5	5	13	25	5	5	5	13	5	5	5	23	5	5	31	28	30	31	31	31	31	31	31	31	20	31	5	5	31	31	1	14	5	31	20	20
5520	5	5	5	14	24	27	5	14	5	5	4	6	22	3	1	9	1	1	1	1	1	28	18	26	5	14	5	5	5	5	5	5	3	11	5	5	5	14	5	5	5	5	5	5	12	29	12	12	1	1	1	12	1	1	1	1	27	27	17	31	5	5	13	24	5	5	3	13	26	26
5530	5	5	5	14	5	27	5	14	5	5	2	6	3	3	4	9	1	1	1	1	1	28	26	26	3	14	5	5	5	5	5	5	11	11	5	5	25	25	5	5	5	25	5	5	19	26	14	30	1	1	29	21	29	29	29	29	29	29	20	31	5	5	5	5	13	5	5	13	20	20
5540	5	5	5	14	31	27	14	14	5	5	1	6	1	3	4	9	1	1	1	1	1	28	1	26	14	14	5	5	5	5	5	5	18	11	5	5	5	29	5	5	5	5	5	5	21	21	21	21	1	1	1	21	9	1	9	9	1	9	5	1	3	14	18	31	5	5	5	29	5	5
5550	5	5	5	14	3	27	10	14	5	5	23	6	1	3	1	9	5	1	1	1	15	28	2	26	5	14	5	5	5	5	5	5	3	11	5	5	5	14	5	5	5	5	5	5	5	13	5	5	23	23	6	23	1	20	1	1	1	1	1	23	12	24	1	21	28	5	24	28	28	28
5560	5	5	5	14	27	27	14	14	5	5	2	6	3	3	4	9	1	1	1	1	9	28	1	26	5	14	5	5	5	5	5	5	11	11	5	5	5	25	5	5	5	5	5	5	12	12	12	12	4	9	23	23	23	23	23	23	29	29	2	31	3	14	14	27	3	5	2	14	2	2
5570	5	5	5	14	20	27	14	14	5	5	2	6	3	3	4	9	1	1	1	1	1	28	18	26	3	14	5	5	5	5	5	5	4	11	5	5	5	15	5	5	5	5	5	5	18	18	29	29	1	1	29	29	29	29	29	29	29	29	11	31	5	14	21	20	5	5	1	21	18	18
5580	5	5	5	14	8	27	14	14	5	5	1	6	3	3	5	9	1	1	1	1	1	28	17	26	5	14	5	5	5	5	5	5	3	11	5	5	5	14	5	5	5	5	5	5	12	28	12	12	1	1	12	12	12	12	1	12	7	7	5	7	5	14	3	22	12	5	5	21	5	5
5590	5	5	5	14	26	27	5	14	5	5	2	6	3	3	1	9	1	1	1	1	1	28	3	26	14	14	5	5	5	5	5	5	3	11	5	5	5	14	5	5	5	5	5	5	5	14	5	5	1	1	12	12	12	12	12	12	12	21	21	20	5	5	10	31	5	5	2	24	27	27
5600	14	5	1	14	1	27	25	14	5	5	4	6	4	3	17	9	1	1	1	1	1	28	31	26	3	14	5	5	5	5	5	5	4	11	5	5	5	15	5	5	5	5	5	5	20	31	1	20	1	1	1	1	1	1	4	17	4	4	8	4	18	25	16	18	4	21	1	26	16	16
5610	5	5	5	14	27	27	14	14	5	5	30	6	3	3	1	9	1	1	1	1	1	28	18	26	5	14	5	5	5	5	5	5	3	11	5	5	5	14	5	5	5	5	5	5	23	29	1	23	1	1	1	1	1	1	7	1	1	7	23	31	1	14	31	27	5	5	5	31	23	23
5620	5	5	12	14	16	27	5	14	5	5	23	6	3	3	3	9	3	1	4	1	27	28	15	26	5	14	5	5	5	5	5	5	4	11	5	5	5	15	5	5	5	5	5	5	5	15	5	5	31	31	7	31	3	7	3	3	3	3	16	29	2	5	2	16	17	12	4	17	26	26
5630	5	5	5	14	3	27	14	14	5	5	4	6	14	3	5	9	1	1	1	1	1	28	18	26	5	14	5	5	5	5	5	5	3	11	5	5	5	14	5	5	5	5	5	5	5	29	5	5	1	1	1	12	1	1	5	12	14	14	3	25	14	14	5	14	5	5	19	5	19	19
5640	5	5	5	14	2	27	14	14	4	5	1	6	12	3	1	9	1	1	12	1	1	28	3	26	3	14	5	5	5	5	5	5	3	11	5	5	5	14	5	5	5	5	5	5	5	3	5	5	12	12	12	12	1	12	1	1	1	12	9	1	25	25	3	30	6	5	4	16	9	9
5650	15	5	5	14	26	27	5	14	5	5	4	6	31	3	1	9	1	1	1	1	1	28	3	26	14	14	5	5	5	5	5	5	3	11	5	5	5	14	5	5	5	5	5	5	14	14	5	14	1	1	1	12	1	1	1	1	31	31	22	31	5	5	12	31	5	15	1	12	27	27
5660	5	5	5	14	12	27	5	14	5	5	4	6	3	3	1	9	1	1	1	1	1	28	26	26	5	14	5	5	5	5	5	5	4	11	5	5	5	15	5	5	5	5	5	5	12	31	1	12	1	1	1	1	1	1	1	1	7	7	5	18	5	5	5	12	5	5	5	5	5	5
5670	5	5	3	14	16	27	14	14	5	5	2	6	3	3	4	9	1	1	1	1	1	28	9	26	5	14	5	5	5	5	5	5	11	11	5	5	14	25	5	5	14	14	3	14	29	23	29	29	1	1	14	29	21	21	29	29	29	29	7	31	3	14	3	16	22	14	2	22	16	16
5680	5	5	5	14	5	27	5	14	5	5	6	6	1	3	1	9	1	1	1	1	9	28	16	26	5	14	5	5	5	5	5	5	3	11	5	5	5	14	5	5	5	5	5	5	12	27	1	12	1	9	1	1	1	1	1	1	1	1	2	6	5	5	5	5	5	5	25	5	30	30
5690	5	5	5	14	5	27	5	14	5	5	2	6	3	3	9	9	1	1	1	1	1	28	18	26	3	14	5	5	5	5	5	5	11	11	5	5	5	25	5	5	5	5	5	5	1	18	1	12	1	1	1	1	1	1	9	9	18	18	3	26	5	5	5	5	5	5	12	5	21	21
5700	5	5	3	14	1	27	14	14	5	5	1	6	3	3	1	9	1	1	1	1	1	28	1	26	5	14	5	5	5	5	5	5	3	11	5	5	5	14	5	5	5	5	5	5	12	12	1	12	1	1	1	1	1	1	7	1	7	7	3	7	7	14	3	7	3	14	3	3	3	3
5710	5	5	5	14	3	27	3	14	5	5	2	6	1	3	1	9	1	1	1	1	1	28	16	26	5	14	5	5	5	5	5	5	3	11	5	5	5	14	5	5	5	5	5	5	12	27	1	12	1	1	1	1	1	1	1	1	1	1	2	6	3	14	14	3	5	5	3	14	8	8
5720	5	5	5	14	3	27	3	14	5	5	1	6	3	3	16	9	1	1	12	1	1	28	3	26	14	14	5	5	5	5	5	5	3	11	5	5	5	14	5	5	5	5	5	5	5	14	5	5	12	12	1	12	1	1	27	16	27	27	3	27	3	14	3	3	3	5	3	3	3	3
5730	5	5	5	14	29	27	14	14	5	5	1	6	3	3	1	9	1	1	1	1	1	28	4	26	14	14	5	5	5	5	5	5	3	11	5	5	5	14	5	5	5	5	5	5	5	25	5	5	1	1	1	12	1	1	1	1	7	7	1	7	3	14	21	29	5	5	7	21	7	7
5740	30	5	3	14	20	27	5	14	5	5	22	6	3	3	1	9	1	1	1	1	1	28	31	26	5	14	5	5	5	5	5	5	4	11	5	5	5	15	5	5	5	5	5	5	22	31	13	22	1	1	1	20	1	1	3	1	3	3	25	22	5	5	1	20	4	30	4	9	25	25
5750	15	5	5	14	5	27	8	14	5	5	5	6	3	3	25	9	1	1	1	1	12	28	19	26	5	14	5	5	5	5	5	5	3	11	5	5	5	14	5	5	5	5	5	5	5	30	5	5	12	12	12	12	5	12	25	25	25	25	3	25	22	22	2	22	31	15	3	31	3	3
5760	5	5	14	14	27	27	5	14	5	5	2	6	4	3	1	9	1	1	1	1	1	28	18	26	3	14	5	5	5	5	5	5	3	11	5	5	5	14	5	5	5	5	5	5	1	18	1	12	1	1	1	1	1	1	1	1	9	9	1	17	5	5	27	27	5	14	1	27	1	1
5770	5	5	5	14	31	27	5	14	5	5	1	6	3	3	1	9	1	1	1	1	28	28	18	26	5	14	5	5	5	5	5	5	25	11	5	5	14	25	5	5	5	14	5	5	5	29	5	5	24	28	24	24	28	28	17	28	16	26	3	16	5	5	21	31	5	5	14	21	14	14
5780	24	5	5	14	21	27	3	14	5	5	2	6	11	3	1	9	1	1	1	1	23	28	16	26	5	14	5	5	5	5	5	5	9	11	5	5	5	23	5	5	5	5	5	5	13	27	5	13	12	23	1	12	1	1	1	1	18	18	1	26	5	14	5	21	10	24	27	24	27	27
5790	5	5	14	14	31	27	14	14	5	5	7	6	3	3	3	9	7	1	1	1	1	28	26	26	5	14	5	5	5	5	5	5	10	11	5	5	5	24	5	5	5	5	5	5	13	31	2	13	1	1	1	6	3	7	3	3	3	3	2	7	5	14	31	31	5	14	13	31	13	13
5800	5	5	3	14	2	27	5	14	5	5	1	6	1	3	1	9	1	1	1	1	1	28	3	26	14	14	5	5	5	5	5	5	3	11	12	5	5	21	5	5	5	5	5	5	5	14	12	5	1	1	1	12	1	1	1	1	1	1	1	1	4	5	2	10	31	14	26	31	26	26
5810	5	5	5	14	23	27	5	14	5	5	2	6	3	3	1	9	1	1	1	1	1	28	26	26	3	14	5	5	5	5	5	5	3	11	5	5	5	14	5	5	5	5	5	5	18	26	29	29	1	1	29	29	29	29	29	29	29	29	8	31	5	5	5	23	5	5	1	5	16	16
5820	5	5	3	14	2	27	1	14	5	5	17	6	5	3	1	9	1	1	1	1	1	28	18	26	5	14	5	5	5	5	5	5	3	11	5	5	5	14	5	5	5	5	5	5	21	29	7	21	1	1	1	7	1	1	1	1	1	12	1	17	1	12	3	6	29	14	1	29	1	1
5830	5	5	5	14	5	27	5	14	5	5	2	6	3	3	4	9	1	1	1	1	1	28	31	26	3	14	5	5	5	5	5	5	14	11	5	5	5	14	5	5	5	5	5	5	18	31	9	29	1	1	9	9	9	9	23	9	29	29	3	31	5	5	14	5	5	5	3	14	3	3
5840	12	5	3	14	5	27	5	14	5	5	1	6	14	3	1	9	1	1	1	1	1	28	16	26	5	14	5	5	5	5	5	5	11	11	5	5	15	25	5	5	5	15	5	5	12	27	1	12	1	1	1	1	1	1	1	1	21	21	7	21	5	5	5	5	17	21	2	28	16	16
5850	11	5	3	14	17	27	5	14	5	5	2	6	3	3	23	9	1	1	1	1	1	28	7	26	5	14	5	5	5	5	5	5	11	11	5	5	5	25	5	5	5	5	5	5	12	21	12	12	1	1	12	12	1	12	23	23	29	29	3	31	5	5	2	28	10	11	3	10	3	3
5860	5	5	5	14	20	27	5	14	5	5	2	6	3	3	1	9	1	1	1	1	1	28	29	26	5	14	5	5	5	5	5	5	11	11	5	5	5	25	5	5	5	5	5	5	12	29	12	12	1	1	1	12	1	1	1	1	7	7	19	16	5	5	13	20	5	5	4	13	19	19
5870	15	5	5	14	5	27	5	14	5	5	1	6	1	3	1	9	1	1	1	1	12	28	3	26	14	14	5	5	5	5	5	5	11	11	5	5	5	25	5	5	5	5	5	5	5	14	5	5	12	12	1	12	1	1	1	1	1	1	11	1	5	5	5	5	26	15	3	31	11	11
5880	5	5	5	14	25	27	1	14	14	5	1	6	2	3	1	9	1	1	1	1	1	28	17	26	5	14	5	5	5	5	5	5	11	11	5	5	3	25	5	5	14	14	5	14	13	28	13	13	1	1	13	20	6	20	2	6	6	2	2	6	3	21	30	25	4	5	16	30	16	16
5890	5	5	5	14	8	27	5	14	14	5	1	6	1	3	1	9	1	1	1	1	31	28	2	26	5	14	5	5	5	5	5	5	3	11	5	5	5	14	5	5	5	5	5	5	5	13	5	5	31	31	31	31	31	31	31	31	31	31	4	31	5	14	22	22	4	5	4	30	4	4
5900	14	5	3	14	14	27	5	14	5	5	9	6	1	3	1	9	1	1	1	1	1	28	3	26	3	14	5	5	5	5	5	5	4	11	5	5	5	15	5	5	5	5	5	5	3	3	5	14	1	1	1	12	1	1	1	1	1	1	3	9	5	5	8	14	5	14	5	22	14	14
5910	5	5	15	14	20	27	5	14	5	5	1	6	1	3	14	9	5	1	1	1	20	28	18	26	3	14	5	5	5	5	5	5	4	11	5	5	5	15	5	5	5	5	5	5	5	18	5	5	5	20	5	5	5	5	14	14	21	21	2	21	5	5	7	20	4	15	8	18	8	8
5920	5	5	5	14	31	27	5	14	5	5	22	6	3	3	7	9	1	1	5	1	5	28	26	26	5	14	5	5	5	5	5	5	11	11	5	5	5	25	5	5	5	5	5	5	29	31	23	29	5	5	1	23	1	1	3	7	3	3	24	22	5	5	28	31	5	5	5	28	24	24
5930	5	5	3	14	28	27	5	14	5	5	1	6	21	3	1	9	1	1	1	1	1	28	26	26	3	14	5	5	5	5	5	5	3	11	5	5	14	14	5	5	5	14	5	5	26	26	20	31	1	1	1	20	1	1	1	1	21	21	4	21	5	5	31	28	3	14	11	31	11	11
5940	3	5	7	14	5	27	5	14	5	5	25	6	1	3	4	9	1	1	5	1	5	28	5	26	5	14	5	5	5	5	5	5	19	11	5	5	5	30	5	5	5	5	5	5	5	5	5	5	5	5	5	5	12	12	9	23	1	9	5	29	5	5	15	5	3	7	5	25	5	5
5950	5	5	21	14	22	27	14	14	5	5	2	6	3	3	4	9	1	1	12	1	1	28	16	26	5	14	5	5	5	5	5	5	11	11	5	5	5	25	5	5	5	5	5	5	14	27	5	14	12	12	12	12	12	12	23	23	29	29	2	31	4	14	31	30	1	21	2	31	2	2
5960	14	5	3	14	8	27	5	14	5	5	5	6	7	3	1	9	1	1	1	1	1	28	19	26	3	14	5	5	5	5	5	5	3	11	5	5	5	14	5	5	5	5	2	5	2	19	2	2	1	1	1	6	1	1	4	1	18	18	1	29	5	5	3	22	26	14	8	26	16	16
5970	5	5	23	14	16	27	5	14	5	5	9	6	3	3	1	9	1	1	1	1	1	28	26	26	5	14	5	5	5	5	5	5	15	11	5	5	5	15	5	5	5	5	5	5	25	31	14	25	1	1	7	21	7	7	7	7	1	7	2	9	5	5	20	27	5	23	8	20	8	8
5980	5	5	14	14	27	27	14	14	5	5	1	6	25	3	1	9	1	1	1	1	10	28	9	26	3	14	5	5	5	5	5	5	15	11	5	5	15	15	5	5	15	15	4	15	4	18	4	4	9	17	1	9	1	1	1	1	29	29	10	29	5	14	5	27	3	14	5	14	24	24
5990	12	5	5	14	16	27	5	14	5	5	17	6	1	3	1	9	1	1	1	1	15	28	16	26	5	14	5	5	5	5	5	5	4	11	15	5	5	15	5	5	5	5	5	5	5	27	5	5	23	23	1	23	1	1	1	1	1	1	18	17	5	5	16	27	4	12	4	26	18	18
6000	5	5	13	14	20	27	14	14	5	5	1	6	7	3	1	9	1	1	1	1	1	28	23	26	5	14	5	5	5	5	5	5	11	11	5	5	15	25	5	5	15	15	4	15	9	23	1	9	1	1	1	1	1	1	1	1	1	7	8	1	3	14	28	27	1	13	2	28	8	8
6010	4	5	28	14	28	27	5	14	5	5	31	6	1	3	1	9	1	1	1	1	9	28	7	26	5	14	5	5	5	5	5	5	3	11	5	5	5	14	5	5	5	5	5	5	5	21	5	5	9	9	1	23	1	1	1	1	1	1	1	31	5	5	1	28	23	28	6	23	6	6
6020	5	5	5	14	21	27	3	14	12	5	27	6	1	3	23	9	5	1	5	1	5	28	3	26	3	14	5	5	5	5	5	5	4	11	5	5	5	15	5	5	5	5	5	5	5	3	5	5	5	5	5	5	5	5	1	23	1	1	1	27	4	21	7	29	5	5	1	21	1	1
6030	4	5	12	14	5	27	5	14	5	5	3	6	7	3	1	9	1	1	1	1	1	28	7	26	3	14	5	5	5	5	5	5	4	11	5	5	15	15	5	5	5	15	5	5	1	7	1	12	1	1	1	1	1	1	1	1	7	7	4	7	5	5	5	5	30	23	17	30	17	17
6040	5	5	5	14	12	27	14	14	5	5	2	6	2	3	1	9	1	1	1	1	1	28	16	26	3	14	5	5	5	5	5	5	11	11	5	5	5	25	5	5	5	5	5	5	6	16	6	20	1	1	6	6	1	6	7	1	7	16	1	16	5	14	29	12	5	5	13	29	20	20
6050	5	5	5	14	5	27	5	14	5	5	2	6	3	3	28	9	1	1	1	1	1	28	20	26	3	14	5	5	5	5	5	5	11	11	5	5	5	25	5	5	5	5	5	5	5	27	5	5	1	1	1	12	1	1	23	28	29	29	1	31	5	5	21	5	1	5	7	21	7	7
6060	5	5	3	14	1	27	3	14	5	5	2	6	3	3	1	9	1	1	1	1	1	28	7	26	3	14	5	5	5	5	5	5	4	11	5	5	5	15	5	5	5	5	5	5	1	7	12	12	1	1	1	12	1	1	1	1	7	7	1	16	15	14	1	23	3	14	1	7	1	1
6070	5	5	21	14	29	27	5	14	5	5	1	6	1	3	1	9	1	1	1	1	1	28	2	26	14	14	5	5	5	5	5	5	3	11	5	5	5	14	5	5	5	5	5	5	5	22	5	5	1	1	1	12	1	1	1	1	1	1	9	1	5	5	31	29	5	21	5	31	23	23
6080	5	5	14	14	27	27	5	14	5	5	2	6	3	3	9	9	1	1	1	1	6	28	1	26	5	14	5	5	5	5	5	5	4	11	5	5	5	15	5	5	5	5	5	5	12	12	12	12	1	6	1	12	1	1	9	9	18	18	1	26	5	5	27	27	5	14	1	27	1	1
6090	5	5	5	14	15	27	14	14	5	5	5	6	3	3	9	9	1	1	1	1	12	28	9	26	5	14	5	5	5	5	5	5	3	11	5	5	14	14	5	5	14	14	5	14	5	23	5	5	12	12	1	12	1	1	9	9	18	18	3	29	5	14	11	15	5	5	28	25	31	31
6100	5	5	5	14	5	27	5	14	5	5	1	6	3	3	1	9	1	1	1	1	1	28	28	26	5	14	12	5	5	5	5	5	3	11	5	5	5	14	5	5	5	5	5	12	23	28	1	23	1	1	1	1	1	1	12	1	21	21	1	21	5	5	12	5	1	5	5	12	12	12
6110	13	5	3	14	20	27	5	14	5	5	1	6	30	3	1	9	1	1	1	1	1	28	18	26	5	14	5	5	5	5	5	5	4	11	5	5	5	15	5	5	5	5	5	5	12	29	12	12	1	1	1	12	1	1	1	1	31	31	5	31	5	5	5	20	12	22	16	12	27	27
6120	5	5	14	14	23	27	14	14	5	5	2	6	3	3	1	9	1	1	1	1	12	28	1	26	5	14	5	5	5	5	5	5	11	11	5	5	5	25	5	5	5	5	5	5	5	12	5	5	12	12	1	12	1	1	1	1	7	7	1	16	3	14	29	29	3	14	12	29	12	12
6130	5	5	11	14	5	27	3	14	5	5	1	6	3	3	1	9	1	1	1	1	1	28	26	26	5	14	5	5	5	5	5	5	4	11	5	5	5	15	5	5	5	5	5	5	2	31	13	13	1	1	12	20	12	12	12	12	21	21	9	21	5	14	5	5	25	25	4	25	9	9
6140	5	5	5	14	22	27	5	14	5	5	1	6	3	3	9	9	1	1	1	1	1	28	7	26	3	14	5	5	5	5	5	5	3	11	5	5	5	14	5	5	5	5	5	5	1	7	1	12	1	1	1	1	1	1	9	9	18	18	2	18	5	5	5	22	5	5	10	5	10	10
6150	5	5	5	14	3	27	5	14	5	5	1	6	3	3	4	9	1	1	1	1	1	28	18	26	3	14	5	5	5	5	5	5	3	11	5	5	5	14	5	5	5	5	5	5	11	18	25	25	1	1	23	29	23	23	23	23	29	29	1	29	5	5	5	14	5	5	1	5	1	1
6160	5	5	5	14	27	27	5	14	5	5	2	6	3	3	9	9	1	1	1	1	9	28	3	26	3	14	5	5	5	5	5	5	11	11	5	5	5	25	5	5	5	5	5	5	3	3	3	14	9	9	18	18	1	18	9	9	18	18	29	26	5	5	2	27	27	5	1	27	29	29
6170	5	5	14	14	3	27	14	14	5	5	1	6	3	3	1	9	1	1	1	1	1	28	1	26	14	14	5	5	5	5	5	5	3	11	5	5	5	14	5	5	5	5	5	5	5	21	5	5	1	1	1	12	1	1	1	1	7	7	4	7	14	14	3	14	14	14	6	14	17	17
6180	5	5	5	14	5	27	5	14	5	5	13	6	3	3	7	9	1	1	1	1	1	28	3	26	14	14	5	5	5	5	5	5	4	11	5	5	5	15	5	5	5	5	5	5	5	14	5	5	1	1	1	12	1	1	3	7	3	3	14	22	5	5	5	5	5	5	5	5	14	14
6190	3	5	3	14	1	27	14	14	4	5	2	6	4	3	1	9	1	1	1	1	15	28	26	26	5	14	5	5	5	5	5	5	3	11	5	5	5	14	5	5	5	5	5	5	5	31	5	5	9	23	9	23	9	9	9	9	23	9	9	28	23	25	30	23	3	3	3	30	18	18
6200	5	5	14	14	2	27	5	14	5	5	21	6	1	3	1	9	1	1	1	1	1	28	2	26	5	14	5	5	5	5	5	5	4	11	15	5	5	15	5	5	5	5	5	5	5	13	5	5	12	1	1	12	1	1	1	1	1	1	5	21	5	5	5	13	5	14	20	5	20	20
6210	5	5	5	14	31	27	14	14	5	5	2	6	3	3	1	9	1	1	1	1	1	28	1	26	14	14	5	5	5	5	5	5	11	11	5	5	25	25	5	5	25	25	25	25	3	21	25	25	1	1	29	29	29	29	29	29	29	29	1	31	3	14	31	31	5	5	24	31	28	28
6220	5	5	14	14	5	27	5	14	5	5	29	6	1	3	1	9	1	1	1	1	1	28	27	26	5	14	5	5	5	5	5	5	15	11	5	5	5	15	5	5	5	5	5	5	12	27	12	12	1	1	1	12	1	1	1	1	1	1	4	29	5	5	5	5	19	14	4	30	4	4
6230	2	5	13	14	5	27	1	14	30	5	1	6	13	3	5	9	5	1	5	1	5	28	3	26	25	14	29	5	5	5	5	5	3	11	20	5	15	27	5	5	4	15	15	29	5	25	5	15	5	5	5	5	5	5	3	5	31	22	2	31	13	31	2	13	23	13	8	28	8	8
6240	5	5	21	14	16	27	5	14	5	5	6	6	3	3	9	9	1	1	1	1	1	28	26	26	3	14	5	5	5	5	5	5	11	11	5	5	5	25	5	5	5	5	5	5	12	26	1	12	1	1	1	1	1	1	3	9	3	3	3	16	5	5	22	27	1	21	3	27	3	3
6250	5	5	14	14	12	27	12	14	5	5	1	6	3	3	1	9	1	1	1	1	12	28	5	26	5	14	5	5	5	5	5	5	11	11	5	5	5	25	5	5	5	5	5	5	5	5	5	5	12	12	12	12	12	12	1	12	7	7	25	7	5	12	1	12	8	14	3	16	25	25
6260	1	5	5	14	31	27	5	14	5	5	1	6	1	3	1	9	1	1	1	1	1	28	7	26	5	14	5	5	5	5	5	5	3	11	5	5	5	14	5	5	5	5	5	5	12	21	1	12	1	1	1	1	1	1	1	1	1	1	4	1	5	5	25	31	1	12	5	29	15	15
6270	5	5	5	14	14	27	5	14	5	5	1	6	3	3	1	9	1	1	1	1	1	28	26	26	5	14	5	5	5	5	5	5	3	11	5	5	5	14	5	5	5	5	5	5	30	31	30	30	1	1	31	31	31	31	24	31	30	30	13	31	5	5	5	14	5	5	5	5	13	13
6280	5	5	5	14	14	27	5	14	5	5	1	6	3	3	1	9	1	1	1	1	1	28	29	26	5	14	5	5	5	5	5	5	11	11	5	5	5	25	5	5	5	5	5	5	12	29	1	12	1	1	1	1	1	1	1	1	7	7	21	7	5	5	22	14	5	5	3	22	21	21
6290	5	5	8	14	2	27	21	14	5	5	2	6	11	3	1	9	1	1	1	1	1	28	16	26	5	14	5	5	5	5	5	5	4	11	5	5	5	15	5	5	5	5	5	5	5	27	5	5	1	1	1	12	1	1	1	1	18	18	18	26	1	21	5	6	31	22	5	31	29	29
6300	5	5	14	14	5	27	5	14	5	5	2	6	3	3	4	9	1	1	1	1	9	28	18	26	3	14	5	5	5	5	5	5	3	11	5	5	5	14	5	5	5	5	5	5	18	18	29	29	1	9	29	29	29	29	23	29	29	29	25	31	5	5	14	5	3	14	3	14	25	25
6310	5	5	29	14	23	27	5	14	5	5	24	6	1	3	6	9	1	1	1	1	1	28	18	26	3	14	5	5	5	5	5	5	11	11	5	5	5	25	5	5	5	5	5	5	18	18	29	29	1	1	1	29	1	1	1	6	1	1	12	28	1	5	4	23	4	29	3	4	21	21
6320	5	5	5	14	22	27	5	14	5	5	5	6	2	3	9	9	1	1	12	1	1	28	3	26	14	14	5	5	5	5	5	5	11	11	5	5	5	25	5	5	5	5	5	5	5	14	5	5	12	12	1	12	1	1	23	9	31	28	5	31	2	5	5	22	5	5	13	5	13	13
6330	5	5	5	14	2	27	20	14	2	5	29	6	1	3	1	9	1	1	13	1	4	28	2	26	13	14	1	5	5	5	5	5	5	11	5	5	5	5	5	5	14	5	2	21	2	13	2	2	2	24	1	2	1	1	1	1	1	1	4	29	22	20	4	22	5	5	9	15	9	9
6340	5	5	5	14	15	27	13	14	5	5	3	6	1	3	1	9	1	1	1	1	1	28	11	26	3	14	5	5	5	5	5	5	11	11	5	5	5	25	5	5	5	5	5	5	19	11	11	30	1	1	1	18	1	1	1	1	1	1	4	7	2	13	23	24	5	5	4	23	4	4
6350	5	5	5	14	31	27	5	14	5	5	1	6	3	3	1	9	1	1	1	1	20	28	20	26	5	14	5	5	5	5	5	5	25	11	5	5	25	25	5	5	5	25	5	5	12	20	1	12	6	20	1	6	1	1	1	1	1	7	1	1	5	5	1	31	15	5	1	23	1	1
6360	5	5	14	14	16	27	5	14	5	5	2	6	1	3	4	9	1	1	1	1	1	28	3	26	3	14	5	5	5	5	5	5	4	11	5	5	5	15	5	5	5	5	5	5	3	3	14	14	1	1	7	21	21	7	29	29	29	29	1	31	5	5	16	27	3	14	1	16	1	1
6370	5	5	27	14	28	27	3	14	2	5	2	6	3	3	2	9	1	1	4	1	4	28	31	26	5	14	5	5	5	5	5	5	4	11	15	5	4	15	15	5	5	15	5	5	8	31	27	22	4	4	30	31	31	31	31	31	31	31	4	31	3	8	5	31	4	27	2	15	10	10
6380	11	5	1	14	5	27	3	14	14	5	1	6	2	3	1	9	1	1	1	1	5	28	9	26	5	14	5	5	5	5	5	5	3	11	5	5	5	14	5	5	5	5	1	5	1	23	1	1	1	12	1	1	1	1	13	1	13	13	12	20	5	14	12	5	2	18	5	20	12	12
6390	4	5	7	14	26	27	5	14	5	5	18	6	5	3	4	9	15	1	5	1	5	28	7	26	3	14	5	5	5	5	5	5	3	11	5	5	5	14	5	5	5	5	5	5	5	7	5	5	5	5	5	5	15	15	5	15	5	5	6	29	5	5	8	31	1	18	4	16	17	17
6400	5	5	21	14	5	27	5	14	5	5	1	6	5	3	10	9	1	1	1	1	6	28	3	26	14	14	5	5	5	5	5	5	11	11	5	5	4	25	5	5	5	15	5	5	14	14	5	14	6	6	1	20	1	1	17	17	28	28	2	28	5	5	5	5	7	21	6	21	6	6
6410	5	5	26	14	13	27	3	14	5	5	18	6	1	3	1	9	1	1	1	1	1	28	16	26	5	14	5	5	5	5	5	5	5	11	5	5	5	5	5	5	5	5	5	5	12	27	1	12	1	1	1	1	1	1	1	1	1	1	27	18	5	14	1	13	16	31	1	16	27	27
6420	5	5	5	14	5	27	5	14	5	5	2	6	3	3	1	9	1	1	1	1	1	28	26	26	5	14	5	5	5	5	5	5	3	11	5	5	5	14	5	5	5	5	5	5	29	31	29	29	1	1	29	29	29	29	29	29	29	29	5	31	5	5	5	5	5	5	5	5	5	5
6430	5	5	5	14	1	27	22	14	5	5	5	6	1	3	1	9	1	1	1	1	1	28	1	26	3	14	5	5	5	5	5	5	4	11	5	5	5	15	5	5	5	5	5	5	27	7	27	27	1	1	16	27	12	16	1	12	1	1	2	12	3	22	27	7	1	5	16	27	16	16
6440	5	5	14	14	31	27	29	14	5	5	2	6	1	3	1	9	1	1	1	1	1	28	18	26	5	14	5	5	5	5	5	5	11	11	5	5	5	25	5	5	5	5	5	5	1	29	12	12	1	1	1	12	1	1	1	1	6	1	9	6	5	29	25	31	1	14	1	29	9	9
6450	5	5	5	14	13	27	4	14	5	5	1	6	1	3	1	9	1	1	1	1	1	28	1	26	5	14	5	5	5	5	5	5	11	11	5	5	5	25	5	5	5	5	5	5	12	12	12	12	1	1	1	12	1	1	1	1	1	1	5	1	5	15	14	13	5	5	5	14	5	5
6460	5	5	5	14	30	27	5	14	5	5	2	6	3	3	4	9	1	1	1	1	1	28	27	26	3	14	5	5	5	5	5	5	11	11	5	5	5	25	5	5	5	5	5	5	16	27	27	27	1	1	27	27	27	27	31	31	31	31	1	31	5	5	5	30	5	5	12	5	12	12
6470	5	5	5	14	27	27	14	14	5	5	1	6	2	3	2	9	1	1	1	1	1	28	30	26	3	14	5	5	5	5	5	5	5	11	5	5	5	5	5	5	5	5	5	5	25	30	25	25	1	1	18	29	7	18	16	16	16	16	7	16	5	14	26	27	5	5	4	31	18	18
6480	5	5	3	14	16	27	14	14	5	5	17	6	1	3	1	9	1	1	1	1	1	28	1	26	14	14	5	5	5	5	5	5	11	11	5	5	5	25	5	5	5	5	5	5	12	21	1	12	1	1	1	1	1	1	1	1	1	1	14	17	3	14	6	16	5	14	5	20	14	14
6490	5	5	5	14	18	27	5	14	5	5	2	6	5	3	5	9	5	1	5	1	5	28	3	26	5	14	5	5	5	5	5	5	3	11	5	5	5	14	5	5	5	5	5	5	5	14	5	5	5	5	5	5	5	5	5	5	5	5	16	13	5	5	28	29	1	5	3	28	16	16
6500	5	5	5	14	26	27	5	14	5	5	2	6	3	3	4	9	1	1	1	1	1	28	17	26	3	14	5	5	5	5	5	5	5	11	5	5	5	5	5	5	5	5	5	5	31	26	27	31	1	1	27	27	27	27	31	31	31	31	6	31	5	5	28	31	4	5	3	28	16	16
6510	20	5	3	14	26	27	5	14	5	5	1	6	1	3	1	9	1	1	1	1	10	28	20	26	5	14	5	5	5	5	5	5	14	11	5	5	5	14	5	5	5	5	5	5	5	20	5	5	6	17	20	20	20	20	12	20	21	12	11	21	5	5	6	31	4	27	5	17	25	25
6520	5	5	5	14	17	27	14	14	5	5	29	6	3	3	14	9	1	1	1	1	1	28	19	26	5	14	5	5	5	5	5	5	11	11	5	5	5	25	5	5	5	5	5	5	5	30	5	5	1	1	1	12	1	1	3	21	3	3	5	29	1	14	4	17	5	5	24	15	24	24
6530	5	5	14	14	30	27	5	14	5	5	2	6	3	3	25	9	1	1	1	1	1	28	3	26	14	14	12	5	5	5	5	5	3	11	5	5	5	14	5	5	5	5	12	12	5	14	1	12	1	1	1	1	1	1	29	29	23	29	12	28	5	5	30	30	5	14	1	30	12	12
6540	5	5	5	14	27	27	4	14	5	5	2	6	3	3	4	9	1	1	1	1	1	28	7	26	3	14	5	5	5	5	5	5	4	11	5	5	15	15	5	5	15	15	15	15	3	7	25	25	1	1	23	29	23	23	23	23	29	29	18	31	4	15	31	31	5	5	5	31	29	29
6550	5	5	5	14	5	27	5	14	5	5	1	6	3	3	1	9	1	1	1	1	1	28	3	26	14	14	5	5	5	5	5	5	11	11	5	5	25	25	5	5	14	25	14	14	3	14	14	14	1	1	21	21	21	21	21	21	21	21	12	21	5	5	5	5	5	5	5	5	12	12
6560	23	5	5	14	3	27	14	14	5	5	2	6	29	3	1	9	1	1	1	1	1	28	10	26	5	14	5	5	5	5	5	5	4	11	5	5	5	15	5	5	5	5	5	5	5	24	5	5	1	1	12	12	1	12	1	1	29	29	10	31	3	14	3	3	13	23	4	22	10	10
6570	5	5	15	14	5	27	5	14	5	5	1	6	3	3	1	9	1	1	1	1	1	28	17	26	3	14	5	5	5	5	5	5	4	11	5	5	5	15	5	5	5	5	5	5	12	26	1	12	1	1	1	1	1	1	1	1	7	7	5	7	5	5	5	5	5	15	5	5	5	5
6580	15	5	5	14	26	27	5	14	5	5	1	6	4	3	4	9	1	1	1	1	15	28	6	26	5	14	5	5	5	5	5	5	3	11	5	5	5	14	5	5	5	5	5	5	5	20	5	5	12	23	1	12	9	1	9	9	9	9	1	9	5	5	7	31	3	15	4	7	9	9
6590	3	5	3	14	2	27	14	14	5	5	28	6	1	3	1	9	1	1	1	1	1	28	8	26	5	14	5	5	5	5	5	5	4	11	15	5	5	15	5	5	5	5	5	5	8	22	22	22	1	1	1	27	1	1	1	1	1	1	12	28	25	14	5	30	5	3	5	5	12	12
6600	5	5	14	14	27	27	5	14	5	5	1	6	3	3	9	9	1	1	1	1	1	28	3	26	14	14	5	5	5	5	5	5	11	11	5	5	15	25	5	5	5	15	5	5	3	14	14	14	1	1	7	21	3	7	18	18	18	18	1	18	5	5	28	27	3	14	6	31	6	6
6610	5	5	5	14	26	27	5	14	5	5	2	6	3	3	1	9	1	1	1	1	1	28	1	26	14	14	5	5	5	5	5	5	11	11	5	5	15	25	5	5	5	15	5	5	12	21	1	12	1	1	1	1	1	1	1	1	7	7	12	16	5	5	27	31	5	5	5	27	12	12
6620	5	5	3	14	12	27	5	14	5	5	3	6	3	3	1	9	1	1	1	1	31	28	17	26	5	14	5	5	5	5	5	5	11	11	5	5	14	25	5	5	5	14	5	5	5	28	5	5	31	31	31	31	31	31	31	31	31	31	1	31	5	5	5	12	15	14	3	15	7	7
6630	1	5	15	14	4	27	23	14	1	5	8	6	1	3	4	9	5	1	2	1	2	28	4	26	14	14	5	5	5	5	5	5	3	11	5	5	5	14	5	5	5	5	5	5	5	25	5	5	1	2	12	12	12	12	1	23	1	1	3	16	10	23	15	10	2	23	28	24	31	31
6640	5	5	22	14	28	27	5	14	5	5	2	6	1	3	1	9	1	1	1	1	20	28	3	26	14	14	5	5	5	5	5	5	4	11	5	5	15	15	5	5	5	15	5	5	5	14	5	5	13	20	2	13	6	6	6	6	6	6	4	6	5	5	4	28	4	22	4	4	4	4
6650	5	5	11	14	27	27	3	14	5	5	2	6	12	3	1	9	12	1	1	1	12	28	7	26	5	14	5	5	5	5	5	5	4	11	5	5	5	15	5	5	5	5	5	5	5	21	5	5	12	12	1	12	12	12	5	12	12	12	17	20	5	14	13	27	5	25	5	13	28	28
6660	5	5	22	14	26	27	25	14	5	5	2	6	3	3	4	9	1	1	1	1	12	28	18	26	5	14	5	5	5	5	5	5	4	11	5	5	5	15	5	5	5	5	5	5	25	29	25	25	5	12	15	25	23	23	9	23	18	18	28	26	5	25	27	31	2	22	2	27	28	28
6670	5	5	22	14	1	27	3	14	1	5	1	6	1	3	1	9	1	1	1	1	2	28	31	26	4	14	5	5	5	5	5	5	11	11	5	5	5	25	5	5	5	5	5	5	5	31	5	5	6	6	1	20	1	1	1	1	1	1	11	1	7	7	3	7	14	22	5	14	25	25
6680	5	5	3	14	27	27	5	14	5	5	5	6	1	3	1	9	1	1	1	1	7	28	30	26	3	14	5	5	5	5	5	5	3	11	5	5	5	14	5	5	5	5	5	5	5	30	5	5	12	7	1	12	1	1	1	1	6	1	4	20	5	5	28	27	3	14	4	31	4	4
6690	5	5	5	14	5	27	5	14	5	5	1	6	3	3	1	9	1	1	1	1	1	28	23	26	5	14	5	5	5	5	5	5	3	11	5	5	5	14	5	5	5	5	5	5	5	23	5	5	1	1	1	12	1	1	20	1	26	27	4	26	5	5	14	5	5	5	12	14	23	23
6700	5	5	5	14	20	27	14	14	5	5	12	6	5	3	1	9	1	1	1	1	12	28	3	26	14	14	5	5	5	5	5	5	4	11	5	5	5	15	5	5	5	5	5	5	5	14	5	5	12	12	12	12	12	12	5	12	5	5	12	12	3	14	27	27	5	5	4	27	23	23
6710	5	5	5	14	27	27	5	14	5	5	1	6	3	3	1	9	1	1	1	1	6	28	4	26	5	14	5	5	5	5	5	5	11	11	5	5	14	25	5	5	5	14	5	5	15	15	15	15	2	6	24	24	24	28	24	28	30	30	5	31	5	5	27	27	4	5	22	31	22	22
6720	3	5	3	14	5	27	5	14	21	5	13	6	3	3	1	9	1	1	1	1	12	28	3	26	14	14	5	5	5	5	5	5	4	11	5	5	5	15	5	5	5	5	5	5	5	14	5	5	12	12	1	12	1	1	1	1	3	7	12	22	5	21	5	5	16	3	2	27	20	20
6730	11	5	5	14	12	27	5	14	5	5	1	6	1	3	1	9	1	1	1	1	5	28	3	26	5	14	5	5	5	5	5	5	3	11	14	5	5	14	5	5	5	5	5	5	5	14	5	5	12	12	1	12	1	1	1	1	1	1	4	1	5	5	1	12	25	25	10	29	10	10
6740	5	5	5	14	21	27	5	14	5	5	2	6	3	3	9	9	1	1	1	1	1	28	31	26	5	14	5	5	5	5	5	5	15	11	5	5	5	15	5	5	5	5	5	5	29	31	12	29	1	1	1	12	1	1	9	9	29	18	17	31	5	5	3	21	14	5	3	14	26	26
6750	5	5	5	14	5	27	5	14	5	5	4	6	15	3	1	9	1	1	1	1	6	28	23	26	5	14	5	5	5	5	5	5	4	11	15	5	5	15	5	5	5	5	5	5	12	23	12	12	1	6	1	12	1	1	1	1	23	23	6	23	5	5	5	5	5	5	4	5	17	17
6760	5	5	5	14	5	27	5	14	5	5	2	6	25	3	1	9	1	1	12	1	1	28	3	26	21	14	5	5	5	5	5	5	11	11	5	5	5	25	5	5	5	5	5	5	12	21	1	12	1	12	1	1	1	1	1	1	29	29	5	31	5	5	5	5	5	5	5	5	5	5
6770	5	5	5	14	26	27	5	14	5	5	2	6	3	3	1	9	1	1	1	1	1	28	26	26	5	14	5	5	5	5	5	5	5	11	5	5	5	5	5	5	5	5	5	5	31	31	31	31	1	1	31	31	31	31	31	31	31	31	23	31	5	5	26	31	5	5	1	31	23	23
6780	5	5	5	14	22	27	5	14	5	5	1	6	3	3	1	9	1	1	1	1	12	28	2	26	5	14	5	5	5	5	5	5	3	11	5	5	5	14	5	5	5	5	5	5	5	13	5	5	12	12	1	12	1	1	1	1	7	7	9	7	5	5	14	22	5	5	3	14	18	18
6790	5	5	5	14	21	27	5	14	5	5	2	6	3	3	1	9	1	1	1	1	1	28	16	26	5	14	5	5	5	5	5	5	3	11	5	5	5	14	5	5	5	5	5	5	12	27	12	12	1	1	1	12	1	1	1	1	7	7	4	16	5	5	31	21	5	5	25	31	25	25
6800	5	5	5	14	31	27	5	14	5	5	28	6	1	3	1	9	1	1	1	1	5	28	3	26	14	14	5	5	5	5	5	5	3	11	5	5	5	14	5	5	5	5	5	5	5	14	5	5	12	12	1	12	1	1	1	1	1	1	3	28	5	5	21	31	1	5	2	21	8	8
6810	5	5	3	14	12	27	5	14	5	5	20	6	3	3	1	9	1	1	1	1	12	28	8	26	5	14	5	5	5	5	5	5	11	11	5	5	5	25	5	5	5	5	5	5	5	22	5	5	12	12	1	12	1	1	9	1	3	18	1	27	5	5	9	12	3	14	14	18	21	21
6820	5	5	1	14	14	27	14	14	5	5	1	6	3	3	1	9	1	1	1	1	1	28	16	26	5	14	5	5	5	5	5	5	3	11	5	5	5	14	5	5	5	5	5	5	20	27	12	20	1	1	1	12	1	1	1	1	7	7	14	7	5	14	13	14	5	12	1	13	21	21
6830	5	5	12	14	26	27	5	14	5	5	6	6	1	3	1	9	1	1	1	1	1	28	26	26	5	14	5	5	5	5	5	5	3	11	5	5	5	14	5	5	5	5	5	5	16	31	7	27	1	1	1	7	1	1	1	1	1	1	3	6	5	5	19	31	1	12	30	26	30	30
6840	5	5	5	14	24	27	5	14	5	5	2	6	3	3	1	9	4	1	1	1	23	28	3	26	14	14	5	5	5	5	5	5	4	11	5	5	5	15	5	5	5	5	5	5	5	14	5	5	23	23	23	23	23	23	9	23	18	18	27	26	5	5	10	24	2	5	4	10	31	31
6850	5	5	14	14	10	27	5	14	5	5	5	6	7	3	1	9	1	1	1	1	12	28	7	26	3	14	5	5	5	5	5	5	11	11	5	5	5	25	5	5	5	5	5	5	5	7	5	5	12	12	1	12	1	1	1	1	18	7	2	29	5	5	28	24	3	14	15	31	24	24
6860	5	5	30	14	2	27	5	14	5	5	2	6	7	3	4	9	1	1	1	1	1	28	17	26	5	14	5	5	5	5	5	5	3	11	5	5	5	14	5	5	5	5	5	5	1	28	12	12	1	1	12	12	12	12	4	23	18	18	5	26	5	5	20	13	4	30	19	28	30	30
6870	5	5	5	14	21	27	22	14	5	5	1	6	1	3	1	9	1	1	1	1	1	28	20	26	3	14	5	5	5	5	5	5	3	11	5	5	5	14	5	5	5	5	5	5	12	27	1	12	1	1	1	1	1	1	1	1	1	1	5	1	3	22	7	21	5	5	15	21	15	15
6880	5	5	5	14	5	27	5	14	5	5	2	6	4	3	9	9	1	1	1	1	1	28	9	26	5	14	5	5	5	5	5	5	3	11	5	5	5	14	5	5	5	5	5	5	12	23	12	12	1	1	1	12	1	1	4	9	4	4	30	10	5	5	5	5	12	5	4	12	30	30
6890	5	5	14	14	22	27	5	14	5	5	1	6	3	3	1	9	1	1	1	1	1	28	31	26	5	14	5	5	5	5	5	5	14	11	5	5	5	14	5	5	5	5	5	5	26	31	31	31	1	1	24	31	28	28	20	28	31	27	1	31	5	5	5	22	5	14	8	5	16	16
6900	5	5	5	14	3	27	3	14	5	5	2	6	3	3	9	9	1	1	1	1	1	28	22	26	5	14	5	5	5	5	5	5	11	11	5	5	5	25	5	5	5	5	5	5	5	22	1	5	1	1	1	1	1	1	9	9	18	18	1	26	3	14	3	3	14	5	8	14	16	16
6910	5	5	5	14	17	27	5	14	5	5	4	6	3	3	5	9	1	1	1	1	1	28	3	26	14	14	5	5	15	5	5	5	4	11	5	5	5	15	5	15	5	5	5	5	5	14	5	5	1	1	12	12	12	12	21	12	21	21	12	29	5	5	24	28	4	5	1	24	12	12
6920	5	5	3	14	2	27	3	14	5	5	1	6	16	3	1	9	7	1	1	1	1	28	7	26	3	14	5	5	5	5	5	5	11	11	5	5	8	25	5	5	5	22	1	5	1	7	1	1	1	1	1	1	7	7	3	7	1	16	2	1	5	14	5	13	15	14	20	15	20	20
6930	5	5	14	14	28	27	29	14	5	5	1	6	3	3	10	9	1	1	1	1	1	28	7	26	3	14	5	5	5	5	5	5	3	11	5	5	5	14	5	5	5	5	5	5	7	7	1	21	1	1	1	1	1	1	10	17	19	19	29	26	3	29	16	31	5	14	1	27	29	29
6940	5	5	5	14	14	27	14	14	5	5	1	6	3	3	1	9	1	1	1	1	13	28	9	26	5	14	5	5	5	5	5	5	11	11	5	5	5	25	5	5	5	5	5	5	5	23	5	5	12	20	1	12	1	1	1	1	7	7	3	7	3	14	5	14	14	5	15	14	25	25
6950	5	5	5	14	22	27	21	14	5	5	1	6	3	3	1	9	1	1	1	1	20	28	26	26	5	14	5	5	5	5	5	5	15	11	5	5	5	15	5	5	5	5	5	5	5	31	5	5	20	20	1	20	1	1	1	1	7	7	3	7	3	21	19	22	4	5	24	19	30	30
6960	15	5	5	14	28	27	5	14	5	5	3	6	3	3	1	9	1	1	4	1	4	28	19	26	5	14	5	5	5	5	5	5	3	11	5	5	14	14	5	5	5	14	5	5	30	30	25	30	4	4	30	25	27	31	31	27	27	31	24	27	5	5	9	28	1	15	1	9	28	28
6970	5	5	5	14	8	27	5	14	5	5	16	6	3	3	1	9	7	1	1	1	1	28	16	26	3	14	5	5	5	5	5	5	3	11	5	5	14	14	5	5	5	14	5	5	1	16	12	12	1	1	1	12	7	7	3	7	3	3	3	16	5	5	2	22	2	5	28	2	31	31
6980	3	5	3	14	31	27	5	14	5	5	5	6	1	3	3	9	1	1	1	1	1	28	26	26	5	14	5	5	5	5	5	5	11	11	5	5	15	25	5	5	5	15	5	5	31	31	31	31	1	1	25	31	18	29	9	18	9	9	4	23	1	5	15	31	5	3	23	15	23	23
6990	5	5	5	14	1	27	5	14	5	5	1	6	3	3	7	9	1	1	1	1	1	28	7	26	3	14	5	5	5	5	5	5	11	11	5	5	5	25	5	5	5	5	5	5	1	7	12	12	1	1	1	12	1	1	7	7	7	7	1	7	5	5	9	12	5	5	17	23	17	17
7000	5	5	5	14	3	27	14	14	5	5	2	6	3	3	1	9	1	1	1	1	20	28	19	26	5	14	5	5	5	5	5	5	4	11	5	5	5	15	5	5	5	5	5	5	5	30	5	5	12	20	1	12	1	1	1	1	7	7	16	16	14	14	5	14	5	5	5	5	27	27
7010	5	5	5	14	21	27	5	14	5	5	2	6	3	3	9	9	1	1	1	1	1	28	16	26	3	14	5	5	5	5	5	5	4	11	5	5	5	15	5	5	5	5	5	5	1	16	1	12	1	1	1	1	1	1	9	9	11	18	2	19	5	5	13	21	5	5	10	13	10	10
7020	5	5	15	14	21	27	5	14	5	5	1	6	1	3	1	9	1	1	1	1	1	28	31	26	3	14	5	5	5	5	5	5	3	11	5	5	5	14	5	5	5	5	5	5	20	31	6	20	1	1	1	6	1	1	1	1	1	1	9	1	5	5	9	21	4	15	1	9	9	9
7030	5	5	13	14	30	27	5	14	5	5	2	6	3	3	1	9	1	1	1	1	12	28	3	26	14	14	5	5	5	5	5	5	4	11	5	5	5	15	5	5	5	5	5	5	5	14	5	5	12	12	12	12	12	12	12	12	29	21	10	31	5	5	2	30	14	13	5	22	24	24
7040	5	5	3	14	3	27	14	14	5	5	17	6	5	3	12	9	4	1	1	1	1	28	26	26	5	14	5	5	5	5	5	5	18	11	5	5	1	29	5	5	5	12	5	5	12	31	12	12	1	1	1	12	1	9	5	12	5	5	5	28	3	14	3	3	13	14	7	22	21	21
7050	5	5	2	14	4	27	5	14	5	5	2	6	2	3	6	9	5	1	1	1	12	28	8	26	5	14	5	5	5	5	5	5	4	11	5	5	5	15	5	5	5	5	5	5	5	22	5	5	23	12	5	23	5	5	2	20	2	2	5	2	5	5	7	15	2	13	24	16	24	24
7060	5	5	5	14	24	27	14	14	5	5	2	6	3	3	4	9	1	1	1	1	1	28	16	26	3	14	5	5	5	5	5	5	11	11	5	5	5	25	5	5	5	5	5	5	7	16	21	21	1	1	21	21	21	21	21	29	21	21	3	27	3	14	13	30	5	5	5	13	14	14
7070	5	5	14	14	6	27	5	14	5	5	5	6	5	3	4	9	3	1	4	1	4	28	11	26	3	14	5	5	5	5	5	5	11	11	5	5	5	25	5	5	5	5	5	5	11	11	30	25	4	4	19	30	10	19	5	10	5	5	16	5	5	5	8	20	2	14	5	8	27	27
7080	5	5	14	14	16	27	5	14	5	5	7	6	1	3	1	9	1	1	1	1	6	28	9	26	5	14	12	5	5	5	5	5	4	11	5	5	5	15	5	5	5	5	1	12	1	23	1	1	1	6	1	1	1	1	1	1	1	1	9	7	5	5	6	27	5	14	2	20	17	17
7090	5	5	3	14	29	27	5	14	5	5	1	6	4	3	5	9	1	1	1	1	1	28	17	26	5	14	5	5	5	5	5	5	11	11	5	5	5	25	5	5	5	5	5	5	23	28	1	23	1	1	1	1	1	1	5	12	15	15	1	23	5	5	14	29	5	14	30	14	31	31
7100	5	5	5	14	5	27	5	14	5	5	17	6	3	3	1	9	1	1	1	1	12	28	2	26	5	14	5	5	5	5	5	5	4	11	5	5	5	15	5	5	5	5	5	5	5	13	5	5	12	12	1	12	1	1	1	1	1	7	2	17	5	5	3	5	25	5	20	25	20	20
7110	5	5	8	14	2	27	30	14	1	5	16	6	3	3	1	9	1	1	1	1	4	28	31	26	5	14	5	5	5	5	5	5	5	11	5	5	5	5	5	5	5	5	5	5	14	31	3	14	9	9	1	18	1	1	1	1	3	7	29	16	15	31	3	24	29	22	3	29	29	29
7120	5	5	5	14	3	27	21	14	5	5	1	6	5	3	2	9	9	1	1	1	11	28	3	26	14	14	5	5	5	5	5	5	5	11	5	5	5	5	5	5	5	5	5	5	5	14	5	5	7	18	3	21	7	18	16	16	27	27	3	27	3	21	3	3	5	5	2	14	8	8
7130	5	5	5	14	31	27	14	14	5	5	1	6	3	3	9	9	1	1	1	1	5	28	19	26	3	14	5	5	5	5	5	5	4	11	5	5	5	15	5	5	5	5	5	5	2	19	5	13	12	12	1	12	1	1	1	9	7	7	15	7	3	14	15	31	5	5	3	15	25	25
7140	4	5	27	14	31	27	15	14	5	5	1	6	7	3	1	9	1	1	1	1	1	28	31	26	3	14	5	5	5	5	5	5	5	11	5	5	5	5	5	5	5	5	5	5	12	31	12	12	1	1	1	12	1	1	1	1	1	7	25	1	5	15	27	31	4	31	2	31	30	30
7150	5	5	5	14	7	27	12	14	5	5	2	6	3	3	7	9	1	1	1	1	5	28	3	26	14	14	5	5	5	5	5	5	3	11	5	5	5	14	5	5	5	5	5	5	5	14	5	5	12	12	1	12	1	1	29	7	29	29	2	31	5	12	8	21	5	5	4	22	10	10
7160	2	5	19	14	2	27	24	14	5	5	1	6	1	3	1	9	1	1	1	1	12	28	7	26	3	14	5	5	5	5	5	5	4	11	5	5	5	15	5	5	5	5	5	5	1	7	1	12	1	12	1	1	1	1	1	1	1	1	25	1	2	24	2	2	10	19	4	10	25	25
7170	2	5	14	14	25	27	5	14	5	5	4	6	3	3	30	9	5	1	1	1	1	28	17	26	4	14	5	5	5	5	5	5	5	11	5	5	5	5	5	5	5	5	5	5	5	17	5	5	1	1	12	12	5	12	18	30	18	18	1	18	5	5	5	25	5	22	16	5	16	16
7180	5	5	5	14	3	27	5	14	5	5	2	6	7	3	1	9	1	1	1	1	1	28	16	26	5	14	5	5	5	5	5	5	4	11	5	5	5	15	5	5	5	5	5	5	12	27	1	12	1	1	1	1	1	1	1	1	7	7	9	16	8	5	3	8	5	5	4	14	9	9
7190	10	5	3	14	1	27	3	14	3	5	26	6	10	3	5	9	1	1	5	1	5	28	4	26	14	14	5	5	5	5	5	5	3	11	12	5	5	21	5	5	5	5	5	5	5	25	5	5	5	5	12	5	5	12	5	5	5	24	1	31	30	3	25	31	2	19	10	30	17	17
7200	12	5	5	14	5	27	4	14	1	5	3	6	14	3	4	9	1	1	1	1	1	28	17	26	5	14	12	5	5	5	5	5	4	11	5	5	5	15	5	5	5	5	1	12	1	28	1	1	1	1	1	1	1	1	1	9	29	21	2	29	28	9	20	28	4	12	26	28	26	26
7210	12	5	5	14	1	27	14	14	5	5	31	6	1	3	1	9	1	1	1	1	1	28	18	26	3	14	5	5	5	5	5	5	3	11	5	5	5	14	5	5	5	5	13	5	2	18	13	13	1	1	1	20	1	1	1	1	1	1	28	31	3	14	25	7	1	12	2	29	28	28
7220	5	5	3	14	12	27	5	14	5	5	2	6	3	3	4	9	1	1	1	1	1	28	26	26	3	14	5	5	5	5	5	5	3	11	5	5	5	14	5	5	5	5	5	5	26	26	27	31	1	1	27	27	27	27	19	31	19	19	4	19	5	5	1	12	14	14	6	21	17	17
7230	5	5	5	14	21	27	14	14	5	5	2	6	3	3	1	9	1	1	1	1	12	28	3	26	14	14	5	5	5	5	5	5	11	11	5	5	5	25	5	5	5	5	5	5	5	14	5	5	12	12	1	12	1	1	1	1	7	7	5	16	5	14	5	21	5	5	5	5	5	5
7240	5	5	5	14	5	27	5	14	5	5	2	6	3	3	23	9	1	1	1	1	1	28	6	26	5	14	5	5	5	5	5	5	3	11	5	5	5	14	5	5	5	5	5	5	20	20	1	20	1	1	1	1	1	1	28	23	30	31	5	30	5	5	5	5	5	5	5	5	5	5
7250	4	5	22	14	25	27	14	14	5	5	29	6	1	3	1	9	1	1	1	1	1	28	18	26	3	14	5	5	5	5	5	5	11	11	5	5	5	25	5	5	5	5	5	5	18	18	21	29	1	1	1	21	1	1	1	1	1	1	19	29	3	14	3	25	14	30	3	14	19	19
7260	5	5	5	14	29	27	5	14	5	5	2	6	25	3	1	9	1	1	1	1	1	28	18	26	5	14	5	5	5	5	5	5	3	11	5	5	5	14	5	5	5	5	5	5	5	29	5	5	1	1	1	12	1	1	1	1	29	29	11	31	5	5	1	29	2	5	4	6	11	11
7270	5	5	5	14	5	27	14	14	5	5	1	6	3	3	1	9	1	1	1	1	17	28	3	26	14	14	5	5	5	5	5	5	4	11	5	5	5	15	5	5	5	5	5	5	5	14	5	5	17	17	28	28	28	28	24	28	30	30	9	31	5	14	5	5	5	5	5	5	23	23
7280	5	5	5	14	2	27	2	14	2	5	1	6	11	3	1	9	1	1	5	1	5	28	3	26	14	14	5	5	5	5	25	5	5	11	5	5	5	5	14	25	5	14	5	5	5	14	5	5	5	5	5	5	12	12	5	12	30	25	4	31	2	2	4	2	15	5	4	15	4	4
7290	5	5	11	14	1	27	5	14	5	5	1	6	2	3	2	9	1	1	1	1	25	28	18	26	3	14	5	5	5	5	5	5	5	11	5	5	5	5	5	5	5	5	5	5	23	18	4	23	25	29	11	25	9	18	8	17	8	8	5	16	14	5	3	21	2	25	5	8	5	5
7300	5	5	14	14	12	27	5	14	5	5	1	6	1	3	1	9	1	1	1	1	1	28	26	26	3	14	5	5	5	5	5	5	3	11	5	5	5	14	5	5	5	5	5	5	17	26	23	28	1	1	1	23	1	1	1	1	1	1	1	1	5	5	1	12	25	14	12	29	12	12
7310	5	5	5	14	6	27	5	14	5	5	6	6	1	3	4	9	1	1	1	1	1	28	18	26	3	14	5	5	5	5	5	5	3	11	5	5	14	14	5	5	14	14	3	14	18	18	7	18	1	1	1	7	1	1	1	9	1	1	5	6	5	5	27	20	5	5	5	27	5	5
7320	5	5	14	14	14	27	5	14	5	5	2	6	3	3	1	9	1	1	1	1	1	28	17	26	5	14	5	5	5	5	5	5	11	11	5	5	14	25	5	5	14	14	5	14	20	28	1	20	1	1	1	1	1	1	1	1	7	7	3	16	5	5	5	14	14	14	5	14	14	14
7330	5	5	5	14	16	27	5	14	5	5	2	6	25	3	1	9	1	1	1	1	1	28	18	26	5	14	5	5	5	5	5	5	4	11	5	5	5	15	5	5	5	5	5	5	12	29	12	12	1	1	1	12	1	1	1	1	29	29	15	31	5	5	24	27	5	5	5	24	15	15
7340	5	5	5	14	12	27	5	14	5	5	23	6	1	3	1	9	1	1	1	1	1	28	1	26	14	14	5	5	5	5	5	5	5	11	5	5	5	5	5	5	5	5	5	5	12	21	1	12	1	1	1	1	1	1	1	1	1	1	12	23	5	5	5	12	5	5	4	5	23	23
7350	5	5	5	14	20	27	5	14	5	5	6	6	1	3	1	9	1	1	1	1	21	28	3	26	14	14	5	5	5	5	5	5	11	11	5	5	5	25	5	5	5	5	5	5	5	14	5	5	12	21	1	12	1	1	1	1	1	1	31	6	5	5	6	20	5	5	1	20	31	31
7360	2	5	7	14	13	27	9	14	4	5	1	6	5	3	1	9	1	1	1	1	1	28	17	26	5	14	5	5	5	5	5	5	4	11	5	5	5	15	5	5	5	5	5	5	20	28	1	20	1	1	1	1	1	1	12	1	1	12	4	1	1	9	2	20	16	16	4	16	4	4
7370	5	5	14	14	27	27	14	14	5	5	2	6	6	3	1	9	1	1	1	1	1	28	26	26	3	14	5	5	5	5	5	5	4	11	5	5	5	15	5	5	5	5	5	5	3	26	14	14	1	1	1	21	1	1	1	1	6	6	1	6	5	14	15	27	5	14	1	15	1	1
7380	5	5	13	14	22	27	14	14	5	5	3	6	1	3	1	9	1	1	1	1	1	28	18	26	5	14	5	5	5	5	5	5	2	11	5	5	5	13	5	5	5	5	1	5	1	29	1	1	1	1	1	1	1	1	1	1	9	1	4	18	5	14	3	22	3	13	4	3	4	4
7390	5	5	5	14	31	27	5	14	5	5	1	6	3	3	1	9	1	1	1	1	17	28	3	26	14	14	5	5	5	5	5	5	4	11	5	5	5	15	5	5	5	5	5	5	5	14	5	5	17	17	28	28	28	28	28	28	31	31	5	31	5	5	17	31	5	5	5	28	5	5
7400	5	5	22	14	5	27	3	14	5	5	15	6	1	3	1	9	1	1	1	1	13	28	2	26	5	14	5	5	5	5	5	5	4	11	5	5	5	15	5	5	5	5	5	5	5	13	5	5	12	20	1	12	1	1	1	1	1	1	2	23	5	14	5	5	30	22	23	30	28	28
7410	4	5	4	14	12	27	5	14	5	5	1	6	1	3	1	9	1	1	1	1	1	28	28	26	3	14	5	5	5	5	5	5	3	11	5	5	5	14	5	5	5	5	5	5	12	31	1	12	1	1	1	1	1	1	18	1	7	18	4	7	1	5	5	12	2	4	4	13	4	4
7420	2	5	5	14	4	27	5	14	14	5	5	6	5	3	5	9	1	1	5	1	20	28	5	26	5	14	5	5	5	5	5	5	5	11	5	5	5	5	5	5	5	5	5	5	5	5	5	5	1	20	12	12	5	12	5	5	5	5	4	5	15	14	3	15	29	13	11	29	11	11
7430	15	5	5	14	5	27	5	14	5	5	2	6	3	3	1	9	1	1	1	1	9	28	7	26	5	14	5	5	5	5	5	5	4	11	5	5	15	15	5	5	15	15	5	15	5	21	5	5	1	9	1	12	1	1	1	1	7	7	13	16	5	5	5	5	5	15	5	5	13	13
7440	5	5	14	14	5	27	14	14	5	5	2	6	3	3	1	9	1	1	1	1	1	28	26	26	5	14	5	5	5	5	5	5	11	11	5	5	5	25	5	5	5	5	5	5	20	31	20	20	1	1	12	20	12	12	1	12	7	7	16	16	5	14	23	5	3	14	5	29	27	27
7450	5	5	14	14	27	27	5	14	5	5	2	6	3	3	9	9	1	1	1	1	28	28	3	26	14	14	5	5	5	5	5	5	3	11	5	5	5	14	5	5	5	5	5	5	5	14	5	5	28	28	1	28	1	1	9	9	18	18	16	26	5	5	23	27	5	14	4	23	26	26
7460	5	5	5	14	20	27	5	14	5	5	1	6	1	3	1	9	1	1	1	1	1	28	1	26	5	14	5	5	5	5	5	5	11	11	5	5	5	25	5	5	5	5	5	5	12	12	1	12	1	1	1	1	1	1	1	1	1	1	18	1	5	5	4	20	14	5	3	25	18	18
7470	20	5	3	14	30	27	5	14	5	5	2	6	3	3	1	9	1	1	1	1	1	28	26	26	5	14	5	5	5	5	5	5	11	11	5	5	5	25	5	5	5	5	5	5	31	31	28	31	1	1	28	28	28	28	20	28	27	27	23	27	5	5	30	30	1	27	5	31	23	23
7480	5	5	5	14	16	27	5	14	5	5	2	6	3	3	1	9	1	1	1	1	17	28	26	26	5	14	5	5	5	5	5	5	4	11	5	5	5	15	5	5	5	5	5	5	12	31	1	12	6	17	1	6	1	1	1	1	7	7	1	16	5	5	27	27	5	5	27	27	27	27
7490	5	5	27	14	5	27	30	14	5	5	13	6	1	3	1	9	1	1	1	1	1	28	7	26	3	14	5	5	5	5	5	5	4	11	5	5	5	15	5	5	5	5	12	5	1	7	1	12	1	1	1	1	1	1	1	1	1	1	1	20	5	30	5	5	27	27	25	27	29	29
7500	5	5	15	14	28	27	5	14	5	5	1	6	7	3	1	9	1	1	1	1	1	28	17	26	5	14	5	5	5	5	5	5	4	11	5	5	5	15	5	5	5	5	5	5	12	28	12	12	1	1	1	12	1	1	1	1	7	7	3	7	5	5	2	28	13	15	14	13	14	14
7510	5	5	5	14	8	27	14	14	5	5	1	6	3	3	4	9	1	1	1	1	1	28	26	26	5	14	5	5	5	5	5	5	3	11	5	5	5	14	5	5	5	5	5	5	26	31	31	31	1	1	31	31	26	31	18	26	18	18	25	18	3	14	3	8	31	5	5	31	25	25
7520	5	5	14	14	2	27	5	14	5	5	1	6	3	3	1	9	1	1	1	1	1	28	26	26	5	14	5	5	5	5	5	5	3	11	5	5	5	14	5	5	5	5	5	5	7	31	1	21	1	1	1	1	1	1	1	1	7	7	28	7	2	5	4	2	13	14	1	24	28	28
7530	5	5	14	14	1	27	5	14	5	5	2	6	4	3	1	9	1	1	1	1	20	28	26	26	5	14	5	5	5	5	5	5	4	11	5	5	5	15	5	5	5	5	5	5	31	31	29	31	2	20	31	31	31	31	31	31	31	31	5	31	13	5	22	20	5	14	3	22	14	14
7540	5	5	7	14	7	27	14	14	5	5	1	6	25	3	1	9	1	1	1	1	23	28	3	26	14	14	5	5	5	5	5	5	5	11	5	5	5	5	5	5	5	5	5	5	5	14	5	5	21	23	21	21	12	21	5	12	25	25	18	29	3	14	1	7	27	21	3	27	18	18
7550	5	5	15	14	1	27	1	14	31	5	27	6	2	3	5	9	5	1	2	1	12	28	2	26	14	14	5	5	5	5	5	5	14	11	5	5	5	14	5	5	5	5	5	5	5	22	5	5	5	20	5	5	5	5	5	5	2	13	17	27	1	31	1	1	1	15	2	1	17	17
7560	3	5	14	14	20	27	5	14	5	5	2	6	3	3	1	9	1	1	1	1	12	28	7	26	3	14	5	5	5	5	5	5	5	11	5	5	5	5	5	5	5	5	5	5	5	7	5	5	12	12	1	12	1	1	1	1	7	7	20	16	5	5	16	20	3	14	4	16	28	28
7570	5	5	5	14	16	27	14	14	5	5	1	6	3	3	4	9	1	1	1	1	1	28	26	26	3	14	5	5	5	5	5	5	4	11	5	5	5	15	5	5	5	5	5	5	26	26	31	31	1	1	31	31	31	31	31	31	31	31	30	31	5	14	2	27	5	5	5	13	30	30
7580	5	5	5	14	14	27	3	14	14	5	2	6	3	3	1	9	1	1	1	1	1	28	19	26	5	14	5	5	5	5	5	5	4	11	5	5	5	15	5	5	5	5	5	5	31	30	31	31	1	1	30	31	30	31	31	31	31	31	2	31	5	14	5	14	5	5	2	5	2	2
7590	5	5	5	14	5	27	5	14	5	5	30	6	1	3	1	9	1	1	1	1	13	28	18	26	3	14	5	5	5	5	5	5	8	11	5	5	5	22	5	5	5	5	5	5	6	18	5	20	20	20	1	20	1	1	1	1	1	1	18	31	5	5	6	5	1	5	4	6	18	18
7600	5	5	5	14	30	27	5	14	5	5	27	6	3	3	3	9	5	1	5	1	5	28	14	26	3	14	5	5	5	5	5	5	11	11	5	5	5	25	5	5	5	5	5	5	5	14	5	5	5	5	15	5	15	15	3	25	3	3	3	27	5	5	3	30	16	5	3	16	3	3
7610	5	5	5	14	12	27	5	14	5	5	1	6	3	3	1	9	1	1	1	1	1	28	26	26	5	14	5	5	5	5	5	5	4	11	5	5	5	15	5	5	5	5	5	5	1	31	1	12	1	1	1	1	1	1	1	1	7	7	15	7	5	5	1	12	12	5	1	12	23	23
7620	5	5	14	14	23	27	5	14	5	5	1	6	1	3	1	9	1	1	1	1	1	28	24	26	5	14	5	5	5	5	5	5	4	11	5	5	5	15	5	5	5	5	5	5	15	24	4	15	1	1	1	9	1	1	1	1	1	1	2	1	3	5	22	29	1	14	25	27	30	30
7630	5	5	5	14	5	27	5	14	5	5	2	6	8	3	1	9	1	1	1	1	10	28	19	26	5	14	5	5	5	5	5	5	10	11	5	5	5	24	5	5	5	5	5	5	15	30	15	15	4	17	5	15	1	12	1	1	16	16	26	16	14	5	30	14	5	5	4	30	26	26
7640	5	5	12	14	5	27	14	14	5	5	2	6	1	3	3	9	1	1	1	1	23	28	3	26	14	14	5	5	5	5	5	5	11	11	5	5	14	25	5	5	14	14	3	14	14	14	5	14	28	23	28	28	28	28	27	31	27	27	11	27	5	14	5	5	5	12	2	5	19	19
7650	1	5	31	14	3	27	5	14	5	5	1	6	1	3	1	9	1	1	1	1	1	28	4	26	14	14	5	5	5	5	5	5	5	11	5	5	5	5	5	5	5	5	5	5	5	25	5	5	1	1	1	12	1	1	1	1	1	1	29	1	14	5	4	14	28	31	2	28	31	31
7660	5	5	14	14	7	27	5	14	5	5	1	6	3	3	10	9	1	1	1	1	6	28	7	26	3	14	5	5	5	5	5	5	3	11	5	5	5	14	5	5	5	5	5	5	1	7	1	12	1	6	1	1	1	1	15	17	25	25	23	29	5	5	5	21	5	14	5	5	23	23
7670	5	5	14	14	8	27	5	14	5	5	6	6	3	3	9	9	1	1	1	1	1	28	26	26	5	14	5	5	5	5	5	5	3	11	5	5	5	14	5	5	5	5	5	5	20	31	12	20	1	1	1	12	1	1	4	9	4	11	1	17	5	5	5	22	30	14	22	30	27	27
7680	5	5	11	14	26	27	5	14	5	5	4	6	3	3	1	9	1	1	1	1	1	28	1	26	25	14	5	5	5	5	5	5	11	11	5	5	5	25	5	5	5	5	5	5	12	29	1	12	1	1	1	1	1	1	1	1	7	7	4	18	5	5	11	31	3	25	2	11	10	10
7690	5	5	5	14	21	27	5	14	5	5	28	6	3	3	11	9	1	1	1	1	1	28	26	26	3	14	5	5	5	5	5	5	4	11	5	5	5	15	5	5	5	5	5	5	7	26	1	21	1	1	1	1	1	1	3	18	3	3	4	31	5	5	7	21	5	5	7	21	18	18
7700	5	5	5	14	12	27	14	14	5	5	1	6	9	3	1	9	1	1	1	1	1	28	26	26	5	14	5	5	5	5	5	5	3	11	14	5	5	14	5	5	5	5	5	5	20	31	1	20	1	1	1	1	1	1	1	1	1	9	1	1	1	14	4	12	15	5	28	15	28	28
7710	3	5	21	14	26	27	5	14	5	5	5	6	3	3	23	9	1	1	1	1	5	28	4	26	14	14	5	5	5	5	5	5	25	11	5	5	5	25	5	5	5	5	5	5	5	25	5	5	12	12	12	12	1	12	29	23	18	29	3	29	5	5	1	31	12	21	1	12	7	7
7720	5	5	14	14	1	27	5	14	5	5	2	6	1	3	3	9	7	1	5	1	5	28	26	26	3	14	5	5	5	5	5	5	3	11	5	5	5	14	5	5	5	5	5	5	5	26	5	5	5	5	1	5	7	7	1	7	1	1	2	6	14	5	5	21	8	14	4	22	10	10
7730	5	5	5	14	31	27	14	14	5	5	2	6	3	3	1	9	1	1	1	1	1	28	2	26	14	14	5	5	5	5	5	5	14	11	5	5	5	14	5	5	5	5	5	5	22	22	22	22	1	1	21	27	21	21	21	21	21	21	3	27	5	14	26	31	5	5	6	31	16	16
7740	13	5	5	14	2	27	3	14	12	5	2	6	3	3	16	9	1	1	1	1	12	28	2	26	14	14	5	5	5	5	5	5	3	11	14	5	5	14	5	5	5	5	5	5	21	22	1	21	1	12	1	1	1	1	3	16	3	3	4	8	3	21	3	8	14	13	23	14	23	23
7750	5	5	5	14	5	27	5	14	5	5	2	6	3	3	4	9	1	1	1	1	1	28	26	26	3	14	5	5	5	5	5	5	11	11	5	5	5	25	5	5	5	5	5	5	26	26	31	31	1	1	22	31	27	27	29	31	21	29	11	27	5	5	5	5	4	5	1	15	18	18
7760	5	5	5	14	12	27	5	14	5	5	1	6	3	3	1	9	1	1	1	1	24	28	3	26	14	14	5	5	5	5	5	5	11	11	5	5	5	25	5	5	5	5	5	5	5	14	5	5	28	28	28	28	28	28	28	28	31	31	3	31	5	5	5	12	14	5	3	14	3	3
7770	15	5	5	14	20	27	5	14	5	5	9	6	1	3	1	9	1	1	1	1	1	28	26	26	5	14	5	5	5	5	5	5	3	11	5	5	5	14	5	5	5	5	5	5	12	31	1	12	1	1	1	1	1	1	1	1	1	1	15	9	5	5	18	20	4	15	4	18	15	15
7780	5	5	5	14	7	27	5	14	5	5	1	6	9	3	9	9	1	1	1	1	1	28	3	26	21	14	5	5	5	5	5	5	11	11	5	5	5	25	5	5	5	5	5	5	12	21	12	12	1	1	12	12	1	12	4	9	9	9	3	9	5	5	20	21	5	5	16	20	16	16
7790	20	5	4	14	5	27	3	14	5	5	26	6	2	3	16	9	1	1	1	1	7	28	26	26	5	14	5	5	5	5	5	5	3	11	5	5	5	14	5	5	5	5	5	5	12	31	1	12	1	7	1	1	1	1	7	16	3	16	3	26	3	14	4	14	11	28	29	11	29	29
7800	5	5	5	14	23	27	5	14	5	5	5	6	3	3	4	9	1	1	1	1	1	28	7	26	5	14	5	5	5	5	5	5	3	11	5	5	5	14	5	5	5	5	5	5	21	21	21	21	1	1	12	21	12	12	23	23	30	29	2	30	5	5	5	23	15	5	6	15	6	6
7810	5	5	14	14	13	27	5	14	5	5	4	6	3	3	1	9	1	1	1	1	1	28	7	26	3	14	5	5	5	5	5	5	11	11	5	5	5	25	5	5	5	5	5	5	1	7	12	12	1	1	1	12	1	1	6	1	16	16	24	26	5	5	5	13	5	14	5	5	24	24
7820	5	5	5	14	5	27	5	14	5	5	1	6	1	3	1	9	1	1	1	1	6	28	1	26	14	14	5	5	5	5	5	5	4	11	5	5	5	15	5	5	5	5	5	5	12	21	1	12	1	6	1	1	1	1	1	1	1	1	1	1	5	5	5	5	5	5	12	5	12	12
7830	13	5	5	14	26	27	5	14	5	5	1	6	1	3	1	9	1	1	1	1	1	28	29	26	3	14	5	5	5	5	5	5	15	11	5	5	5	15	5	5	5	5	5	5	29	29	12	29	1	1	12	12	1	12	1	1	1	1	1	1	5	5	19	31	1	13	1	26	1	1
7840	5	5	5	14	13	27	5	14	5	5	2	6	11	3	1	9	1	1	1	1	1	28	31	26	3	14	5	5	5	5	5	5	3	11	5	5	5	14	5	5	5	5	5	5	5	31	5	5	1	1	1	12	1	1	1	1	18	18	1	26	5	5	6	13	5	5	16	20	16	16
7850	5	5	5	14	29	27	5	14	5	5	1	6	1	3	1	9	1	1	1	1	1	28	11	26	5	14	5	5	5	5	5	5	4	11	5	5	5	15	5	5	5	5	5	5	5	25	5	5	1	1	1	12	1	1	1	1	1	1	14	1	5	5	5	29	5	5	5	5	14	14
7860	5	5	5	14	22	27	5	14	5	5	1	6	1	3	1	9	1	1	1	1	9	28	3	26	14	14	5	5	5	5	5	5	4	11	5	5	5	15	5	5	5	5	5	5	25	14	4	25	9	9	1	9	1	1	1	1	1	1	2	1	5	5	26	22	5	5	27	31	27	27
7870	5	5	5	14	1	27	5	14	24	5	23	6	1	3	1	9	1	1	1	1	1	28	3	26	3	14	5	5	5	5	5	5	3	11	5	5	5	14	5	5	5	5	5	5	5	3	5	5	1	1	1	12	1	1	1	1	1	1	11	23	21	24	3	21	3	5	3	3	11	11
7880	5	5	5	14	11	27	5	14	5	5	1	6	3	3	1	9	1	1	1	1	1	28	26	26	3	14	5	5	5	5	5	5	5	11	5	5	5	5	5	5	5	5	5	5	26	26	31	31	1	1	31	31	31	31	31	31	29	31	25	29	5	5	4	25	5	5	5	15	25	25
7890	5	5	25	14	21	27	14	14	5	5	3	6	3	3	1	9	1	1	1	1	1	28	26	26	5	14	5	5	5	5	5	5	3	11	5	5	5	14	5	5	5	5	5	5	15	31	24	15	1	1	28	28	28	28	28	28	31	31	2	31	3	14	3	21	11	25	5	11	13	13
7900	5	5	5	14	31	27	5	14	5	5	1	6	3	3	1	9	1	1	1	1	1	28	7	26	5	14	5	5	5	5	5	5	4	11	5	5	5	15	5	5	5	5	5	5	12	21	1	12	1	1	1	1	1	1	1	1	7	7	9	7	5	5	31	31	2	5	1	31	9	9
7910	2	5	23	14	12	27	5	14	5	5	1	6	1	3	1	9	1	1	1	1	1	28	23	26	5	14	5	5	5	5	5	5	3	11	15	5	5	25	5	5	5	5	5	5	12	23	1	12	1	1	1	1	1	1	1	1	1	1	2	1	5	5	5	12	14	28	8	14	8	8
7920	5	5	14	14	25	27	5	14	5	5	6	6	9	3	1	9	1	1	1	1	1	28	17	26	5	14	5	5	5	5	5	5	3	11	5	5	5	14	5	5	5	5	5	5	1	28	1	12	1	1	1	1	1	1	1	1	1	9	6	6	3	5	5	25	5	14	5	5	20	20
7930	1	5	31	14	19	27	5	14	5	5	2	6	5	3	4	9	5	1	5	1	5	28	30	26	5	14	5	5	5	5	5	5	11	11	5	5	5	25	5	5	5	5	5	5	5	30	5	5	5	5	5	5	5	5	5	15	5	5	2	13	4	5	2	19	2	31	22	2	22	22
7940	5	5	7	14	28	27	14	14	5	5	2	6	3	3	1	9	1	1	1	1	1	28	19	26	3	14	5	5	5	5	5	5	4	11	5	5	5	15	5	5	5	5	5	5	19	19	30	30	1	1	4	31	9	9	23	9	29	29	4	31	3	14	28	31	3	21	4	31	4	4
7950	14	5	3	14	1	27	14	14	5	5	2	6	4	3	1	9	1	1	1	1	1	28	16	26	5	14	5	5	5	5	5	5	3	11	5	5	5	14	5	5	5	5	5	5	12	27	1	12	1	1	1	1	1	1	1	1	9	9	2	17	29	14	29	29	5	14	2	29	2	2
7960	5	5	5	14	14	27	22	14	5	5	2	6	4	3	1	9	1	1	1	1	1	28	18	26	3	14	5	5	5	5	5	5	3	11	5	5	5	14	5	5	5	5	5	5	18	18	18	29	1	1	1	18	1	1	1	1	4	9	3	10	3	22	15	14	5	5	4	15	11	11
7970	5	5	5	14	30	27	5	14	5	5	2	6	3	3	1	9	1	1	1	1	28	28	26	26	5	14	5	5	5	5	5	5	4	11	5	5	5	15	5	5	5	5	5	5	5	31	5	5	28	28	28	28	28	28	28	28	31	31	3	31	5	5	16	30	5	5	14	27	14	14
7980	5	5	5	14	22	27	14	14	5	5	20	6	3	3	11	9	7	1	1	1	1	28	17	26	5	14	5	5	5	5	5	5	11	11	5	5	5	25	5	5	5	5	5	5	12	28	12	12	1	1	1	12	3	7	3	11	3	3	5	27	5	14	19	22	5	5	2	30	13	13
7990	5	5	12	14	22	27	5	14	5	5	2	6	3	3	9	9	1	1	1	1	1	28	26	26	3	14	5	5	5	5	5	5	11	11	5	5	5	25	5	5	5	5	5	5	1	26	1	12	1	1	1	1	1	1	4	9	11	11	5	19	5	5	20	22	1	12	5	20	5	5
8000	5	5	5	14	29	27	14	14	5	5	1	6	3	3	1	9	1	1	1	1	1	28	26	26	5	14	5	5	5	5	5	5	4	11	5	5	15	15	5	5	5	15	5	5	31	31	31	31	1	1	31	31	31	31	31	31	31	31	29	31	5	14	29	29	5	5	5	29	29	29
8010	5	5	5	14	5	27	5	14	5	5	1	6	3	3	1	9	1	1	1	1	1	28	26	26	5	14	5	5	5	5	5	5	4	11	5	5	5	15	5	5	5	5	5	5	31	31	31	31	1	1	31	31	28	31	24	28	30	30	20	31	5	5	5	5	5	5	5	5	20	20
8020	5	5	5	14	5	27	14	14	5	5	10	6	3	3	1	9	1	1	1	1	1	28	26	26	5	14	5	5	5	5	5	5	3	11	14	5	5	14	5	5	5	5	5	5	12	31	1	12	1	1	1	1	1	1	1	1	1	7	6	17	5	14	19	5	5	5	1	30	6	6
8030	4	5	5	14	2	27	5	14	12	5	1	6	4	3	11	9	1	1	12	1	4	28	6	26	1	14	5	5	13	5	5	5	5	11	5	5	5	5	5	13	5	5	5	5	5	6	5	5	15	23	1	15	1	1	31	18	31	31	18	31	21	12	26	27	3	15	5	26	29	29
8040	5	5	5	14	14	27	5	14	5	5	2	6	3	3	4	9	1	1	1	1	1	28	31	26	5	14	5	5	5	5	5	5	4	11	5	5	5	15	5	5	5	5	5	5	21	31	21	21	1	1	21	21	21	21	29	29	29	29	15	31	5	5	5	14	5	5	5	5	15	15
8050	5	5	5	14	5	27	5	14	5	5	2	6	3	3	1	9	1	1	1	1	1	28	16	26	5	14	5	5	5	5	5	5	4	11	5	5	5	15	5	5	5	5	5	5	16	27	27	27	1	1	27	27	31	27	31	31	26	31	11	26	5	5	5	5	5	5	5	5	25	25
8060	5	5	5	14	16	27	5	14	5	5	2	6	5	3	4	9	1	1	1	1	1	28	18	26	3	14	5	5	5	5	5	5	4	11	5	5	5	15	5	5	5	5	5	5	18	18	29	29	1	1	23	29	23	23	23	23	23	23	5	28	5	5	26	27	5	5	9	31	23	23
8070	5	5	14	14	14	27	5	14	5	5	2	6	3	3	4	9	1	1	1	1	2	28	17	26	5	14	5	5	5	5	5	5	4	11	5	5	5	15	5	5	5	5	5	5	5	28	5	5	6	6	12	20	12	12	23	23	29	29	5	31	5	5	3	14	3	14	3	3	14	14
8080	5	5	5	14	3	27	14	14	5	5	2	6	3	3	4	9	1	1	1	1	6	28	26	26	5	14	5	5	5	5	5	5	3	11	5	5	5	14	5	5	5	5	5	5	5	31	5	5	6	6	12	20	12	12	23	23	29	29	3	31	3	14	3	3	22	5	13	22	22	22
8090	5	5	5	14	5	27	5	14	5	5	1	6	3	3	1	9	1	1	1	1	1	28	28	26	5	14	5	5	5	5	5	5	11	11	5	5	5	25	5	5	5	5	5	5	28	28	1	28	1	1	1	1	1	1	1	1	7	7	29	7	5	5	5	5	14	5	5	14	29	29
8100	5	5	5	14	22	27	5	14	5	5	2	6	14	3	1	9	1	1	1	1	9	28	6	26	5	14	5	5	5	5	5	5	11	11	5	5	5	25	5	5	5	5	5	5	12	20	1	12	1	9	1	1	1	1	1	1	21	21	6	27	5	5	5	22	15	5	4	15	17	17
8110	13	5	5	14	27	27	5	14	5	5	7	6	1	3	1	9	1	1	1	1	1	28	25	26	5	14	5	5	5	5	5	5	4	11	5	5	5	15	5	5	5	5	5	5	5	25	1	5	1	1	1	1	1	1	1	1	1	1	5	7	5	5	2	27	31	13	4	31	15	15
8120	5	5	5	14	20	27	5	14	5	5	2	6	3	3	1	9	1	1	1	1	12	28	3	26	14	14	5	5	5	5	5	5	4	11	5	5	5	15	5	5	5	5	5	5	5	14	5	5	12	12	12	12	12	12	12	12	21	21	1	27	5	5	12	20	5	5	1	12	1	1
8130	5	5	5	14	5	27	5	14	5	5	1	6	1	3	1	9	1	1	1	1	1	28	18	26	5	14	5	5	5	5	5	5	5	11	5	5	5	5	5	5	5	5	5	5	12	29	12	12	1	1	1	12	1	1	1	1	1	1	3	1	5	5	24	5	3	5	10	30	19	19
8140	24	5	5	14	31	27	5	14	5	5	1	6	31	3	1	9	1	1	5	1	5	28	18	26	5	14	5	5	5	5	5	5	11	11	5	5	5	25	5	5	5	5	5	5	23	29	12	23	5	5	1	12	1	1	1	1	31	31	2	31	2	5	22	31	1	24	14	27	22	22
8150	5	5	5	14	16	27	5	14	5	5	2	6	3	3	4	9	1	1	1	1	1	28	26	26	3	14	5	5	5	5	5	5	11	11	5	5	5	25	5	5	5	5	5	5	19	26	30	30	1	1	31	31	28	31	28	28	31	31	1	31	5	5	20	27	5	5	1	20	1	1
8160	5	5	13	14	26	27	5	14	5	5	20	6	1	3	1	9	1	1	1	1	1	28	18	26	5	14	5	5	5	5	5	5	4	11	5	5	5	15	5	5	5	5	5	5	1	29	12	12	1	1	1	12	1	1	1	1	1	1	2	20	5	5	23	31	2	13	25	28	30	30
8170	23	5	5	14	27	27	12	14	5	5	2	6	6	3	1	9	1	1	1	1	1	28	22	26	5	14	5	5	5	5	5	5	11	11	5	5	5	25	5	5	5	5	1	5	1	22	1	1	1	1	1	1	1	1	1	1	6	6	5	6	1	12	13	27	3	23	23	22	23	23
8180	5	5	5	14	31	27	5	14	5	5	1	6	3	3	4	9	2	1	1	1	1	28	26	26	5	14	5	5	5	5	5	5	11	11	5	5	5	25	5	5	5	5	5	5	17	31	24	28	1	1	13	28	13	13	24	24	30	30	4	31	5	5	28	31	4	5	8	28	19	19
8190	5	5	5	14	5	27	5	14	5	5	2	6	3	3	1	9	1	1	1	1	9	28	26	26	5	14	5	5	5	5	5	5	4	11	5	5	5	15	5	5	5	5	5	5	23	31	1	23	1	9	1	1	1	1	6	1	16	16	3	16	5	5	5	5	11	5	6	25	16	16
8200	28	5	3	14	30	27	3	14	3	5	6	6	3	3	11	9	1	1	1	1	1	28	3	26	14	14	5	5	5	5	5	5	11	11	5	5	5	25	5	5	5	5	5	5	5	14	5	5	1	1	1	12	1	1	3	18	3	3	22	16	3	3	3	30	17	31	5	26	22	22
8210	5	5	5	14	15	27	5	14	5	5	31	6	4	3	4	9	1	1	1	1	1	28	1	26	12	14	5	5	5	5	5	5	3	11	5	5	5	14	5	5	5	5	5	5	12	12	1	12	1	1	1	1	4	1	4	4	4	4	5	31	5	5	10	15	5	5	12	24	12	12
8220	15	5	5	14	12	27	3	14	3	5	4	6	15	3	3	9	5	1	25	1	4	28	5	26	5	14	5	5	5	5	5	5	3	11	5	5	5	14	5	5	5	5	5	5	5	5	5	5	5	25	5	5	5	5	5	14	4	15	23	4	3	3	18	21	3	15	5	18	23	23
8230	5	5	14	14	12	27	5	14	5	5	1	6	3	3	4	9	1	1	1	1	1	28	26	26	3	14	5	5	5	5	5	5	11	11	5	5	5	25	5	5	5	5	5	5	26	26	31	31	1	1	30	31	28	31	28	28	31	31	5	31	5	5	1	12	5	14	12	12	12	12
8240	5	5	5	14	5	27	5	14	5	5	3	6	4	3	1	9	1	1	1	1	1	28	11	26	3	14	5	5	5	5	5	5	11	11	5	5	5	25	5	5	5	5	5	5	8	11	3	22	1	1	7	7	7	7	7	7	18	18	9	18	5	5	5	5	5	5	1	5	9	9
8250	1	5	1	14	5	27	5	14	5	5	1	6	1	3	1	9	1	1	1	1	1	28	1	26	5	14	5	5	5	5	5	5	14	11	5	5	5	14	5	5	5	5	5	5	5	12	5	5	1	1	1	12	1	1	1	1	1	1	2	1	5	5	13	5	4	1	8	24	8	8
8260	5	5	5	14	27	27	3	14	5	5	1	6	3	3	1	9	1	1	1	1	1	28	1	26	21	14	5	5	5	5	5	5	4	11	5	5	5	15	5	5	5	5	5	5	12	21	12	12	1	1	12	12	12	12	12	12	29	21	5	29	3	14	13	27	3	5	23	22	23	23
8270	2	5	26	14	4	27	5	14	5	5	5	6	3	3	3	9	2	1	4	1	2	28	19	26	5	14	5	5	5	5	5	5	2	11	5	5	5	13	5	5	5	5	5	5	5	30	5	5	13	10	2	13	2	2	3	8	3	3	2	14	12	5	1	23	20	26	23	20	28	28
8280	5	5	15	14	27	27	14	14	5	5	2	6	3	3	9	9	1	1	1	1	1	28	26	26	5	14	5	5	5	5	5	5	11	11	5	5	5	25	5	5	5	5	5	5	12	31	1	12	1	1	1	1	1	1	9	9	18	18	2	26	5	14	27	27	4	15	26	31	26	26
8290	5	5	5	14	5	27	5	14	5	5	7	6	1	3	1	9	1	1	1	1	1	28	17	26	5	14	5	5	5	5	5	5	11	11	5	5	5	25	5	5	5	5	5	5	5	28	5	5	1	1	1	12	1	1	1	1	1	1	2	7	5	5	5	5	12	5	14	12	22	22
8300	5	5	14	14	27	27	14	14	5	5	2	6	3	3	18	9	1	1	1	1	1	28	19	26	5	14	5	5	5	5	5	5	4	11	5	5	5	15	5	5	5	5	5	5	14	30	14	14	1	1	1	21	1	1	18	18	18	18	9	26	5	14	31	27	3	14	3	31	18	18
8310	5	5	3	14	22	27	5	14	5	5	1	6	19	3	1	9	1	1	1	1	1	28	18	26	5	14	5	5	5	5	5	5	3	11	5	5	5	14	5	5	5	5	5	5	20	29	12	20	1	1	1	12	1	1	1	1	26	26	1	26	5	5	5	22	5	14	3	5	7	7
8320	5	5	5	14	19	27	5	14	5	5	30	6	1	3	1	9	1	1	1	1	1	28	26	26	1	14	5	5	5	5	5	5	3	11	5	5	5	14	5	5	5	5	5	5	7	26	21	21	1	1	1	21	1	1	1	1	1	1	24	31	5	5	27	30	5	5	2	27	24	24
8330	5	5	5	14	5	27	3	14	20	5	1	6	1	3	1	9	1	1	1	1	9	28	16	26	5	14	5	5	5	5	5	5	3	11	5	5	5	14	5	5	5	5	5	5	12	27	1	12	9	9	1	9	1	1	1	1	1	1	3	1	5	27	1	5	18	5	25	18	25	25
8340	5	5	5	14	21	27	14	14	5	5	1	6	1	3	1	9	1	1	1	1	6	28	26	26	3	14	5	5	5	5	5	5	4	11	5	5	15	15	5	5	15	15	4	15	2	26	2	10	6	6	1	6	1	1	1	1	1	1	1	1	3	14	21	21	5	5	12	21	12	12
8350	5	5	5	14	8	27	14	14	5	5	1	6	7	3	9	9	1	1	1	1	1	28	2	26	5	14	5	5	5	5	5	5	3	11	5	5	5	14	5	5	5	5	5	5	5	13	5	5	1	1	1	12	1	1	1	9	3	7	1	7	3	14	17	8	5	5	1	28	1	1
8360	5	5	14	14	5	27	5	14	5	5	1	6	3	3	9	9	1	1	1	1	1	28	3	26	14	14	5	5	5	5	5	5	14	11	5	5	5	14	5	5	5	5	5	5	5	14	5	5	1	1	1	12	1	1	9	9	18	18	2	18	5	5	5	5	29	14	2	29	2	2
8370	5	5	25	14	19	27	5	14	5	5	28	6	3	3	1	9	1	1	1	1	2	28	7	26	3	14	5	5	5	5	5	5	4	11	5	5	15	15	5	5	15	15	4	15	1	7	1	9	1	6	1	1	1	1	7	1	1	7	3	28	5	5	5	30	5	25	5	5	14	14
8380	5	5	5	14	14	27	5	14	5	5	1	6	3	3	1	9	1	1	1	1	1	28	26	26	3	14	5	5	5	5	5	5	11	11	5	5	5	25	5	5	5	5	5	5	26	26	29	31	1	1	29	29	29	29	29	29	29	29	18	29	5	5	5	14	15	5	1	15	18	18
8390	5	5	5	14	27	27	5	14	5	5	2	6	3	3	3	9	12	1	1	1	1	28	3	26	14	14	5	5	5	5	5	5	3	11	5	5	5	14	5	5	5	5	5	5	5	14	5	5	1	1	1	12	12	12	21	21	21	21	2	27	5	5	27	27	5	5	26	27	26	26
8400	5	5	5	14	2	27	5	14	5	5	3	6	5	3	1	9	1	1	1	1	29	28	1	26	15	14	5	5	5	5	5	5	3	11	5	5	5	14	5	5	5	5	5	5	5	23	5	5	21	29	3	21	18	7	21	18	21	21	14	21	5	5	13	13	5	5	5	13	14	14
8410	5	5	5	14	3	27	14	14	5	5	1	6	3	3	1	9	1	1	1	1	1	28	3	26	14	14	5	5	5	5	5	5	5	11	5	5	5	5	5	5	5	5	5	5	5	14	5	5	1	1	1	12	1	1	1	1	1	7	3	1	3	14	14	3	5	5	3	14	3	3
8420	3	5	3	14	31	27	5	14	5	5	1	6	1	3	1	9	17	1	1	1	1	28	17	26	5	14	5	5	5	5	5	5	4	11	5	5	5	15	5	5	5	5	5	5	23	28	1	23	1	1	1	1	17	17	1	17	9	1	5	9	5	5	26	31	2	3	5	26	5	5
8430	5	5	12	14	29	27	5	14	5	5	25	6	5	3	1	9	1	1	1	1	20	28	19	26	3	14	5	5	12	5	5	5	4	11	5	5	5	15	5	12	5	5	5	5	4	19	5	15	12	20	1	12	1	1	1	1	1	12	1	29	2	5	1	31	25	12	12	29	12	12
8440	5	5	14	14	12	27	5	14	5	5	4	6	2	3	1	9	2	1	1	1	1	28	26	26	5	14	5	5	5	5	5	5	14	11	5	5	14	14	5	5	5	14	5	5	31	31	30	31	1	1	26	31	11	26	18	18	26	26	25	26	5	5	31	12	5	14	4	31	25	25
8450	5	5	5	14	1	27	14	14	5	5	2	6	3	3	9	9	1	1	1	1	13	28	4	26	14	14	5	5	5	5	5	5	3	11	5	5	14	14	5	5	5	14	5	5	15	25	5	15	12	20	1	12	1	1	9	9	18	18	1	26	14	14	16	21	5	5	3	27	7	7
8460	5	5	14	14	5	27	5	14	5	5	2	6	3	3	4	9	1	1	1	1	6	28	19	26	5	14	5	5	5	5	5	5	11	11	5	5	5	25	5	5	5	5	5	5	30	30	30	30	1	6	31	31	27	31	29	31	29	29	27	31	5	5	5	5	5	14	5	5	27	27
8470	5	5	5	14	2	27	14	14	5	5	1	6	1	3	1	9	1	1	1	1	12	28	9	26	3	14	5	5	5	5	5	5	4	11	5	5	5	15	5	5	5	5	5	5	1	18	1	12	12	12	1	12	1	1	1	1	1	1	4	1	21	14	2	27	10	5	27	10	31	31
8480	5	5	14	14	5	27	5	14	5	5	2	6	3	3	1	9	1	1	1	1	1	28	18	26	5	14	5	5	5	5	5	5	3	11	5	5	5	14	5	5	5	5	5	5	21	29	1	21	1	1	1	1	1	1	1	1	7	7	6	16	5	5	5	5	5	14	3	5	16	16
8490	14	5	3	14	6	27	5	14	5	5	6	6	1	3	1	9	1	1	1	1	1	28	7	26	3	14	5	5	5	5	5	5	11	11	5	5	5	25	5	5	5	5	5	5	7	7	12	21	1	1	1	12	1	1	1	1	1	1	2	6	5	5	6	20	3	14	2	16	2	2
8500	5	5	3	14	31	27	5	14	5	5	1	6	3	3	1	9	1	1	1	1	1	28	16	26	3	14	5	5	5	5	5	5	4	11	5	5	5	15	5	5	5	5	5	5	1	16	1	12	1	1	1	1	1	1	7	1	7	7	12	7	5	5	31	31	5	14	1	31	12	12
8510	5	5	29	14	3	27	3	14	3	5	1	6	22	3	1	9	1	1	1	1	1	28	18	26	5	14	5	5	5	5	5	5	4	11	5	5	5	15	5	5	5	5	5	5	7	29	21	21	1	1	1	21	1	1	1	1	20	27	15	20	3	3	3	3	12	29	5	21	15	15
8520	5	5	5	14	27	27	5	14	5	5	2	6	3	3	1	9	1	1	1	1	12	28	3	26	14	14	5	5	5	5	5	5	3	11	5	5	5	14	5	5	5	5	5	5	5	14	5	5	12	12	1	12	1	1	1	1	7	7	5	16	5	5	7	27	5	5	5	21	5	5
8530	12	5	2	14	1	27	2	14	5	5	30	6	1	3	1	9	1	1	1	1	12	28	26	26	3	14	5	5	5	5	5	5	11	11	5	5	5	25	5	5	5	5	5	5	8	26	8	22	1	12	6	16	1	6	1	1	1	1	5	31	12	13	21	12	2	20	3	27	14	14
8540	5	5	5	14	14	27	14	14	5	5	2	6	3	3	4	9	1	1	1	1	1	28	3	26	14	14	5	5	5	5	5	5	3	11	5	5	5	14	5	5	5	5	5	5	5	14	5	5	1	1	12	12	12	12	23	23	29	29	2	31	3	14	14	14	5	5	5	14	13	13
8550	5	5	5	14	3	27	5	14	5	5	2	6	6	3	1	9	1	1	1	1	1	28	2	26	14	14	5	5	5	5	5	5	4	11	5	5	5	15	5	5	5	5	5	5	5	22	5	5	1	1	1	12	1	1	1	1	6	6	9	6	14	5	17	14	4	5	1	17	9	9
8560	5	5	14	14	15	27	5	14	5	5	1	6	1	3	1	9	1	1	1	1	1	28	26	26	3	14	5	5	5	5	5	5	3	11	14	5	1	14	5	5	12	12	1	12	7	26	1	7	1	1	1	1	1	1	1	1	1	1	3	1	5	5	15	15	3	14	23	25	29	29
8570	5	5	5	14	16	27	5	14	5	5	5	6	3	3	9	9	1	1	1	1	1	28	16	26	5	14	5	5	5	5	5	5	4	11	5	5	5	15	5	5	5	5	5	5	12	27	1	12	1	1	1	1	1	1	9	9	18	18	13	29	5	5	3	27	3	5	3	3	22	22
8580	5	5	14	14	27	27	5	14	5	5	5	6	11	3	4	9	1	1	1	1	1	28	19	26	4	14	5	5	5	5	5	5	5	11	5	5	5	5	5	5	5	5	5	5	19	19	5	30	1	1	1	12	1	1	4	9	11	11	21	25	5	5	28	27	3	14	4	31	29	29
8590	5	5	5	14	27	27	14	14	5	5	1	6	1	3	1	9	1	1	1	1	9	28	10	26	5	14	5	5	5	5	5	5	11	11	5	5	5	25	5	5	5	5	5	5	24	24	4	24	9	9	1	9	1	1	1	1	1	1	2	1	3	14	29	27	5	5	5	29	13	13
8600	5	5	5	14	27	27	5	14	5	5	1	6	1	3	1	9	1	1	1	1	12	28	18	26	3	14	5	5	5	5	5	5	11	11	5	5	5	25	5	5	5	5	5	5	1	18	5	12	12	12	1	12	1	1	1	1	1	1	1	1	5	5	27	27	5	5	8	27	16	16
8610	5	5	5	14	26	27	5	14	5	5	10	6	1	3	1	9	1	1	1	1	9	28	5	26	5	14	5	5	5	5	5	5	3	11	5	5	5	14	5	5	5	5	5	5	5	5	5	5	18	9	1	29	1	1	1	1	1	1	3	17	1	5	30	26	5	5	5	30	14	14
8620	5	5	5	14	5	27	14	14	5	5	2	6	3	3	1	9	1	1	1	1	1	28	31	26	5	14	5	5	5	5	5	5	11	11	5	5	5	25	5	5	5	5	5	5	31	31	31	31	1	1	30	31	31	31	29	31	29	29	4	31	27	14	31	27	5	5	9	31	9	9
8630	5	5	5	14	26	27	5	14	5	5	1	6	3	3	4	9	1	1	1	1	1	28	19	26	3	14	5	5	5	5	5	5	3	11	5	5	5	14	5	5	5	5	5	5	19	19	30	30	1	1	27	31	27	27	31	31	31	31	8	31	5	5	31	31	5	5	3	31	8	8
8640	5	5	5	14	5	27	5	14	5	5	2	6	3	3	1	9	1	1	1	1	1	28	31	26	3	14	5	5	5	5	5	5	11	11	5	5	5	25	5	5	5	5	5	5	21	31	12	21	1	1	1	12	1	1	1	1	18	7	1	26	5	5	5	5	5	5	6	5	6	6
8650	5	5	5	14	16	27	5	14	5	5	2	6	3	3	4	9	1	1	1	1	1	28	18	26	3	14	5	5	5	5	5	5	3	11	5	5	5	14	5	5	5	5	5	5	18	18	29	29	1	1	29	29	29	29	29	29	29	29	26	31	5	5	30	27	5	5	2	30	26	26
8660	5	5	25	14	24	27	5	14	5	5	6	6	3	3	3	9	1	1	1	1	28	28	3	26	3	14	5	5	5	5	5	5	11	11	4	5	3	11	5	5	14	14	3	14	3	3	3	3	23	28	9	29	4	9	3	11	3	3	3	16	5	5	5	24	5	25	22	5	22	22
8670	24	5	3	14	28	27	5	14	5	5	2	6	18	3	1	9	1	1	1	1	1	28	7	26	3	14	12	5	5	5	5	5	11	11	5	5	5	25	5	5	5	5	12	12	1	7	1	12	1	1	1	1	1	1	1	1	18	18	5	26	5	5	9	28	3	30	3	18	14	14
8680	5	5	3	14	3	27	14	14	5	5	1	6	5	3	1	9	1	1	1	1	1	28	7	26	3	14	12	5	5	5	5	5	5	11	5	5	5	5	5	5	5	5	12	12	1	7	12	12	1	1	1	12	1	1	9	1	15	23	5	23	5	14	3	14	14	14	15	14	15	15
8690	5	5	5	14	5	27	5	14	5	5	2	6	3	3	1	9	1	1	1	1	1	28	19	26	3	14	5	5	5	5	5	5	11	11	5	5	5	25	5	5	5	5	5	5	10	19	24	24	1	1	23	28	23	23	23	23	29	29	28	31	5	5	5	5	23	5	5	23	28	28
8700	1	5	1	14	3	27	11	14	5	5	5	6	5	3	12	9	5	1	5	1	5	28	3	26	14	14	5	5	5	5	5	5	3	11	15	5	5	25	5	5	5	5	5	5	5	14	5	5	5	5	5	5	5	5	5	12	5	5	25	5	3	25	5	3	23	1	4	23	25	25
8710	5	5	5	14	1	27	21	14	5	5	28	6	1	3	1	9	1	1	1	1	1	28	11	26	5	14	5	5	5	5	5	5	3	11	5	5	5	14	5	5	5	5	5	5	5	25	5	5	1	1	1	12	1	1	1	1	1	1	2	28	29	21	17	29	5	5	4	28	10	10
8720	15	5	3	14	14	27	5	14	5	5	1	6	3	3	1	9	1	1	1	1	1	28	1	26	3	14	5	5	5	5	5	5	3	11	5	5	5	14	5	5	5	5	5	5	21	7	1	21	1	1	1	1	1	1	1	1	7	7	5	7	5	5	31	14	2	25	14	31	14	14
8730	5	5	5	14	16	27	5	14	5	5	8	6	3	3	4	9	1	1	1	1	9	28	7	26	3	14	5	5	5	5	5	5	3	11	5	5	14	14	5	5	14	14	3	14	3	7	3	3	9	9	11	18	18	18	7	18	1	7	3	16	5	5	27	27	1	5	14	27	14	14
8740	5	5	5	14	22	27	5	14	5	5	27	6	1	3	1	9	1	1	1	1	1	28	17	26	5	14	5	5	5	5	5	5	4	11	5	5	5	15	5	5	5	5	5	5	12	28	1	12	1	1	1	1	1	1	1	1	1	1	5	27	5	5	22	22	5	5	4	22	15	15
8750	5	5	5	14	4	27	14	14	5	5	1	6	2	3	4	9	1	1	1	1	29	28	2	26	13	14	5	5	5	5	5	5	4	11	5	5	5	15	5	5	5	5	5	5	5	13	5	5	21	29	21	21	21	21	29	29	31	31	28	31	15	14	5	15	5	5	5	5	28	28
8760	5	5	14	14	3	27	14	14	5	5	5	6	5	3	1	9	1	1	1	1	1	28	11	26	5	14	5	5	5	5	5	5	4	11	5	5	5	15	5	5	5	5	5	5	12	25	12	12	1	1	1	12	1	1	1	1	12	12	1	12	3	14	14	3	2	14	18	22	18	18
8770	5	5	30	14	21	27	14	14	5	5	2	6	5	3	4	9	1	1	1	1	4	28	3	26	14	14	5	5	5	5	5	5	14	11	5	5	5	14	5	5	5	5	5	5	5	14	5	5	9	9	15	23	23	23	23	23	23	23	1	28	5	14	13	21	4	30	28	24	28	28
8780	12	5	5	14	5	27	5	14	5	5	4	6	3	3	1	9	1	1	1	1	1	28	18	26	3	14	5	5	5	5	5	5	11	11	5	5	12	25	5	5	12	12	1	12	9	18	1	9	1	1	1	1	1	1	1	1	7	7	29	18	5	5	5	5	21	12	1	21	29	29
8790	5	5	5	14	21	27	5	14	5	5	2	6	3	3	1	9	1	1	1	1	23	28	10	26	3	14	5	5	5	5	5	5	3	11	5	5	14	14	5	5	14	14	3	14	3	19	3	3	23	23	29	29	29	29	29	29	29	29	28	31	5	5	22	21	5	5	3	22	31	31
8800	5	5	5	14	14	27	5	14	5	5	1	6	31	3	1	9	1	1	1	1	28	28	3	26	14	14	5	5	5	5	5	5	4	11	5	5	5	15	5	5	5	5	5	5	5	14	5	5	28	28	24	28	28	28	1	28	31	31	4	31	5	5	5	14	5	5	5	5	15	15
8810	5	5	14	14	5	27	5	14	5	5	1	6	3	3	15	9	1	1	1	1	1	28	17	26	5	14	5	5	5	5	5	5	3	11	5	5	15	14	5	5	5	15	5	5	20	28	1	20	1	1	1	1	1	1	29	23	29	29	8	29	5	5	5	5	5	14	2	5	8	8
8820	5	5	5	14	1	27	14	14	3	5	20	6	1	3	1	9	1	1	1	1	12	28	7	26	5	14	5	5	5	5	5	5	4	11	5	5	5	15	5	5	5	5	5	5	5	21	5	5	12	12	12	12	12	12	1	12	1	1	7	20	7	14	3	7	14	5	4	14	18	18
8830	5	5	7	14	28	27	5	14	14	5	10	6	4	3	4	9	4	1	1	1	9	28	19	26	3	14	5	5	5	5	5	5	3	11	5	5	5	14	5	5	5	5	5	5	4	19	4	15	4	9	4	4	4	4	4	4	4	4	9	10	3	14	7	31	1	21	1	7	9	9
8840	5	5	14	14	28	27	5	14	5	5	1	6	5	3	29	9	3	1	1	1	1	28	26	26	5	14	5	5	5	5	5	5	11	11	5	5	4	25	5	5	5	15	5	5	13	31	22	13	1	1	3	27	3	3	28	29	28	28	5	28	5	5	23	28	3	14	22	29	22	22
8850	5	5	5	14	22	27	5	14	5	5	2	6	3	3	1	9	1	1	1	1	1	28	9	26	5	14	5	5	5	5	5	5	15	11	5	5	5	15	5	5	5	5	5	5	5	23	5	5	1	1	1	12	1	1	1	1	1	7	5	6	5	5	22	22	5	5	30	22	30	30
8860	5	5	12	14	5	27	4	14	5	5	6	6	4	3	9	9	1	1	1	1	1	28	16	26	3	14	5	5	5	5	5	5	11	11	5	5	5	25	5	5	5	5	5	5	27	16	21	27	1	1	1	21	1	1	4	9	4	4	4	17	5	15	5	5	5	12	17	5	17	17
8870	5	5	5	14	5	27	5	14	5	5	1	6	1	3	1	9	1	1	1	1	1	28	17	26	5	14	12	5	5	5	5	5	4	11	5	5	5	15	5	5	5	5	1	12	1	28	1	1	1	1	1	1	1	1	1	1	1	1	23	1	5	5	5	5	13	5	5	13	23	23
8880	5	5	5	14	5	27	5	14	5	5	2	6	3	3	9	9	1	1	1	1	1	28	3	26	21	14	5	5	5	5	5	5	11	11	5	5	5	25	5	5	5	5	5	5	12	21	1	12	1	1	1	1	1	1	18	9	18	18	25	26	5	5	5	5	5	5	5	5	25	25
8890	5	5	5	14	26	27	5	14	5	5	2	6	7	3	1	9	1	1	1	1	1	28	28	26	3	14	5	5	5	5	5	5	3	11	5	5	5	14	5	5	5	5	5	5	12	31	1	12	1	1	1	1	1	1	1	1	1	7	1	6	5	5	3	31	5	5	11	14	18	18
8900	5	5	8	14	5	27	5	14	5	5	2	6	1	3	1	9	1	1	1	1	1	28	1	26	5	14	5	5	5	5	5	5	4	11	5	5	5	15	5	5	5	5	5	5	12	12	1	12	1	1	1	1	1	1	1	1	1	1	1	6	5	5	3	5	11	22	6	11	6	6
8910	31	5	5	14	5	27	5	14	5	5	1	6	3	3	1	9	2	1	1	1	1	28	26	26	3	14	5	5	5	5	5	5	3	11	5	5	5	14	5	5	5	5	12	5	1	26	12	12	1	1	23	12	28	28	28	28	30	31	17	31	5	5	2	5	19	31	2	19	17	17
8920	5	5	5	14	27	27	5	14	5	5	1	6	3	3	4	9	1	1	1	1	1	28	18	26	5	14	5	5	5	5	5	5	11	11	5	5	5	25	5	5	5	5	5	5	29	29	29	29	1	1	29	29	21	29	25	29	25	25	3	29	5	5	27	27	5	5	5	27	14	14
8930	5	5	14	14	16	27	5	14	5	5	2	6	8	3	4	9	4	1	12	1	5	28	25	26	3	14	5	5	5	5	5	5	4	11	5	5	5	15	5	5	5	5	5	5	5	25	5	5	12	12	5	12	4	15	4	4	19	19	1	19	5	5	31	27	3	14	1	31	1	1
8940	5	5	5	14	22	27	5	14	5	5	1	6	3	3	4	9	1	1	1	1	20	28	3	26	14	14	5	5	5	5	5	5	4	11	5	5	5	15	5	5	5	5	5	5	5	14	5	5	12	20	12	12	12	12	12	23	1	21	21	1	5	5	26	22	5	5	5	31	21	21
8950	5	5	5	14	3	27	14	14	5	5	3	6	3	3	4	9	1	1	1	1	1	28	3	26	21	14	5	5	5	5	5	5	4	11	5	5	5	15	5	5	5	5	5	5	5	21	5	5	1	1	1	12	1	1	9	9	18	18	16	18	3	14	3	3	5	5	5	14	27	27
8960	5	5	5	14	14	27	14	14	5	5	2	6	3	3	1	9	1	1	1	1	1	28	26	26	5	14	5	5	5	5	5	5	11	11	5	5	5	25	5	5	5	5	5	5	19	31	30	30	1	1	31	31	31	31	23	31	29	29	4	31	1	14	1	21	29	5	5	29	15	15
8970	5	5	5	14	2	27	5	14	5	5	1	6	3	3	4	9	1	1	1	1	1	28	26	26	5	14	5	5	5	5	5	5	4	11	5	5	5	15	5	5	5	5	5	5	30	31	30	30	1	1	31	31	31	31	31	31	30	31	2	31	5	5	5	13	5	5	2	5	2	2
8980	5	5	14	14	22	27	14	14	5	5	1	6	3	3	4	9	1	1	1	1	6	28	8	26	3	14	5	5	5	5	5	5	4	11	5	5	5	15	5	5	5	5	5	5	8	8	22	22	1	6	27	27	27	27	31	31	31	31	9	31	3	14	14	22	5	14	3	14	18	18
8990	5	5	5	14	5	27	14	14	5	5	2	6	3	3	4	9	1	1	1	1	1	28	7	26	5	14	5	5	5	5	5	5	3	11	5	5	5	14	5	5	5	5	5	5	14	21	14	14	1	1	7	21	16	7	31	26	31	31	29	31	5	14	1	5	14	5	5	21	29	29
9000	5	5	13	14	1	27	14	14	5	5	2	6	3	3	9	9	1	1	1	1	1	28	18	26	5	14	5	5	5	5	5	5	11	11	5	5	5	25	5	5	5	5	5	5	5	29	5	5	1	1	1	12	1	1	10	9	19	19	6	19	14	14	1	21	12	13	2	12	6	6
9010	5	5	5	14	16	27	5	14	5	5	2	6	3	3	1	9	1	1	1	1	9	28	1	26	5	14	5	5	5	5	5	5	4	11	5	5	5	15	5	5	5	5	5	5	12	12	1	12	1	9	1	1	1	1	1	1	7	7	2	16	5	5	27	27	4	5	31	31	31	31
9020	5	5	5	14	5	27	5	14	5	5	2	6	1	3	1	9	1	1	1	1	1	28	7	26	5	14	5	5	5	5	5	5	11	11	5	5	5	25	5	5	5	5	5	5	12	21	1	12	1	1	1	1	1	1	1	1	6	1	4	6	5	5	5	5	21	5	5	21	15	15
9030	5	5	5	14	31	27	5	14	5	5	28	6	1	3	1	9	1	1	1	1	5	28	3	26	14	14	5	5	5	5	5	5	4	11	5	5	5	15	5	5	5	5	5	5	5	14	5	5	5	12	5	5	1	12	1	1	1	1	2	28	5	5	26	31	5	5	30	31	30	30
9040	5	5	14	14	24	27	5	14	5	5	1	6	3	3	1	9	1	1	1	1	1	28	26	26	5	14	5	5	5	5	5	5	11	11	5	5	5	25	5	5	5	5	5	5	8	31	14	22	1	1	21	21	21	21	21	21	21	21	5	21	5	5	5	24	5	14	12	5	12	12
9050	5	5	5	14	5	27	5	14	5	5	14	6	4	3	4	9	1	1	1	1	1	28	2	26	14	14	5	5	5	5	5	5	4	11	15	5	5	15	5	5	5	5	5	5	21	22	1	21	1	1	1	1	1	1	4	9	4	4	9	25	5	5	13	5	3	5	2	22	17	17
9060	5	5	3	14	27	27	5	14	5	5	2	6	3	3	4	9	1	1	1	1	23	28	3	26	14	14	5	5	5	5	5	5	11	11	5	5	5	25	5	5	5	5	5	5	5	14	5	5	23	23	23	23	23	23	23	23	29	29	4	31	5	5	1	27	3	14	1	7	9	9
9070	5	5	27	14	17	27	5	14	5	5	1	6	3	3	1	9	1	1	1	1	1	28	31	26	5	14	5	5	5	5	5	5	11	11	5	5	5	25	5	5	5	5	5	5	12	31	12	12	1	1	1	12	1	1	1	1	7	7	2	7	5	5	5	28	1	27	3	12	8	8
9080	5	5	3	14	15	27	5	14	5	5	1	6	1	3	1	9	1	1	1	1	12	28	6	26	5	14	5	5	5	5	5	5	3	11	5	5	5	14	5	5	5	5	5	5	5	20	5	5	12	12	12	12	1	12	1	1	1	1	1	1	5	5	5	15	5	14	20	5	20	20
9090	5	5	5	14	6	27	5	14	5	5	1	6	3	3	1	9	1	1	1	1	1	28	17	26	3	14	5	5	5	5	5	5	11	11	5	5	5	25	5	5	5	5	5	5	16	26	1	27	1	1	1	1	1	1	1	1	7	7	3	7	5	5	10	20	5	5	29	24	29	29
9100	5	5	5	14	12	27	5	14	5	5	2	6	3	3	1	9	1	1	1	1	9	28	26	26	3	14	5	5	5	5	5	5	3	11	5	5	5	14	5	5	5	5	5	5	18	26	29	29	1	9	29	29	29	29	29	29	29	29	4	31	5	5	5	12	5	5	12	5	23	23
9110	5	5	27	14	2	27	3	14	5	5	13	6	1	3	1	9	1	1	1	1	1	28	18	26	5	14	5	5	5	5	5	5	4	11	5	5	5	15	5	5	5	5	1	5	1	29	1	1	1	1	1	1	1	1	1	1	1	1	1	20	29	14	13	31	3	27	19	22	26	26
9120	23	5	3	14	14	27	21	14	1	5	5	6	4	3	5	9	1	1	1	1	1	28	8	26	3	14	5	5	5	5	5	5	4	11	5	5	5	15	5	5	5	5	5	5	5	8	5	5	1	1	23	12	4	23	15	15	15	15	18	15	3	21	25	14	5	29	2	25	26	26
9130	4	5	14	14	29	27	14	14	5	5	2	6	3	3	1	9	1	1	1	1	29	28	9	26	5	14	5	5	5	5	5	5	3	11	5	5	5	14	5	5	5	5	5	5	5	23	5	5	23	29	12	23	12	12	12	12	21	21	2	27	5	14	1	29	21	25	15	21	24	24
9140	5	5	5	14	7	27	5	14	5	5	2	6	5	3	1	9	1	1	1	1	1	28	26	26	3	14	5	5	5	5	5	5	4	11	5	5	5	15	5	5	5	5	5	5	26	26	31	31	1	1	30	31	31	31	26	31	31	31	2	31	5	5	1	21	5	5	5	12	13	13
9150	5	5	22	14	26	27	5	14	5	5	2	6	3	3	4	9	1	1	1	1	1	28	26	26	5	14	5	5	5	5	5	5	3	11	5	5	5	14	5	5	5	5	5	5	24	31	24	24	1	1	28	28	28	28	20	28	27	27	4	27	5	5	27	31	5	22	18	27	18	18
9160	5	5	19	14	22	27	5	14	5	5	1	6	1	3	1	9	1	1	1	1	20	28	1	26	5	14	14	5	5	5	5	5	11	11	5	5	5	25	5	5	5	5	5	14	5	12	5	5	12	20	1	12	1	1	1	1	1	1	2	1	5	5	2	22	29	30	2	31	2	2
9170	5	5	5	14	28	27	14	14	5	5	1	6	3	3	1	9	5	1	1	1	1	28	8	26	5	14	5	5	5	5	5	5	11	11	5	5	5	25	5	5	5	5	5	5	22	22	22	22	1	1	27	27	31	27	6	31	16	16	10	16	3	14	31	31	1	5	4	31	10	10
9180	23	5	3	14	1	27	5	14	5	5	1	6	12	3	1	9	1	1	1	1	1	28	27	26	5	14	5	5	5	5	5	5	25	11	5	5	14	25	5	5	5	14	5	5	1	27	1	12	1	1	1	1	1	1	1	1	1	12	4	1	13	5	3	20	31	29	24	31	24	24
9190	3	5	3	14	4	27	14	14	5	5	5	6	8	3	1	9	1	1	1	1	1	28	26	26	5	14	5	5	5	5	5	5	11	11	5	5	5	25	5	5	5	5	5	5	12	31	12	12	1	1	1	12	1	1	1	1	27	16	3	27	14	14	3	25	3	3	1	3	7	7
9200	5	5	5	14	16	27	5	14	5	5	4	6	3	3	4	9	15	1	1	1	1	28	10	26	3	14	5	5	5	5	5	5	5	11	5	5	5	5	5	5	5	5	5	5	20	19	12	20	1	1	5	12	15	15	15	15	25	25	3	25	5	5	2	27	13	5	27	13	27	27
9210	5	5	21	14	27	27	5	14	5	5	1	6	3	3	1	9	1	1	1	1	17	28	19	26	5	14	5	5	5	5	5	5	11	11	5	5	15	25	5	5	5	15	5	5	5	30	5	5	17	17	28	28	28	28	28	28	31	31	13	31	5	5	13	27	3	21	2	22	13	13
9220	5	5	14	14	5	27	5	14	5	5	4	6	3	3	1	9	1	1	1	1	1	28	4	26	14	14	5	5	5	5	5	5	4	11	5	5	5	15	5	5	5	5	5	5	5	25	5	5	1	1	12	12	12	12	12	12	14	21	1	25	5	5	5	5	5	14	1	5	1	1
9230	5	5	5	14	16	27	5	14	5	5	1	6	1	3	1	9	1	1	1	1	12	28	3	26	5	14	5	5	5	5	5	5	3	11	5	5	5	14	5	5	5	5	5	5	5	14	5	5	12	12	1	12	1	1	1	1	1	1	4	1	5	5	3	27	5	5	20	14	28	28
9240	5	5	23	14	1	27	3	14	13	5	2	6	4	3	1	9	1	1	1	1	1	28	2	26	27	14	5	5	5	5	5	5	9	11	5	5	5	23	5	5	5	5	5	5	5	27	5	5	1	1	1	12	1	1	1	1	4	9	11	10	5	22	31	12	2	23	2	31	19	19
9250	5	5	14	14	5	27	5	14	5	5	2	6	3	3	1	9	1	1	1	1	1	28	8	26	3	14	5	5	5	5	5	5	11	11	5	5	5	25	5	5	5	5	5	5	3	8	14	14	1	1	21	21	21	21	21	21	21	21	3	27	14	5	3	14	3	14	3	3	3	3
9260	22	5	3	14	4	27	5	14	5	5	5	6	13	3	4	9	5	1	1	1	5	28	3	26	14	14	5	5	5	5	5	5	3	11	5	5	5	14	5	5	5	5	5	5	5	14	5	5	12	12	5	12	5	5	5	15	13	13	3	13	5	5	2	15	2	22	7	2	7	7
9270	14	5	5	14	2	27	5	14	1	5	1	6	11	3	1	9	1	1	1	1	1	28	17	26	5	14	5	5	5	5	5	5	3	11	5	5	14	14	5	5	14	14	5	14	12	28	1	12	1	1	1	1	1	1	1	1	29	18	3	29	21	12	3	27	19	14	23	19	29	29
9280	5	5	5	14	22	27	5	14	5	5	5	6	3	3	1	9	1	1	1	1	1	28	7	26	3	14	5	5	5	5	5	5	25	11	5	5	5	25	5	5	5	5	5	5	7	7	12	21	1	1	1	12	1	1	1	1	7	7	18	21	5	5	31	22	5	5	2	31	26	26
9290	5	5	5	14	10	27	3	14	5	5	1	6	7	3	1	9	1	1	1	1	5	28	3	26	14	14	5	5	5	5	5	5	4	11	5	5	5	15	5	5	5	5	5	5	5	14	5	5	12	12	1	12	1	1	1	1	16	7	1	16	5	14	30	24	5	5	5	30	12	12
9300	5	5	5	14	14	27	5	14	5	5	1	6	1	3	1	9	1	1	1	1	9	28	1	26	5	14	5	5	5	5	5	5	5	11	5	5	5	5	5	5	5	5	5	5	5	12	5	5	9	9	1	23	1	1	1	1	1	1	6	1	5	5	22	14	2	5	5	22	20	20
9310	3	5	3	14	27	27	5	14	5	5	28	6	3	3	3	9	1	1	1	1	1	28	3	26	14	14	5	5	5	5	5	5	3	11	5	5	5	14	5	5	5	5	5	5	14	14	14	14	1	1	7	21	3	7	3	3	3	3	7	31	5	5	3	27	3	3	3	3	7	7
9320	5	5	5	14	12	27	25	14	1	5	1	6	3	3	1	9	1	1	1	1	12	28	18	26	3	14	5	5	5	5	5	5	11	11	5	5	5	25	5	5	5	5	5	5	7	18	14	21	1	12	1	21	1	1	1	1	7	7	5	7	1	29	16	12	5	5	5	27	5	5
9330	5	5	5	14	3	27	14	14	5	5	11	6	4	3	1	9	9	1	5	1	5	28	2	26	5	14	5	5	5	5	5	5	3	11	14	5	5	14	5	5	5	5	5	5	5	13	5	5	5	5	5	5	23	23	4	23	4	4	5	11	5	14	1	14	1	5	10	1	24	24
9340	5	5	21	14	26	27	5	14	5	5	1	6	14	3	4	9	15	1	1	1	12	28	3	26	14	14	5	5	5	5	5	5	4	11	5	5	5	15	5	5	5	5	5	5	5	14	5	5	5	12	5	5	15	15	4	15	25	25	2	29	5	5	30	31	1	21	5	31	13	13
9350	5	5	5	14	28	27	5	14	4	5	27	6	1	3	1	9	1	1	1	1	1	28	10	26	3	14	5	5	5	5	5	5	11	11	5	5	5	25	5	5	5	5	5	5	29	19	9	29	1	1	1	9	1	1	1	1	1	1	2	27	5	15	31	28	5	5	6	31	6	6
9360	5	5	5	14	13	27	14	14	5	5	1	6	3	3	1	9	1	1	1	1	28	28	7	26	3	14	5	5	5	5	5	5	11	11	5	5	14	25	5	5	14	14	3	14	3	7	3	3	28	28	31	31	31	31	31	31	31	31	25	31	5	14	5	13	13	5	5	13	25	25
9370	5	5	3	14	3	27	5	14	5	5	2	6	21	3	1	9	1	1	1	1	5	28	1	26	14	14	5	5	5	5	5	5	3	11	5	5	5	14	5	5	5	5	5	5	21	21	1	21	12	12	1	12	1	1	1	1	21	21	2	27	12	5	6	21	5	14	23	20	28	28
9380	5	5	5	14	21	27	5	14	5	5	6	6	3	3	1	9	1	1	1	1	1	28	26	26	5	14	5	5	5	5	5	5	11	11	5	5	5	25	5	5	5	5	5	5	9	31	1	23	1	1	1	1	1	1	3	1	3	3	3	16	5	5	14	21	5	5	23	14	29	29
9390	5	5	14	14	27	27	14	14	5	5	2	6	26	3	1	9	1	1	12	1	5	28	8	26	5	14	5	5	5	5	5	5	4	11	5	5	5	15	5	5	5	5	5	5	5	22	5	5	12	12	1	12	1	1	1	1	26	26	18	26	3	14	31	27	5	14	1	31	18	18
9400	5	5	5	14	18	27	5	14	5	5	1	6	1	3	1	9	1	1	1	1	1	28	18	26	3	14	5	5	5	5	5	5	3	11	5	5	5	14	5	5	5	5	5	5	16	18	2	27	6	1	1	6	1	1	1	1	1	1	1	1	5	5	26	29	3	5	1	26	1	1
9410	5	5	5	14	5	27	5	14	5	5	2	6	11	3	4	9	9	1	1	1	12	28	1	26	25	14	5	5	5	5	5	5	11	11	5	5	5	25	5	5	5	5	5	5	5	29	5	5	12	12	1	12	9	9	4	9	11	11	1	19	5	5	5	5	4	5	23	15	23	23
9420	5	5	5	14	18	27	15	14	5	5	8	6	1	3	1	9	1	1	1	1	12	28	4	26	5	14	5	5	5	5	5	5	3	11	5	5	5	14	5	5	5	5	5	5	5	15	5	5	12	12	1	12	1	1	1	1	1	1	8	16	5	15	5	29	5	5	1	5	16	16
9430	5	5	5	14	26	27	5	14	5	5	2	6	3	3	1	9	1	1	1	1	1	28	4	26	14	14	5	5	5	5	5	5	3	11	5	5	14	14	5	5	5	14	5	5	25	25	25	25	1	1	18	29	9	18	9	9	29	18	7	31	5	5	31	31	5	5	5	31	21	21
9440	12	5	5	14	26	27	5	14	5	5	3	6	2	3	1	9	1	1	5	1	5	28	26	26	3	14	5	5	5	5	5	5	5	11	5	5	5	5	5	5	5	5	5	5	7	26	21	21	5	5	21	21	12	21	12	12	20	20	2	27	5	5	5	31	6	12	5	20	13	13
9450	5	5	3	14	25	27	5	14	5	5	31	6	1	3	1	9	1	1	1	1	1	28	14	26	5	14	5	5	5	5	5	5	4	11	5	5	5	15	5	5	5	5	5	5	5	14	5	5	1	1	12	12	1	12	1	1	1	1	3	31	5	5	15	25	2	14	1	24	7	7
9460	5	5	5	14	5	27	5	14	5	5	2	6	3	3	1	9	1	1	1	1	24	28	4	26	14	14	5	5	5	5	5	5	11	11	5	5	5	25	5	5	5	5	5	5	5	25	5	5	28	28	17	28	17	17	28	17	31	31	5	31	5	5	5	5	5	5	5	5	5	5
9470	5	5	14	14	23	27	14	14	5	5	1	6	8	3	1	9	1	1	1	1	6	28	26	26	5	14	5	5	5	5	5	5	4	11	5	5	5	15	5	5	5	5	5	5	5	31	5	5	6	6	20	20	20	20	2	20	8	8	1	16	3	14	23	29	5	14	1	23	1	1
9480	5	5	5	14	8	27	14	14	5	5	4	6	1	3	1	9	1	1	1	1	1	28	26	26	5	14	5	5	5	5	5	5	15	11	5	5	5	15	5	5	5	5	5	5	21	31	21	21	1	1	1	21	1	1	1	1	9	1	2	9	5	14	3	22	24	5	1	30	6	6
9490	5	5	5	14	5	27	4	14	5	5	9	6	4	3	4	9	12	1	1	1	1	28	3	26	3	14	5	5	5	5	5	5	11	11	5	5	5	25	5	5	5	5	5	5	3	3	5	14	1	1	1	12	12	12	4	23	4	4	26	9	5	15	5	5	15	5	2	15	26	26
9500	5	5	13	14	5	27	14	14	5	5	1	6	3	3	4	9	1	1	1	1	1	28	26	26	5	14	5	5	5	5	5	5	11	11	5	5	5	25	5	5	5	5	5	5	25	31	25	25	1	1	18	29	18	18	11	18	11	11	4	18	3	14	2	14	2	13	2	2	10	10
9510	5	5	5	14	16	27	5	14	5	5	1	6	2	3	1	9	2	1	1	1	1	28	26	26	5	14	5	5	5	5	5	5	11	11	5	5	5	25	5	5	5	5	5	5	29	31	29	29	1	1	18	29	6	26	2	6	2	2	4	6	5	5	29	27	4	5	27	29	31	31
9520	1	5	3	14	5	27	5	14	5	5	1	6	3	3	1	9	1	1	1	1	28	28	19	26	5	14	5	5	5	5	5	5	4	11	5	5	5	15	5	5	5	5	5	5	5	30	5	5	28	28	17	28	17	17	24	17	30	30	2	31	5	5	5	5	16	7	6	27	6	6
9530	1	5	1	14	3	27	3	14	14	5	18	6	5	3	4	9	29	1	1	1	13	28	10	26	2	14	12	5	12	5	2	5	7	11	5	5	5	21	5	20	5	5	12	12	4	10	17	23	1	20	2	17	30	31	5	30	5	5	10	29	3	14	28	3	5	1	4	28	10	10
9540	5	5	12	14	1	27	3	14	5	5	1	6	3	3	1	9	1	1	1	1	12	28	1	26	5	14	5	5	5	5	5	5	18	11	5	5	5	29	5	5	5	5	5	5	5	12	5	5	12	12	1	12	1	1	1	1	1	7	1	1	1	14	1	1	1	12	1	1	1	1
9550	4	5	21	14	28	27	14	14	5	5	2	6	3	3	11	9	3	1	5	1	5	28	18	26	5	14	5	5	5	5	5	5	3	11	5	5	14	14	5	5	5	14	5	5	14	29	14	14	5	5	3	14	3	3	11	11	11	11	3	19	3	14	3	31	21	29	31	21	31	31
9560	5	5	14	14	31	27	5	14	5	5	2	6	3	3	4	9	5	1	1	1	10	28	19	26	5	14	5	5	5	5	5	5	4	11	5	5	5	15	5	5	5	5	5	5	13	30	2	13	17	17	9	17	23	23	9	23	29	18	2	31	5	5	26	31	3	14	29	26	31	31
9570	5	5	14	14	27	27	14	14	5	5	4	6	3	3	4	9	1	1	1	1	1	28	26	26	3	14	5	5	5	5	5	5	11	11	5	5	5	25	5	5	5	5	5	5	26	26	29	31	1	1	29	29	25	29	14	25	14	14	3	25	2	14	31	27	3	14	23	31	29	29
9580	5	5	5	14	6	27	5	14	5	5	4	6	3	3	1	9	5	1	1	1	1	28	31	26	3	14	5	5	5	5	5	5	4	11	5	5	5	15	5	5	5	5	5	5	23	31	23	23	1	1	12	23	20	12	6	20	16	16	4	26	5	5	5	20	26	5	3	31	11	11
9590	5	5	14	14	20	27	5	14	5	5	2	6	3	3	1	9	1	1	1	1	1	28	26	26	3	14	5	5	5	5	5	5	3	11	5	5	14	14	5	5	14	14	5	14	17	26	28	28	1	1	31	28	31	31	29	31	29	29	1	31	5	5	13	20	5	14	5	13	12	12
9600	5	5	16	14	22	27	14	14	5	5	19	6	6	3	1	9	1	1	1	1	1	28	18	26	5	14	5	5	5	5	5	5	11	11	5	5	5	25	5	5	5	5	5	5	12	29	1	12	1	1	1	1	1	1	1	1	1	6	2	26	5	14	2	22	31	27	6	31	6	6
9610	5	5	5	14	5	27	5	14	5	5	1	6	1	3	1	9	1	1	1	1	1	28	26	26	5	14	5	5	5	5	5	5	2	11	5	5	5	13	5	5	5	5	5	5	12	31	1	12	1	1	1	1	1	1	1	1	1	1	1	1	5	5	5	5	5	5	12	5	12	12
9620	5	5	5	14	30	27	3	14	22	5	1	6	3	3	1	9	1	1	1	1	12	28	27	26	5	14	5	5	5	5	5	5	14	11	5	5	5	14	5	5	5	5	5	5	5	27	5	5	12	12	1	12	1	1	1	1	7	7	5	7	1	22	1	31	25	5	17	29	28	28
9630	15	5	5	14	31	27	5	14	5	5	2	6	4	3	4	9	1	1	1	1	1	28	26	26	5	14	5	5	5	5	5	5	4	11	5	5	5	15	5	5	5	5	5	5	31	31	31	31	1	1	31	31	31	31	31	31	29	31	4	31	5	5	23	31	4	15	5	23	15	15
9640	5	5	14	14	20	27	5	14	5	5	1	6	3	3	9	9	1	1	1	1	1	28	2	26	5	14	5	5	5	5	5	5	11	11	5	5	5	25	5	5	5	5	5	5	5	13	5	5	1	1	12	12	5	12	12	23	21	21	5	21	5	5	31	20	3	14	22	31	22	22
9650	5	5	5	14	16	27	5	14	5	5	2	6	18	3	1	9	1	1	1	1	15	28	19	26	5	14	5	5	5	5	5	5	3	11	5	5	5	14	5	5	5	5	5	5	5	30	5	5	12	23	1	12	1	1	1	1	29	18	5	31	5	5	12	27	1	5	2	12	13	13
9660	5	5	3	14	16	27	5	14	5	5	30	6	1	3	1	9	1	1	1	1	1	28	3	26	22	14	5	5	5	5	5	5	3	11	5	5	5	14	5	5	5	5	5	5	5	22	5	5	1	1	1	12	1	1	1	1	1	1	2	31	5	5	4	27	12	14	1	23	6	6
9670	5	5	5	14	13	27	5	14	5	5	2	6	3	3	4	9	1	1	1	1	1	28	26	26	5	14	5	5	5	5	5	5	11	11	5	5	5	25	5	5	5	5	5	5	23	31	9	23	1	1	9	9	9	9	9	9	18	18	19	26	5	5	5	13	5	5	5	5	30	30
9680	5	5	14	14	17	27	14	14	5	5	2	6	3	3	4	9	1	1	1	1	1	28	26	26	5	14	5	5	5	5	5	5	3	11	5	5	5	14	5	5	5	5	5	5	20	31	13	20	1	1	20	20	20	20	28	28	29	31	3	31	5	14	20	28	5	14	3	20	3	3
9690	5	5	5	14	5	27	5	14	5	5	1	6	3	3	4	9	1	1	1	1	1	28	26	26	5	14	5	5	5	5	5	5	4	11	5	5	5	15	5	5	5	5	5	5	12	31	12	12	1	1	1	12	1	1	9	9	18	18	4	18	5	5	5	5	5	5	5	5	15	15
9700	5	5	5	14	27	27	5	14	5	5	2	6	3	3	4	9	1	1	1	1	28	28	26	26	5	14	5	5	5	5	5	5	4	11	5	5	5	15	5	5	5	5	5	5	5	31	5	5	28	28	20	28	12	20	23	23	29	29	5	31	2	5	2	27	5	5	5	13	5	5
9710	2	5	4	14	31	27	5	14	5	5	3	6	3	3	1	9	1	1	1	1	23	28	8	26	5	14	5	5	5	5	5	5	4	11	5	5	5	15	5	5	5	5	5	5	12	22	1	12	1	23	1	1	1	1	7	1	7	7	11	7	3	5	1	31	1	10	3	1	11	11
9720	5	5	14	14	27	27	5	14	5	5	27	6	4	3	4	9	1	1	1	1	1	28	26	26	5	14	5	5	5	5	5	5	11	11	5	5	5	25	5	5	5	5	5	5	25	31	25	25	1	1	29	29	4	29	9	4	1	9	5	27	5	5	5	27	18	14	31	29	31	31
9730	5	5	3	14	10	27	5	14	5	5	1	6	2	3	3	9	1	1	1	1	1	28	28	26	5	14	5	5	5	5	5	5	4	11	15	5	5	15	5	5	5	5	5	5	13	28	13	13	1	1	12	20	12	12	30	21	30	30	2	31	5	5	5	24	2	14	11	13	19	19
9740	5	5	5	14	20	27	5	14	5	5	1	6	3	3	4	9	1	1	1	1	1	28	26	26	3	14	5	5	5	5	5	5	3	11	5	5	5	14	5	5	5	5	5	5	2	26	13	13	1	1	20	20	20	20	28	28	31	31	14	31	5	5	27	20	5	5	3	27	14	14
9750	5	5	14	14	5	27	14	14	5	5	6	6	1	3	1	9	1	1	1	1	12	28	5	26	3	14	5	5	5	5	5	5	11	11	5	5	5	25	5	5	5	5	5	5	5	14	5	5	12	12	1	12	1	1	1	1	1	1	2	6	5	14	5	5	5	14	2	5	2	2
9760	5	5	5	14	27	27	5	14	5	5	2	6	3	3	1	9	1	1	1	1	20	28	10	26	5	14	5	5	5	5	5	5	5	11	5	5	5	5	5	5	5	5	5	5	5	24	5	5	20	20	20	20	20	20	20	20	27	27	3	27	5	5	30	27	5	5	30	30	30	30
9770	5	5	19	14	13	27	5	14	15	5	1	6	3	3	15	9	1	1	1	1	1	28	19	26	5	14	5	5	5	5	5	5	3	11	5	5	5	14	5	5	5	5	5	5	5	30	5	5	1	1	1	12	1	1	15	23	25	25	4	29	5	15	4	13	30	30	4	30	4	4
9780	1	5	21	14	5	27	5	14	5	5	1	6	5	3	1	9	3	1	1	1	24	28	7	26	3	14	5	5	5	5	5	5	4	11	5	5	5	15	5	5	5	5	5	5	5	7	5	5	28	28	28	28	31	31	31	31	31	31	1	31	5	5	5	5	31	21	3	31	7	7
9790	5	5	12	14	16	27	14	14	5	5	28	6	9	3	1	9	1	1	1	1	1	28	23	26	5	14	5	5	5	5	5	5	3	11	5	5	5	14	5	5	5	5	5	5	1	23	12	12	1	1	1	12	1	1	1	1	1	9	3	28	5	14	14	27	5	12	7	14	7	7
9800	5	5	5	14	3	27	5	14	5	5	1	6	3	3	1	9	1	1	1	1	28	28	18	26	5	14	5	5	5	5	5	5	14	11	5	5	5	14	5	5	5	5	5	5	5	29	5	5	12	28	1	12	1	1	1	1	7	7	3	7	5	5	5	14	5	5	3	5	3	3
9810	5	5	14	14	12	27	14	14	5	5	2	6	3	3	1	9	1	1	1	1	1	28	18	26	5	14	5	5	5	5	5	5	4	11	5	5	5	15	5	5	5	5	5	5	9	29	1	23	1	1	1	1	1	1	1	1	7	7	3	16	5	14	12	12	3	14	3	21	3	3
9820	5	5	13	14	21	27	5	14	5	5	30	6	3	3	3	9	3	1	1	1	14	28	3	26	14	14	5	5	5	5	5	5	4	11	15	5	5	15	5	5	5	5	5	5	5	14	5	5	5	21	14	5	14	14	3	14	3	3	6	30	4	5	4	29	6	13	3	17	16	16
9830	5	5	14	14	16	27	5	14	5	5	28	6	3	3	4	9	1	1	1	1	9	28	26	26	5	14	5	5	5	5	5	5	3	11	5	5	5	14	5	5	5	5	5	5	29	31	29	29	4	9	18	29	11	18	3	11	3	3	30	31	5	5	5	27	5	14	3	5	30	30
9840	5	5	5	14	5	27	14	14	5	5	1	6	3	3	1	9	1	1	1	1	1	28	3	26	14	14	5	5	5	5	5	5	11	11	5	5	5	25	5	5	5	5	5	5	14	14	7	14	1	1	7	7	1	7	1	1	1	7	3	1	13	14	13	13	2	5	1	13	7	7
9850	5	5	12	14	30	27	5	14	5	5	1	6	1	3	1	9	1	1	1	1	6	28	26	26	3	14	5	5	5	5	5	5	11	11	5	5	5	25	5	5	5	5	5	5	28	26	9	28	1	6	1	9	1	1	1	1	1	1	1	1	5	5	5	30	5	12	1	5	1	1
9860	5	5	3	14	8	27	14	14	5	5	15	6	1	3	1	9	1	1	1	1	9	28	17	26	5	14	5	5	5	5	5	5	11	11	5	5	15	25	5	5	5	15	5	5	12	28	1	12	1	9	1	1	1	1	1	1	1	1	31	23	3	14	2	8	2	14	2	2	31	31
9870	5	5	5	14	30	27	14	14	5	5	3	6	1	3	1	9	1	1	1	1	1	28	16	26	3	14	5	5	5	5	5	5	5	11	5	5	5	5	5	5	5	5	5	5	16	16	27	27	1	1	1	27	1	1	1	1	1	1	2	7	3	14	2	30	2	5	10	2	10	10
9880	5	5	5	14	26	27	5	14	5	5	1	6	1	3	1	9	1	1	1	1	1	28	26	26	5	14	5	5	5	5	5	5	3	11	5	5	5	14	5	5	5	5	5	5	1	31	12	12	1	1	1	12	1	1	1	1	1	1	10	1	5	5	25	31	5	5	3	25	19	19
9890	5	5	5	14	25	27	3	14	5	5	12	6	3	3	1	9	1	1	1	1	1	28	3	26	14	14	5	5	5	5	5	5	3	11	5	5	5	14	5	5	5	5	5	5	5	14	5	5	1	1	21	12	21	21	7	21	3	7	3	21	3	14	28	25	5	5	6	28	16	16
9900	5	5	5	14	3	27	15	14	5	5	1	6	1	3	1	9	1	1	1	1	1	28	22	26	3	14	5	5	5	5	5	5	4	11	15	5	5	15	5	5	5	5	5	5	3	22	3	14	1	1	1	7	1	1	1	1	1	1	23	1	3	15	1	3	3	5	5	7	23	23
9910	2	5	2	14	5	27	14	14	5	5	2	6	1	3	1	9	1	1	1	1	1	28	26	26	3	14	5	5	5	5	5	5	3	11	5	5	5	14	5	5	5	5	1	5	1	26	1	1	1	1	1	1	1	1	1	1	1	1	3	6	5	14	5	5	14	2	5	14	14	14
9920	8	5	3	14	3	27	5	14	5	5	14	6	2	3	2	9	13	1	1	1	9	28	9	26	5	14	5	5	5	5	5	5	3	11	5	5	5	14	5	5	5	5	5	5	5	23	5	5	1	9	5	12	2	13	2	2	2	2	10	22	5	5	28	14	3	8	4	31	10	10
9930	5	5	26	14	27	27	5	14	5	5	2	6	3	3	1	9	1	1	1	1	23	28	1	26	14	14	5	5	5	5	5	5	3	11	5	5	5	14	5	5	5	5	5	5	5	21	5	5	23	23	23	23	23	23	23	23	29	29	3	31	5	5	1	27	29	31	26	29	26	26
9940	5	5	5	14	9	27	5	14	5	5	1	6	3	3	1	9	1	1	1	1	9	28	4	26	3	14	5	5	5	5	5	5	11	11	5	5	5	25	5	5	5	5	5	5	5	11	5	5	9	9	1	23	1	1	1	1	21	7	19	21	5	5	5	23	5	5	5	5	30	30
9950	5	5	14	14	31	27	5	14	5	5	1	6	3	3	1	9	1	1	1	1	1	28	19	26	3	14	5	5	5	5	5	5	11	11	5	5	5	25	5	5	5	5	5	5	10	19	24	24	1	1	28	28	28	28	28	28	31	31	22	31	5	5	3	31	25	14	5	25	22	22
9960	5	5	5	14	16	27	5	14	5	5	6	6	1	3	1	9	1	1	1	1	1	28	9	26	5	14	5	5	5	5	5	5	3	11	14	5	5	14	5	5	5	5	5	5	12	23	1	12	1	1	1	1	1	1	1	1	1	1	20	6	5	5	14	27	5	5	5	14	20	20
9970	5	5	5	14	1	27	21	14	5	5	1	6	7	3	1	9	1	1	1	1	1	28	28	26	5	14	5	5	5	5	5	5	14	11	5	5	5	14	5	5	5	5	5	5	12	28	12	12	1	1	12	12	1	12	1	1	1	7	1	1	1	21	5	1	16	5	17	27	17	17
9980	2	5	2	14	3	27	5	14	25	5	1	6	1	3	1	9	6	1	5	1	5	28	23	26	5	14	5	5	14	5	5	5	4	11	5	5	5	15	5	14	5	5	5	5	5	23	5	5	5	5	2	5	1	6	1	1	1	1	1	1	1	25	4	7	27	2	15	31	23	23
9990	2	5	16	14	24	27	5	14	5	5	12	6	1	3	1	9	1	1	5	1	5	28	4	26	5	14	5	5	5	5	5	5	17	11	5	5	5	28	5	5	5	5	5	5	5	15	5	5	5	5	12	5	1	12	1	1	1	1	3	12	5	5	4	24	3	16	1	11	7	7
10000	5	5	6	14	27	27	5	14	5	5	1	6	2	3	1	9	1	1	1	1	1	28	9	26	5	14	5	5	5	5	5	5	15	11	5	5	5	15	5	5	5	5	5	5	23	23	1	23	1	1	1	1	1	1	1	1	6	6	4	6	5	5	8	27	4	20	26	19	26	26
10010	5	5	5	14	5	27	14	14	5	5	1	6	1	3	1	9	1	1	1	1	12	28	19	26	5	14	5	5	5	5	5	5	11	11	5	5	5	25	5	5	5	5	5	5	5	30	5	5	12	12	1	12	1	1	1	1	1	1	3	1	5	14	5	5	5	5	3	5	3	3
10020	5	5	12	14	31	27	5	14	5	5	21	6	1	3	1	9	1	1	1	1	1	28	16	26	3	14	5	5	5	5	5	5	11	11	5	5	5	25	5	5	5	5	5	5	7	16	12	21	1	1	1	12	1	1	1	1	1	1	1	21	5	5	24	31	1	12	15	28	23	23
10030	2	5	3	14	5	27	14	14	5	5	12	6	7	3	1	9	1	1	1	1	1	28	1	26	21	14	5	5	5	5	5	5	3	11	5	5	5	14	5	5	5	5	5	5	12	21	1	12	1	1	1	1	1	1	1	1	1	7	5	12	5	14	14	5	2	8	5	22	5	5
10040	5	5	5	14	3	27	5	14	5	5	3	6	3	3	3	9	1	1	1	1	1	28	10	26	2	14	5	5	5	5	5	5	11	11	5	5	5	25	5	5	5	5	5	5	5	10	5	5	1	1	1	12	1	1	3	7	3	3	25	3	13	5	5	22	5	5	4	5	25	25
10050	5	5	27	14	28	27	14	14	5	5	2	6	5	3	2	9	5	1	1	1	1	28	18	26	4	14	5	5	5	5	5	5	4	11	5	5	5	15	5	5	5	5	5	5	7	18	7	21	1	1	1	7	1	12	6	6	20	20	13	20	3	14	5	31	11	27	4	25	24	24
10060	5	5	11	14	8	27	3	14	5	5	1	6	1	3	1	9	1	1	1	1	2	28	31	26	3	14	5	5	5	5	5	5	5	11	5	5	5	5	5	5	5	5	5	5	6	31	1	20	1	6	1	1	1	1	1	1	1	1	1	1	3	14	2	8	27	25	15	27	23	23
10070	5	5	14	14	15	27	5	14	5	5	1	6	3	3	1	9	1	1	1	1	17	28	2	26	14	14	5	5	5	5	5	5	5	11	5	5	5	5	5	5	5	5	5	5	5	22	5	5	17	17	28	28	28	28	28	28	26	31	3	26	5	5	5	15	25	14	3	25	3	3
10080	5	5	5	14	7	27	14	14	5	5	2	6	3	3	4	9	1	1	1	1	23	28	6	26	5	14	5	5	5	5	5	5	11	11	5	5	5	25	5	5	5	5	5	5	5	20	5	5	23	23	23	23	23	23	23	23	29	29	21	31	3	14	3	7	5	5	3	14	21	21
10090	5	5	5	14	20	27	5	14	5	5	3	6	4	3	1	9	1	1	1	1	1	28	3	26	3	14	5	5	5	5	5	5	11	11	5	5	5	25	5	5	5	5	5	5	3	3	14	14	1	1	7	21	7	7	7	7	18	18	1	18	5	5	27	20	5	5	4	27	9	9
10100	5	5	14	14	7	27	5	14	5	5	2	6	3	3	1	9	1	1	1	1	1	28	7	26	3	14	5	5	5	5	5	5	3	11	5	5	5	14	5	5	5	5	5	5	1	7	1	12	1	1	1	1	1	1	1	1	7	7	4	16	5	5	25	21	3	14	4	25	4	4
10110	28	5	5	14	26	27	5	14	5	5	3	6	3	3	6	9	1	1	1	1	1	28	20	26	5	14	5	5	5	5	5	5	11	11	5	5	14	25	5	5	5	14	5	5	6	20	20	20	1	1	1	20	1	1	2	6	3	8	3	3	5	5	19	31	5	28	27	30	27	27
10120	5	5	5	14	23	27	5	14	5	5	2	6	3	3	1	9	1	1	1	1	1	28	9	26	5	14	5	5	5	5	5	5	3	11	5	5	5	14	5	5	5	5	5	5	24	23	13	24	1	1	20	20	20	20	20	20	27	27	17	27	5	5	29	23	2	5	2	31	17	17
10130	5	5	5	14	5	27	5	14	5	5	2	6	3	3	1	9	1	1	1	1	1	28	16	26	5	14	5	5	5	5	5	5	4	11	5	5	5	15	5	5	5	5	13	5	1	27	20	20	1	1	1	20	1	1	1	1	7	7	4	16	5	5	5	5	5	5	5	5	15	15
10140	31	5	1	14	4	27	3	14	29	5	31	6	5	3	2	9	2	1	5	1	12	28	7	26	3	14	5	5	5	5	5	5	4	11	5	5	5	15	5	5	5	5	5	5	5	7	5	5	12	12	23	12	20	28	5	20	5	5	5	31	24	29	13	24	3	31	4	22	15	15
10150	5	5	3	14	13	27	5	14	5	5	1	6	7	3	1	9	1	1	1	1	1	28	26	26	5	14	5	5	5	5	5	5	11	11	5	5	5	25	5	5	5	5	5	5	12	31	1	12	1	1	1	1	1	1	1	1	7	7	3	7	5	5	5	13	13	14	11	13	11	11
10160	3	5	3	14	12	27	5	14	5	5	1	6	1	3	9	9	5	1	12	1	1	28	29	26	3	14	5	5	5	5	5	5	4	11	5	5	5	15	5	5	5	5	5	5	5	29	5	5	12	12	5	12	5	5	1	23	1	1	5	1	5	5	3	12	3	3	14	3	14	14
10170	5	5	29	14	1	27	5	14	5	5	18	6	1	3	1	9	1	1	1	1	1	28	10	26	5	14	5	5	5	5	5	5	11	11	5	5	5	25	5	5	5	5	5	5	15	24	15	15	1	1	1	23	1	1	1	1	1	1	2	18	5	5	1	12	20	29	10	20	10	10
10180	5	5	27	14	26	27	5	14	5	5	4	6	3	3	10	9	1	1	1	1	1	28	3	26	3	14	5	5	5	5	5	5	4	11	5	5	5	15	5	5	5	5	5	5	7	3	21	21	1	1	5	21	1	12	24	17	30	30	13	30	2	5	26	26	5	27	5	31	13	13
10190	5	5	5	14	31	27	5	14	5	5	6	6	1	3	1	9	1	1	1	1	20	28	8	26	5	14	5	5	5	5	5	5	11	11	5	5	5	25	5	5	5	5	5	5	5	22	5	5	12	20	1	12	1	1	1	1	1	1	2	6	5	5	30	31	5	5	2	30	2	2
10200	5	5	5	14	27	27	14	14	5	5	2	6	1	3	5	9	1	1	1	1	1	28	6	26	3	14	5	5	5	5	5	5	4	11	5	5	5	15	5	5	5	5	5	5	1	16	1	12	1	1	1	1	1	1	12	12	12	12	4	20	5	14	31	27	5	5	8	31	19	19
10210	5	5	31	14	11	27	5	14	23	5	1	6	1	3	1	9	1	1	1	1	1	28	9	26	1	14	5	5	5	5	5	5	4	11	5	5	15	15	5	5	15	15	4	15	9	9	1	9	1	1	1	1	1	1	1	1	1	1	13	1	1	23	4	18	4	31	2	4	13	13
10220	3	5	11	14	20	27	5	14	5	5	1	6	3	3	1	9	1	1	1	1	19	28	1	26	5	14	5	5	5	5	5	5	11	11	5	5	5	25	5	5	5	5	5	5	5	12	5	5	18	26	29	29	29	29	20	29	27	27	2	27	5	5	5	20	5	11	2	5	2	2
10230	11	5	3	14	2	27	5	14	5	5	3	6	2	3	3	9	3	1	5	1	5	28	9	26	4	14	5	5	5	5	5	5	17	11	5	5	5	28	5	5	5	5	5	5	5	9	5	5	5	5	27	5	27	27	6	27	16	6	11	16	2	5	20	2	3	11	2	27	19	19
10240	5	5	30	14	31	27	5	14	5	5	1	6	3	3	1	9	1	1	1	1	1	28	3	26	3	14	5	5	5	5	5	5	11	11	5	5	5	25	5	5	5	5	5	5	8	3	22	22	1	1	1	27	1	1	1	1	1	7	5	1	5	5	19	31	2	30	26	19	31	31
10250	5	5	3	14	26	27	14	14	5	5	1	6	1	3	1	9	1	1	1	1	1	28	2	26	15	14	5	5	5	5	5	5	3	11	14	5	14	14	5	5	14	14	3	14	4	24	4	11	1	1	1	9	1	1	1	1	1	1	1	1	5	14	30	31	1	14	1	31	1	1
10260	5	5	13	14	29	27	5	14	5	5	4	6	1	3	12	9	5	1	5	1	5	28	26	26	5	14	5	5	5	5	5	5	5	11	5	5	5	5	5	5	5	5	5	5	22	31	5	22	5	5	5	5	5	5	1	12	1	1	3	9	5	5	1	29	1	13	4	1	11	11
10270	5	5	5	14	1	27	5	14	5	5	2	6	3	3	10	9	2	1	2	1	2	28	17	26	3	14	5	5	5	5	5	5	3	11	5	5	5	14	5	5	5	5	15	5	4	26	4	15	2	2	2	10	2	2	2	10	2	8	2	2	1	5	2	1	15	5	15	24	24	24
10280	5	5	5	14	5	27	5	14	5	5	3	6	3	3	5	9	1	1	1	1	1	28	4	26	14	14	5	5	5	5	5	5	5	11	5	5	5	5	5	5	5	5	5	5	5	25	5	5	1	1	12	12	12	12	23	12	29	29	21	29	5	5	10	5	4	5	3	10	21	21
10290	5	5	19	14	31	27	5	14	5	5	1	6	1	3	1	9	1	1	1	1	1	28	18	26	5	14	5	5	5	5	5	5	4	11	5	5	5	15	5	5	5	5	5	5	29	29	18	29	1	1	1	18	1	1	1	1	1	1	3	1	5	5	27	31	1	30	1	27	7	7
10300	5	5	5	14	16	27	5	14	5	5	2	6	3	3	1	9	1	1	1	1	1	28	26	26	5	14	5	5	5	5	5	5	4	11	5	5	5	15	5	5	5	5	5	5	28	31	17	28	1	1	1	17	1	1	1	1	7	7	22	16	5	5	26	27	5	5	5	31	22	22
10310	5	5	14	14	19	27	5	14	5	5	2	6	3	3	4	9	1	1	1	1	1	28	19	26	3	14	5	5	5	5	5	5	11	11	5	5	5	25	5	5	5	5	5	5	19	19	30	30	1	1	31	31	31	31	29	31	25	29	7	30	5	5	8	30	4	14	2	19	16	16
10320	5	5	5	14	26	27	5	14	5	5	1	6	11	3	1	9	1	1	1	1	1	28	16	26	5	14	5	5	5	5	5	5	4	11	5	5	5	15	5	5	5	5	5	5	5	27	5	5	1	1	1	12	1	1	1	1	29	18	2	29	5	5	31	31	5	5	7	31	16	16
10330	5	5	14	14	14	27	5	14	5	5	2	6	4	3	4	9	1	1	1	1	6	28	1	26	5	14	5	5	5	5	5	5	4	11	5	5	5	15	5	5	5	5	5	5	12	12	12	12	1	6	1	12	1	1	9	9	9	9	10	17	5	5	5	14	5	14	4	5	10	10
10340	5	5	5	14	6	27	5	14	5	5	1	6	1	3	1	9	1	1	1	1	1	28	5	26	5	14	5	5	5	5	5	5	14	11	5	5	5	14	5	5	5	5	5	5	5	5	5	5	1	1	1	12	1	1	1	1	1	1	4	1	5	5	12	20	5	5	4	12	4	4
10350	5	5	5	14	13	27	5	14	5	5	1	6	2	3	9	9	1	1	1	1	12	28	3	26	14	14	5	5	5	5	5	5	11	11	5	5	5	25	5	5	5	5	5	5	5	14	5	5	12	12	1	12	1	1	9	9	1	17	5	1	5	5	5	13	13	5	5	13	5	5
10360	5	5	14	14	5	27	3	14	5	5	1	6	2	3	1	9	1	1	1	1	1	28	7	26	3	14	5	5	5	5	5	5	11	11	5	5	5	25	5	5	5	5	5	5	1	7	1	12	1	1	1	1	1	1	1	1	6	6	1	6	23	14	5	23	25	14	1	25	1	1
10370	5	5	14	14	26	27	5	14	5	5	1	6	1	3	1	9	1	1	1	1	1	28	26	26	5	14	5	5	5	5	5	5	11	11	5	5	5	25	5	5	5	5	5	5	23	31	1	23	1	1	1	1	1	1	1	1	7	1	2	7	5	5	20	31	3	14	14	27	22	22
10380	5	5	5	14	20	27	5	14	5	5	2	6	3	3	1	9	1	1	1	1	23	28	31	26	5	14	5	5	5	5	5	5	11	11	5	5	5	25	5	5	5	5	5	5	5	31	5	5	23	23	23	23	23	23	23	23	29	29	6	31	5	5	12	20	5	5	1	12	6	6
10390	5	5	5	14	5	27	5	14	5	5	6	6	5	3	13	9	5	1	1	1	12	28	18	26	3	14	5	5	5	5	5	5	11	11	5	5	5	25	5	5	5	5	5	5	5	18	5	5	5	12	5	5	5	5	5	13	5	5	5	20	5	5	4	5	9	5	4	9	15	15
10400	4	5	7	14	28	27	14	14	5	5	6	6	1	3	1	9	1	1	1	1	1	28	7	26	3	14	5	5	5	5	5	5	14	11	5	5	5	14	5	5	5	5	5	5	1	7	12	12	1	1	12	12	1	12	1	1	1	1	22	6	3	14	20	31	3	18	3	27	22	22
10410	5	5	2	14	2	27	5	14	5	5	2	6	3	3	3	9	3	1	2	1	13	28	1	26	14	14	5	5	5	5	5	5	14	11	5	5	5	14	5	5	5	5	5	5	5	21	5	5	13	13	2	13	3	8	3	3	3	3	4	8	2	5	2	2	2	13	4	2	4	4
10420	5	5	31	14	26	27	5	14	5	5	30	6	4	3	4	9	1	1	1	1	1	28	26	26	2	14	5	5	5	5	5	5	14	11	5	5	5	14	5	5	5	5	5	5	3	26	5	14	1	1	1	12	1	1	4	9	4	4	6	30	5	5	27	31	4	31	3	31	16	16
10430	3	5	13	14	1	27	29	14	4	5	1	6	1	3	1	9	1	1	1	1	15	28	1	26	12	14	5	5	5	5	5	5	4	11	5	5	5	15	5	5	5	5	5	5	5	12	5	5	23	23	1	23	1	1	1	1	1	1	3	1	25	29	3	29	13	22	11	22	11	11
10440	5	5	25	14	5	27	5	14	5	5	1	6	12	3	5	9	1	1	1	1	1	28	2	26	5	14	5	5	5	5	5	5	11	11	5	5	5	25	5	5	5	5	5	5	5	13	5	5	1	1	12	12	5	12	5	5	20	12	1	20	5	5	5	5	3	25	24	14	28	28
10450	5	5	5	14	6	27	5	14	5	5	1	6	1	3	1	9	1	1	1	1	12	28	3	26	14	14	5	5	5	5	5	5	11	11	5	5	5	25	5	5	5	5	5	5	5	14	5	5	12	12	1	12	1	1	1	1	1	1	3	1	5	5	27	20	2	5	7	27	7	7
10460	5	5	5	14	31	27	14	14	5	5	2	6	4	3	1	9	1	1	1	1	1	28	18	26	5	14	5	5	5	5	5	5	4	11	5	5	5	15	5	5	5	5	5	5	14	29	5	14	1	1	1	12	1	1	1	1	9	9	4	17	3	14	26	31	5	5	10	31	10	10
10470	5	5	5	14	5	27	5	14	5	5	8	6	1	3	1	9	1	1	1	1	1	28	18	26	5	14	5	5	5	5	5	5	15	11	5	5	5	15	5	5	5	5	5	5	12	29	12	12	1	1	1	12	1	1	1	1	1	1	5	16	5	5	30	5	5	5	7	30	21	21
10480	5	5	5	14	8	27	3	14	2	5	5	6	3	3	4	9	1	1	1	1	1	28	19	26	3	14	5	5	5	5	5	5	11	11	5	5	5	25	5	5	5	5	5	5	11	19	25	25	1	1	11	29	18	18	18	18	16	18	1	27	3	8	5	8	5	5	1	5	1	1
10490	5	5	5	14	3	27	14	14	5	5	1	6	1	3	1	9	1	1	1	1	4	28	18	26	5	14	5	5	5	5	5	5	4	11	5	5	15	15	5	5	15	15	5	15	15	29	4	15	9	9	1	9	1	1	1	1	1	1	1	1	29	14	3	29	3	5	2	3	6	6
10500	5	5	12	14	4	27	5	14	5	5	30	6	1	3	1	9	1	1	5	1	5	28	25	26	3	14	5	5	5	5	5	5	14	11	5	5	5	14	5	5	5	5	5	5	5	25	5	5	5	5	12	5	1	12	1	1	1	1	9	31	5	5	3	15	17	12	5	26	23	23
10510	5	5	14	14	14	27	5	14	5	5	4	6	3	3	4	9	1	1	1	1	1	28	26	26	3	14	5	5	5	5	5	5	5	11	5	5	5	5	5	5	5	5	5	5	26	26	31	31	1	1	31	31	26	31	26	26	26	26	4	26	5	5	14	14	5	14	3	14	11	11
10520	5	5	12	14	1	27	14	14	5	5	1	6	3	3	1	9	1	1	1	1	9	28	3	26	14	14	5	5	5	5	5	5	15	11	5	5	5	15	5	5	5	5	5	5	5	14	5	5	9	9	1	23	1	1	1	1	1	7	5	1	3	14	4	7	12	12	5	23	5	5
10530	5	5	5	14	26	27	5	14	5	5	4	6	3	3	1	9	1	1	1	1	2	28	26	26	3	14	5	5	5	5	5	5	11	11	5	5	15	25	5	5	15	15	15	15	4	26	5	15	28	6	24	28	28	28	28	28	31	31	5	31	5	5	31	31	5	5	6	31	20	20
10540	5	5	5	14	27	27	5	14	5	5	1	6	3	3	4	9	1	1	1	1	1	28	18	26	5	14	5	5	5	5	5	5	3	11	5	5	5	14	5	5	5	5	5	5	12	29	1	12	1	1	1	1	1	1	1	9	1	7	4	1	5	5	5	27	5	5	5	5	15	15
10550	5	5	2	14	8	27	5	14	5	5	1	6	3	3	1	9	1	1	1	1	1	28	4	26	11	14	12	5	5	5	5	5	4	11	5	5	5	15	5	5	5	5	1	12	7	11	1	7	1	1	1	1	1	1	1	1	3	7	3	7	5	5	11	22	4	13	16	11	16	16
10560	5	5	5	14	16	27	5	14	5	5	2	6	3	3	4	9	1	1	1	1	28	28	9	26	5	14	5	5	5	5	5	5	4	11	5	5	5	15	5	5	5	5	5	5	5	23	5	5	28	28	9	28	9	9	9	9	18	18	28	26	5	5	27	27	5	5	5	27	28	28
10570	5	5	5	14	15	27	5	14	5	5	1	6	30	3	1	9	1	1	1	1	1	28	18	26	5	14	5	5	5	5	5	5	4	11	5	5	5	15	5	5	5	5	5	5	12	29	12	12	1	1	12	12	1	12	1	1	31	31	1	31	5	5	12	15	5	5	31	12	31	31
10580	5	5	5	14	7	27	5	14	5	5	28	6	3	3	7	9	1	1	1	1	1	28	17	26	5	14	5	5	5	5	5	5	4	11	5	5	5	15	5	5	5	5	5	5	12	28	1	12	1	1	1	1	1	1	3	7	3	3	2	31	5	5	15	21	1	5	13	23	13	13
10590	5	5	14	14	31	27	14	14	5	5	6	6	3	3	1	9	1	1	1	1	1	28	27	26	3	14	5	5	5	5	5	5	4	11	5	5	5	15	5	5	5	5	5	5	12	27	1	12	1	1	1	1	1	1	3	1	3	3	5	16	5	14	28	31	5	14	5	28	5	5
10600	5	5	5	14	27	27	5	14	5	5	2	6	3	3	1	9	1	1	1	1	1	28	31	26	3	14	5	5	5	5	5	5	4	11	5	5	5	15	5	5	5	5	5	5	2	31	5	13	1	1	1	12	1	1	1	1	7	7	10	16	5	5	6	27	5	5	4	20	10	10
10610	5	5	5	14	21	27	5	14	5	5	1	6	14	3	1	9	1	1	1	1	5	28	18	26	3	14	5	5	5	5	5	5	3	11	5	5	5	14	5	5	5	5	5	5	1	18	1	12	1	12	1	1	1	1	1	1	21	21	23	21	5	5	27	21	5	5	3	27	29	29
10620	5	5	14	14	5	27	5	14	5	5	1	6	14	3	1	9	1	1	1	1	5	28	3	26	14	14	5	5	5	5	5	5	15	11	5	5	5	15	5	5	5	5	5	5	5	14	5	5	12	12	1	12	1	1	1	1	21	21	5	21	5	5	5	5	5	14	28	5	28	28
10630	3	5	25	14	14	27	5	14	5	5	5	6	5	3	21	9	1	1	9	1	1	28	1	26	1	14	5	5	5	5	5	5	14	11	5	5	5	14	5	5	5	5	5	5	1	1	1	12	1	9	1	1	1	1	14	21	14	14	1	14	5	5	4	14	6	25	7	17	7	7
10640	5	5	5	14	22	27	5	14	5	5	4	6	11	3	9	9	1	1	1	1	1	28	26	26	5	14	5	5	5	5	5	5	11	11	5	5	5	25	5	5	5	5	5	5	20	31	1	20	1	1	1	1	1	1	4	9	11	11	4	11	5	5	13	22	5	5	5	13	15	15
10650	6	5	3	14	6	27	5	14	5	5	17	6	1	3	1	9	1	1	1	1	1	28	28	26	5	14	5	5	5	5	5	5	3	11	5	5	5	14	5	5	5	5	5	5	20	28	12	20	1	1	1	12	1	1	1	1	1	1	4	17	5	5	3	20	9	16	7	18	18	18
10660	12	5	2	14	18	27	5	14	5	5	2	6	25	3	1	9	1	1	1	1	12	28	2	26	14	14	5	5	5	5	5	5	11	11	5	5	5	25	5	5	5	5	5	5	5	22	5	5	12	12	1	12	1	1	1	1	29	29	5	31	5	5	17	29	4	20	5	17	5	5
10670	5	5	12	14	27	27	5	14	5	5	1	6	3	3	1	9	1	1	1	1	1	28	26	26	3	14	5	5	5	5	5	5	11	11	5	5	5	25	5	5	5	5	5	5	26	26	27	31	1	1	21	27	21	21	18	21	18	18	5	18	5	5	23	27	1	12	3	23	14	14
10680	5	5	5	14	31	27	5	14	5	5	2	6	3	3	4	9	1	1	1	1	1	28	7	26	3	14	5	5	5	5	5	5	4	11	5	5	15	15	5	5	5	15	5	5	1	7	1	12	1	1	1	1	1	1	9	9	18	18	3	26	5	5	29	31	5	5	20	29	27	27
10690	5	5	5	14	27	27	14	14	5	5	2	6	3	3	1	9	1	1	1	1	1	28	26	26	3	14	5	5	5	5	5	5	11	11	5	5	5	25	5	5	5	5	5	5	19	26	30	30	1	1	29	31	29	29	29	29	29	29	5	31	5	14	16	27	5	5	20	27	20	20
10700	5	5	5	14	29	27	3	14	5	5	2	6	13	3	1	9	1	1	4	1	20	28	2	26	3	14	5	5	5	5	5	5	3	11	5	5	5	14	5	5	5	5	5	5	5	8	5	5	12	28	1	12	1	1	1	1	13	20	16	13	3	14	4	29	6	5	1	17	16	16
10710	5	5	14	14	5	27	5	14	5	5	2	6	3	3	19	9	1	1	1	1	1	28	18	26	3	14	5	5	5	5	5	5	11	11	5	5	25	25	5	5	5	25	5	5	1	18	1	12	1	1	1	1	1	1	26	26	26	26	22	26	20	5	24	20	3	14	5	30	22	22
10720	5	5	5	14	1	27	5	14	5	5	29	6	1	3	1	9	1	1	1	1	1	28	3	26	14	14	5	5	5	5	5	5	3	11	14	5	5	14	5	5	5	5	5	5	5	14	5	5	1	1	1	12	1	1	1	1	1	1	3	29	22	5	7	27	1	5	8	7	8	8
10730	5	5	5	14	27	27	22	14	5	5	3	6	5	3	1	9	5	1	1	1	1	28	26	26	5	14	5	5	5	5	14	5	3	11	5	5	3	14	14	14	5	14	5	5	12	31	12	12	1	1	5	12	5	5	5	12	15	5	8	25	5	22	27	27	2	5	3	27	8	8
10740	3	5	3	14	2	27	5	14	5	5	1	6	4	3	4	9	1	1	1	1	1	28	12	26	5	14	5	5	5	5	5	5	11	11	5	5	5	25	5	5	5	5	5	5	5	12	5	5	1	1	9	12	4	9	4	4	4	4	25	9	12	5	5	20	21	3	4	21	25	25
10750	5	5	14	14	31	27	5	14	5	5	2	6	3	3	4	9	1	1	1	1	1	28	11	26	5	14	5	5	5	5	5	5	4	11	5	5	5	15	5	5	5	5	5	5	14	25	14	14	1	1	21	21	21	21	29	29	29	29	22	31	5	5	31	31	5	14	4	31	30	30
10760	5	5	5	14	1	27	14	14	5	5	2	6	3	3	1	9	1	1	1	1	23	28	11	26	5	14	5	5	5	5	5	5	4	11	5	5	5	15	5	5	5	5	5	5	14	25	14	14	5	23	14	14	21	21	21	21	27	21	5	27	5	14	5	12	5	5	5	5	5	5
10770	5	5	22	14	5	27	5	14	5	5	1	6	3	3	1	9	1	1	1	1	1	28	16	26	3	14	5	5	5	5	5	5	11	11	5	5	5	25	12	5	12	12	12	12	1	16	1	12	1	1	1	1	1	1	1	1	7	7	16	7	5	5	5	5	29	22	1	29	16	16
10780	5	5	11	14	7	27	5	14	5	5	8	6	3	3	5	9	14	1	5	1	5	28	5	26	5	14	5	5	5	5	5	5	11	11	5	5	5	25	5	5	5	5	5	5	5	5	5	5	5	5	3	5	14	14	3	14	3	3	4	8	3	5	4	7	1	25	10	9	10	10
10790	5	5	5	14	20	27	5	14	5	5	1	6	3	3	1	9	1	1	1	1	1	28	26	26	3	14	5	5	5	5	5	5	11	11	5	5	15	25	5	5	15	15	4	15	9	26	1	9	1	1	1	1	1	1	1	1	7	7	7	7	5	5	2	20	2	5	2	2	16	16
10800	5	5	8	14	21	27	5	14	5	5	2	6	2	3	6	9	1	1	1	1	17	28	17	26	5	14	5	5	5	5	5	5	5	11	5	5	5	5	5	5	5	5	5	5	12	28	1	12	1	17	1	1	1	1	2	6	2	2	3	2	5	5	29	21	2	22	6	31	16	16
10810	2	5	21	14	31	27	21	14	5	5	2	6	3	3	7	9	1	1	1	1	1	28	29	26	5	14	5	5	5	5	5	5	4	11	24	5	5	24	5	5	5	5	5	5	12	29	1	12	1	1	1	1	1	1	3	7	3	3	3	8	1	21	31	31	2	27	1	31	7	7
10820	5	5	5	14	2	27	3	14	5	5	1	6	14	3	4	9	1	1	1	1	12	28	3	26	14	14	5	5	5	5	5	5	11	11	5	5	5	25	5	5	5	5	5	5	5	14	5	5	12	12	1	12	1	1	1	9	14	21	11	21	13	14	5	13	5	5	4	5	11	11
10830	5	5	5	14	1	27	14	14	5	5	2	6	14	3	1	9	1	1	1	1	1	28	1	26	5	14	5	5	5	5	5	5	3	11	5	5	5	14	5	5	5	5	5	5	1	12	1	12	1	1	1	1	1	1	1	1	21	21	5	27	27	14	3	27	5	5	5	14	5	5
10840	3	5	3	14	5	27	5	14	5	5	2	6	4	3	15	9	1	1	5	1	6	28	4	26	14	14	5	5	5	5	5	5	15	11	5	5	5	15	5	5	5	5	5	5	15	25	5	15	12	20	12	12	5	12	15	15	15	15	13	24	5	5	5	5	5	3	1	5	20	20
10850	15	5	5	14	21	27	14	14	5	5	1	6	1	3	1	9	1	1	1	1	1	28	5	26	5	14	5	5	5	5	5	5	5	11	5	5	5	5	5	5	5	5	5	5	5	5	5	5	1	1	1	12	1	1	1	1	1	1	4	1	5	14	7	21	5	15	11	21	11	11
10860	5	5	5	14	18	27	5	14	5	5	3	6	4	3	1	9	1	1	5	1	5	28	27	26	3	14	5	5	5	5	5	5	3	11	5	5	5	14	5	5	5	5	5	5	21	27	20	21	5	5	20	20	20	20	20	20	28	28	1	31	5	5	5	29	17	5	23	28	23	23
10870	5	5	5	14	28	27	14	14	5	5	29	6	1	3	1	9	1	1	1	1	1	28	9	26	5	14	5	5	5	5	5	5	4	11	5	5	5	15	5	5	5	5	5	5	23	23	1	23	1	1	1	1	1	1	1	1	1	1	2	29	3	14	19	31	5	5	2	30	2	2
10880	5	5	8	14	1	27	5	14	5	5	5	6	3	3	1	9	1	1	1	1	12	28	5	26	5	14	5	5	5	5	5	5	11	11	5	5	5	25	5	5	5	5	5	5	5	5	5	5	5	12	5	5	12	12	12	12	21	21	31	21	30	5	31	31	2	22	4	31	31	31
10890	5	5	8	14	5	27	14	14	5	5	20	6	1	3	1	9	1	1	2	1	6	28	3	26	5	14	5	5	5	5	5	5	5	11	5	5	5	5	5	5	5	5	5	5	14	14	5	14	6	6	1	20	1	1	1	1	1	1	19	20	5	14	22	5	2	22	1	22	26	26
10900	20	5	3	14	5	27	14	14	5	5	17	6	5	3	5	9	1	1	1	1	1	28	19	26	5	14	5	5	5	5	5	5	9	11	5	5	5	23	5	5	5	5	5	5	14	30	14	14	1	1	21	21	5	21	5	5	5	5	1	28	14	14	3	14	28	27	1	31	1	1
10910	5	5	5	14	2	27	5	14	5	5	31	6	3	3	1	9	1	1	1	1	1	28	26	26	3	14	5	5	5	5	5	5	8	11	5	5	5	22	5	5	5	5	5	5	1	26	1	12	1	1	1	1	1	1	3	1	3	3	3	31	5	5	2	13	2	5	23	2	29	29
10920	3	5	14	14	9	27	14	14	5	5	1	6	9	3	1	9	1	1	1	1	1	28	3	26	14	14	5	5	5	5	5	5	4	11	5	5	5	15	5	5	5	5	5	5	5	14	5	5	1	1	1	12	1	1	1	1	1	9	2	1	3	14	19	18	4	14	24	19	24	24
10930	5	5	10	14	1	27	5	14	5	5	2	6	9	3	1	9	1	1	1	1	1	28	16	26	5	14	5	5	5	5	5	5	11	11	5	5	5	25	5	5	5	5	5	5	28	27	1	28	1	1	1	1	1	1	1	1	12	9	4	20	2	5	1	6	27	24	11	27	11	11
10940	5	5	21	14	27	27	5	14	5	5	2	6	3	3	6	9	1	1	1	1	20	28	7	26	3	14	5	5	5	5	5	5	4	11	5	5	5	15	5	5	5	5	5	5	1	7	1	12	1	20	1	1	1	1	6	6	16	16	16	16	5	5	16	27	5	21	3	27	16	16
10950	5	5	14	14	13	27	5	14	25	5	1	6	3	3	1	9	1	1	1	1	6	28	17	26	5	14	5	5	5	5	5	5	11	11	5	5	5	25	5	5	5	5	5	5	1	28	12	12	1	6	12	12	12	12	12	12	29	21	13	29	5	25	2	13	2	14	3	2	22	22
10960	5	5	5	14	8	27	5	14	5	5	4	6	16	3	5	9	1	1	1	1	1	28	17	26	5	14	5	5	5	5	5	5	4	11	15	5	5	15	5	5	5	5	5	5	12	28	1	12	1	1	1	1	7	1	5	21	6	27	1	17	2	5	2	8	2	5	15	2	23	23
10970	5	5	5	14	2	27	21	14	5	5	5	6	3	3	4	9	27	1	1	1	1	28	3	26	3	14	5	5	5	5	5	5	3	11	5	5	5	14	5	5	5	5	5	5	3	3	5	14	1	1	1	12	16	27	26	26	19	26	16	30	7	21	26	16	5	5	3	31	16	16
10980	5	5	24	14	5	27	5	14	5	5	17	6	1	3	1	9	1	1	1	1	1	28	17	26	3	14	5	5	5	5	5	5	11	11	5	5	13	25	5	5	5	13	5	5	6	26	12	20	1	1	1	12	1	1	1	1	1	1	2	17	5	5	3	5	24	24	2	30	2	2
10990	5	5	3	14	5	27	5	14	5	5	1	6	1	3	1	9	1	1	1	1	1	28	7	26	3	14	5	5	5	5	5	5	3	11	5	5	5	14	5	5	5	5	5	5	1	7	1	12	1	1	1	1	1	1	1	1	1	1	7	1	5	5	1	5	21	14	3	21	7	7
11000	5	5	25	14	5	27	14	14	5	5	2	6	3	3	4	9	1	1	1	1	1	28	27	26	3	14	5	5	5	5	5	5	4	11	5	5	5	15	5	5	5	5	5	5	31	27	31	31	1	1	31	31	31	31	31	31	31	31	5	31	5	14	5	5	30	25	3	30	14	14
11010	12	5	5	14	5	27	5	14	5	5	3	6	1	3	2	9	1	1	1	1	1	28	28	26	3	14	4	5	5	5	5	5	3	11	14	5	5	14	5	5	15	5	4	15	30	31	30	30	1	1	31	31	31	31	31	31	31	31	2	31	5	5	2	5	10	12	30	10	30	30
11020	5	5	16	14	21	27	5	14	5	5	2	6	3	3	6	9	1	1	1	1	1	28	7	26	3	14	5	5	5	5	5	5	15	11	5	5	5	15	5	5	5	5	5	5	1	7	1	12	1	1	1	1	1	1	8	6	8	8	2	8	5	5	1	21	25	27	14	29	22	22
11030	15	5	3	14	3	27	5	14	5	5	1	6	7	3	1	9	1	1	1	1	6	28	8	26	5	14	5	5	5	5	5	5	4	11	15	5	5	15	5	5	5	5	5	5	5	22	5	5	6	6	1	20	1	1	1	1	7	7	1	7	5	5	3	14	14	25	6	14	6	6
11040	5	5	5	14	5	27	5	14	5	5	2	6	19	3	1	9	1	1	1	1	1	28	7	26	3	14	5	5	5	5	5	5	11	11	5	5	5	25	5	5	5	5	5	5	1	7	12	12	1	1	1	12	1	1	1	1	31	26	2	31	5	5	5	5	5	5	10	5	10	10
11050	5	5	14	14	5	27	5	14	5	5	1	6	3	3	4	9	1	1	1	1	1	28	7	26	3	14	5	5	5	5	5	5	3	11	5	5	5	14	5	5	5	5	5	5	1	7	1	12	1	1	1	1	1	1	4	9	11	11	8	18	5	5	3	5	3	14	4	3	19	19
11060	5	5	12	14	21	27	14	14	3	5	1	6	3	3	18	9	1	1	1	1	1	28	8	26	5	14	5	5	5	5	5	5	4	11	21	5	12	29	5	5	12	12	1	12	1	22	1	1	1	1	1	1	1	1	18	18	18	18	2	18	5	14	5	21	14	12	1	14	6	6
11070	5	5	3	14	5	27	5	14	5	5	1	6	3	3	1	9	1	1	1	1	1	28	16	26	3	14	5	5	5	5	5	5	11	11	5	5	5	25	5	5	5	5	5	5	16	16	27	27	1	1	27	27	27	27	27	27	27	27	14	27	5	5	5	5	15	14	5	15	14	14
11080	5	5	14	14	5	27	14	14	5	5	1	6	3	3	4	9	2	1	1	1	1	28	17	26	5	14	5	5	5	5	5	5	11	11	5	5	5	25	5	5	5	5	5	5	28	28	28	28	1	1	28	28	28	28	28	28	31	31	15	31	5	14	15	5	5	14	5	15	15	15
11090	5	5	7	14	2	27	5	14	5	5	1	6	3	3	1	9	1	1	1	1	1	28	26	26	5	14	5	5	5	5	5	5	4	11	5	5	5	15	5	5	5	5	5	5	24	31	24	24	1	1	9	28	9	9	23	9	29	29	26	29	5	5	4	13	7	21	1	18	26	26
11100	5	5	5	14	27	27	5	14	5	5	1	6	4	3	1	9	1	1	1	1	1	28	18	26	3	14	5	5	5	5	5	5	9	11	5	5	5	23	5	5	5	5	5	5	1	18	1	12	1	1	1	1	1	1	6	1	17	17	3	17	5	5	8	27	5	5	8	22	8	8
11110	25	5	5	14	24	27	5	14	5	5	2	6	3	3	1	9	1	1	1	1	12	28	2	26	14	14	5	5	5	5	5	5	3	11	5	5	5	14	5	5	5	5	5	5	5	22	5	5	12	12	1	12	1	1	12	1	12	21	4	20	5	5	3	24	19	25	4	19	4	4
11120	5	5	14	14	5	27	5	14	5	5	2	6	3	3	4	9	1	1	1	1	28	28	3	26	14	14	5	5	5	5	5	5	3	11	5	5	5	14	5	5	5	5	5	5	5	14	5	5	28	28	17	28	17	17	17	17	26	26	16	26	5	5	5	5	5	14	5	5	27	27
11130	5	5	5	14	29	27	14	14	5	5	31	6	1	3	1	9	5	1	1	1	23	28	16	26	5	14	5	5	5	5	5	5	11	11	5	5	5	25	5	5	5	5	5	5	14	27	5	14	12	23	12	12	1	12	1	1	1	1	28	31	5	14	1	29	1	5	5	1	28	28
11140	5	5	5	14	31	27	5	14	5	5	1	6	4	3	4	9	4	1	1	1	1	28	18	26	3	14	5	5	5	5	5	5	3	11	5	5	5	14	5	5	5	5	5	5	1	18	12	12	1	1	1	12	9	9	4	9	4	4	4	9	5	5	30	31	1	5	26	31	26	26
11150	5	5	1	14	11	27	5	14	5	5	1	6	10	3	1	9	1	1	1	1	1	28	26	26	5	14	5	5	5	5	5	5	3	11	5	5	5	14	5	5	5	5	5	5	21	31	7	21	1	1	1	7	1	1	1	1	6	17	21	6	1	5	4	18	2	12	3	10	21	21
11160	5	5	5	14	13	27	5	14	5	5	6	6	1	3	1	9	1	1	1	1	1	28	1	26	21	14	5	5	5	5	5	5	3	11	5	5	5	14	5	5	5	5	5	5	12	21	1	12	1	1	1	1	1	1	1	1	1	1	3	6	5	5	10	13	5	5	1	24	7	7
11170	5	5	14	14	29	27	5	14	13	5	2	6	3	3	1	9	1	1	1	1	1	28	26	26	5	14	5	5	5	5	5	5	11	11	5	5	5	25	5	5	5	5	5	5	30	31	30	30	1	1	28	31	28	28	28	28	31	31	4	31	2	13	27	31	5	14	11	27	11	11
11180	5	5	3	14	28	27	3	14	5	5	2	6	3	3	4	9	1	1	1	1	1	28	26	26	5	14	5	5	5	5	5	5	11	11	5	5	5	25	5	5	5	5	5	5	31	31	31	31	1	1	31	31	31	31	26	31	26	26	1	26	3	14	31	31	5	14	2	31	6	6
11190	5	5	5	14	26	27	5	14	5	5	2	6	1	3	1	9	1	1	1	1	1	28	26	26	3	14	5	5	5	5	5	5	11	11	5	5	5	25	5	5	5	5	5	5	18	26	29	29	1	1	29	29	29	29	29	29	23	29	13	28	5	5	5	31	5	5	5	5	13	13
11200	5	5	5	14	5	27	5	14	5	5	1	6	3	3	4	9	1	1	1	1	9	28	31	26	3	14	5	5	5	5	5	5	11	11	5	5	14	25	5	5	14	14	5	14	8	31	22	22	1	9	20	27	12	20	28	23	29	31	5	29	5	5	2	5	23	5	20	28	20	20
11210	12	5	4	14	31	27	5	14	5	5	6	6	1	3	1	9	1	1	1	1	23	28	28	26	5	14	5	5	5	5	5	5	4	11	5	5	5	15	5	5	5	5	5	5	13	28	5	13	12	23	1	12	1	1	1	1	1	1	2	6	1	5	31	31	5	23	2	31	2	2
11220	5	5	5	14	2	27	21	14	5	5	4	6	1	3	9	9	1	1	1	1	1	28	1	26	8	14	5	5	5	5	5	5	11	11	5	5	5	25	5	5	5	5	5	5	6	16	1	20	1	1	1	1	1	1	9	9	9	9	2	9	31	21	2	31	4	5	24	10	24	24
11230	5	5	5	14	3	27	14	14	5	5	1	6	3	3	1	9	1	1	1	1	1	28	26	26	5	14	5	5	5	5	5	5	4	11	5	5	5	15	5	5	5	5	5	5	28	31	6	28	1	1	6	6	1	6	1	1	7	7	3	7	3	14	3	3	5	5	5	14	14	14
11240	5	5	5	14	20	27	5	14	5	5	2	6	3	3	4	9	1	1	1	1	1	28	17	26	5	14	5	5	5	5	5	5	11	11	5	5	5	25	5	5	5	5	5	5	1	28	1	12	1	1	1	1	1	1	9	9	18	18	7	26	5	5	2	20	11	5	1	19	7	7
11250	5	5	23	14	20	27	25	14	5	5	31	6	1	3	1	9	1	1	1	1	1	28	3	26	14	14	5	5	5	5	5	5	11	11	5	5	5	25	5	5	5	5	5	5	5	14	5	5	1	1	1	12	1	1	1	1	1	1	2	31	2	25	5	20	31	23	5	31	13	13
11260	3	5	3	14	17	27	29	14	5	5	4	6	27	3	1	9	1	1	1	1	1	28	29	26	3	14	5	5	5	5	5	5	11	11	5	5	5	25	5	5	5	5	5	5	12	29	1	12	1	1	1	1	1	1	1	1	27	27	2	31	1	29	22	17	3	3	27	22	27	27
11270	2	5	5	14	5	27	5	14	5	5	1	6	1	3	1	9	1	1	1	1	1	28	19	26	5	14	5	5	5	5	5	5	5	11	5	5	5	5	5	5	5	5	5	5	5	30	5	5	1	1	1	12	1	1	1	1	1	1	1	1	5	5	5	5	9	13	1	23	1	1
11280	5	5	5	14	2	27	2	14	2	5	12	6	4	3	1	9	1	1	28	1	4	28	3	26	8	14	4	5	5	5	27	5	15	11	5	5	9	15	4	27	9	9	9	9	4	8	1	9	27	28	1	27	1	1	1	1	1	9	5	12	5	2	1	13	1	5	25	1	25	25
11290	3	5	13	14	5	27	5	14	5	5	21	6	2	3	12	9	5	1	5	1	15	28	16	26	5	14	2	5	5	5	5	5	19	11	4	5	6	19	1	5	2	6	5	2	5	27	5	5	5	15	5	5	5	5	2	12	2	2	29	27	5	5	1	5	13	22	5	20	29	29
11300	13	5	2	14	1	27	2	14	14	5	2	6	3	3	6	9	5	1	4	1	4	28	3	26	29	14	2	5	7	5	2	5	3	11	30	5	2	30	4	16	13	10	3	13	11	29	3	11	8	4	1	8	3	12	11	16	2	11	9	2	13	22	3	20	3	13	5	3	23	23
11310	5	5	14	14	12	27	3	14	20	5	9	6	22	3	27	9	25	1	3	1	26	28	14	26	3	14	7	5	10	5	5	5	8	11	3	5	3	8	2	24	2	8	1	16	1	14	2	1	19	26	4	19	3	25	5	27	5	22	2	23	1	27	24	12	1	14	2	28	2	2
11320	5	5	5	14	3	27	3	14	26	5	1	6	5	3	1	9	1	1	10	1	2	28	1	26	29	14	5	5	5	5	5	5	3	11	15	5	5	25	5	5	5	5	5	5	5	29	5	5	13	10	1	13	1	1	1	1	1	12	25	1	8	26	1	8	1	5	3	1	25	25
11330	5	5	14	14	31	27	5	14	5	5	2	6	3	3	9	9	1	1	1	1	1	28	9	26	5	14	5	5	5	5	5	5	15	11	5	5	5	15	5	5	5	5	5	5	23	23	1	23	1	1	1	1	1	1	9	9	18	18	2	26	5	5	20	31	3	14	7	27	16	16
11340	5	5	5	14	5	27	5	14	5	5	1	6	3	3	1	9	1	1	1	1	12	28	1	26	5	14	5	5	5	5	5	5	3	11	5	5	5	14	5	5	5	5	5	5	5	12	5	5	21	12	1	21	1	1	1	1	21	7	1	21	5	5	5	5	5	5	6	5	6	6
11350	5	5	15	14	27	27	5	14	5	5	2	6	3	3	1	9	1	1	1	1	1	28	18	26	3	14	5	5	5	5	5	5	3	11	5	5	5	14	5	5	5	5	5	5	11	18	25	25	1	1	25	29	29	29	29	29	29	29	4	31	5	5	14	27	4	15	5	25	15	15
11360	5	5	5	14	29	27	5	14	5	5	2	6	3	3	1	9	1	1	12	1	1	28	18	26	5	14	5	5	5	5	5	5	3	11	12	5	5	21	5	5	5	5	5	5	15	29	15	15	1	12	23	23	23	23	23	23	29	29	4	31	5	5	21	29	5	5	15	21	15	15
11370	5	5	5	14	3	27	8	14	5	5	20	6	4	3	1	9	1	1	1	1	1	28	3	26	21	14	5	5	5	5	5	5	11	11	5	5	5	25	5	5	5	5	5	5	21	21	1	21	1	1	1	1	1	1	1	1	4	9	1	28	3	22	3	3	16	5	1	16	1	1
11380	5	5	5	14	18	27	5	14	5	5	10	6	3	3	1	9	1	1	1	1	1	28	2	26	5	14	5	5	5	5	5	5	11	11	5	5	5	25	5	5	5	5	5	5	5	13	5	5	1	1	1	12	1	1	1	1	3	7	2	19	5	5	28	29	3	5	31	31	31	31
11390	5	5	16	14	31	27	5	14	5	5	20	6	1	3	1	9	1	1	1	1	1	28	14	26	3	14	5	5	5	5	5	5	5	11	5	5	5	5	5	5	5	5	5	5	14	14	7	14	1	1	1	7	1	1	1	1	1	1	5	20	5	5	4	31	16	27	21	26	21	21
11400	5	5	5	14	24	27	5	14	5	5	3	6	1	3	9	9	1	1	1	1	1	28	7	26	3	14	5	5	5	5	5	5	11	11	5	5	5	25	5	5	5	5	5	5	1	7	1	12	1	1	1	1	1	1	1	9	3	1	5	3	5	5	31	24	5	5	5	31	5	5
11410	5	5	25	14	30	27	14	14	5	5	3	6	2	3	12	9	1	1	1	1	1	28	2	26	21	14	5	5	5	5	5	5	4	11	15	5	5	15	5	5	5	5	5	5	12	27	1	12	1	1	1	1	1	1	12	12	28	20	1	31	3	14	1	30	30	25	4	31	9	9
11420	5	5	28	14	5	27	5	14	5	5	30	6	1	3	1	9	1	1	1	1	1	28	30	26	5	14	5	5	5	5	5	5	3	11	5	5	5	14	5	5	5	5	5	5	14	30	3	14	1	1	1	7	1	1	1	1	1	1	4	31	5	5	14	5	1	28	9	21	9	9
11430	5	5	12	14	12	27	5	14	5	5	1	6	1	3	1	9	1	1	1	1	12	28	3	26	14	14	5	5	5	5	5	5	4	11	5	5	5	15	5	5	5	5	5	5	5	14	5	5	12	12	1	12	1	1	1	1	1	1	1	1	5	5	6	12	5	12	25	20	29	29
11440	5	5	5	14	20	27	5	14	5	5	2	6	3	3	1	9	1	1	1	1	1	28	18	26	3	14	5	5	5	5	5	5	4	11	15	5	5	15	5	5	5	5	5	5	1	18	1	12	1	1	1	1	1	1	1	1	7	7	20	16	5	5	12	20	5	5	4	12	28	28
11450	5	5	5	14	15	27	5	14	5	5	1	6	1	3	1	9	12	1	1	1	23	28	3	26	14	14	5	5	5	5	5	5	5	11	5	5	5	5	5	5	5	5	5	5	5	14	5	5	5	23	5	5	12	12	1	12	1	1	4	1	4	5	15	15	5	5	31	15	31	31
11460	5	5	5	14	5	27	5	14	5	5	7	6	3	3	7	9	1	1	1	1	1	28	28	26	5	14	5	5	5	5	5	5	3	11	5	5	5	14	5	5	5	5	5	5	12	28	1	12	1	1	1	1	1	1	3	7	3	3	1	7	13	5	21	13	5	5	5	21	12	12
11470	5	5	5	14	20	27	5	14	5	5	2	6	12	3	1	9	1	1	1	1	1	28	17	26	5	14	5	5	5	5	5	5	3	11	5	5	5	14	5	5	5	5	5	5	20	28	12	20	1	1	12	12	12	12	5	12	12	12	15	20	5	5	5	20	5	5	5	5	15	15
11480	2	5	31	14	23	27	14	14	5	5	2	6	1	3	1	9	1	1	1	1	1	28	28	26	3	14	5	5	5	5	5	5	11	11	5	5	5	25	5	5	5	5	5	5	12	31	1	12	1	1	1	1	1	1	1	1	1	1	5	6	5	14	1	23	16	31	14	16	14	14
11490	5	5	3	14	5	27	5	14	5	5	2	6	3	3	1	9	1	1	1	1	1	28	17	26	3	14	5	5	5	5	5	5	4	11	5	5	5	15	5	5	5	5	1	5	1	26	1	1	1	1	1	1	1	1	9	1	18	18	30	26	5	5	12	5	1	14	3	12	30	30
11500	5	5	29	14	5	27	11	14	5	5	13	6	3	3	7	9	1	1	1	1	4	28	16	26	5	14	5	5	5	5	5	5	4	11	5	5	5	15	5	5	5	5	5	5	7	27	1	21	1	9	1	1	1	1	3	7	3	3	4	22	5	25	5	5	22	29	1	22	9	9
11510	5	5	5	14	14	27	5	14	5	5	1	6	3	3	1	9	1	1	1	1	23	28	18	26	5	14	5	5	5	5	5	5	4	11	5	5	5	15	5	5	5	5	5	5	5	29	5	5	15	23	1	15	1	1	1	1	7	7	5	7	5	5	5	14	3	5	11	14	25	25
11520	5	5	5	14	3	27	27	14	2	5	9	6	3	3	7	9	1	1	1	1	1	28	7	26	5	14	5	5	5	5	5	5	3	11	5	5	5	14	5	5	5	5	5	5	21	21	7	21	1	1	1	7	1	1	3	7	3	3	2	18	31	27	1	31	5	5	19	12	19	19
11530	5	5	2	14	29	27	5	14	5	5	5	6	3	3	9	9	1	1	1	1	1	28	6	26	5	14	5	5	5	5	5	5	3	11	5	5	5	14	5	5	5	5	5	5	12	20	1	12	1	1	1	1	1	1	18	9	18	18	5	29	5	5	5	29	14	13	6	14	20	20
11540	5	5	5	14	30	27	5	14	5	5	26	6	3	3	4	9	1	1	1	1	1	28	10	26	3	14	5	5	5	5	5	5	4	11	5	5	5	15	5	5	5	5	5	5	19	19	30	30	1	1	21	31	21	21	3	29	3	3	5	26	5	5	29	30	2	5	17	31	28	28
11550	4	5	3	14	12	27	23	14	5	5	2	6	3	3	1	9	1	1	1	1	2	28	1	26	1	14	5	5	5	5	5	5	4	11	5	5	5	15	5	5	5	5	5	5	12	1	1	12	6	6	1	6	1	1	1	1	7	7	25	16	1	23	23	12	5	11	2	23	30	30
11560	5	5	29	14	5	27	5	14	5	5	5	6	11	3	1	9	1	1	1	1	1	28	3	26	14	14	5	5	5	5	5	5	4	11	5	5	5	15	5	5	5	5	5	5	5	14	5	5	12	1	1	12	1	1	1	1	26	18	15	31	5	5	29	5	4	29	3	29	25	25
11570	5	5	5	14	13	27	5	14	5	5	26	6	5	3	1	9	1	1	9	1	1	28	3	26	14	14	5	5	5	5	5	5	15	11	5	5	5	15	5	5	5	5	5	5	5	14	5	5	1	9	1	12	12	1	5	12	5	5	10	31	5	5	6	13	2	5	1	6	17	17
11580	5	5	5	14	15	27	5	14	5	5	1	6	1	3	1	9	1	1	1	1	9	28	9	26	3	14	5	5	5	5	5	5	4	11	5	5	5	15	5	5	5	5	1	5	1	18	1	1	1	9	1	1	1	1	1	1	1	1	3	1	5	5	5	15	14	5	27	14	27	27
11590	5	5	3	14	5	27	5	14	5	5	1	6	3	3	1	9	1	1	1	1	1	28	23	26	5	14	5	5	5	5	5	5	15	11	5	5	15	15	5	5	5	15	5	5	12	23	12	12	1	1	1	12	1	1	6	1	6	16	5	6	5	5	5	5	12	14	2	12	13	13
11600	5	5	20	14	31	27	5	14	5	5	30	6	3	3	3	9	3	1	1	1	12	28	4	26	5	14	5	5	5	5	5	5	3	11	5	5	5	14	5	5	5	5	5	5	5	15	5	5	5	12	5	5	3	14	3	3	3	3	19	30	5	5	30	31	1	20	4	31	19	19
11610	5	5	5	14	5	27	14	14	5	5	28	6	3	3	4	9	5	1	5	1	5	28	19	26	5	14	5	5	5	5	5	5	11	11	5	5	5	25	5	5	5	5	5	5	5	30	5	5	5	5	5	5	5	5	5	15	3	14	29	31	14	14	30	14	3	5	3	30	29	29
11620	5	5	12	14	26	27	5	14	5	5	1	6	3	3	1	9	1	1	1	1	1	28	10	26	5	14	5	5	5	5	5	5	4	11	5	5	5	15	5	5	5	5	5	5	10	24	15	24	1	1	23	23	23	23	23	23	29	29	4	29	5	5	9	31	5	12	26	23	26	26
11630	5	5	14	14	14	27	5	14	5	5	1	6	3	3	1	9	1	1	1	1	12	28	11	26	3	14	5	5	5	5	5	5	3	11	5	5	5	14	5	5	5	5	5	5	3	11	5	14	12	12	12	12	1	12	1	1	7	7	7	7	5	5	5	14	5	14	5	5	21	21
11640	18	5	3	14	5	27	5	14	5	5	6	6	1	3	1	9	1	1	1	1	27	28	15	26	3	14	5	5	5	5	5	5	11	11	5	5	5	25	5	5	5	5	5	5	5	25	5	5	12	27	1	12	1	1	1	1	1	1	2	6	5	5	5	5	31	18	6	31	6	6
11650	5	5	5	14	28	27	14	14	5	5	2	6	18	3	12	9	1	1	1	1	1	28	16	26	5	14	5	5	5	5	5	5	3	11	5	5	5	14	5	5	5	5	5	5	6	27	1	20	1	1	1	1	1	1	5	12	21	29	4	27	5	14	11	28	3	5	4	11	4	4
11660	5	5	3	14	2	27	5	14	5	5	2	6	11	3	1	9	1	1	12	1	5	28	1	26	5	14	5	5	5	5	5	5	4	11	5	5	5	15	5	5	5	5	5	5	5	12	5	5	12	12	1	12	1	1	1	1	18	18	13	26	4	5	2	10	18	14	2	26	13	13
11670	5	5	3	14	3	27	22	14	5	5	2	6	3	3	4	9	1	1	1	1	1	28	16	26	3	14	5	5	5	5	5	5	4	11	5	5	5	15	5	5	5	5	5	5	16	16	27	27	1	1	27	27	31	27	28	31	31	31	11	31	3	22	3	3	3	14	3	3	11	11
11680	5	5	3	14	26	27	5	14	14	5	3	6	7	3	1	9	1	1	1	1	1	28	11	26	5	14	5	5	5	5	5	5	3	11	5	5	5	14	5	5	5	5	5	5	5	25	5	5	1	1	12	12	12	12	1	12	7	7	5	7	5	14	30	31	1	14	1	31	12	12
11690	5	5	5	14	1	27	5	14	5	5	2	6	11	3	1	9	1	1	1	1	12	28	1	26	5	14	5	5	5	5	5	5	3	11	5	5	5	14	5	5	5	5	5	5	5	12	5	5	12	12	1	12	1	1	1	1	18	18	4	26	12	5	3	12	27	5	4	27	4	4
11700	5	5	5	14	5	27	5	14	5	5	10	6	1	3	1	9	1	1	1	1	12	28	31	26	5	14	5	5	5	5	5	5	4	11	5	5	5	15	5	5	5	5	5	5	15	31	5	15	12	12	1	12	1	1	1	1	1	1	1	17	5	5	5	5	5	5	5	5	12	12
11710	5	5	14	14	25	27	5	14	5	5	3	6	3	3	1	9	1	1	1	1	17	28	31	26	5	14	5	5	5	5	5	5	11	11	5	5	5	25	5	5	5	5	5	5	23	31	1	23	17	17	17	17	17	17	6	17	16	16	2	16	5	5	5	25	3	14	3	14	8	8
11720	5	5	5	14	18	27	5	14	5	5	20	6	5	3	1	9	1	1	1	1	1	28	26	26	5	14	5	5	5	5	5	5	11	11	5	5	5	25	5	5	5	5	5	5	20	31	6	20	1	1	6	6	1	6	1	1	1	12	2	20	5	5	15	29	2	5	1	24	6	6
11730	15	5	5	14	5	27	5	14	5	5	18	6	1	3	1	9	1	1	1	1	12	28	4	26	5	14	2	5	5	5	5	5	11	11	5	5	10	25	5	5	10	24	4	10	4	15	4	4	12	12	1	23	1	1	1	1	1	1	25	18	5	5	5	5	5	15	5	5	25	25
11740	5	5	5	14	5	27	5	14	5	5	1	6	3	3	1	9	1	1	1	1	12	28	4	26	5	14	5	5	5	5	5	5	3	11	5	5	5	14	5	5	5	5	5	5	5	15	5	5	12	12	1	12	1	1	1	1	16	7	23	16	5	5	5	5	5	5	3	5	29	29
11750	5	5	5	14	3	27	14	14	5	5	4	6	1	3	1	9	1	1	1	1	1	28	3	26	21	14	5	5	5	5	5	5	30	11	5	5	5	30	5	5	5	5	5	5	12	21	1	12	1	1	1	1	1	1	1	1	1	1	1	9	3	14	1	3	5	5	12	12	12	12
11760	5	5	15	14	22	27	14	14	5	5	1	6	3	3	1	9	1	1	1	1	23	28	26	26	5	14	5	5	5	5	5	5	3	11	14	5	5	14	5	5	5	5	5	5	5	31	5	5	12	23	12	12	1	12	1	1	7	7	2	7	5	14	3	22	17	15	3	26	8	8
11770	5	5	3	14	5	27	14	14	5	5	1	6	3	3	1	9	1	1	1	1	9	28	16	26	3	14	5	5	5	5	5	5	4	11	5	5	5	15	5	5	5	5	5	5	16	16	27	27	4	9	31	31	31	31	31	31	26	31	4	26	5	14	5	5	14	14	19	14	19	19
11780	5	5	21	14	30	27	5	14	5	5	1	6	3	3	17	9	1	1	5	1	13	28	27	26	3	14	5	5	5	5	5	5	4	11	5	5	5	15	5	5	5	5	5	5	20	27	12	20	5	13	1	12	1	1	9	17	18	18	17	18	5	5	2	30	1	21	3	6	26	26
11790	5	5	5	14	29	27	5	14	5	5	15	6	2	3	4	9	4	1	1	1	1	28	21	26	3	14	5	5	5	5	5	5	4	11	4	5	4	4	15	5	15	15	15	15	3	21	25	25	1	1	20	29	24	28	13	24	2	13	2	24	5	5	4	29	5	5	24	15	24	24
11800	5	5	5	14	18	27	5	14	5	5	1	6	1	3	1	9	1	1	1	1	1	28	3	26	14	14	5	5	5	5	5	5	5	11	5	5	5	5	5	5	5	5	5	5	5	14	5	5	1	1	1	12	1	1	1	1	1	1	9	1	5	5	26	29	4	5	5	26	23	23
11810	12	5	3	14	14	27	14	14	5	5	1	6	3	3	4	9	1	1	1	1	1	28	26	26	3	14	5	5	5	5	5	5	11	11	5	5	5	25	5	5	5	5	5	5	16	26	27	27	1	1	27	27	20	27	28	28	31	31	25	31	3	14	3	14	3	21	3	3	25	25
11820	5	5	5	14	27	27	5	14	5	5	2	6	3	3	6	9	1	1	1	1	1	28	18	26	3	14	5	5	5	5	5	5	3	11	5	5	5	14	5	5	5	5	5	5	12	18	5	12	1	1	1	12	1	1	20	6	16	27	12	16	5	5	5	27	5	5	5	5	12	12
11830	5	5	5	14	19	27	5	14	5	5	1	6	3	3	1	9	4	1	1	1	1	28	26	26	5	14	5	5	5	5	5	5	11	11	5	5	5	25	5	5	5	5	5	5	17	31	10	28	1	1	1	17	9	9	9	9	18	18	12	18	5	5	22	30	5	5	5	22	12	12
11840	5	5	5	14	20	27	5	14	5	5	2	6	7	3	1	9	1	1	1	1	6	28	26	26	3	14	5	5	5	5	5	5	11	11	5	5	5	25	5	5	5	5	5	5	2	26	13	13	1	6	12	20	12	12	5	12	29	21	2	31	5	5	27	20	5	5	2	27	2	2
11850	5	5	15	14	27	27	14	14	3	5	31	6	3	3	1	9	1	1	1	1	1	28	16	26	5	14	5	5	5	5	5	5	3	11	14	5	5	14	5	5	5	5	5	5	27	27	1	27	1	1	1	1	1	1	3	1	3	3	3	31	3	14	22	27	5	15	24	22	30	30
11860	5	5	14	14	27	27	5	14	5	5	17	6	1	3	1	9	1	1	1	1	9	28	16	26	5	14	5	5	5	5	5	5	11	11	5	5	5	25	5	5	5	5	5	5	21	27	12	21	1	9	1	12	1	1	1	1	1	1	13	17	5	5	26	27	5	14	2	31	13	13
11870	5	5	25	14	27	27	14	14	5	5	1	6	3	3	23	9	1	1	1	1	1	28	3	26	3	14	5	5	5	5	5	5	3	11	14	5	5	14	5	5	5	5	5	5	14	3	14	14	1	1	21	21	1	21	15	23	15	25	5	23	5	14	22	27	3	25	17	22	28	28
11880	4	5	4	14	3	27	15	14	5	5	1	6	1	3	1	9	1	1	5	1	5	28	4	26	5	14	5	5	5	5	5	5	3	11	5	5	14	14	5	5	5	14	5	5	12	15	23	12	5	5	1	23	1	1	1	1	1	1	8	1	4	15	23	11	4	4	2	23	8	8
11890	5	5	15	14	11	27	5	14	13	5	1	6	3	3	1	9	1	1	1	1	1	28	31	26	5	14	5	5	5	5	5	5	4	11	5	5	15	15	5	5	5	15	5	5	16	31	27	27	1	1	31	27	31	31	9	31	18	18	11	18	5	13	3	25	23	15	4	29	11	11
11900	15	5	5	14	29	27	14	14	5	5	2	6	3	3	23	9	1	1	1	1	12	28	16	26	5	14	5	5	5	5	5	5	4	11	15	5	5	15	5	5	5	5	5	5	12	27	5	12	12	12	12	12	1	12	23	23	29	29	3	31	3	14	27	29	4	15	7	31	7	7
11910	5	5	5	14	5	27	14	14	5	5	18	6	3	3	1	9	1	1	1	1	23	28	3	26	14	14	5	5	5	5	5	5	5	11	5	5	5	5	5	5	5	5	5	5	5	14	5	5	23	23	23	23	9	23	3	9	3	3	21	18	5	14	2	5	2	5	4	2	29	29
11920	5	5	25	14	16	27	5	14	5	5	1	6	3	3	4	9	1	1	1	1	1	28	26	26	5	14	5	5	5	5	5	5	11	11	5	5	5	25	5	5	5	5	5	5	31	31	31	31	1	1	31	31	31	31	31	31	31	31	2	31	5	5	28	27	3	25	20	31	20	20
11930	5	5	5	14	22	27	5	14	5	5	2	6	3	3	1	9	1	1	1	1	23	28	3	26	3	14	5	5	5	5	5	5	11	11	5	5	14	25	5	5	14	14	3	14	3	3	3	3	23	23	29	29	18	29	18	18	18	18	12	26	5	5	5	22	5	5	5	5	12	12
11940	5	5	5	14	12	27	5	14	5	5	3	6	3	3	4	9	1	1	1	1	1	28	19	26	5	14	5	5	5	5	5	5	3	11	5	5	5	14	5	5	5	5	5	5	14	30	14	14	1	1	1	21	1	1	9	9	18	18	5	18	5	5	5	12	5	5	25	5	25	25
11950	5	5	5	14	5	27	5	14	5	5	6	6	1	3	1	9	1	1	1	1	5	28	26	26	3	14	5	5	5	5	5	5	11	11	5	5	5	25	5	5	5	5	5	5	5	26	5	5	12	12	1	12	1	1	1	1	1	1	13	6	5	5	5	5	2	5	2	13	13	13
11960	5	5	31	14	27	27	5	14	5	5	26	6	1	3	2	9	1	1	1	1	12	28	5	26	5	14	5	5	5	5	5	5	4	11	5	5	5	15	5	5	5	5	5	5	5	5	5	5	12	12	12	12	1	12	1	6	1	1	3	26	5	5	5	27	18	31	16	29	16	16
11970	5	5	5	14	17	27	5	14	5	5	4	6	3	3	1	9	1	1	1	1	1	28	30	26	3	14	5	5	5	5	5	5	3	11	22	5	13	22	5	5	5	13	5	5	11	30	14	25	1	1	1	21	1	1	1	1	26	7	2	26	5	5	13	28	5	5	13	13	13	13
11980	15	5	1	14	3	27	2	14	6	5	18	6	2	3	4	9	4	1	4	1	4	28	5	26	12	14	2	5	14	5	5	5	14	11	5	5	19	14	4	14	4	19	4	10	5	12	4	15	4	4	4	4	15	4	2	15	2	2	20	26	3	6	3	3	5	23	4	14	28	28
11990	5	5	19	14	5	27	5	14	5	5	2	6	3	3	4	9	3	1	1	1	1	28	11	26	3	14	5	5	5	5	5	5	4	11	5	5	15	15	5	5	15	15	5	15	11	11	25	25	1	1	25	29	25	25	25	25	25	25	18	30	5	5	5	5	17	30	1	28	18	18
12000	5	5	5	14	26	27	5	14	5	5	1	6	7	3	1	9	1	1	1	1	1	28	2	26	12	14	5	5	5	5	5	5	4	11	5	5	15	15	5	5	5	15	5	5	5	20	5	5	1	1	1	12	1	1	1	1	3	7	8	7	5	5	27	31	4	5	5	31	22	22
12010	13	5	5	14	31	27	5	14	5	5	1	6	12	3	1	9	1	1	1	1	1	28	3	26	3	14	22	5	5	5	5	5	2	11	5	5	5	13	5	5	5	5	3	22	3	3	3	3	1	1	7	7	1	7	1	1	12	12	3	12	3	5	31	31	1	13	3	31	3	3
12020	5	5	5	14	1	27	5	14	5	5	1	6	1	3	1	9	1	1	1	1	1	28	4	26	5	14	5	5	5	5	5	5	4	11	5	5	5	15	5	5	5	5	5	5	5	15	1	5	1	1	1	1	1	1	1	1	1	1	21	1	5	5	30	12	3	5	3	30	21	21
12030	5	5	21	14	22	27	14	14	5	5	6	6	3	3	18	9	1	1	1	1	1	28	3	26	14	14	5	5	5	5	5	5	3	11	5	5	5	14	5	5	5	5	14	5	5	14	14	14	1	1	1	21	1	1	3	18	3	3	1	16	5	14	5	22	23	21	1	23	1	1
12040	5	5	5	14	26	27	5	14	5	5	1	6	3	3	1	9	1	1	1	1	1	28	16	26	3	14	5	5	5	5	5	5	4	11	5	5	5	15	5	5	5	5	5	5	16	16	20	27	1	1	1	20	1	1	1	1	7	7	20	7	5	5	8	31	5	5	2	22	20	20
12050	1	5	22	14	5	27	22	14	5	5	2	6	3	3	11	9	1	1	1	1	1	28	3	26	14	14	5	5	5	5	5	5	4	11	5	5	5	15	5	5	5	5	5	5	5	14	5	5	1	1	1	12	1	1	18	18	18	18	25	26	5	22	1	5	19	27	2	26	30	30
12060	5	5	5	14	2	27	5	14	5	5	1	6	3	3	1	9	2	1	5	1	13	28	13	26	5	14	5	5	5	5	5	5	11	11	5	5	5	25	5	5	5	5	5	5	5	13	5	5	13	13	13	13	13	13	20	20	27	27	6	27	5	5	24	13	4	5	1	24	6	6
12070	5	5	5	14	31	27	5	14	5	5	2	6	3	3	1	9	1	1	1	1	1	28	18	26	5	14	5	5	5	5	5	5	3	11	5	5	5	14	5	5	5	5	5	5	23	29	29	23	1	1	1	29	1	1	1	1	7	7	1	16	5	5	30	31	5	5	15	30	23	23
12080	5	5	14	14	5	27	5	14	5	5	2	6	3	3	1	9	1	1	1	1	1	28	18	26	5	14	5	5	5	5	5	5	11	11	5	5	5	25	5	5	5	5	5	5	21	29	21	21	1	1	21	21	21	21	21	21	21	21	5	27	5	5	5	5	5	14	5	5	5	5
12090	5	5	5	14	19	27	14	14	5	5	3	6	4	3	1	9	1	1	5	1	15	28	1	26	3	14	5	5	5	5	5	5	15	11	5	5	5	15	5	5	5	5	5	5	1	7	1	12	23	15	9	23	9	9	4	9	4	4	9	11	3	14	26	19	5	5	4	31	9	9
12100	5	5	5	14	18	27	5	14	5	5	6	6	1	3	1	9	1	1	1	1	1	28	26	26	3	14	5	5	5	5	5	5	25	11	5	5	5	25	5	5	5	5	5	5	17	26	9	28	1	1	1	9	1	1	1	1	1	1	10	6	5	5	5	29	5	5	1	5	17	17
12110	5	5	5	14	21	27	5	14	5	5	6	6	1	3	4	9	1	1	1	1	6	28	9	26	5	14	5	5	5	5	5	5	3	11	5	5	5	14	5	5	5	5	5	5	9	23	1	23	1	6	1	1	1	1	1	9	1	1	3	6	5	5	12	21	5	5	7	12	7	7
12120	5	5	14	14	2	27	5	14	5	5	1	6	3	3	1	9	1	1	1	1	1	28	16	26	3	14	5	5	5	5	5	5	11	11	5	5	5	25	5	5	5	5	5	5	16	16	22	27	1	1	21	27	21	21	7	21	7	7	25	7	13	5	2	13	31	14	5	31	25	25
12130	18	5	5	14	20	27	5	14	5	5	28	6	3	3	1	9	1	1	1	1	12	28	7	26	3	14	5	5	5	5	5	5	11	11	5	5	5	25	5	5	5	5	5	5	1	7	1	12	1	12	1	1	1	1	1	1	3	7	1	31	5	5	1	20	18	29	1	18	1	1
12140	5	5	14	14	2	27	14	14	5	5	2	6	3	3	4	9	1	1	1	1	20	28	5	26	5	14	5	5	5	5	5	5	11	11	5	5	5	25	5	5	5	5	5	5	5	5	5	5	22	20	22	22	27	27	31	31	30	31	5	30	21	14	31	27	3	14	5	31	5	5
12150	3	5	3	14	3	27	14	14	5	5	1	6	1	3	17	9	1	1	1	1	12	28	6	26	5	14	5	5	5	5	14	5	4	11	5	5	5	15	5	14	5	5	5	5	12	20	5	12	1	12	1	12	1	1	9	17	1	9	17	1	3	14	3	3	17	3	3	26	26	26
12160	5	5	14	14	5	27	5	14	5	5	5	6	3	3	1	9	1	1	1	1	1	28	19	26	5	14	5	5	5	5	5	5	15	11	5	5	5	15	5	5	5	5	5	5	31	30	31	31	1	1	31	31	31	31	31	31	31	31	1	31	5	5	5	5	5	14	23	5	23	23
12170	5	5	5	14	4	27	4	14	22	5	17	6	1	3	21	9	4	1	12	1	3	28	20	26	5	14	5	5	5	5	5	5	3	11	5	5	5	14	5	5	5	5	5	5	5	20	5	5	5	21	4	5	4	4	1	29	1	1	14	17	4	30	3	4	19	5	5	19	14	14
12180	5	5	5	14	29	27	5	14	5	5	6	6	1	3	1	9	1	1	1	1	1	28	17	26	3	14	5	5	5	5	5	5	4	11	5	5	5	15	5	5	5	5	5	5	1	26	1	12	1	1	1	1	1	1	1	1	1	1	1	6	5	5	30	29	1	5	27	31	27	27
12190	5	5	5	14	5	27	2	14	5	5	19	6	4	3	1	9	1	1	1	1	23	28	20	26	5	14	5	5	5	5	5	5	11	11	5	5	5	25	5	5	5	5	5	5	5	20	5	5	21	23	1	21	1	1	4	1	4	4	2	19	5	13	19	5	5	5	13	30	13	13
12200	5	5	5	14	18	27	5	14	5	5	2	6	3	3	1	9	1	1	1	1	1	28	26	26	3	14	5	5	5	5	5	5	3	11	5	5	5	14	5	5	5	5	5	5	26	26	31	31	1	1	25	31	29	29	29	29	29	29	3	31	5	5	29	29	2	5	7	31	7	7
12210	5	5	5	14	5	27	5	14	5	5	9	6	1	3	1	9	1	1	1	1	1	28	1	26	5	14	5	5	5	5	5	5	11	11	5	5	15	25	5	5	5	15	5	5	5	12	5	5	1	1	1	12	1	1	1	1	1	1	29	9	5	5	5	5	5	5	5	5	29	29
12220	5	5	5	14	5	27	5	14	5	5	1	6	3	3	4	9	1	1	1	1	7	28	10	26	5	14	5	5	5	5	5	5	5	11	5	5	5	5	5	5	5	5	5	5	13	24	13	13	3	7	22	22	27	27	30	31	30	30	2	31	5	5	5	5	5	5	12	5	20	20
12230	5	5	25	14	16	27	14	14	5	5	1	6	3	3	4	9	1	1	1	1	1	28	19	26	5	14	5	5	5	5	5	5	11	11	5	5	5	25	5	5	5	5	5	5	30	30	30	30	1	1	31	31	28	31	28	28	31	31	14	31	5	14	21	27	3	25	5	21	14	14
12240	5	5	5	14	28	27	14	14	5	5	5	6	1	3	1	9	1	1	1	1	1	28	26	26	5	14	5	5	5	5	5	5	11	11	5	5	5	25	5	5	5	5	5	5	12	31	1	12	1	1	1	1	1	1	1	1	1	1	20	12	3	14	4	31	9	5	2	9	20	20
12250	5	5	5	14	8	27	5	14	5	5	3	6	7	3	1	9	1	1	1	1	1	28	26	26	5	14	5	5	5	5	5	5	11	11	5	5	5	25	5	5	5	5	5	5	5	31	5	5	1	1	1	12	1	1	1	1	7	7	2	7	5	5	13	22	2	5	2	13	2	2
12260	5	5	5	14	3	27	14	14	5	5	1	6	3	3	1	9	1	1	1	1	12	28	3	26	14	14	5	5	5	5	5	5	4	11	5	5	5	15	5	5	5	5	5	5	5	14	5	5	5	12	5	5	12	12	21	12	21	21	5	21	14	14	5	14	5	5	15	5	15	15
12270	5	5	5	14	20	27	8	14	5	5	1	6	3	3	1	9	1	1	1	1	12	28	3	26	5	14	5	5	5	5	5	5	15	11	5	5	5	15	5	5	5	5	5	5	5	14	5	5	12	12	1	12	1	1	5	1	14	14	3	21	3	22	19	27	5	5	1	30	7	7
12280	5	5	22	14	9	27	5	14	5	5	1	6	7	3	1	9	1	1	1	1	9	28	3	26	5	14	5	5	5	5	5	5	4	11	5	5	15	15	5	5	15	15	15	15	5	14	4	15	9	9	1	9	1	1	1	1	1	7	6	1	5	5	23	23	3	22	5	29	20	20
12290	12	5	3	14	27	27	14	14	3	5	12	6	3	3	1	9	1	1	1	1	1	28	8	26	5	14	5	5	5	5	5	5	4	11	5	5	5	15	5	5	5	5	5	5	22	22	22	22	1	1	22	27	27	27	3	27	3	3	5	21	1	14	9	27	4	21	4	9	15	15
12300	5	5	5	14	6	27	5	14	5	5	2	6	21	3	1	9	1	1	1	1	13	28	4	26	14	14	5	5	5	5	5	5	3	11	5	5	5	14	5	5	5	5	5	5	5	25	5	5	12	20	1	12	1	1	1	1	21	21	15	27	5	5	12	20	5	5	1	12	23	23
12310	5	5	5	14	31	27	5	14	5	5	2	6	3	3	4	9	1	1	1	1	28	28	3	26	14	14	5	5	5	5	5	5	11	11	5	5	5	25	5	5	5	5	5	5	5	14	5	5	28	28	28	28	28	28	28	28	31	31	4	31	5	5	14	31	5	5	14	14	25	25
12320	5	5	5	14	27	27	5	14	5	5	2	6	11	3	1	9	1	1	1	1	1	28	17	26	5	14	5	5	5	5	5	5	4	11	5	5	5	15	5	5	5	5	5	5	28	28	1	28	1	1	1	1	1	1	1	1	18	18	4	26	5	5	23	27	5	5	4	23	4	4
12330	5	5	14	14	31	27	5	14	5	5	2	6	3	3	4	9	1	1	1	1	12	28	3	26	14	14	5	5	5	5	5	5	11	11	5	5	5	25	5	5	5	5	5	5	5	14	5	5	12	12	1	12	1	1	9	9	18	18	4	26	5	5	26	31	3	14	14	26	25	25
12340	5	5	5	14	20	27	5	14	5	5	1	6	7	3	1	9	1	1	1	1	1	28	16	26	5	14	5	5	5	5	5	5	3	11	5	5	5	14	5	5	5	5	5	5	16	27	27	27	1	1	1	27	1	1	1	1	7	7	3	7	5	5	1	20	1	5	1	1	7	7
12350	5	5	22	14	28	27	14	14	5	5	1	6	3	3	2	9	1	1	1	1	1	28	3	26	14	14	5	5	5	5	5	5	3	11	5	5	5	14	5	5	5	5	5	5	5	14	5	5	1	1	12	12	12	12	12	20	21	21	29	21	5	14	15	28	4	22	4	15	29	29
12360	5	5	8	14	13	27	5	14	5	5	2	6	3	3	1	9	1	1	1	1	1	28	3	26	14	14	5	5	5	5	5	5	11	11	5	5	5	25	5	5	5	5	5	5	5	14	5	5	1	1	1	12	1	1	1	1	3	7	15	8	5	5	12	13	2	22	5	20	15	15
12370	5	5	5	14	22	27	5	14	5	5	2	6	3	3	1	9	1	1	1	1	1	28	26	26	3	14	5	5	5	5	5	5	3	11	5	5	14	14	5	5	14	14	5	14	17	26	28	28	1	1	28	28	28	28	28	28	31	31	3	31	5	5	24	22	5	5	22	24	22	22
12380	5	5	3	14	5	27	5	14	5	5	2	6	3	3	4	9	1	1	1	1	1	28	26	26	3	14	5	5	5	5	5	5	11	11	5	5	15	25	5	5	5	15	5	5	26	26	31	31	1	1	30	31	29	31	29	29	29	29	6	31	5	5	5	5	5	14	2	5	6	6
12390	5	5	5	14	22	27	5	14	5	5	7	6	3	3	1	9	1	1	1	1	1	28	1	26	14	14	5	5	5	5	5	5	3	11	5	5	5	14	5	5	5	5	5	5	14	21	14	14	1	1	7	21	7	7	3	7	3	3	1	7	5	5	16	22	5	5	6	27	6	6
12400	5	5	5	14	5	27	14	14	5	5	2	6	3	3	23	9	1	1	1	1	12	28	3	26	14	14	5	5	5	5	5	5	3	11	5	5	5	14	5	5	5	5	5	5	5	14	5	5	12	12	1	12	1	1	15	23	25	25	11	30	5	14	5	5	5	5	5	5	25	25
12410	5	5	3	14	26	27	5	14	5	5	1	6	3	3	2	9	1	1	1	1	1	28	31	26	3	14	5	5	5	5	5	5	4	11	5	5	5	15	5	5	5	5	5	5	26	31	31	31	1	1	29	31	29	29	31	31	31	31	1	31	5	5	26	31	5	14	6	31	6	6
12420	3	5	3	14	22	27	22	14	5	5	4	6	9	3	1	9	3	1	5	1	5	28	15	26	5	14	5	5	12	5	5	5	14	11	5	5	5	14	5	12	5	5	5	5	5	15	5	5	5	5	5	5	1	14	1	1	9	9	5	9	2	22	5	22	30	3	5	30	5	5
12430	5	5	15	14	5	27	14	14	5	5	27	6	1	3	1	9	1	1	1	1	1	28	2	26	21	14	5	5	5	5	5	5	4	11	5	5	5	15	5	5	5	5	5	5	12	27	1	12	1	1	1	1	1	1	1	1	1	1	1	27	5	14	5	5	14	15	19	14	26	26
12440	5	5	14	14	27	27	3	14	5	5	12	6	1	3	1	9	1	1	1	1	1	28	12	26	5	14	5	5	5	5	5	5	4	11	5	5	5	15	5	5	5	5	1	5	1	12	1	1	1	1	1	1	1	1	1	1	1	1	1	12	5	14	29	27	5	14	5	29	12	12
12450	5	5	5	14	3	27	5	14	5	5	1	6	14	3	1	9	1	1	1	1	1	28	18	26	3	14	5	5	5	5	5	5	11	11	5	5	5	25	5	5	5	5	5	5	1	18	1	12	1	1	1	1	1	1	1	1	14	21	4	21	5	5	27	14	5	5	8	27	19	19
12460	5	5	5	14	5	27	5	14	5	5	26	6	3	3	1	9	1	1	1	1	1	28	5	26	5	14	5	5	5	5	5	5	3	11	5	5	5	14	5	5	5	5	5	5	5	5	5	5	1	1	1	12	1	1	9	1	1	18	7	26	5	5	4	5	4	5	2	4	16	16
12470	5	5	5	14	31	27	5	14	5	5	5	6	3	3	1	9	1	1	1	1	1	28	30	26	5	14	5	5	5	5	5	5	3	11	5	5	5	14	5	5	5	5	5	5	13	30	13	13	1	1	1	20	1	1	1	1	7	7	4	21	5	5	3	31	7	5	4	7	4	4
12480	5	5	14	14	3	27	14	14	5	5	1	6	3	3	1	9	1	1	1	1	12	28	8	26	5	14	5	5	5	5	5	5	11	11	5	5	5	25	5	5	5	5	5	5	5	22	5	5	12	12	1	12	1	1	1	1	21	7	7	21	7	14	5	7	24	14	2	24	16	16
12490	5	5	5	14	14	27	5	14	5	5	2	6	3	3	7	9	2	1	1	1	20	28	3	26	14	14	5	5	5	5	5	5	4	11	15	5	5	15	5	5	5	5	5	5	5	14	5	5	20	20	2	20	2	2	6	16	7	16	4	16	5	5	5	14	25	5	4	25	4	4
12500	12	5	5	14	5	27	5	14	5	5	2	6	3	3	4	9	1	1	1	1	6	28	26	26	5	14	5	5	5	5	5	5	4	11	5	5	5	15	5	5	5	5	5	5	8	31	22	22	2	6	22	22	27	27	29	31	29	29	5	31	5	5	5	5	20	12	23	20	23	23
12510	5	5	5	14	5	27	5	14	5	5	1	6	2	3	1	9	1	1	12	1	5	28	24	26	5	14	5	5	5	5	5	5	3	11	5	5	5	14	5	5	5	5	5	5	5	24	5	5	12	12	1	12	1	1	2	1	2	2	3	6	5	5	5	5	13	5	9	13	18	18
12520	5	5	4	14	10	27	3	14	5	5	2	6	3	3	4	9	1	1	1	1	1	28	31	26	5	14	5	5	5	5	5	5	11	11	5	5	5	25	5	5	5	5	5	5	29	31	29	29	1	1	29	29	29	29	29	29	29	29	3	31	5	14	20	24	5	15	13	20	22	22
12530	5	5	5	14	14	27	14	14	5	5	6	6	12	3	1	9	1	1	1	1	1	28	25	26	3	14	5	5	5	5	5	5	11	11	5	5	15	25	5	5	5	15	5	5	14	25	14	14	1	1	1	21	1	1	1	1	5	12	5	20	3	14	3	14	14	5	12	14	12	12
12540	5	5	5	14	12	27	5	14	5	5	21	6	3	3	3	9	1	1	1	1	1	28	16	26	3	14	5	5	5	5	5	5	11	11	5	5	5	25	5	5	5	5	5	5	14	16	3	14	1	1	7	7	3	7	3	3	3	3	5	21	5	5	12	12	5	5	5	12	5	5
12550	5	5	14	14	14	27	5	14	5	5	3	6	1	3	1	9	1	1	1	1	1	28	28	26	4	14	5	5	5	5	5	5	4	11	5	5	5	15	5	5	5	5	5	5	12	28	12	12	1	1	1	12	1	1	1	1	6	1	3	16	5	5	24	14	5	14	16	24	16	16
12560	5	5	5	14	5	27	5	14	5	5	1	6	3	3	4	9	1	1	1	1	1	28	3	26	14	14	5	5	5	5	5	5	11	11	5	5	5	25	5	5	5	5	5	5	14	14	5	14	1	1	12	12	12	12	29	23	29	29	8	29	5	5	5	5	5	5	5	5	22	22
12570	5	5	13	14	18	27	14	14	5	5	1	6	3	3	1	9	1	1	1	1	1	28	26	26	3	14	5	5	5	5	5	5	11	11	5	5	15	25	5	5	5	15	5	5	7	26	1	21	1	1	1	1	1	1	1	1	7	7	3	7	5	14	28	29	2	13	28	28	31	31
12580	14	5	5	14	16	27	5	14	5	5	30	6	1	3	1	9	1	1	1	1	1	28	17	26	5	14	5	5	5	5	5	5	4	11	5	5	5	15	5	5	5	5	5	5	15	28	15	15	1	1	1	23	1	1	1	1	1	1	5	31	5	5	31	27	5	14	11	31	25	25
12590	5	5	5	14	31	27	5	14	5	5	2	6	3	3	1	9	1	1	1	1	1	28	17	26	3	14	5	5	5	5	5	5	11	11	5	5	5	25	5	5	5	5	5	5	26	26	31	31	1	1	31	31	31	31	28	31	31	31	1	31	5	5	26	31	5	5	16	31	16	16
12600	15	5	5	14	1	27	4	14	15	5	1	6	1	3	1	9	1	1	1	1	1	28	16	26	3	14	5	5	5	5	5	5	3	11	5	5	5	14	5	5	5	5	1	5	1	16	1	1	1	1	1	1	1	1	1	1	1	1	2	1	31	15	1	31	23	15	20	23	20	20
12610	5	5	12	14	31	27	14	14	5	5	2	6	3	3	5	9	1	1	1	1	5	28	6	26	5	14	5	5	5	5	5	5	11	11	5	5	5	25	5	5	5	5	5	5	5	20	5	5	12	12	12	12	12	12	12	12	21	21	13	27	3	14	4	31	16	12	2	26	13	13
12620	5	5	5	14	5	27	5	14	5	5	2	6	3	3	1	9	1	1	1	1	1	28	26	26	5	14	5	5	5	5	5	5	4	11	5	5	15	15	5	5	5	15	5	5	18	31	21	29	1	1	21	21	21	21	21	21	21	21	5	27	5	5	5	5	5	5	5	5	5	5
12630	5	5	5	14	31	27	5	14	5	5	2	6	3	3	1	9	1	1	1	1	6	28	16	26	5	14	5	5	5	5	5	5	11	11	5	5	5	25	5	5	5	5	5	5	27	27	27	27	2	6	27	27	27	27	27	27	27	27	6	27	5	5	31	31	1	5	2	31	6	6
12640	5	5	5	14	14	27	14	14	5	5	1	6	3	3	4	9	1	1	1	1	5	28	2	26	5	14	5	5	5	5	5	5	25	11	5	5	5	25	5	5	5	5	5	5	5	13	5	5	12	12	13	12	6	20	17	17	26	26	2	26	5	14	22	14	5	5	2	22	2	2
12650	3	5	3	14	5	27	5	14	23	5	1	6	1	3	1	9	17	1	1	1	1	28	3	26	14	14	5	5	5	5	5	5	4	11	5	5	5	15	5	5	5	5	5	5	5	14	5	5	1	1	1	12	2	17	1	6	1	1	31	1	5	23	20	5	3	3	3	27	31	31
12660	5	5	5	14	3	27	5	14	3	5	1	6	3	3	1	9	1	1	1	1	1	28	18	26	3	14	5	5	5	5	5	5	3	11	5	5	5	14	5	5	5	5	1	5	1	18	1	1	1	1	1	1	1	1	1	1	7	7	2	7	3	14	4	3	27	5	8	31	8	8
12670	5	5	5	14	5	27	5	14	5	5	2	6	3	3	4	9	1	1	1	1	1	28	1	26	1	14	5	5	5	5	5	5	5	11	5	5	5	5	5	5	5	5	1	5	1	1	1	1	1	1	1	1	9	1	10	9	19	19	24	19	5	5	3	5	15	5	2	25	24	24
12680	5	5	18	14	1	27	5	14	5	5	24	6	13	3	5	9	5	1	5	1	5	28	5	26	5	14	5	5	5	5	5	5	3	11	5	5	5	14	5	5	5	5	5	5	5	5	5	5	5	5	5	5	5	5	5	5	5	13	1	24	1	5	1	1	16	29	9	16	9	9
12690	13	5	3	14	12	27	5	14	5	5	5	6	4	3	18	9	5	1	1	1	18	28	26	26	3	14	5	5	5	5	22	5	4	11	5	5	5	15	5	22	5	5	15	5	4	26	15	15	4	18	5	15	5	5	18	29	18	18	2	29	1	5	25	12	3	22	2	25	2	2
12700	5	5	27	14	13	27	5	14	5	5	28	6	1	3	1	9	1	1	1	1	1	28	3	26	14	14	5	5	5	5	5	5	3	11	5	5	5	14	5	5	5	5	5	5	5	14	5	5	1	1	1	12	1	1	1	1	1	1	5	28	5	5	2	13	17	27	5	17	5	5
12710	26	5	5	14	12	27	5	14	5	5	10	6	1	3	1	9	1	1	1	1	1	28	16	26	5	14	5	5	5	5	5	5	4	11	5	5	5	15	5	5	5	5	5	5	12	27	1	12	1	1	1	1	1	1	1	1	1	1	3	17	5	5	4	12	4	31	24	4	30	30
12720	20	5	5	14	5	27	5	14	12	5	6	6	1	3	1	9	1	1	1	1	1	28	16	26	5	14	5	5	5	5	5	5	11	11	5	5	5	25	5	5	5	5	5	5	5	27	5	5	1	1	1	12	1	1	1	1	1	1	2	6	23	12	5	23	1	20	2	12	2	2
12730	5	5	26	14	2	27	5	14	13	5	19	6	3	3	1	9	1	1	1	1	1	28	3	26	14	14	5	5	5	5	5	5	11	11	5	5	5	25	5	5	5	5	5	5	5	14	5	5	1	1	1	12	1	1	1	1	1	7	26	26	2	13	3	2	20	31	4	27	26	26
12740	5	5	27	14	10	27	5	14	5	5	4	6	5	3	1	9	1	1	1	1	1	28	17	26	5	14	5	5	5	5	5	5	24	11	5	5	5	24	5	5	5	5	5	5	12	28	12	12	1	1	1	12	1	1	1	1	12	12	4	23	2	5	4	10	11	27	2	11	10	10
12750	5	5	5	14	31	27	5	14	5	5	2	6	3	3	1	9	1	1	1	1	1	28	9	26	3	14	5	5	5	5	5	5	3	11	5	5	5	14	5	5	5	5	5	5	18	18	29	29	1	1	29	29	29	29	29	29	29	29	2	31	5	5	15	31	5	5	21	15	27	27
12760	5	5	5	14	20	27	5	14	5	5	4	6	11	3	1	9	1	1	1	1	1	28	3	26	3	14	5	5	5	5	5	5	5	11	5	5	5	5	5	5	5	5	5	5	7	3	1	21	1	1	1	1	1	1	1	1	18	18	14	18	5	5	12	20	1	5	1	12	21	21
12770	5	5	5	14	27	27	15	14	5	5	2	6	3	3	1	9	1	1	1	1	20	28	26	26	5	14	5	5	5	5	5	5	3	11	5	5	5	14	5	5	5	5	5	5	5	31	5	5	20	20	6	20	1	6	1	1	7	7	25	16	4	15	31	31	3	5	3	31	25	25
12780	5	5	5	14	5	27	3	14	5	5	1	6	1	3	1	9	1	1	1	1	1	28	17	26	5	14	5	5	5	5	5	5	11	11	5	5	15	25	5	5	5	15	5	5	12	28	12	12	1	1	12	12	12	12	1	12	1	1	1	1	5	14	21	5	5	5	3	21	7	7
12790	5	5	5	14	26	27	5	14	5	5	2	6	3	3	4	9	5	1	1	1	17	28	18	26	3	14	5	5	5	5	5	5	4	11	5	5	5	15	5	5	5	5	5	5	4	18	5	15	17	17	12	28	12	12	29	23	29	29	4	31	5	5	29	31	5	5	25	29	25	25
12800	5	5	5	14	27	27	14	14	5	5	1	6	4	3	4	9	1	1	1	1	31	28	2	26	5	14	5	5	5	5	5	5	3	11	5	5	5	14	5	5	5	5	5	5	13	13	5	13	31	31	31	31	31	31	28	31	28	28	4	28	3	14	31	27	5	5	15	31	15	15
12810	5	5	5	14	8	27	5	14	5	5	1	6	3	3	1	9	1	1	1	1	1	28	26	26	3	14	5	5	5	5	5	5	3	11	5	5	5	14	5	5	5	5	5	5	1	26	1	12	1	1	1	1	1	1	1	1	7	7	1	7	5	5	5	22	5	5	1	5	1	1
12820	5	5	14	14	16	27	5	14	5	5	2	6	3	3	18	9	1	1	1	1	1	28	26	26	5	14	5	5	5	5	5	5	3	11	5	5	14	14	5	5	14	14	14	14	3	31	14	14	1	1	12	21	5	12	29	29	29	29	2	31	5	5	13	27	3	14	8	22	8	8
12830	12	5	3	14	5	27	5	14	5	5	1	6	3	3	5	9	1	1	5	1	12	28	4	26	21	14	5	5	5	5	5	5	11	11	5	5	5	25	5	5	5	5	5	5	5	29	5	5	12	12	1	12	1	1	12	12	7	21	2	7	5	5	4	5	5	21	3	15	8	8
12840	5	5	5	14	2	27	5	14	5	5	2	6	3	3	4	9	1	1	1	1	1	28	26	26	3	14	5	5	5	5	5	5	11	11	5	5	5	25	5	5	5	5	5	5	18	26	29	29	1	1	29	29	29	29	25	29	25	25	9	30	5	5	5	13	5	5	5	5	23	23
12850	5	5	14	14	26	27	5	14	5	5	1	6	4	3	15	9	1	1	12	1	1	28	26	26	5	14	5	5	5	5	5	5	5	11	5	5	5	5	5	5	5	5	5	5	27	31	12	27	5	12	12	12	5	12	15	15	15	15	15	23	5	5	26	31	5	14	3	31	25	25
12860	5	5	5	14	21	27	5	14	5	5	2	6	3	3	1	9	1	1	1	1	7	28	26	26	5	14	5	5	5	5	5	5	11	11	5	5	14	25	5	5	5	14	5	5	31	31	28	31	3	7	30	31	31	31	31	31	31	31	5	31	5	5	25	21	5	5	24	25	24	24
12870	5	5	12	14	1	27	5	14	5	5	2	6	22	3	1	9	1	1	1	1	1	28	4	26	12	14	5	5	5	5	5	5	3	11	5	5	5	14	5	5	5	5	5	5	5	23	5	5	1	1	1	12	1	1	1	1	27	27	5	27	15	5	25	23	1	12	21	29	21	21
12880	5	5	5	14	20	27	14	14	5	5	1	6	3	3	4	9	1	1	1	1	9	28	26	26	3	14	5	5	5	5	5	5	3	11	5	5	5	14	5	5	5	5	5	5	16	26	27	27	4	9	31	31	28	31	24	28	30	30	23	31	3	14	5	27	5	5	5	5	23	23
12890	5	5	5	14	30	27	5	14	5	5	2	6	3	3	1	9	1	1	1	1	1	28	29	26	3	14	5	5	5	5	5	5	11	11	5	5	5	25	5	5	5	5	5	5	25	29	25	25	1	1	29	29	25	29	23	29	29	29	2	31	5	5	29	30	5	5	4	29	10	10
12900	2	5	6	14	30	27	5	14	12	5	1	6	1	3	1	9	1	1	1	1	1	28	26	26	3	14	5	5	5	5	5	5	11	11	5	5	14	25	5	5	5	14	5	5	1	26	1	12	1	1	1	1	1	1	1	1	1	1	6	1	1	12	9	31	5	6	4	23	17	17
12910	5	5	5	14	5	27	5	14	5	5	1	6	3	3	1	9	1	1	1	1	1	28	9	26	5	14	5	5	5	5	5	5	11	11	5	5	5	25	5	5	5	5	5	5	12	23	12	12	1	1	1	12	1	1	1	1	7	7	4	7	5	5	5	5	5	5	12	5	23	23
12920	5	5	5	14	28	27	5	14	5	5	1	6	3	3	1	9	1	1	1	1	1	28	26	26	3	14	5	5	5	5	5	5	11	11	5	5	5	25	5	5	5	5	5	5	19	26	25	30	1	1	29	29	29	29	29	29	29	29	22	29	5	5	28	28	5	5	1	28	27	27
12930	5	5	5	14	14	27	14	14	5	5	2	6	3	3	1	9	1	1	1	1	1	28	26	26	3	14	5	5	5	5	5	5	4	11	15	5	5	15	5	5	5	5	5	5	19	26	30	30	1	1	31	31	31	31	31	31	31	31	2	31	3	14	13	14	5	5	2	13	2	2
12940	3	5	3	14	12	27	14	14	5	5	2	6	3	3	1	9	1	1	1	1	1	28	26	26	5	14	5	5	5	5	5	5	3	11	5	5	5	14	5	5	5	5	5	5	12	31	1	12	1	1	1	1	1	1	9	1	18	18	13	26	5	14	1	12	31	3	2	31	13	13
12950	5	5	5	14	5	27	5	14	5	5	3	6	4	3	30	9	14	1	5	1	2	28	26	26	5	14	5	5	5	5	5	5	3	11	5	5	5	14	5	5	5	5	5	5	5	31	13	5	2	13	5	13	3	14	23	30	23	23	3	29	5	5	22	5	1	5	3	27	3	3
12960	5	5	5	14	3	27	5	14	5	5	3	6	3	3	4	9	1	1	1	1	1	28	4	26	21	14	5	5	5	5	5	5	3	11	5	5	14	14	5	5	5	14	5	5	18	29	18	29	1	1	9	18	1	9	9	9	18	18	1	18	5	5	5	14	2	5	1	13	1	1
12970	22	5	1	14	23	27	14	14	5	5	1	6	3	3	9	9	1	1	1	1	12	28	1	26	3	14	5	5	5	5	5	5	3	11	5	5	5	14	5	5	12	5	1	12	1	7	1	1	1	12	1	1	1	1	9	9	26	18	9	26	5	14	5	23	27	27	1	27	9	9
12980	5	5	5	14	2	27	14	14	5	5	15	6	5	3	1	9	1	1	1	1	1	28	1	26	14	14	5	5	5	5	5	5	25	11	5	5	5	25	5	5	5	5	5	5	5	21	5	5	1	1	12	12	12	12	5	12	5	5	16	15	2	14	1	2	10	5	1	17	16	16
12990	24	5	5	14	18	27	26	14	5	5	22	6	2	3	1	9	1	1	1	1	9	28	3	26	5	14	5	5	5	5	5	5	4	11	5	5	5	15	5	5	5	5	5	5	5	14	5	5	1	9	1	12	12	1	20	12	5	20	13	22	5	31	5	29	17	24	1	28	20	20
13000	5	5	5	14	13	27	14	14	5	5	1	6	2	3	17	9	1	1	1	1	1	28	7	26	5	14	5	5	5	5	5	5	3	11	5	5	5	14	5	5	5	5	5	5	12	21	1	12	1	1	1	1	1	1	9	17	17	17	7	17	3	14	22	22	3	5	3	22	7	7
13010	5	5	22	14	5	27	14	14	5	5	2	6	3	3	4	9	1	1	1	1	1	28	16	26	3	14	5	5	5	5	5	5	4	11	5	5	5	15	5	5	5	5	5	5	6	16	6	20	1	1	6	6	6	6	2	17	8	8	3	8	14	14	14	14	2	22	7	22	7	7
13020	5	5	5	14	21	27	5	14	5	5	11	6	1	3	1	9	3	1	5	1	5	28	3	26	14	14	5	5	5	5	5	5	4	11	5	5	5	15	5	5	5	5	5	5	5	14	5	5	5	5	5	5	14	14	1	21	1	1	1	18	5	5	3	21	21	5	1	21	1	1
13030	5	5	5	14	13	27	15	14	5	5	1	6	1	3	1	9	1	1	1	1	1	28	10	26	5	14	5	5	5	5	5	5	3	11	15	5	13	25	5	5	13	13	5	13	4	24	4	15	9	1	1	9	1	1	1	1	1	1	17	1	5	15	2	13	2	5	1	2	17	17
13040	5	5	5	14	1	27	8	14	5	5	2	6	5	3	4	9	1	1	1	1	28	28	3	26	14	14	5	5	5	5	5	5	11	11	5	5	5	25	5	5	5	5	5	5	5	14	5	5	28	28	28	28	28	28	31	28	29	31	14	31	19	22	27	26	5	5	5	27	14	14
13050	5	5	5	14	12	27	5	14	12	5	20	6	3	3	1	9	1	1	1	1	1	28	26	26	3	14	5	5	13	5	5	5	11	11	5	5	5	25	5	13	5	5	5	5	1	26	12	12	1	1	1	12	1	1	1	1	3	7	9	27	1	12	5	12	5	5	5	5	23	23
13060	5	5	4	14	29	27	14	14	5	5	16	6	1	3	1	9	1	1	1	1	1	28	24	26	5	14	5	5	5	5	5	5	4	11	5	5	5	15	5	5	5	5	5	5	20	24	1	20	1	1	1	1	1	1	1	1	1	1	5	16	3	14	4	29	2	15	11	10	25	25
13070	12	5	3	14	31	27	12	14	5	5	4	6	3	3	1	9	1	1	1	1	12	28	17	26	5	14	5	5	5	5	5	5	25	11	5	5	5	25	5	5	5	5	5	5	5	28	5	5	12	12	1	12	1	1	1	1	7	7	4	18	5	12	2	31	4	21	11	10	11	11
13080	3	5	15	14	20	27	26	14	1	5	2	6	2	3	2	9	2	1	2	1	5	28	2	26	17	14	2	5	5	5	5	5	3	11	5	5	21	14	5	5	14	21	2	22	4	17	24	10	2	13	2	24	2	2	2	2	2	2	14	2	2	26	1	20	1	25	5	1	14	14
13090	10	5	4	14	3	27	3	14	3	5	26	6	18	3	2	9	3	1	2	1	12	28	3	26	3	14	3	5	1	5	1	5	1	11	3	5	2	7	4	1	3	10	3	3	7	3	5	7	5	20	3	5	2	3	2	2	1	26	29	26	16	3	2	16	3	10	2	8	31	31
13100	8	5	3	14	3	27	5	14	9	5	3	6	5	3	7	9	3	1	5	1	18	28	12	26	5	14	10	5	24	5	3	5	5	11	15	5	21	15	4	30	3	29	17	19	5	12	3	28	10	29	14	19	1	14	3	7	3	14	5	3	3	23	23	3	1	8	1	23	12	12
13110	4	5	4	14	1	27	2	14	2	5	6	6	5	3	5	9	4	1	5	1	8	28	24	26	2	14	12	5	5	5	5	5	1	11	26	5	4	26	15	5	5	15	8	12	3	24	4	8	9	22	4	9	12	4	5	12	4	5	2	17	1	2	14	1	3	4	20	14	20	20
13120	1	5	1	14	27	27	5	14	5	5	1	6	4	3	4	9	4	1	5	1	4	28	18	26	3	14	2	5	5	5	2	5	3	11	7	5	5	7	5	13	5	5	2	13	2	18	4	2	4	15	4	4	4	4	4	4	23	4	2	23	2	5	28	27	1	1	25	28	30	30
13130	5	5	5	14	5	27	5	14	5	5	1	6	3	3	1	9	1	1	1	1	1	28	18	26	5	14	5	5	5	5	5	5	3	11	5	5	5	14	5	5	5	5	5	5	12	29	1	12	1	1	1	1	1	1	1	1	3	7	3	7	5	5	5	5	5	5	5	5	14	14
13140	5	5	5	14	5	27	5	14	5	5	1	6	3	3	1	9	1	1	1	1	1	28	16	26	3	14	5	5	5	5	5	5	3	11	5	5	5	14	5	5	5	5	5	5	6	16	1	20	1	1	1	1	1	1	7	1	7	7	2	7	5	5	1	5	20	5	2	20	2	2
13150	5	5	5	14	5	27	5	14	5	5	5	6	2	3	9	9	1	1	1	1	1	28	7	26	3	14	5	5	5	5	5	5	4	11	5	5	5	15	5	5	5	5	5	5	12	7	1	12	1	1	1	1	1	1	9	9	17	17	4	28	5	5	5	5	25	5	4	25	4	4
13160	5	5	14	14	6	27	5	14	5	5	1	6	7	3	9	9	1	1	1	1	1	28	16	26	3	14	5	5	5	5	5	5	3	11	5	5	5	14	5	5	5	5	4	5	1	16	9	9	1	1	1	9	1	1	4	9	18	18	30	18	5	5	20	20	3	14	1	27	31	31
13170	5	5	5	14	21	27	5	14	5	5	1	6	3	3	1	9	1	1	1	1	1	28	16	26	5	14	5	5	5	5	5	5	3	11	5	5	5	14	5	5	5	5	5	5	20	27	12	20	1	1	1	12	1	1	1	1	7	7	9	7	5	5	22	21	5	5	1	22	9	9
13180	5	5	5	14	14	27	5	14	5	5	5	6	3	3	4	9	1	1	1	1	23	28	3	26	14	14	5	5	5	5	5	5	11	11	5	5	5	25	5	5	5	5	5	5	5	14	5	5	23	23	12	23	12	12	23	23	29	29	5	29	5	5	5	14	5	5	5	5	5	5
13190	5	5	5	14	15	27	5	14	5	5	3	6	5	3	1	9	5	1	1	1	5	28	1	26	14	14	5	5	5	5	5	5	4	11	5	5	5	15	5	5	5	5	5	5	5	21	5	5	5	12	5	5	5	5	27	12	21	27	3	21	5	5	2	15	12	5	21	20	21	21
13200	5	5	12	14	30	27	5	14	5	5	4	6	3	3	10	9	9	1	1	1	9	28	3	26	14	14	5	5	5	5	5	5	11	11	5	5	5	25	5	5	5	5	5	5	5	14	5	5	12	9	1	12	1	9	19	17	19	19	4	19	5	5	26	30	3	12	29	26	29	29
13210	5	5	5	14	3	27	5	14	5	5	1	6	4	3	1	9	1	1	2	1	5	28	3	26	5	14	5	5	13	5	5	5	5	11	5	5	5	5	5	13	5	5	5	5	5	14	5	5	13	13	13	13	20	20	23	20	23	23	10	23	3	5	3	3	28	5	3	31	19	19
13220	1	5	27	14	2	27	21	14	4	5	1	6	5	3	4	9	1	1	1	1	24	28	3	26	3	14	5	5	5	5	5	5	3	11	13	5	14	22	5	5	5	14	5	5	14	3	3	14	17	28	27	26	27	27	30	31	19	30	3	26	18	29	1	26	26	27	24	26	30	30
13230	5	5	5	14	5	27	5	14	5	5	1	6	1	3	21	9	1	1	5	1	5	28	7	26	5	14	12	5	5	5	5	5	4	11	5	5	5	15	5	5	5	5	1	12	1	21	1	1	5	5	1	12	1	1	12	21	12	12	5	12	14	5	3	14	13	5	25	22	25	25
13240	5	5	3	14	5	27	5	14	5	5	1	6	4	3	21	9	1	1	1	1	1	28	7	26	5	14	5	5	5	5	5	5	3	11	5	5	5	14	5	5	5	5	5	5	7	21	1	21	1	1	1	1	1	1	29	21	29	29	6	29	5	5	5	5	12	14	2	12	6	6
13250	5	5	5	14	2	27	5	14	5	5	2	6	4	3	4	9	1	1	1	1	1	28	16	26	3	14	5	5	5	5	5	5	11	11	5	5	5	25	5	5	5	5	5	5	27	16	27	27	1	1	20	27	6	20	10	17	10	10	3	10	13	5	22	13	5	5	5	22	14	14
13260	5	5	5	14	19	27	5	14	5	5	2	6	3	3	1	9	1	1	1	1	1	28	1	26	3	14	5	5	5	5	5	5	4	11	5	5	5	15	5	5	5	5	5	5	1	7	12	12	1	1	1	12	1	1	1	1	7	7	1	16	4	5	26	19	5	5	30	31	31	31
13270	15	5	4	14	7	27	5	14	5	5	19	6	1	3	1	9	1	1	1	1	13	28	17	26	5	14	5	5	5	5	5	5	3	11	5	5	5	14	5	5	5	5	5	5	5	28	5	5	20	20	12	20	1	12	1	1	1	1	13	26	2	5	26	16	5	15	5	31	13	13
13280	13	5	4	14	13	27	5	14	5	5	1	6	1	3	1	9	1	1	1	1	1	28	26	26	5	14	5	5	5	5	5	5	3	11	14	5	5	14	5	5	5	5	5	5	5	31	5	5	1	1	1	12	1	1	1	1	1	1	4	1	5	5	2	13	2	24	25	2	25	25
13290	5	5	5	14	5	27	5	14	5	5	26	6	1	3	1	9	1	1	1	1	21	28	3	26	14	14	5	5	5	5	5	5	15	11	5	5	5	15	5	5	5	5	5	5	5	14	5	5	12	21	12	12	12	12	1	12	1	1	3	26	5	5	4	5	18	5	5	18	14	14
13300	5	5	5	14	27	27	14	14	5	5	1	6	3	3	9	9	1	1	1	1	12	28	3	26	5	14	5	5	5	5	5	5	5	11	5	5	5	5	5	5	5	5	5	5	5	14	5	5	12	12	1	12	1	1	9	9	29	18	7	29	3	14	27	27	5	5	3	27	7	7
13310	5	5	5	14	27	27	5	14	5	5	19	6	1	3	1	9	1	1	1	1	1	28	12	26	5	14	5	5	5	5	5	5	7	11	5	5	5	21	5	5	5	5	5	5	12	12	1	12	1	1	1	1	1	1	1	1	1	1	6	26	5	5	3	27	20	5	1	27	6	6
13320	14	5	3	14	5	27	5	14	5	5	1	6	3	3	9	9	1	1	1	1	1	28	26	26	5	14	5	5	5	5	5	5	11	11	5	5	5	25	5	5	5	5	5	5	12	31	1	12	1	1	1	1	1	1	9	9	18	18	6	18	5	5	5	5	22	14	3	22	16	16
13330	3	5	3	14	4	27	2	14	4	5	27	6	2	3	25	9	3	1	3	1	3	28	1	26	7	14	2	5	3	5	3	5	22	11	2	5	3	22	23	3	2	29	4	2	1	7	3	9	1	3	3	7	2	3	2	30	4	2	2	31	4	10	2	4	13	3	2	13	2	2
13340	1	5	31	14	3	27	5	14	15	5	31	6	4	3	5	9	1	1	3	1	3	28	2	26	30	14	2	5	3	5	13	5	5	11	5	5	2	5	2	22	5	2	5	13	5	30	5	5	5	3	1	5	5	1	4	5	4	4	8	31	11	15	21	11	4	31	2	29	8	8
13350	9	5	4	14	2	27	21	14	4	5	2	6	4	3	4	9	13	1	4	1	2	28	5	26	5	14	4	5	4	5	3	5	27	11	5	5	5	27	30	11	4	30	4	4	4	5	5	4	12	10	1	12	6	20	20	17	17	28	5	17	21	29	4	27	10	9	11	10	25	25
13360	1	5	1	14	2	27	3	14	3	5	18	6	1	3	6	9	1	1	5	1	5	28	2	26	10	14	6	5	20	5	4	5	5	11	21	5	11	21	4	28	1	11	5	6	20	10	5	20	5	5	1	5	2	1	4	6	2	9	3	26	2	3	5	2	4	1	3	15	3	3
13370	5	5	5	14	26	27	21	14	5	5	2	6	26	3	2	9	2	1	2	1	3	28	3	26	3	14	5	5	5	5	5	5	4	11	5	5	5	15	5	5	5	5	5	5	3	3	14	14	2	8	22	22	27	22	3	27	2	26	2	2	1	21	4	26	4	5	4	4	10	10
13380	5	5	5	14	20	27	5	14	5	5	2	6	2	3	1	9	1	1	2	1	2	28	17	26	5	14	5	5	5	5	5	5	11	11	5	5	14	25	5	5	5	14	5	5	28	28	6	28	2	2	1	6	6	1	1	6	6	6	8	6	5	5	22	20	5	5	3	22	8	8
13390	6	5	5	14	12	27	5	14	5	5	23	6	5	3	12	9	1	1	1	1	1	28	26	26	5	14	5	5	5	5	5	5	3	11	5	5	5	14	5	5	5	5	5	5	21	31	12	21	1	1	1	12	1	1	5	12	5	5	3	23	5	5	5	12	3	20	5	14	14	14
13400	5	5	5	14	25	27	5	14	5	5	1	6	1	3	1	9	1	1	1	1	12	28	11	26	3	14	5	5	5	5	5	5	11	11	5	5	5	25	5	5	5	5	5	5	7	11	1	21	1	12	1	1	1	1	1	1	1	1	3	1	5	5	25	25	4	5	12	25	21	21
13410	5	5	20	14	9	27	5	14	5	5	1	6	5	3	1	9	5	1	25	1	2	28	23	26	5	14	5	5	5	5	5	5	4	11	5	5	5	15	5	5	5	5	5	5	5	23	5	5	30	30	30	30	24	30	17	28	27	28	4	27	5	5	5	23	2	20	19	13	19	19
13420	5	5	22	14	3	27	5	14	5	5	4	6	3	3	4	9	1	1	5	1	15	28	16	26	3	14	5	5	5	5	5	5	3	11	5	5	5	14	5	5	5	5	5	5	2	16	13	13	4	15	28	24	28	28	31	28	31	31	5	31	5	5	5	14	5	22	2	5	13	13
13430	5	5	14	14	27	27	5	14	5	5	2	6	14	3	1	9	1	1	1	1	1	28	19	26	5	14	5	5	5	5	5	5	11	11	5	5	5	25	5	5	5	5	5	5	24	30	24	24	1	1	17	28	17	17	1	17	21	21	2	27	5	5	27	27	2	14	1	27	6	6
13440	5	5	5	14	5	27	11	14	3	5	26	6	1	3	11	9	1	1	12	1	1	28	10	26	5	14	5	5	5	5	5	5	4	11	5	5	5	15	5	5	5	5	5	5	5	24	5	5	12	12	1	12	1	1	9	18	4	9	8	26	1	11	2	12	21	5	2	27	8	8
13450	5	5	5	14	11	27	4	14	4	5	3	6	3	3	4	9	2	1	1	1	30	28	8	26	3	14	5	5	5	5	5	5	4	11	5	5	5	15	5	5	5	5	5	5	5	8	5	5	31	31	31	31	31	31	19	31	19	19	1	19	4	4	4	11	30	5	7	30	7	7
13460	5	5	5	14	7	27	5	14	5	5	2	6	3	3	1	9	1	1	1	1	1	28	26	26	5	14	5	5	5	5	5	5	11	11	5	5	5	25	5	5	5	5	5	5	20	31	12	20	1	1	1	12	1	1	1	1	7	7	1	16	5	5	5	21	5	5	20	5	20	20
13470	5	5	5	14	26	27	5	14	5	5	1	6	11	3	1	9	1	1	1	1	9	28	21	26	3	14	5	5	5	5	5	5	4	11	12	5	5	23	5	5	5	5	5	5	5	21	5	5	9	9	1	23	1	1	1	1	9	18	19	9	5	5	12	31	1	5	1	12	26	26
13480	5	5	7	14	3	27	31	14	5	5	31	6	4	3	4	9	4	1	9	1	1	28	4	26	15	14	5	5	5	5	5	5	3	11	5	5	5	14	25	5	11	25	15	25	4	15	4	15	4	9	4	4	4	4	4	4	4	4	25	31	22	31	5	22	25	21	3	25	25	25
13490	5	5	5	14	5	27	5	14	5	5	1	6	3	3	1	9	1	1	1	1	1	28	26	26	3	14	5	5	5	5	5	5	3	11	5	5	5	14	5	5	5	5	5	5	19	26	30	30	1	1	31	31	31	31	31	31	31	31	13	31	5	5	5	5	5	5	5	5	13	13
13500	5	5	5	14	2	27	5	14	5	5	2	6	3	3	1	9	1	1	1	1	1	28	31	26	3	14	5	5	5	5	5	5	11	11	5	5	5	25	5	5	5	5	5	5	31	31	28	31	1	1	28	28	23	28	23	23	29	29	4	31	15	5	24	24	5	5	4	24	4	4
13510	5	5	14	14	1	27	29	14	2	5	1	6	5	3	5	9	5	1	1	1	24	28	3	26	3	14	5	5	5	5	5	5	11	11	5	5	4	25	5	5	15	15	15	15	3	3	5	25	12	28	5	12	5	5	5	5	5	5	3	12	8	31	16	16	4	14	9	26	18	18
13520	5	5	3	14	27	27	14	14	5	5	1	6	3	3	4	9	1	1	1	1	1	28	26	26	3	14	5	5	5	5	5	5	3	11	5	5	5	14	5	5	5	5	5	5	26	26	31	31	1	1	28	31	28	28	28	28	31	31	13	31	5	14	20	27	3	14	2	27	13	13
13530	5	5	15	14	2	27	5	14	5	5	5	6	1	3	7	9	1	1	1	1	1	28	3	26	14	14	12	5	5	5	5	5	3	11	5	5	5	14	5	5	5	5	12	12	5	14	1	12	1	1	1	1	1	1	2	7	1	6	1	12	5	5	2	13	23	15	1	28	1	1
13540	5	5	5	14	27	27	5	14	5	5	1	6	3	3	1	9	1	1	1	1	31	28	2	26	14	14	5	5	5	5	5	5	3	11	5	5	5	14	5	5	5	5	5	5	5	22	5	5	31	31	31	31	31	31	31	31	31	31	30	31	5	5	12	27	5	5	4	12	30	30
13550	5	5	5	14	5	27	5	14	5	5	1	6	3	3	17	9	1	1	1	1	1	28	26	26	5	14	5	5	5	5	5	5	3	11	5	5	5	14	5	5	5	5	5	5	23	31	9	23	1	1	1	9	1	1	17	17	19	26	27	26	13	5	15	13	5	5	5	15	27	27
13560	5	5	5	14	1	27	14	14	5	5	28	6	3	3	1	9	1	1	1	1	1	28	16	26	3	14	5	5	5	5	5	5	11	11	5	5	5	25	5	5	5	5	5	5	1	16	1	12	1	1	1	1	1	1	1	1	3	7	11	31	14	14	3	21	14	5	4	14	11	11
13570	5	5	5	14	19	27	14	14	5	5	2	6	1	3	1	9	1	1	1	1	1	28	26	26	5	14	5	5	5	5	5	5	25	11	5	5	5	25	5	5	5	5	5	5	14	31	3	14	1	1	1	7	1	1	1	1	1	1	2	6	5	14	31	30	4	5	9	31	17	17
13580	5	5	14	14	26	27	5	14	5	5	3	6	3	3	3	9	1	1	1	1	23	28	17	26	5	14	5	5	5	5	5	5	3	11	5	5	5	14	5	5	5	5	5	5	5	28	5	5	23	23	23	23	23	23	29	29	29	29	3	29	5	5	18	31	5	14	2	29	8	8
13590	5	5	5	14	7	27	5	14	5	5	1	6	1	3	1	9	1	1	1	1	5	28	4	26	12	14	5	5	5	5	5	5	3	11	5	5	5	14	5	5	5	5	5	5	29	23	18	29	1	12	1	18	1	1	1	1	1	1	10	1	1	5	3	7	5	5	1	14	17	17
13600	5	5	5	14	15	27	14	14	5	5	9	6	1	3	1	9	1	1	1	1	1	28	1	26	5	14	5	5	5	5	5	5	4	11	5	5	5	15	5	5	5	5	5	5	12	12	1	12	1	1	1	1	1	1	1	1	1	1	21	9	3	14	30	25	5	5	2	30	27	27
13610	5	5	4	14	8	27	14	14	5	5	20	6	3	3	1	9	12	1	1	1	24	28	16	26	5	14	5	5	5	5	5	5	15	11	5	5	5	15	5	5	5	5	5	5	5	27	5	5	5	28	5	5	12	12	5	12	5	14	3	20	3	14	4	8	31	15	22	31	22	22
13620	4	5	22	14	6	27	5	14	5	5	1	6	3	3	9	9	1	1	1	1	20	28	2	26	14	14	5	5	5	5	5	5	11	11	5	5	5	25	5	5	5	5	5	5	5	22	5	5	20	20	1	20	1	1	9	9	18	18	10	18	5	5	2	20	30	30	3	30	19	19
13630	5	5	8	14	28	27	5	14	5	5	2	6	23	3	1	9	1	1	1	1	12	28	19	26	5	14	5	5	5	5	5	5	3	11	5	5	5	14	5	5	5	5	5	5	19	30	30	30	5	12	30	30	12	31	1	12	23	23	1	28	5	5	29	28	4	22	1	29	1	1
13640	5	5	5	14	1	27	14	14	5	5	1	6	3	3	4	9	1	1	1	1	1	28	26	26	5	14	5	5	5	5	5	5	4	11	5	5	5	15	5	5	5	5	5	5	29	31	29	29	1	1	9	29	4	9	4	4	11	11	5	18	21	14	5	21	5	5	5	5	5	5
13650	5	5	5	14	26	27	5	14	5	5	9	6	3	3	9	9	1	1	1	1	1	28	8	26	5	14	5	5	5	5	5	5	11	11	5	5	5	25	5	5	5	5	5	5	5	22	5	5	1	1	1	12	1	1	9	9	1	18	1	9	5	5	16	31	5	5	11	27	18	18
13660	5	5	8	14	27	27	5	14	5	5	1	6	1	3	1	9	1	1	1	1	1	28	6	26	5	14	5	5	5	5	5	5	3	11	5	5	14	14	5	5	5	14	5	5	1	20	1	12	1	1	1	1	1	1	1	1	1	1	10	1	5	5	5	27	13	22	5	13	24	24
13670	5	5	5	14	16	27	5	14	12	5	1	6	14	3	1	9	1	1	1	1	1	28	6	26	5	14	5	5	5	5	5	5	11	11	5	5	5	25	5	5	5	5	5	5	6	20	1	20	1	1	1	1	1	1	1	1	21	21	5	21	5	12	20	27	5	5	13	20	13	13
13680	5	5	5	14	20	27	5	14	5	5	1	6	3	3	4	9	1	1	1	1	1	28	11	26	3	14	5	5	5	5	5	5	4	11	5	5	15	15	5	5	5	15	5	5	11	11	25	25	1	1	29	29	18	29	18	18	18	18	5	18	5	5	5	20	5	5	5	5	5	5
13690	25	5	1	14	30	27	5	14	5	5	10	6	1	3	1	9	1	1	1	1	1	28	3	26	5	14	5	5	5	5	5	5	3	11	5	5	5	14	5	5	5	5	5	5	5	14	5	5	12	1	1	12	1	1	1	1	1	1	5	17	4	5	4	30	4	29	14	4	14	14
13700	31	5	3	14	5	27	5	14	5	5	1	6	1	3	1	9	1	1	1	1	2	28	26	26	3	14	5	5	5	5	5	5	3	11	5	5	5	14	5	5	5	5	5	5	9	26	1	23	6	6	1	6	1	1	1	1	1	1	26	1	5	5	10	5	2	31	3	10	26	26
13710	5	5	29	14	31	27	5	14	5	5	1	6	1	3	1	9	1	1	1	1	1	28	6	26	5	14	5	5	5	5	5	5	3	11	5	5	5	14	5	5	5	5	5	5	20	20	20	20	1	1	12	20	12	12	12	12	12	12	13	12	5	5	31	31	5	29	5	31	13	13
13720	5	5	5	14	2	27	13	14	5	5	17	6	1	3	1	9	1	1	1	1	1	28	18	26	3	14	5	5	5	5	5	5	11	11	5	5	5	25	5	5	5	5	5	5	21	18	1	21	1	1	1	1	1	1	1	1	1	1	1	17	12	13	20	20	4	5	13	28	20	20
13730	5	5	5	14	22	27	5	14	5	5	2	6	3	3	1	9	1	1	1	1	1	28	26	26	3	14	5	5	5	5	5	5	4	11	5	5	5	15	5	5	5	5	5	5	17	26	28	28	1	1	28	28	28	28	23	28	29	29	2	31	5	5	8	22	5	5	1	22	6	6
13740	5	5	3	14	26	27	5	14	5	5	4	6	3	3	1	9	1	1	1	1	24	28	3	26	14	14	5	5	5	5	5	5	11	11	5	5	5	25	5	5	5	5	5	5	5	14	5	5	28	28	6	28	6	6	6	6	16	16	2	26	5	5	15	31	5	14	7	15	16	16
13750	5	5	5	14	31	27	5	14	5	5	2	6	3	3	1	9	1	1	1	1	1	28	11	26	3	14	5	5	5	5	5	5	11	11	5	5	5	25	5	5	5	5	5	5	4	11	5	15	1	1	5	12	1	12	1	1	21	7	1	27	5	5	30	31	5	5	3	30	7	7
13760	13	5	3	14	1	27	5	14	5	5	1	6	6	3	1	9	1	1	1	1	1	28	2	26	27	14	5	5	5	5	5	5	26	11	5	5	5	31	5	5	5	5	5	5	21	27	1	21	1	1	1	1	1	1	1	1	6	6	5	6	1	5	1	1	16	22	17	16	28	28
13770	5	5	14	14	22	27	3	14	14	5	2	6	3	3	28	9	4	1	5	1	15	28	17	26	5	14	5	5	5	5	5	5	11	11	5	5	5	25	5	5	5	5	5	5	5	28	5	5	15	15	4	15	4	4	28	28	31	31	25	31	5	14	22	22	3	14	2	22	30	30
13780	5	5	14	14	3	27	14	14	5	5	20	6	1	3	1	9	1	1	1	1	1	28	28	26	5	14	5	5	5	5	5	5	4	11	5	5	5	15	5	5	5	5	5	5	12	28	1	12	1	1	1	1	1	1	1	1	1	1	3	20	14	14	11	14	3	14	16	11	16	16
13790	5	5	5	14	31	27	5	14	5	5	3	6	17	3	1	9	1	1	1	1	1	28	7	26	5	14	5	5	5	5	5	5	15	11	5	5	15	15	5	5	5	15	5	5	5	21	5	5	1	1	12	12	12	12	5	12	28	28	4	31	5	5	2	31	13	5	1	13	9	9
13800	5	5	24	14	26	27	5	14	5	5	4	6	4	3	1	9	1	1	1	1	24	28	7	26	5	14	5	5	5	5	5	5	4	11	5	5	5	15	5	5	5	5	5	5	5	21	5	5	23	28	1	23	1	1	5	1	24	15	2	24	5	5	28	31	5	24	12	28	20	20
13810	5	5	5	14	6	27	5	14	5	5	1	6	3	3	1	9	1	1	1	1	17	28	13	26	5	14	5	5	5	5	5	5	11	11	5	5	15	25	5	5	5	15	5	5	13	13	5	13	17	17	28	28	13	28	13	20	22	22	5	27	5	5	15	20	5	5	5	15	5	5
13820	5	5	5	14	28	27	5	14	5	5	17	6	1	3	1	9	1	1	1	1	1	28	2	26	21	14	5	5	5	5	5	5	4	11	5	5	5	15	5	5	5	5	5	5	12	27	1	12	1	1	1	1	1	1	1	1	1	1	4	17	5	5	3	28	4	5	5	11	15	15
13830	1	5	13	14	14	27	5	14	5	5	20	6	3	3	1	9	1	1	1	1	1	28	3	26	3	14	5	5	5	5	5	5	15	11	5	5	5	15	5	5	5	5	5	5	3	3	3	14	1	1	7	7	7	7	3	7	3	3	4	27	3	5	1	14	19	20	11	26	11	11
13840	5	5	14	14	28	27	5	14	5	5	20	6	1	3	1	9	1	1	1	1	1	28	17	26	3	14	21	5	5	5	5	5	14	11	5	5	5	14	5	5	5	5	7	21	3	26	1	7	1	1	1	1	1	1	1	1	1	1	5	20	5	5	21	28	5	14	5	21	5	5
13850	4	5	14	14	2	27	14	14	5	5	2	6	4	3	2	9	2	1	4	1	4	28	26	26	3	14	5	5	5	5	5	5	3	11	5	5	5	14	5	5	5	5	14	5	5	26	30	14	4	4	14	30	22	22	13	22	28	24	3	28	13	14	2	13	2	25	23	2	29	29
13860	5	5	5	14	27	27	5	14	5	5	2	6	3	3	1	9	1	1	1	1	1	28	17	26	5	14	5	5	5	5	5	5	3	11	5	5	5	14	5	5	5	5	5	5	17	28	20	28	1	1	12	20	12	12	12	12	21	21	2	27	5	5	27	27	5	5	2	27	2	2
13870	5	5	14	14	27	27	14	14	5	5	2	6	3	3	1	9	1	1	1	1	12	28	8	26	5	14	5	5	5	5	5	5	14	11	5	5	14	14	5	5	5	14	5	5	5	22	5	5	12	12	1	12	1	1	1	1	7	7	5	16	3	14	8	27	5	14	5	22	5	5
13880	5	5	3	14	12	27	3	14	5	5	2	6	18	3	1	9	1	1	1	1	6	28	11	26	3	14	5	5	5	5	5	5	11	11	5	5	4	25	15	5	15	15	4	15	4	11	4	4	6	6	1	17	1	1	1	1	18	18	5	26	3	14	20	21	3	14	16	27	27	27
13890	5	5	5	14	31	27	5	14	5	5	5	6	12	3	1	9	1	1	1	1	1	28	16	26	5	14	5	5	5	5	5	5	11	11	5	5	5	25	5	5	5	5	5	5	12	27	12	12	1	1	12	12	12	12	1	12	12	12	2	12	5	5	31	31	5	5	1	31	6	6
13900	5	5	5	14	5	27	5	14	5	5	5	6	3	3	1	9	1	1	1	1	1	28	6	26	3	14	5	5	5	5	5	5	3	11	5	5	5	14	5	5	5	5	5	5	8	16	22	22	1	1	27	27	27	27	27	27	27	27	3	27	5	5	5	5	5	5	21	5	21	21
13910	5	5	14	14	24	27	5	14	5	5	1	6	3	3	4	9	1	1	1	1	1	28	26	26	5	14	5	5	5	5	5	5	3	11	14	5	5	14	5	5	5	5	5	5	27	31	21	27	1	1	21	21	21	21	3	29	3	3	1	7	5	5	15	24	5	14	15	15	23	23
13920	5	5	5	14	14	27	5	14	5	5	2	6	3	3	4	9	1	1	1	1	1	28	18	26	5	14	5	5	5	5	5	5	4	11	5	5	5	15	5	5	5	5	5	5	29	29	29	29	1	1	21	29	21	21	29	29	29	29	7	31	5	5	14	14	5	5	5	14	21	21
13930	5	5	15	14	21	27	5	14	5	5	29	6	1	3	1	9	1	1	1	1	20	28	3	26	14	14	5	5	5	5	5	5	4	11	5	5	5	15	5	5	5	5	5	5	5	14	5	5	20	20	1	20	1	1	1	1	1	1	15	29	5	5	18	21	5	15	5	29	15	15
13940	14	5	5	14	21	27	5	14	5	5	2	6	3	3	4	9	1	1	1	1	24	28	3	26	14	14	5	5	5	5	5	5	11	11	5	5	5	25	5	5	5	5	5	5	5	14	5	5	28	28	28	28	28	28	28	28	26	31	1	26	3	5	31	21	5	14	1	31	1	1
13950	5	5	5	14	13	27	3	14	5	5	26	6	1	3	1	9	1	1	1	1	1	28	9	26	5	14	12	5	5	5	5	5	3	11	5	5	5	14	5	5	5	5	1	12	1	23	1	1	1	1	1	1	1	1	1	1	1	1	2	26	5	14	13	13	5	5	2	13	2	2
13960	5	5	25	14	3	27	5	14	5	5	2	6	3	3	4	9	1	1	1	1	1	28	26	26	3	14	5	5	5	5	12	5	3	11	5	5	5	14	5	12	5	5	5	5	31	26	27	31	1	1	27	27	27	27	26	31	11	26	5	19	5	5	5	14	18	25	12	29	12	12
13970	5	5	5	14	6	27	5	14	5	5	1	6	1	3	1	9	1	1	1	1	1	28	1	26	5	14	5	5	5	5	5	5	5	11	5	5	5	5	5	5	5	5	5	5	5	12	5	5	1	1	1	12	1	1	1	1	9	1	4	9	2	5	5	6	5	5	15	5	15	15
13980	14	5	5	14	16	27	5	14	5	5	4	6	3	3	4	9	1	1	1	1	9	28	26	26	3	14	5	5	5	5	5	5	3	11	5	5	5	14	5	5	5	5	5	5	19	26	30	30	4	9	30	30	31	31	31	31	31	31	3	31	5	5	31	27	3	14	17	31	26	26
13990	5	5	5	14	20	27	5	14	5	5	2	6	3	3	1	9	1	1	2	1	2	28	26	26	5	14	5	5	5	5	5	5	4	11	5	5	5	15	5	5	5	5	5	5	31	31	30	31	2	2	30	30	31	31	31	31	31	31	1	31	5	5	13	20	5	5	2	13	6	6
14000	5	5	25	14	24	27	5	14	5	5	1	6	1	3	1	9	1	1	1	1	1	28	9	26	5	14	5	5	5	5	5	5	3	11	5	5	5	14	5	5	5	5	5	5	12	23	1	12	1	1	1	1	1	1	1	1	1	1	19	1	5	5	1	24	1	25	2	1	19	19
14010	5	5	5	14	22	27	5	14	5	5	2	6	3	3	1	9	1	1	1	1	1	28	26	26	3	14	5	5	5	5	5	5	3	11	5	5	14	14	5	5	5	14	5	5	26	26	31	31	1	1	31	31	31	31	31	31	31	31	25	31	5	5	14	22	5	5	5	14	25	25
14020	5	5	5	14	31	27	5	14	5	5	2	6	3	3	4	9	1	1	1	1	1	28	19	26	5	14	5	5	5	5	5	5	3	11	5	5	5	14	5	5	5	5	5	5	30	30	30	30	1	1	31	31	31	31	31	31	22	31	5	22	5	5	18	31	5	5	14	29	14	14
14030	5	5	14	14	27	27	5	14	5	5	2	6	3	3	4	9	1	1	1	1	1	28	26	26	5	14	5	5	5	5	5	5	3	11	5	5	5	14	5	5	5	5	5	5	26	31	31	31	1	1	29	31	29	29	29	29	29	29	24	31	5	5	28	27	3	14	1	31	28	28
14040	5	5	5	14	5	27	5	14	23	5	1	6	1	3	1	9	1	1	1	1	1	28	31	26	3	14	5	5	5	5	5	5	5	11	5	5	5	5	5	5	5	5	5	5	21	31	1	21	1	1	1	1	1	1	9	1	17	9	8	17	10	23	10	24	5	5	4	24	19	19
14050	5	5	3	14	5	27	25	14	5	5	1	6	5	3	4	9	1	1	1	1	1	28	26	26	5	14	5	5	5	5	5	5	3	11	5	5	5	14	5	5	5	5	5	5	26	31	31	31	1	1	28	31	28	28	28	28	28	28	1	28	14	25	25	14	4	14	8	25	16	16
14060	13	5	5	14	15	27	5	14	5	5	24	6	1	3	1	9	1	1	1	1	1	28	8	26	3	14	5	5	5	5	5	5	4	11	5	5	15	15	5	5	5	15	5	5	12	8	1	12	1	1	1	1	6	1	1	6	1	1	3	28	5	5	5	15	5	13	22	5	22	22
14070	1	5	12	14	3	27	5	14	5	5	6	6	3	3	4	9	1	1	1	1	1	28	26	26	5	14	5	5	5	5	5	5	5	11	5	5	5	5	5	5	5	5	5	5	26	31	27	31	1	1	27	27	14	27	14	25	3	14	4	16	14	5	3	14	13	12	10	22	10	10
14080	5	5	7	14	5	27	5	14	5	5	1	6	3	3	1	9	1	1	1	1	13	28	16	26	3	14	5	5	5	5	5	5	4	11	5	5	5	15	5	5	5	5	5	5	5	16	5	5	12	20	12	12	12	12	12	12	14	21	5	21	5	5	5	5	1	21	5	12	5	5
14090	5	5	5	14	2	27	5	14	5	5	2	6	3	3	1	9	1	1	1	1	9	28	26	26	3	14	5	5	5	5	5	5	4	11	5	5	15	15	5	5	15	15	15	15	4	26	4	15	9	9	1	9	1	1	1	1	7	7	3	16	5	5	5	13	5	5	17	5	26	26
14100	5	5	14	14	5	27	22	14	3	5	14	6	3	3	2	9	22	1	1	1	1	28	31	26	3	14	5	5	5	5	5	5	11	11	5	5	5	25	5	5	12	5	12	12	1	31	1	12	1	1	1	1	22	27	5	22	5	14	4	14	12	22	15	12	4	14	11	15	11	11
14110	5	5	5	14	8	27	5	14	5	5	1	6	3	3	4	9	1	1	1	1	20	28	6	26	5	14	13	5	5	5	5	5	4	11	5	5	5	15	5	5	5	5	2	13	2	20	2	2	20	20	20	20	20	20	28	28	31	31	5	31	5	5	5	22	5	5	5	5	5	5
14120	5	5	14	14	27	27	5	14	5	5	1	6	3	3	1	9	1	1	1	1	1	28	18	26	3	14	5	5	5	5	5	5	3	11	5	5	5	14	5	5	5	5	5	5	12	18	1	12	1	1	1	1	1	1	7	1	7	7	1	7	4	5	29	31	3	14	1	29	1	1
14130	5	5	14	14	16	27	5	14	5	5	1	6	3	3	1	9	1	1	1	1	17	28	1	26	14	14	5	5	5	5	5	5	4	11	5	5	5	15	5	5	5	5	5	5	5	21	5	5	17	17	28	28	28	28	28	28	31	31	2	31	5	5	31	27	3	14	10	31	10	10
14140	5	5	5	14	2	27	5	14	14	5	1	6	1	3	1	9	1	1	1	1	7	28	26	26	5	14	5	5	5	5	5	5	11	11	5	5	5	25	5	5	5	5	5	5	5	31	5	5	7	7	1	21	1	1	1	1	1	1	11	1	14	14	25	22	2	5	3	30	11	11
14150	5	5	14	14	16	27	5	14	14	5	6	6	3	3	1	9	1	1	1	1	7	28	7	26	5	14	5	5	5	5	5	5	5	11	5	5	5	5	5	5	5	5	5	5	1	21	1	12	1	7	1	1	1	1	1	1	1	7	3	6	5	14	29	27	2	14	22	31	22	22
14160	5	5	12	14	13	27	5	14	5	5	1	6	7	3	1	9	1	1	1	1	12	28	16	26	3	14	5	5	5	5	5	5	4	11	5	5	5	15	5	5	5	5	5	5	12	16	1	12	1	12	1	1	1	1	1	1	1	7	3	1	5	5	5	13	5	12	3	5	3	3
14170	3	5	14	14	27	27	5	14	5	5	2	6	3	3	23	9	1	1	1	1	12	28	3	26	3	14	5	5	5	5	5	5	11	11	5	5	14	25	5	5	14	14	3	14	3	3	3	3	1	12	1	7	1	1	29	23	29	29	28	31	5	5	5	27	21	14	5	21	28	28
14180	5	5	5	14	19	27	5	14	5	5	29	6	1	3	1	9	1	1	1	1	1	28	17	26	5	14	5	5	5	5	5	5	4	11	5	5	5	15	5	5	5	5	5	5	5	28	5	5	1	1	1	12	1	1	1	1	1	1	7	29	5	5	31	30	5	5	1	31	7	7
14190	5	5	5	14	14	27	5	14	5	5	2	6	3	3	1	9	1	1	1	1	12	28	19	26	3	14	5	5	5	5	5	5	11	11	5	5	15	25	5	5	15	15	4	15	4	19	4	4	1	12	1	9	1	1	1	1	7	7	5	16	5	5	5	14	5	5	13	5	13	13
14200	5	5	21	14	5	27	14	14	5	5	12	6	4	3	1	9	1	1	1	1	1	28	3	26	14	14	5	5	5	5	5	5	3	11	5	5	5	14	5	5	5	5	5	5	5	14	5	5	1	1	1	12	1	1	1	1	4	9	5	23	5	14	5	5	5	21	5	5	5	5
14210	5	5	5	14	20	27	14	14	5	5	28	6	3	3	1	9	1	1	1	1	12	28	6	26	5	14	5	5	5	5	5	5	4	11	5	5	5	15	5	5	5	5	5	5	5	20	5	5	12	12	1	12	1	1	1	1	3	7	1	31	3	14	28	27	5	5	20	28	20	20
14220	5	5	7	14	3	27	14	14	5	5	1	6	1	3	1	9	1	1	1	1	20	28	22	26	5	14	5	5	5	5	5	5	3	11	5	5	5	14	5	5	5	5	5	5	5	22	5	5	12	20	1	12	1	1	1	1	1	1	30	1	7	14	1	7	8	21	5	16	30	30
14230	5	5	5	14	5	27	5	14	5	5	2	6	3	3	1	9	1	1	1	1	12	28	26	26	5	14	5	5	5	5	5	5	4	11	5	5	5	15	5	5	5	5	5	5	12	31	12	12	5	12	1	12	1	1	1	1	7	7	14	16	5	5	5	5	5	5	3	5	14	14
14240	5	5	5	14	5	27	5	14	5	5	2	6	3	3	4	9	1	1	1	1	1	28	18	26	5	14	5	5	5	5	5	5	11	11	5	5	5	25	5	5	5	5	5	5	14	29	14	14	1	1	21	21	21	21	25	29	25	25	5	30	5	5	5	5	5	5	4	5	15	15
14250	5	5	5	14	16	27	5	14	5	5	1	6	3	3	4	9	1	1	1	1	28	28	3	26	14	14	5	5	5	5	5	5	11	11	5	5	5	25	5	5	5	5	5	5	5	14	5	5	28	28	23	28	23	23	23	23	29	29	3	29	5	5	27	27	5	5	7	27	7	7
14260	5	5	5	14	31	27	5	14	5	5	2	6	7	3	1	9	1	1	1	1	1	28	2	26	5	14	5	5	5	5	5	5	4	11	5	5	5	15	5	5	5	5	5	5	5	13	5	5	1	1	1	12	1	1	1	1	21	7	10	27	5	5	31	31	1	5	4	31	10	10
14270	5	5	27	14	3	27	14	14	5	5	5	6	11	3	1	9	1	1	1	1	1	28	16	26	5	14	5	5	5	5	5	5	3	11	5	5	5	14	5	5	5	5	5	5	12	27	1	12	1	1	1	1	1	1	1	1	18	18	2	29	3	14	3	3	9	27	13	18	13	13
14280	5	5	16	14	3	27	21	14	5	5	5	6	3	3	4	9	1	1	1	1	1	28	26	26	5	14	5	5	5	5	5	5	3	11	5	5	5	14	5	5	5	5	5	5	26	31	31	31	1	1	31	31	31	31	17	31	31	26	2	31	3	21	2	3	27	27	12	27	20	20
14290	5	5	29	14	31	27	13	14	5	5	2	6	14	3	1	9	1	1	1	1	12	28	26	26	5	14	5	5	5	5	5	5	9	11	5	5	5	23	5	5	5	5	5	5	5	31	5	5	1	12	1	12	1	1	1	1	21	21	3	27	5	13	28	31	3	29	3	31	3	3
14300	5	5	5	14	8	27	5	14	5	5	2	6	3	3	4	9	1	1	1	1	1	28	26	26	3	14	5	5	5	5	5	5	11	11	5	5	5	25	5	5	5	5	5	5	26	26	31	31	1	1	27	31	27	27	29	31	29	29	5	31	5	5	5	22	5	5	5	5	5	5
14310	5	5	5	14	5	27	14	14	5	5	5	6	3	3	1	9	1	1	5	1	5	28	16	26	3	14	5	5	5	5	5	5	3	11	5	5	5	14	5	5	5	5	5	5	1	16	5	12	5	5	5	5	12	12	12	12	29	21	12	29	14	14	5	14	5	5	3	5	21	21
14320	5	5	5	14	2	27	2	14	5	5	1	6	3	3	1	9	1	1	1	1	1	28	2	26	12	14	5	5	5	5	15	5	3	11	5	5	5	14	5	15	5	5	5	5	12	20	1	12	1	1	1	1	1	1	1	1	1	7	30	1	2	13	2	2	2	5	3	2	30	30
14330	5	5	5	14	3	27	5	14	5	5	1	6	1	3	1	9	1	1	1	1	1	28	27	26	3	14	5	5	5	5	5	5	3	11	5	5	5	14	5	5	5	5	5	5	12	27	1	12	1	1	1	1	1	1	1	1	1	1	1	1	3	5	28	3	5	5	27	28	27	27
14340	5	5	5	14	15	27	5	14	5	5	1	6	3	3	1	9	1	1	1	1	12	28	26	26	5	14	5	5	5	5	5	5	4	11	5	5	5	15	5	5	5	5	5	5	5	31	5	5	12	12	1	12	1	1	1	1	7	7	5	7	5	5	5	15	5	5	5	5	5	5
14350	5	5	14	14	13	27	5	14	5	5	5	6	2	3	6	9	1	1	1	1	1	28	1	26	1	14	5	5	5	5	5	5	11	11	5	5	5	25	5	5	5	5	1	5	1	1	1	1	1	1	1	1	1	1	6	6	28	6	5	28	5	5	30	13	5	14	14	30	14	14
14360	5	5	5	14	1	27	5	14	5	5	28	6	1	3	1	9	1	1	1	1	1	28	18	26	3	14	5	5	5	5	5	5	4	11	5	5	5	15	5	5	5	5	5	5	7	18	21	21	1	1	7	21	1	7	1	1	1	1	21	28	5	5	12	12	5	5	1	12	21	21
14370	5	5	31	14	8	27	5	14	5	5	9	6	3	3	9	9	1	1	1	1	1	28	30	26	3	14	5	5	5	5	5	5	11	11	5	5	5	25	5	5	5	5	5	5	5	30	5	5	1	1	1	12	1	1	7	9	3	7	18	18	5	5	1	22	19	31	4	26	18	18
14380	5	5	21	14	8	27	5	14	5	5	19	6	1	3	1	9	1	1	1	1	1	28	6	26	3	14	5	5	5	5	5	5	3	11	5	5	5	14	5	5	5	5	5	5	12	16	1	12	1	1	1	1	1	1	1	1	1	1	4	26	5	5	30	22	5	21	4	30	4	4
14390	5	5	5	14	5	27	5	14	5	5	1	6	3	3	9	9	1	1	1	1	1	28	12	26	5	14	5	5	5	5	5	5	4	11	5	5	5	15	5	5	5	5	5	5	12	12	1	12	1	1	1	1	1	1	9	9	18	18	3	18	5	5	5	5	5	5	3	5	3	3
14400	5	5	5	14	5	27	5	14	5	5	2	6	3	3	4	9	1	1	1	1	4	28	26	26	3	14	5	5	5	5	5	5	11	11	5	5	5	25	5	5	5	5	5	5	26	26	28	31	4	9	13	28	28	20	28	28	31	31	8	31	5	5	5	5	5	5	5	5	22	22
14410	5	5	14	14	31	27	5	14	5	5	2	6	1	3	1	9	1	1	1	1	1	28	18	26	5	14	5	5	5	5	5	5	11	11	5	5	5	25	5	5	5	5	5	5	12	29	1	12	1	1	1	1	1	1	1	1	1	1	23	6	5	5	28	31	3	14	3	31	29	29
14420	13	5	3	14	25	27	5	14	5	5	2	6	3	3	9	9	1	1	1	1	1	28	26	26	5	14	5	5	5	5	5	5	11	11	5	5	5	25	5	5	5	5	5	5	21	31	21	21	1	1	1	21	1	1	23	9	29	29	7	31	5	5	29	25	5	22	1	29	7	7
14430	5	5	5	14	5	27	5	14	5	5	1	6	3	3	4	9	1	1	1	1	1	28	16	26	3	14	5	5	5	5	5	5	11	11	5	5	5	25	5	5	5	5	5	5	16	16	1	27	1	1	1	1	1	1	9	9	18	18	7	18	5	5	5	5	5	5	5	5	21	21
14440	5	5	14	14	27	27	5	14	5	5	1	6	4	3	9	9	1	1	1	1	1	28	7	26	3	14	5	5	5	5	5	5	3	11	5	5	5	14	5	5	5	5	5	5	1	7	1	12	1	1	1	1	1	1	9	9	9	9	1	9	5	5	27	27	3	14	12	27	12	12
14450	5	5	5	14	26	27	5	14	5	5	2	6	2	3	4	9	1	1	1	1	1	28	26	26	5	14	5	5	5	5	5	5	4	11	5	5	5	15	5	5	5	5	5	5	27	31	16	27	1	1	7	16	7	7	18	18	26	26	3	26	5	5	7	31	5	5	1	21	7	7
14460	5	5	14	14	31	27	5	14	5	5	2	6	3	3	4	9	1	1	1	1	1	28	19	26	3	14	5	5	5	5	5	5	4	11	5	5	5	15	5	5	5	5	5	5	19	19	30	30	1	1	31	31	31	31	29	31	29	29	20	31	5	5	6	31	3	14	5	16	20	20
14470	19	5	3	14	29	27	5	14	5	5	29	6	2	3	1	9	1	1	1	1	1	28	26	26	3	14	5	5	5	5	5	5	4	11	5	5	15	15	5	5	5	15	5	5	23	26	1	23	1	1	1	1	2	1	2	6	2	2	7	31	2	5	21	31	2	19	1	27	7	7
14480	5	5	3	14	8	27	14	14	5	5	1	6	5	3	3	9	16	1	5	1	5	28	15	26	3	14	5	5	5	5	5	5	4	11	5	5	5	15	5	5	5	5	5	5	5	25	5	5	5	5	5	5	20	27	20	27	27	20	5	27	3	14	3	8	20	14	14	27	14	14
14490	5	5	30	14	5	27	5	14	5	5	1	6	1	3	1	9	1	1	1	1	1	28	3	26	3	14	5	5	5	5	5	5	3	11	5	5	5	14	5	5	5	5	5	5	7	3	7	21	1	1	1	7	1	1	1	1	1	1	1	1	5	5	5	5	3	30	9	14	9	9
14500	8	5	4	14	20	27	5	14	5	5	1	6	1	3	6	9	1	1	1	1	4	28	16	26	3	14	5	5	5	5	5	5	5	11	5	5	15	5	5	5	5	15	5	5	6	16	20	20	1	9	1	20	1	1	28	6	28	28	4	28	5	5	3	20	28	19	15	31	15	15
14510	5	5	5	14	16	27	5	14	5	5	18	6	1	3	1	9	1	1	1	1	1	28	2	26	5	14	5	5	5	5	5	5	4	11	5	5	5	15	5	5	5	5	5	5	5	13	5	5	12	1	1	12	1	1	1	1	1	1	1	18	5	5	5	27	5	5	1	5	1	1
14520	11	5	5	14	5	27	14	14	5	5	1	6	7	3	4	9	1	1	1	1	6	28	3	26	3	14	5	5	5	5	5	5	11	11	5	5	15	25	5	5	15	15	15	15	3	3	11	25	1	6	4	18	18	9	3	18	1	7	1	1	5	14	5	5	5	25	25	5	29	29
14530	5	5	5	14	30	27	5	14	5	5	1	6	5	3	6	9	1	1	1	1	1	28	2	26	14	14	5	5	5	5	5	5	11	11	5	5	5	25	5	5	5	5	5	5	5	22	5	5	1	1	1	12	1	1	1	6	1	12	28	1	5	5	2	30	25	5	2	30	28	28
14540	5	5	5	14	31	27	5	14	5	5	2	6	3	3	4	9	1	1	1	1	1	28	26	26	5	14	5	5	5	5	5	5	4	11	5	5	5	15	5	5	5	5	5	5	30	31	30	30	1	1	31	31	28	31	28	28	31	31	2	31	5	5	26	31	5	5	19	31	19	19
14550	5	5	5	14	13	27	5	14	5	5	6	6	3	3	1	9	1	1	1	1	23	28	26	26	3	14	5	5	5	5	5	5	11	11	5	5	14	25	5	5	14	14	14	14	3	26	5	14	12	23	1	12	1	1	3	1	3	3	1	16	2	5	5	13	23	5	1	23	1	1
14560	5	5	5	14	28	27	14	14	5	5	4	6	3	3	9	9	5	1	1	1	1	28	26	26	5	14	5	5	5	5	5	5	4	11	5	5	5	15	5	5	5	5	5	5	20	31	13	20	1	1	5	20	5	5	23	23	29	29	11	29	3	14	31	31	5	5	5	31	25	25
14570	5	5	12	14	27	27	5	14	5	5	1	6	3	3	4	9	1	1	1	1	9	28	17	26	3	14	5	5	5	5	5	5	11	11	5	5	5	25	5	5	5	5	5	5	5	26	5	5	9	9	1	23	1	1	9	9	7	18	3	7	5	5	20	27	5	12	27	20	27	27
14580	5	5	14	14	27	27	5	14	5	5	26	6	1	3	1	9	1	1	1	1	12	28	2	26	5	14	5	5	5	5	5	5	4	11	14	5	15	25	5	5	5	15	5	5	5	13	5	5	12	12	1	12	1	1	1	1	1	1	3	26	5	5	30	27	4	14	3	30	3	3
14590	5	5	14	14	8	27	5	14	5	5	4	6	3	3	5	9	9	1	1	1	20	28	27	26	3	14	5	5	5	5	5	5	4	11	5	5	5	15	5	5	5	5	5	5	5	27	5	5	12	20	1	12	9	9	31	23	31	31	2	31	5	5	4	22	5	14	22	15	22	22
14600	5	5	15	14	21	27	3	14	3	5	1	6	1	3	1	9	1	1	1	1	1	28	26	26	5	14	5	5	5	5	5	5	3	11	12	5	5	21	5	5	5	5	5	5	21	31	7	21	1	1	1	7	1	1	1	1	1	1	5	1	1	3	1	21	10	15	3	17	14	14
14610	5	5	5	14	24	27	3	14	5	5	12	6	1	3	1	9	1	1	1	1	9	28	4	26	25	14	5	5	5	5	5	5	3	11	5	5	5	14	5	5	5	5	5	5	5	25	5	5	9	9	1	23	1	1	1	1	1	1	5	12	5	14	13	24	5	5	23	13	23	23
14620	5	5	5	14	5	27	14	14	5	5	2	6	3	3	1	9	1	1	1	1	1	28	3	26	21	14	5	5	5	5	5	5	11	11	5	5	5	25	5	5	5	5	5	5	7	21	1	21	1	1	1	1	1	1	1	1	7	7	3	16	5	14	5	5	5	5	31	5	31	31
14630	5	5	5	14	1	27	14	14	5	5	1	6	3	3	1	9	1	1	1	1	1	28	18	26	5	14	5	5	5	5	5	5	4	11	5	5	5	15	5	5	5	5	5	5	12	29	1	12	1	1	1	1	1	1	1	1	7	7	5	7	14	14	5	21	5	5	5	5	5	5
14640	5	5	5	14	5	27	5	14	5	5	1	6	3	3	1	9	1	1	1	1	1	28	9	26	5	14	5	5	5	5	5	5	3	11	5	5	5	14	5	5	5	5	5	5	18	23	18	29	1	1	1	18	1	1	12	1	21	21	26	21	5	5	5	5	5	5	5	5	31	31
14650	5	5	5	14	27	27	14	14	5	5	1	6	3	3	1	9	1	1	1	1	1	28	18	26	5	14	5	5	5	5	5	5	15	11	5	5	5	15	5	5	5	5	5	5	12	29	1	12	1	1	1	1	1	1	1	1	7	7	5	7	5	14	26	27	5	5	5	31	5	5
14660	5	5	13	14	5	27	5	14	5	5	3	6	3	3	1	9	1	1	1	1	1	28	4	26	9	14	5	5	5	5	5	5	15	11	5	5	15	15	5	5	15	15	4	15	9	9	9	9	1	1	1	9	1	1	1	1	7	7	4	7	5	5	29	5	3	13	24	29	24	24
14670	4	5	4	14	1	27	5	14	5	5	2	6	2	3	2	9	2	1	3	1	22	28	28	26	5	14	5	5	5	5	5	5	11	11	5	5	5	25	5	5	5	5	5	5	24	28	5	24	13	22	2	13	2	2	2	2	2	2	7	2	13	5	20	20	4	4	4	28	18	18
14680	5	5	5	14	26	27	5	14	5	5	2	6	14	3	1	9	1	1	1	1	1	28	11	26	1	14	5	5	5	5	5	5	4	11	5	5	5	15	5	5	5	5	5	5	1	18	1	12	1	1	1	1	1	1	1	1	29	21	7	31	5	5	31	31	3	5	3	31	7	7
14690	5	5	5	14	27	27	5	14	5	5	1	6	3	3	1	9	1	1	1	1	1	28	26	26	3	14	5	5	5	5	5	5	11	11	5	5	5	25	5	5	5	5	5	5	1	26	12	12	1	1	12	12	12	12	5	12	14	14	14	21	5	5	5	27	5	5	5	5	14	14
14700	5	5	3	14	22	27	14	14	5	5	1	6	3	3	1	9	1	1	1	1	6	28	18	26	5	14	5	5	5	5	5	5	15	11	5	5	5	15	5	5	5	5	5	5	29	29	29	29	1	6	25	29	29	29	29	29	23	29	4	23	5	14	5	22	15	14	4	15	4	4
14710	5	5	22	14	25	27	14	14	5	5	2	6	3	3	3	9	1	1	1	1	1	28	19	26	3	14	5	5	5	5	5	5	11	11	5	5	15	25	5	5	15	15	4	15	4	19	4	4	1	1	1	9	1	1	7	7	1	7	3	6	5	14	5	25	25	22	14	25	14	14
14720	5	5	5	14	24	27	5	14	5	5	2	6	3	3	1	9	4	1	1	1	6	28	10	26	5	14	5	5	5	5	5	5	14	11	5	5	5	14	5	5	5	5	13	5	2	24	22	13	2	6	22	22	30	30	27	31	31	27	12	31	5	5	2	24	5	5	5	13	12	12
14730	3	5	3	14	31	27	5	14	5	5	28	6	1	3	1	9	1	1	1	1	23	28	3	26	14	14	5	5	5	5	5	5	25	11	5	5	5	25	5	5	5	5	5	5	5	14	5	5	23	23	9	23	1	9	1	1	1	1	2	28	5	5	21	31	5	3	7	21	16	16
14740	5	5	5	14	1	27	14	14	5	5	2	6	8	3	1	9	1	1	1	1	1	28	18	26	5	14	5	5	5	5	5	5	11	11	5	5	5	25	5	5	5	5	5	5	12	29	1	12	1	1	1	1	1	1	1	1	16	16	2	16	22	14	16	27	2	5	2	16	2	2
14750	13	5	5	14	15	27	5	14	5	5	5	6	4	3	4	9	4	1	1	1	1	28	18	26	5	14	5	5	5	5	5	5	3	11	5	5	5	14	5	5	5	5	5	5	12	29	1	12	1	1	1	1	9	9	1	9	9	9	12	23	5	5	10	15	2	13	4	10	23	23
14760	5	5	12	14	16	27	5	14	5	5	2	6	3	3	1	9	1	1	1	1	1	28	3	26	3	14	5	5	5	5	5	5	11	11	5	5	11	25	5	5	14	25	14	14	3	3	3	14	1	1	7	7	7	7	3	7	3	3	3	8	5	5	30	27	1	12	1	31	7	7
14770	5	5	5	14	28	27	14	14	5	5	3	6	3	3	26	9	1	1	1	1	1	28	26	26	3	14	5	5	5	5	5	5	11	11	5	5	5	25	5	5	5	5	5	5	9	26	1	23	1	1	1	1	1	1	19	26	19	19	7	19	3	14	18	31	5	5	5	29	21	21
14780	4	5	4	14	4	27	11	14	3	5	3	6	5	3	1	9	1	1	6	1	5	28	2	26	25	14	5	5	5	5	5	5	4	11	5	5	5	15	5	5	5	5	5	5	4	30	4	15	6	20	2	17	16	6	14	16	18	14	15	18	20	11	3	28	3	4	4	3	15	15
14790	5	5	5	14	21	27	5	14	5	5	1	6	3	3	1	9	1	1	1	1	1	28	7	26	5	14	5	5	5	5	5	5	4	11	5	5	5	15	5	5	5	5	5	5	21	21	21	21	1	1	7	21	7	7	7	7	7	7	3	7	5	5	29	21	5	5	12	29	21	21
14800	5	5	14	14	13	27	5	14	5	5	1	6	3	3	4	9	1	1	1	1	1	28	26	26	3	14	5	5	5	5	5	5	11	11	5	5	25	25	5	5	25	25	25	25	3	26	25	25	1	1	29	29	29	29	29	29	31	29	1	31	5	5	2	13	5	14	5	13	12	12
14810	5	5	22	14	16	27	3	14	5	5	12	6	1	3	1	9	1	1	1	1	12	28	16	26	5	14	5	5	5	5	5	5	11	11	5	5	5	25	5	5	5	5	5	5	5	27	5	5	12	12	1	12	1	1	1	1	1	1	5	12	5	14	1	27	26	22	5	26	5	5
14820	5	5	5	14	31	27	5	14	5	5	1	6	3	3	6	9	1	1	1	1	1	28	9	26	5	14	5	5	5	5	5	5	11	11	5	5	5	25	5	5	5	5	5	5	12	23	1	12	1	1	1	1	1	1	6	6	26	16	3	26	5	5	17	31	5	5	13	28	22	22
14830	5	5	5	14	30	27	5	14	5	5	1	6	3	3	1	9	1	1	1	1	24	28	3	26	14	14	5	5	5	5	5	5	11	11	5	5	5	25	5	5	5	5	5	5	5	14	5	5	28	28	28	28	24	28	15	28	25	25	24	29	5	5	30	30	5	5	2	30	24	24
14840	5	5	5	14	27	27	5	14	5	5	1	6	3	3	1	9	1	1	1	1	1	28	19	26	5	14	5	5	5	5	5	5	4	11	5	5	15	15	5	5	15	15	5	15	30	30	30	30	1	1	31	31	29	31	29	29	29	29	5	29	5	5	27	27	5	5	5	27	5	5
14850	12	5	3	14	1	27	5	14	5	5	3	6	8	3	9	9	1	1	1	1	1	28	17	26	3	14	5	5	5	5	5	5	4	11	15	5	5	15	5	5	5	5	5	5	17	26	28	28	1	1	9	28	4	9	4	9	19	19	4	19	5	5	12	12	5	21	4	12	4	4
14860	5	5	5	14	27	27	5	14	5	5	2	6	3	3	1	9	4	1	1	1	1	28	18	26	5	14	5	5	5	5	5	5	3	11	5	5	5	14	5	5	5	5	5	5	31	29	31	31	1	1	29	31	29	29	29	29	29	29	1	31	4	5	26	31	5	5	1	31	1	1
14870	5	5	5	14	23	27	5	14	5	5	6	6	1	3	1	9	1	1	1	1	1	28	26	26	3	14	5	5	5	5	5	5	4	11	5	5	5	15	5	5	5	5	5	5	2	26	2	13	1	1	1	6	1	1	1	1	1	1	4	6	5	5	1	23	5	5	24	12	24	24
14880	5	5	5	14	22	27	14	14	5	5	1	6	1	3	1	9	1	1	1	1	1	28	3	26	14	14	5	5	5	5	5	5	4	11	5	5	5	15	5	5	5	5	5	5	5	14	5	5	1	1	1	12	1	1	1	1	1	1	30	1	5	14	5	22	24	5	2	24	30	30
14890	5	5	5	14	22	27	5	14	5	5	2	6	3	3	1	9	1	1	1	1	1	28	7	26	5	14	5	5	5	5	5	5	4	11	5	5	5	15	5	5	5	5	5	5	12	21	1	12	1	1	1	1	1	1	1	1	18	7	16	26	5	5	3	22	5	5	1	14	16	16
14900	5	5	5	14	31	27	14	14	3	5	2	6	3	3	5	9	1	1	1	1	20	28	17	26	5	14	5	5	5	5	5	5	11	11	5	5	15	25	5	5	15	15	5	15	5	28	5	5	20	20	20	20	20	20	20	20	27	27	14	27	5	14	28	31	5	5	2	28	22	22
14910	2	5	20	14	29	27	5	14	5	5	2	6	8	3	5	9	14	1	5	1	12	28	18	26	5	14	5	5	5	5	5	5	4	11	5	5	5	15	5	5	5	5	5	5	5	29	5	5	5	12	5	5	5	14	5	5	22	22	1	22	5	5	10	29	2	20	22	10	27	27
14920	5	5	31	14	22	27	5	14	5	5	2	6	16	3	6	9	1	1	1	1	1	28	18	26	5	14	5	5	5	5	5	5	4	11	15	5	5	15	5	5	5	5	5	5	12	29	1	12	1	1	1	1	1	1	2	6	16	16	4	16	5	5	5	22	5	31	4	5	4	4
14930	14	5	3	14	21	27	5	14	5	5	2	6	2	3	1	9	1	1	1	1	1	28	5	26	5	14	5	5	5	5	5	5	4	11	5	5	5	15	5	5	5	5	5	5	5	5	5	5	1	1	1	12	1	1	2	1	2	2	2	2	5	5	10	21	5	14	20	24	20	20
14940	2	5	2	14	4	27	3	14	23	5	1	6	1	3	3	9	1	1	4	1	4	28	12	26	1	14	5	5	5	5	5	5	11	11	5	5	5	25	5	5	12	5	5	12	5	12	5	5	4	4	15	15	9	23	1	18	1	1	2	1	11	29	24	11	4	2	26	24	26	26
14950	5	5	5	14	15	27	14	14	5	5	2	6	3	3	9	9	1	1	1	1	1	28	19	26	3	14	5	5	5	5	5	5	3	11	5	5	5	14	5	5	5	5	5	5	1	19	1	12	1	1	1	1	1	1	9	9	18	18	2	26	5	14	5	15	5	5	29	5	31	31
14960	1	5	20	14	28	27	5	14	5	5	4	6	11	3	4	9	4	1	1	1	4	28	26	26	5	14	5	5	5	5	5	5	3	11	5	5	5	14	5	5	5	5	5	5	15	31	4	15	4	9	4	4	4	4	4	4	4	11	1	4	5	5	3	28	25	20	1	25	1	1
14970	5	5	14	14	26	27	22	14	5	5	12	6	3	3	1	9	1	1	1	1	24	28	3	26	14	14	5	5	5	5	5	5	4	11	5	5	5	15	5	5	5	5	5	5	5	14	5	5	20	28	1	20	1	1	1	1	3	7	20	21	4	22	28	26	2	14	3	28	27	27
14980	5	5	14	14	13	27	5	14	5	5	2	6	3	3	1	9	1	1	1	1	1	28	9	26	3	14	5	5	5	5	5	5	3	11	5	5	5	14	5	5	5	5	5	5	18	18	29	29	1	1	1	29	1	1	1	1	7	7	16	16	3	5	3	22	7	14	1	7	16	16
14990	5	5	8	14	1	27	5	14	5	5	13	6	1	3	1	9	1	1	1	1	1	28	7	26	5	14	5	5	5	5	5	5	3	11	5	5	5	14	5	5	5	5	5	5	12	21	12	12	1	1	1	12	1	1	1	1	1	1	3	20	27	5	5	27	5	22	16	5	16	16
15000	5	5	5	14	5	27	5	14	5	5	2	6	14	3	1	9	1	1	1	1	1	28	26	26	5	14	5	5	5	5	5	5	4	11	5	5	5	15	5	5	5	5	5	5	29	31	23	29	1	1	23	23	12	23	1	12	7	21	3	16	5	5	5	5	5	5	22	5	22	22
15010	5	5	5	14	17	27	5	14	5	5	3	6	3	3	4	9	1	1	1	1	6	28	18	26	3	14	5	5	5	5	5	5	3	11	5	5	14	14	5	5	14	14	14	14	1	18	7	21	1	6	7	7	7	7	7	18	7	7	5	7	5	5	5	28	29	5	13	29	13	13
15020	5	5	5	14	26	27	5	14	5	5	28	6	1	3	1	9	1	1	1	1	9	28	1	26	14	14	5	5	5	5	5	5	11	11	5	5	5	25	5	5	5	5	5	5	12	21	1	12	1	9	1	1	1	1	1	1	1	1	1	28	5	5	31	31	4	5	23	31	23	23
15030	3	5	14	14	29	27	5	14	5	5	2	6	3	3	23	9	1	1	1	1	1	28	18	26	5	14	5	5	5	5	5	5	4	11	5	5	5	15	5	5	5	5	5	5	7	29	1	21	1	1	1	1	1	1	23	23	29	29	4	31	5	5	18	29	5	14	9	29	9	9
15040	5	5	5	14	5	27	5	14	5	5	1	6	3	3	1	9	1	1	1	1	4	28	4	26	14	14	5	5	5	5	5	5	11	11	5	5	5	25	5	5	5	5	5	5	11	25	14	25	1	9	21	21	21	21	7	21	7	7	28	7	5	5	5	5	5	5	5	5	28	28
15050	5	5	5	14	7	27	5	14	5	5	1	6	3	3	4	9	1	1	1	1	28	28	9	26	5	14	5	5	5	5	5	5	11	11	5	5	5	25	5	5	5	5	5	5	1	23	1	12	28	28	28	28	28	28	31	28	31	31	12	31	5	5	21	21	5	5	4	21	23	23
15060	5	5	5	14	26	27	5	14	5	5	2	6	3	3	4	9	1	1	1	1	24	28	26	26	3	14	5	5	5	5	5	5	11	11	5	5	5	25	5	5	5	5	5	5	1	26	1	12	28	28	17	28	9	17	9	9	18	18	5	26	5	5	18	31	5	5	13	29	13	13
15070	5	5	5	14	3	27	27	14	5	5	2	6	3	3	3	9	1	1	1	1	1	28	17	26	3	14	5	5	5	5	5	5	4	11	5	5	5	15	5	5	5	5	5	5	18	26	29	29	1	1	21	29	21	21	3	21	3	3	3	8	7	27	18	7	5	5	1	29	7	7
15080	5	5	5	14	12	27	5	14	5	5	1	6	1	3	1	9	1	1	1	1	1	28	26	26	5	14	5	5	5	5	5	5	3	11	5	5	5	14	5	5	5	5	5	5	31	31	31	31	1	1	31	31	31	31	28	31	28	28	1	28	5	5	5	12	5	5	12	5	12	12
15090	28	5	3	14	5	27	14	14	5	5	3	6	3	3	1	9	2	1	1	1	24	28	2	26	5	14	5	5	5	5	5	5	11	11	5	5	5	25	5	5	5	5	5	5	5	13	5	5	17	28	29	28	31	31	26	31	26	26	5	26	5	14	5	5	20	31	6	20	20	20
15100	5	5	14	14	4	27	3	14	5	5	2	6	3	3	1	9	1	1	1	1	1	28	26	26	3	14	5	5	5	5	5	5	3	11	5	5	5	14	5	5	5	5	5	5	16	26	20	27	1	1	20	20	1	20	1	1	7	7	22	16	11	14	4	11	4	14	2	4	22	22
15110	5	5	5	14	27	27	5	14	1	5	1	6	3	3	1	9	1	1	7	1	3	28	29	26	5	14	5	5	5	5	5	5	3	11	5	5	5	14	5	5	5	5	5	5	12	29	1	12	1	7	1	1	1	1	1	1	18	7	23	18	5	12	25	27	2	5	5	30	23	23
15120	13	5	5	14	4	27	5	14	5	5	26	6	1	3	1	9	1	1	1	1	1	28	5	26	5	14	5	5	5	5	5	5	4	11	14	5	5	25	5	5	5	5	5	5	5	5	5	5	12	1	1	12	1	1	1	1	1	1	1	26	4	5	9	4	1	13	7	9	7	7
15130	5	5	5	14	22	27	5	14	5	5	2	6	3	3	4	9	1	1	1	1	1	28	26	26	5	14	5	5	5	5	5	5	11	11	5	5	5	25	5	5	5	5	5	5	28	31	28	28	1	1	28	28	28	28	23	28	29	29	19	31	5	5	13	22	5	5	4	13	19	19
15140	5	5	5	14	5	27	14	14	5	5	2	6	25	3	1	9	1	1	1	1	1	28	3	26	14	14	5	5	5	5	5	5	4	11	5	5	5	15	5	5	5	5	5	5	5	14	5	5	1	1	1	12	1	1	1	1	29	29	22	31	5	14	5	5	5	5	3	5	22	22
15150	2	5	19	14	21	27	5	14	5	5	19	6	1	3	2	9	1	1	1	1	1	28	7	26	3	14	12	5	5	5	5	5	8	11	5	5	5	22	5	5	5	5	1	12	1	7	1	1	1	1	1	1	1	1	1	6	1	1	23	26	5	5	6	21	2	19	4	6	23	23
15160	5	5	14	14	19	27	5	14	5	5	1	6	1	3	1	9	1	1	1	1	1	28	16	26	5	14	5	5	5	5	5	5	4	11	5	5	5	15	5	5	5	5	5	5	12	27	1	12	1	1	1	1	1	1	1	1	1	1	5	1	5	5	2	30	15	14	14	24	14	14
15170	5	5	5	14	7	27	14	14	5	5	1	6	3	3	4	9	1	1	1	1	17	28	1	26	5	14	5	5	5	5	5	5	3	11	5	5	5	14	5	5	5	5	5	5	12	12	1	12	9	17	9	9	9	9	9	9	18	18	16	18	3	14	1	7	5	5	1	12	16	16
15180	5	5	3	14	21	27	5	14	5	5	1	6	5	3	9	9	1	1	1	1	1	28	16	26	3	14	5	5	5	5	5	5	3	11	5	5	5	14	5	5	5	5	5	5	1	16	1	12	1	1	1	1	1	1	9	9	23	23	5	23	5	5	1	21	7	14	20	7	20	20
15190	5	5	21	14	5	27	25	14	5	5	2	6	3	3	1	9	1	1	1	1	17	28	17	26	5	14	5	5	5	5	5	5	11	11	5	5	5	25	5	5	5	5	5	5	5	28	5	5	17	17	9	28	9	9	1	9	7	7	1	16	5	25	5	5	29	21	1	29	1	1
15200	5	5	5	14	16	27	14	14	5	5	2	6	3	3	1	9	1	1	1	1	1	28	26	26	5	14	5	5	5	5	5	5	11	11	5	5	5	25	5	5	5	5	5	5	25	31	25	25	1	1	29	29	29	29	29	29	29	29	1	31	5	14	28	27	5	5	6	28	6	6
15210	5	5	5	14	14	27	5	14	5	5	2	6	3	3	4	9	1	1	1	1	1	28	16	26	3	14	5	5	5	5	5	5	11	11	5	5	15	25	5	5	5	15	5	5	16	16	27	27	1	1	27	27	21	27	29	29	29	29	1	31	5	5	21	14	5	5	1	21	1	1
15220	12	5	2	14	20	27	5	14	5	5	1	6	1	3	1	9	1	1	1	1	1	28	23	26	5	14	5	5	5	5	5	5	11	11	5	5	15	25	5	5	5	15	5	5	12	23	12	12	1	1	1	12	1	1	1	1	1	1	1	1	5	5	1	20	1	20	1	1	1	1
15230	5	5	31	14	3	27	14	14	5	5	1	6	5	3	1	9	1	1	1	1	1	28	13	26	5	14	5	5	5	5	5	5	11	11	5	5	5	25	5	5	5	5	5	5	13	13	13	13	1	1	20	20	20	20	12	20	20	12	31	20	3	14	3	3	17	31	4	26	31	31
15240	5	5	19	14	2	27	5	14	5	5	2	6	2	3	2	9	1	1	1	1	29	28	14	26	3	14	5	5	5	5	5	5	5	11	5	5	5	5	5	5	5	5	5	5	5	14	5	5	23	29	6	23	10	6	2	10	2	2	19	2	25	5	3	30	25	30	5	25	30	30
15250	5	5	5	14	31	27	5	14	5	5	1	6	3	3	1	9	1	1	1	1	12	28	19	26	5	14	5	5	5	5	5	5	4	11	5	5	5	15	5	5	5	5	5	5	30	30	30	30	1	12	31	31	31	31	29	31	29	29	25	29	5	5	4	31	5	5	4	15	25	25
15260	5	5	5	14	26	27	5	14	5	5	1	6	3	3	1	9	1	1	1	1	1	28	27	26	5	14	5	5	5	5	5	5	4	11	5	5	5	15	5	5	5	5	5	5	5	27	5	5	1	1	12	12	1	12	10	1	19	19	23	26	5	5	26	31	5	5	4	31	23	23
15270	5	5	14	14	30	27	5	14	5	5	2	6	3	3	4	9	1	1	1	1	12	28	3	26	14	14	5	5	5	5	5	5	25	11	5	5	5	25	5	5	5	5	5	5	14	14	5	14	12	12	12	12	20	12	28	28	31	31	2	31	5	5	30	30	5	14	5	30	13	13
15280	5	5	14	14	5	27	5	14	5	5	2	6	3	3	1	9	1	1	1	1	1	28	26	26	3	14	5	5	5	5	5	5	11	11	5	5	5	25	5	5	5	5	5	5	19	26	30	30	1	1	31	31	31	31	28	31	31	31	5	31	5	5	5	5	5	14	5	5	5	5
15290	5	5	5	14	20	27	5	14	5	5	10	6	1	3	1	9	1	1	1	1	12	28	3	26	14	14	5	5	5	5	5	5	11	11	5	5	5	25	5	5	5	5	5	5	5	14	5	5	12	12	1	12	1	1	1	1	1	1	4	17	5	5	4	20	5	5	4	15	4	4
15300	5	5	5	14	31	27	5	14	5	5	16	6	3	3	9	9	1	1	1	1	1	28	26	26	5	14	5	5	5	5	5	5	4	11	5	5	5	15	5	5	5	5	5	5	12	31	1	12	1	1	1	1	1	1	4	9	4	11	5	26	5	5	17	31	5	5	5	28	5	5
15310	5	5	5	14	22	27	5	14	5	5	20	6	3	3	3	9	1	1	1	1	1	28	3	26	3	14	5	5	5	5	5	5	3	11	5	5	5	14	5	5	5	5	5	5	3	3	14	14	1	1	21	21	7	21	3	7	3	3	1	27	5	5	5	22	5	5	5	5	12	12
15320	5	5	5	14	5	27	5	14	5	5	5	6	3	3	9	9	1	1	1	1	1	28	17	26	5	14	5	5	5	5	5	5	25	11	5	5	15	25	5	5	15	15	4	15	1	28	1	9	1	1	1	1	1	1	3	9	11	3	15	25	5	5	5	5	5	5	5	5	15	15
15330	5	5	22	14	31	27	5	14	5	5	2	6	3	3	4	9	1	1	1	1	12	28	3	26	14	14	5	5	5	5	5	5	11	11	5	5	5	25	5	5	5	5	5	5	5	14	5	5	12	12	12	12	12	12	29	23	29	29	1	31	5	5	30	31	3	22	17	30	17	17
15340	5	5	16	14	2	27	5	14	13	5	5	6	22	3	1	9	1	1	1	1	12	28	5	26	5	14	5	5	5	5	5	5	15	11	5	5	5	15	5	5	5	5	5	5	5	5	5	5	12	12	1	12	1	1	1	1	16	27	1	27	5	13	3	13	14	27	20	14	20	20
15350	5	5	5	14	3	27	5	14	5	5	1	6	3	3	4	9	1	1	1	1	9	28	4	26	14	14	5	5	5	5	5	5	4	11	5	5	5	15	5	5	5	5	5	5	5	25	5	5	9	9	23	23	9	23	4	9	11	11	2	18	5	5	14	14	5	5	10	14	10	10
15360	5	5	22	14	16	27	14	14	5	5	18	6	3	3	1	9	3	1	1	1	1	28	3	26	3	14	5	5	5	5	5	5	11	11	5	5	5	25	5	5	5	5	5	5	3	3	14	14	1	1	14	21	3	14	11	7	4	11	14	18	3	14	24	16	3	22	1	30	21	21
15370	5	5	5	14	27	27	5	14	5	5	2	6	3	3	1	9	3	1	5	1	15	28	3	26	14	14	5	5	5	5	5	5	11	11	5	5	5	25	5	5	5	5	5	5	5	14	5	5	5	15	5	5	5	14	12	12	27	21	1	27	5	5	5	27	5	5	8	5	16	16
15380	5	5	5	14	5	27	5	14	5	5	2	6	3	3	25	9	1	1	1	1	1	28	14	26	3	14	5	5	5	5	5	5	11	11	5	5	5	25	5	5	5	5	5	5	5	14	5	5	1	1	1	12	1	1	29	29	31	29	5	31	5	5	5	5	5	5	15	5	15	15
15390	5	5	5	14	8	27	14	14	5	5	10	6	3	3	7	9	1	1	1	1	1	28	3	26	14	14	5	5	5	5	5	5	4	11	5	5	5	15	5	5	5	5	5	5	5	14	5	5	1	1	1	12	1	1	3	7	3	3	10	19	5	14	14	22	5	5	5	14	24	24
15400	24	5	3	14	20	27	5	14	5	5	1	6	3	3	1	9	1	1	1	1	9	28	9	26	5	14	5	5	5	5	5	5	4	11	5	5	5	15	5	5	5	5	5	5	12	23	1	12	1	9	1	1	1	1	1	1	7	7	10	7	5	5	2	20	2	30	3	2	19	19
15410	5	5	3	14	19	27	5	14	5	5	2	6	3	3	5	9	1	1	1	1	1	28	28	26	3	14	5	5	5	5	5	5	5	11	5	5	5	5	5	5	5	5	5	5	12	31	1	12	1	1	1	1	1	1	20	12	27	27	3	27	5	5	31	30	4	14	21	31	21	21
15420	5	5	5	14	5	27	5	14	5	5	4	6	2	3	4	9	1	1	1	1	12	28	26	26	5	14	5	5	5	5	5	5	3	11	5	5	5	14	5	5	5	5	5	5	25	31	25	25	5	12	25	25	29	29	31	29	30	31	1	30	5	5	20	5	5	5	1	20	1	1
15430	5	5	29	14	22	27	5	14	5	5	3	6	26	3	1	9	1	1	1	1	1	28	20	26	1	14	5	5	5	5	5	5	11	11	5	5	5	25	5	5	5	5	5	5	12	20	1	12	1	1	1	1	1	1	1	1	8	26	4	8	5	5	4	22	29	29	7	29	18	18
15440	5	5	14	14	14	27	5	14	5	5	2	6	3	3	4	9	1	1	1	1	9	28	3	26	14	14	5	5	5	5	5	5	11	11	5	5	5	25	5	5	5	5	5	5	5	14	5	5	9	9	12	23	12	12	23	23	29	29	1	31	5	5	5	14	14	14	23	14	23	23
15450	24	5	5	14	12	27	5	14	5	5	31	6	1	3	1	9	1	1	1	1	1	28	7	26	3	14	5	5	5	5	5	5	5	11	5	5	5	5	5	5	5	5	5	5	1	7	1	12	1	1	1	1	1	1	1	1	1	1	4	31	5	5	5	12	4	24	4	15	4	4
15460	5	5	5	14	4	27	14	14	5	5	4	6	1	3	1	9	1	1	12	1	4	28	16	26	3	14	5	5	5	5	5	5	3	11	5	5	5	14	5	5	5	5	5	5	1	16	1	12	1	23	1	1	1	1	1	1	6	1	7	17	14	14	5	25	5	5	2	5	16	16
15470	5	5	5	14	8	27	5	14	5	5	1	6	5	3	13	9	1	1	1	1	6	28	18	26	3	14	5	5	5	5	5	5	7	11	5	5	21	21	5	5	21	21	14	21	1	18	1	21	6	6	1	6	1	1	5	20	5	5	1	12	5	5	27	22	5	5	15	27	23	23
15480	5	5	5	14	16	27	5	14	5	5	2	6	3	3	4	9	1	1	1	1	1	28	26	26	3	14	5	5	5	5	5	5	4	11	15	5	5	15	5	5	5	5	5	5	26	26	28	31	1	1	23	28	23	23	23	23	29	29	31	31	5	5	28	27	5	5	5	28	31	31
15490	5	5	12	14	31	27	5	14	5	5	18	6	3	3	4	9	1	1	1	1	1	28	16	26	3	14	5	5	5	5	5	5	11	11	5	5	5	25	5	5	5	5	5	5	17	16	20	28	1	1	6	20	6	6	3	17	3	3	5	18	5	5	11	31	5	12	5	25	5	5
15500	5	5	5	14	7	27	5	14	5	5	2	6	3	3	1	9	1	1	1	1	29	28	3	26	14	14	5	5	5	5	5	5	11	11	5	5	5	25	5	5	5	5	5	5	5	14	5	5	29	29	29	29	29	29	29	29	29	29	6	31	5	5	5	21	5	5	5	5	20	20
15510	2	5	2	14	1	27	3	14	21	5	1	6	14	3	4	9	9	1	1	1	1	28	28	26	5	14	5	5	5	5	5	5	3	11	5	5	5	14	5	5	5	5	5	5	12	28	1	12	1	1	1	1	4	9	4	4	11	25	5	18	11	21	24	18	2	2	14	24	14	14
15520	4	5	16	14	20	27	5	14	5	5	6	6	12	3	1	9	5	1	1	1	12	28	17	26	5	14	5	5	5	5	5	5	4	11	5	5	5	15	5	5	5	5	5	5	5	28	5	5	5	12	5	5	5	5	5	12	1	12	25	6	5	5	5	20	5	26	2	5	30	30
15530	5	5	5	14	4	27	5	14	5	5	1	6	1	3	1	9	1	1	1	1	1	28	6	26	3	14	5	5	5	5	5	5	4	11	5	5	5	15	5	5	5	5	5	5	16	16	26	27	1	1	1	26	1	1	1	1	1	1	5	1	15	5	3	15	26	5	3	26	14	14
15540	2	5	2	14	20	27	2	14	13	5	6	6	13	3	5	9	5	1	5	1	5	28	20	26	3	14	5	5	5	5	5	5	14	11	5	5	5	14	5	5	5	5	5	5	5	27	5	5	5	5	5	5	5	5	5	5	2	13	30	6	2	13	14	20	3	2	3	14	30	30
15550	5	5	5	14	26	27	14	14	5	5	6	6	1	3	1	9	1	1	1	1	12	28	19	26	5	14	5	5	5	5	5	5	4	11	5	5	5	15	5	5	5	5	5	5	5	30	5	5	12	12	1	12	1	1	1	1	1	1	2	6	5	14	26	31	5	5	11	31	19	19
15560	2	5	10	14	5	27	5	14	5	5	4	6	2	3	4	9	11	1	1	1	1	28	10	26	5	14	5	5	5	5	5	5	3	11	5	5	5	14	5	5	5	5	5	5	2	24	5	13	1	1	5	12	24	25	13	24	13	13	4	24	5	5	13	5	4	10	11	24	11	11
15570	4	5	13	14	13	27	1	14	15	5	16	6	5	3	5	9	5	1	15	1	4	28	16	26	5	14	5	5	5	5	5	5	3	11	3	5	5	3	5	5	5	5	5	5	10	27	5	24	15	15	5	15	5	5	5	5	5	5	1	27	2	23	1	13	1	24	7	1	7	7
15580	5	5	5	14	15	27	5	14	5	5	3	6	3	3	1	9	1	1	1	1	26	28	5	26	12	14	5	5	5	5	5	5	11	11	5	5	5	25	5	5	5	5	5	5	5	12	5	5	26	26	23	31	23	23	23	23	31	29	25	31	5	5	4	15	4	5	4	4	25	25
15590	10	5	5	14	2	27	3	14	5	5	10	6	3	3	1	9	1	1	1	1	1	28	3	26	14	14	5	5	5	5	5	5	3	11	14	5	5	14	5	5	5	5	5	5	5	14	5	5	1	1	1	12	1	1	3	1	3	3	3	19	25	14	2	30	11	24	3	19	3	3
15600	5	5	5	14	16	27	5	14	5	5	2	6	3	3	1	9	1	1	1	1	1	28	17	26	3	14	5	5	5	5	5	5	11	11	5	5	5	25	5	5	5	5	5	5	26	26	31	31	1	1	31	31	31	31	28	31	31	31	2	31	5	5	8	27	5	5	2	22	2	2
15610	5	5	5	14	31	27	5	14	5	5	2	6	3	3	1	9	1	1	1	1	1	28	2	26	14	14	5	5	5	5	5	5	3	11	5	5	5	14	5	5	5	5	5	5	5	22	5	5	1	1	12	12	1	12	1	1	7	7	4	16	5	5	25	31	1	5	4	29	4	4
15620	5	5	21	14	17	27	5	14	5	5	1	6	3	3	4	9	1	1	1	1	1	28	17	26	5	14	5	5	5	5	5	5	11	11	5	5	5	25	5	5	5	5	5	5	28	28	9	28	1	1	9	9	1	9	9	9	11	18	3	18	5	5	26	28	5	21	18	31	18	18
15630	5	5	13	14	16	27	14	14	5	5	16	6	3	3	13	9	1	1	1	1	15	28	3	26	14	14	5	5	5	5	5	5	11	11	5	5	5	25	5	5	5	5	5	5	5	14	5	5	23	23	1	23	1	1	20	20	1	27	3	16	5	14	18	27	2	13	18	26	18	18
15640	5	5	5	14	12	27	5	14	5	5	1	6	3	3	1	9	1	1	1	1	1	28	18	26	5	14	5	5	5	5	5	5	4	11	5	5	5	15	5	5	5	5	5	5	23	29	12	23	1	1	1	12	1	1	1	1	18	7	8	18	5	5	5	12	22	5	3	22	8	8
15650	5	5	5	14	2	27	14	14	5	5	13	6	3	3	7	9	1	1	1	1	1	28	3	26	21	14	5	5	5	5	5	5	19	11	5	5	5	30	5	5	5	5	5	5	5	21	5	5	1	1	1	12	1	1	3	7	3	3	1	22	29	14	29	31	5	5	3	29	7	7
15660	5	5	5	14	14	27	5	14	5	5	3	6	3	3	3	9	1	1	1	1	1	28	3	26	3	14	12	5	5	5	5	5	4	11	5	5	5	15	5	5	5	5	12	12	3	3	21	21	1	1	3	21	7	7	3	7	3	3	13	3	5	5	5	14	5	5	1	5	20	20
15670	5	5	5	14	27	27	3	14	5	5	1	6	1	3	1	9	1	1	1	1	1	28	7	26	3	14	5	5	5	5	5	5	3	11	5	5	5	14	5	5	5	5	5	5	1	7	12	12	1	1	1	12	1	1	1	1	1	1	5	1	3	14	29	27	2	5	5	31	5	5
15680	5	5	5	14	28	27	5	14	5	5	2	6	3	3	1	9	1	1	1	1	6	28	17	26	5	14	5	5	5	5	5	5	11	11	5	5	5	25	5	5	5	5	5	5	5	28	5	5	6	6	6	20	6	6	20	6	27	27	5	27	5	5	26	28	5	5	21	31	21	21
15690	5	5	5	14	12	27	5	14	5	5	1	6	7	3	1	9	1	1	1	1	1	28	1	26	5	14	5	5	5	5	5	5	11	11	5	5	5	25	5	5	5	5	5	5	12	12	1	12	1	1	1	1	1	1	1	1	7	7	12	7	5	5	5	12	5	5	1	5	12	12
15700	5	5	14	14	20	27	14	14	5	5	1	6	3	3	1	9	1	1	1	1	12	28	3	26	3	14	5	5	5	5	5	5	3	11	5	5	5	14	5	5	5	5	5	5	3	3	5	14	12	12	1	12	1	1	1	1	7	7	4	7	5	14	4	20	22	14	30	30	30	30
15710	5	5	14	14	12	27	5	14	5	5	10	6	3	3	1	9	1	1	1	1	17	28	3	26	14	14	5	5	5	5	5	5	11	11	5	5	5	25	5	5	5	5	5	5	14	14	3	14	1	17	7	7	7	7	3	7	3	3	4	19	5	5	5	12	15	14	4	15	4	4
15720	5	5	5	14	2	27	3	14	15	5	2	6	3	3	4	9	1	1	1	1	1	28	7	26	5	14	5	5	5	5	5	5	5	11	5	5	5	5	5	5	5	5	5	5	12	21	12	12	1	1	5	12	12	12	23	23	29	29	1	31	18	25	9	26	5	5	21	23	21	21
15730	5	5	14	14	27	27	14	14	5	5	2	6	3	3	4	9	1	1	1	1	12	28	2	26	14	14	5	5	5	5	5	5	4	11	5	5	15	15	5	5	15	15	15	15	5	22	15	15	5	12	15	15	23	23	23	23	29	29	5	31	3	14	3	27	14	14	12	14	12	12
15740	4	5	5	14	21	27	5	14	5	5	4	6	3	3	4	9	1	1	1	1	1	28	26	26	5	14	5	5	5	5	5	5	11	11	5	5	5	25	5	5	5	5	5	5	12	31	1	12	1	1	1	1	1	1	23	9	29	29	14	29	5	5	30	21	2	15	5	30	14	14
15750	5	5	28	14	8	27	5	14	5	5	2	6	28	3	1	9	1	1	1	1	1	28	17	26	5	14	5	5	5	5	5	5	11	11	5	5	5	25	5	5	5	5	5	5	12	28	1	12	1	1	1	1	1	1	1	1	28	28	5	28	2	5	3	8	11	28	24	11	24	24
15760	5	5	5	14	31	27	5	14	5	5	2	6	3	3	4	9	12	1	1	1	20	28	3	26	22	14	5	5	5	5	5	5	11	11	5	5	5	25	5	5	5	5	5	5	5	22	5	5	5	20	5	5	12	12	23	23	29	29	20	31	5	5	31	31	5	5	1	31	20	20
15770	4	5	20	14	17	27	5	14	5	5	5	6	18	3	1	9	1	1	1	1	1	28	27	26	5	14	5	5	5	5	5	5	4	11	5	5	15	15	5	5	15	15	4	15	12	27	23	23	1	1	1	23	1	1	1	1	26	18	1	31	5	5	5	28	14	28	1	14	1	1
15780	5	5	5	14	16	27	5	14	5	5	2	6	21	3	1	9	1	1	1	1	1	28	18	26	5	14	5	5	5	5	5	5	4	11	5	5	5	15	5	5	5	5	5	5	12	29	12	12	1	1	1	12	1	1	1	1	21	21	3	27	5	5	26	27	5	5	3	31	3	3
15790	5	5	5	14	22	27	5	14	5	5	6	6	1	3	1	9	1	1	1	1	1	28	16	26	5	14	5	5	5	5	5	5	4	11	5	5	5	15	5	5	5	5	5	5	12	27	1	12	1	1	1	1	1	1	1	1	1	1	7	6	5	5	27	22	5	5	3	27	7	7
15800	3	5	3	14	5	27	5	14	5	5	1	6	1	3	1	9	1	1	1	1	1	28	27	26	3	14	5	5	5	5	5	5	4	11	15	5	5	15	5	5	5	5	5	5	5	27	12	5	1	1	1	12	1	1	1	1	1	1	16	1	5	5	5	5	5	3	4	5	26	26
15810	5	5	5	14	5	27	15	14	5	5	2	6	5	3	1	9	1	1	1	1	1	28	26	26	5	14	5	5	5	5	5	5	4	11	5	5	5	15	5	5	5	5	5	5	31	31	31	31	1	1	30	31	31	31	19	31	25	30	15	30	5	15	5	5	8	5	4	22	15	15
15820	5	5	14	14	27	27	5	14	5	5	2	6	3	3	17	9	1	1	1	1	1	28	4	26	14	14	5	5	5	5	5	5	4	11	5	5	5	15	5	5	5	5	5	5	5	25	5	5	1	1	1	12	1	1	17	17	26	26	7	26	5	5	16	27	3	14	1	16	7	7
15830	5	5	5	14	19	27	5	14	5	5	9	6	1	3	9	9	1	1	1	1	1	28	5	26	14	14	5	5	5	5	5	5	11	11	5	5	5	25	5	5	5	5	5	5	5	14	5	5	1	1	1	12	1	1	1	9	1	1	5	9	5	5	5	30	5	5	5	5	5	5
15840	5	5	5	14	5	27	5	14	5	5	2	6	3	3	1	9	1	1	1	1	1	28	1	26	3	14	5	5	5	5	5	5	4	11	5	5	5	15	5	5	5	5	5	5	1	7	12	12	1	1	12	12	12	12	12	12	21	21	14	27	5	5	1	5	29	5	3	29	14	14
15850	5	5	21	14	30	27	5	14	5	5	2	6	3	3	9	9	1	1	1	1	1	28	7	26	5	14	5	5	5	5	5	5	4	11	5	5	5	15	5	5	5	5	5	5	5	21	5	5	1	1	1	12	1	1	28	9	31	31	4	31	5	5	10	30	1	21	6	17	17	17
15860	5	5	14	14	7	27	5	14	5	5	2	6	3	3	1	9	1	1	1	1	28	28	30	26	5	14	5	5	5	5	5	5	4	11	5	5	5	15	5	5	5	5	5	5	5	30	5	5	28	28	28	28	28	28	28	28	31	31	2	31	5	5	11	21	3	14	3	11	8	8
15870	5	5	5	14	14	27	5	14	5	5	19	6	1	3	9	9	1	1	1	1	1	28	28	26	3	14	5	5	5	5	5	5	5	11	5	5	5	5	5	5	5	5	5	5	12	31	1	12	1	1	1	1	1	1	1	9	1	1	16	26	5	5	16	14	4	5	3	26	16	16
15880	5	5	5	14	5	27	5	14	5	5	3	6	2	3	26	9	4	1	1	1	9	28	27	26	3	14	5	5	5	5	5	5	25	11	5	5	5	25	5	5	5	5	5	5	5	27	5	5	9	9	4	23	4	4	31	26	31	31	29	31	5	5	17	5	5	5	2	28	31	31
15890	5	5	5	14	27	27	5	14	5	5	1	6	3	3	1	9	1	1	1	1	1	28	26	26	5	14	5	5	5	5	5	5	2	11	5	5	13	13	5	5	13	13	5	13	26	31	16	31	1	1	1	16	1	1	1	1	7	7	3	7	2	5	2	27	3	5	19	8	19	19
15900	5	5	5	14	8	27	10	14	5	5	5	6	5	3	1	9	5	1	1	1	1	28	2	26	5	14	5	5	5	5	5	5	25	11	5	5	5	25	5	5	5	5	5	5	5	13	5	5	1	1	5	12	5	5	5	12	5	5	3	5	2	24	17	8	4	5	5	17	14	14
15910	4	5	4	14	21	27	5	14	27	5	2	6	4	3	1	9	1	1	1	1	12	28	18	26	5	14	5	5	5	5	5	5	9	11	5	5	5	23	5	5	5	5	5	5	5	29	5	5	5	12	5	5	12	12	12	12	29	23	6	31	5	27	24	21	1	4	5	28	20	20
15920	5	5	5	14	6	27	5	14	5	5	1	6	3	3	19	9	1	1	1	1	1	28	26	26	3	14	5	5	5	5	5	5	11	11	5	5	5	25	5	5	5	5	5	5	1	26	12	12	1	1	1	12	1	1	31	26	31	31	5	31	5	5	12	20	5	5	5	12	5	5
15930	5	5	5	14	7	27	5	14	5	5	2	6	3	3	1	9	1	1	1	1	1	28	26	26	5	14	5	5	5	5	5	5	3	11	5	5	5	14	5	5	5	5	5	5	26	31	29	31	1	1	7	29	7	7	18	7	18	18	7	26	5	5	6	21	5	5	5	20	21	21
15940	5	5	5	14	16	27	5	14	5	5	1	6	3	3	1	9	1	1	1	1	1	28	14	26	5	14	5	5	5	5	5	5	5	11	5	5	5	5	5	5	5	5	5	5	14	14	14	14	1	1	21	21	21	21	21	21	29	21	15	29	5	5	18	27	4	5	5	18	15	15
15950	5	5	5	14	3	27	5	14	5	5	1	6	1	3	1	9	1	1	1	1	1	28	26	26	5	14	5	5	5	5	5	5	3	11	5	5	5	14	5	5	5	5	5	5	12	31	1	12	1	1	1	1	1	1	1	1	1	1	5	1	5	5	5	14	5	5	14	5	14	14
15960	3	5	14	14	29	27	25	14	5	5	31	6	1	3	1	9	3	1	3	1	22	28	2	26	21	14	5	5	5	5	5	5	4	11	5	5	15	15	5	5	15	15	5	15	5	27	5	5	22	22	3	22	3	3	1	7	1	1	22	31	4	25	10	29	4	14	2	10	22	22
15970	5	5	5	14	5	27	5	14	5	5	1	6	4	3	1	9	1	1	1	1	27	28	2	26	22	14	5	5	5	5	5	5	3	11	5	5	5	14	5	5	5	5	5	5	5	22	5	5	27	27	21	27	21	21	29	21	29	29	15	29	5	5	5	5	5	5	5	5	15	15
15980	5	5	14	14	27	27	5	14	5	5	2	6	3	3	2	9	1	1	1	1	17	28	8	26	5	14	5	5	5	5	5	5	3	11	5	5	5	14	5	5	5	5	5	5	5	22	5	5	17	17	28	28	28	28	28	28	31	31	22	31	5	5	16	27	5	14	1	27	27	27
15990	5	5	15	14	6	27	31	14	5	5	2	6	4	3	4	9	1	1	1	1	1	28	9	26	5	14	5	5	5	5	5	5	3	11	5	5	5	14	5	5	5	5	5	5	15	23	5	15	1	1	1	12	1	1	4	9	4	4	1	10	2	31	26	6	4	15	6	26	6	6
16000	5	5	14	14	5	27	5	14	5	5	20	6	4	3	1	9	1	1	1	1	6	28	2	26	5	14	5	5	5	5	5	5	4	11	5	5	5	15	5	5	5	5	5	5	5	13	5	5	6	6	1	20	1	1	1	1	4	9	2	28	5	5	5	5	5	14	6	5	6	6
16010	5	5	13	14	20	27	5	14	5	5	2	6	3	3	3	9	1	1	1	1	1	28	1	26	14	14	5	5	5	5	5	5	11	11	5	5	5	25	5	5	5	5	5	5	14	21	3	14	1	1	7	7	3	7	3	3	14	3	1	22	5	5	6	20	3	13	23	16	23	23
16020	5	5	29	14	17	27	3	14	5	5	13	6	4	3	4	9	1	1	6	1	5	28	26	26	3	14	5	5	5	5	5	5	4	11	5	5	5	15	5	5	5	5	5	5	1	26	1	12	1	20	1	1	1	1	4	9	4	4	5	24	5	14	20	28	4	29	13	28	13	13
16030	5	5	5	14	5	27	5	14	5	5	1	6	3	3	1	9	1	1	1	1	12	28	11	26	5	14	5	5	5	5	5	5	4	11	5	5	4	15	5	5	15	15	5	15	5	25	5	5	12	12	1	12	1	1	1	1	7	7	3	7	5	5	5	5	13	5	8	13	8	8
16040	5	5	12	14	14	27	5	14	5	5	2	6	3	3	1	9	1	1	1	1	1	28	26	26	3	14	5	5	5	5	5	5	4	11	5	5	5	15	5	5	5	5	5	5	19	26	30	30	1	1	31	31	27	31	27	27	16	27	25	16	5	5	5	14	23	12	3	23	25	25
16050	5	5	5	14	25	27	5	14	5	5	2	6	3	3	4	9	1	1	1	1	1	28	16	26	5	14	5	5	5	5	5	5	11	11	5	5	5	25	5	5	5	5	5	5	21	27	21	21	1	1	21	21	21	21	29	29	29	29	15	31	5	5	26	25	5	5	3	31	25	25
16060	5	5	5	14	16	27	14	14	5	5	1	6	1	3	1	9	1	1	1	1	1	28	26	26	5	14	5	5	5	5	5	5	11	11	5	5	5	25	5	5	5	5	5	5	28	31	1	28	1	1	1	1	1	1	1	1	1	1	4	1	5	14	24	27	5	5	28	24	28	28
16070	5	5	14	14	20	27	14	14	5	5	2	6	3	3	9	9	1	1	1	1	1	28	1	26	14	14	5	5	5	5	5	5	3	11	5	5	5	14	5	5	5	5	5	5	12	21	1	12	1	1	1	1	1	1	9	9	18	18	15	26	5	14	30	20	3	14	4	30	15	15
16080	6	5	1	14	2	27	14	14	5	5	31	6	1	3	4	9	1	1	1	1	1	28	3	26	14	14	5	5	5	5	5	5	3	11	5	5	14	14	5	5	14	14	14	14	5	14	14	14	1	1	21	21	7	21	1	18	1	1	20	31	4	14	2	10	5	6	1	13	20	20
16090	5	5	14	14	20	27	5	14	5	5	24	6	1	3	1	9	1	1	1	1	1	28	7	26	5	14	5	5	5	5	5	5	15	11	5	5	5	15	5	5	5	5	5	5	12	21	1	12	1	1	1	1	1	1	1	1	1	1	2	28	5	5	26	20	3	14	2	26	2	2
16100	5	5	9	14	24	27	12	14	5	5	1	6	2	3	1	9	1	1	1	1	1	28	1	26	5	14	5	5	5	5	5	5	5	11	5	5	5	5	5	5	5	5	5	5	5	12	5	5	1	1	1	12	1	1	1	1	1	6	24	1	5	12	14	24	4	23	2	25	24	24
16110	5	5	5	14	14	27	5	14	5	5	2	6	3	3	4	9	1	1	1	1	1	28	17	26	3	14	5	5	5	5	5	5	4	11	5	5	5	15	5	5	5	5	5	5	10	26	24	24	1	1	24	28	28	28	28	28	31	31	5	31	5	5	3	14	14	5	5	14	5	5
16120	14	5	5	14	1	27	5	14	5	5	2	6	3	3	1	9	1	1	1	1	23	28	19	26	5	14	5	5	5	5	5	5	4	11	5	5	5	15	5	5	5	5	5	5	5	30	5	5	23	23	1	23	1	1	1	1	7	7	4	16	5	5	5	12	14	14	20	14	28	28
16130	5	5	5	14	27	27	14	14	5	5	4	6	2	3	1	9	1	1	1	1	20	28	26	26	5	14	5	5	5	5	5	5	4	11	5	5	5	15	5	5	5	5	5	5	5	31	5	5	1	20	1	12	1	1	1	1	20	6	13	28	3	14	7	27	5	5	1	21	20	20
16140	14	5	5	14	5	27	5	14	5	5	1	6	5	3	3	9	2	1	1	1	22	28	3	26	3	14	5	5	5	5	5	5	3	11	5	5	5	14	5	5	5	5	5	5	12	3	5	12	7	27	12	21	20	20	16	27	27	27	31	27	12	5	1	12	9	14	5	9	31	31
16150	5	5	5	14	31	27	5	14	5	5	5	6	3	3	18	9	1	1	1	1	24	28	3	26	14	14	5	5	5	5	5	5	4	11	15	5	5	15	5	5	5	5	5	5	5	14	5	5	12	28	12	12	1	12	11	18	11	11	4	25	5	5	30	31	5	5	4	30	4	4
16160	5	5	5	14	5	27	5	14	5	5	23	6	3	3	1	9	1	1	1	1	1	28	26	26	5	14	5	5	5	5	5	5	19	11	5	5	5	30	5	5	5	5	5	5	5	31	5	5	1	1	1	12	1	1	1	1	1	7	4	23	5	5	3	5	28	5	15	31	15	15
16170	5	5	5	14	20	27	3	14	4	5	1	6	10	3	9	9	5	1	5	1	13	28	3	26	14	14	5	5	5	5	5	5	3	11	14	5	14	14	5	5	5	14	5	5	5	14	5	5	5	13	5	5	5	5	1	23	28	17	5	28	3	11	29	27	2	5	14	31	14	14
16180	5	5	5	14	14	27	5	14	5	5	4	6	3	3	12	9	1	1	1	1	1	28	13	26	5	14	5	5	5	5	5	5	4	11	5	5	5	15	5	5	5	5	5	5	5	13	5	5	1	1	1	12	1	1	31	12	31	31	2	31	5	5	1	14	13	5	14	20	22	22
16190	5	5	3	14	17	27	3	14	13	5	2	6	3	3	4	9	1	1	7	1	1	28	26	26	3	14	5	5	5	5	5	5	11	11	5	5	5	25	5	5	5	5	5	5	17	26	28	28	3	7	27	31	27	27	5	31	14	14	25	22	3	22	26	26	5	14	3	31	25	25
16200	4	5	4	14	19	27	3	14	31	5	17	6	5	3	4	9	5	1	1	1	12	28	1	26	21	14	5	5	5	5	5	5	5	11	5	5	5	5	5	5	5	5	5	5	5	21	5	5	12	12	1	12	5	12	5	15	5	5	1	28	2	31	4	19	12	4	20	23	20	20
16210	5	5	5	14	30	27	5	14	5	5	1	6	5	3	1	9	1	1	1	1	12	28	23	26	5	14	5	5	5	5	5	5	5	11	5	5	5	5	5	5	5	5	5	5	5	23	5	5	12	12	1	12	1	1	1	1	12	12	27	12	5	5	5	30	5	5	5	5	27	27
16220	1	5	7	14	1	27	29	14	4	5	2	6	5	3	15	9	5	1	2	1	1	28	3	26	3	14	5	5	5	5	5	5	4	11	5	5	5	15	5	5	5	5	5	5	5	3	5	5	1	6	5	12	5	5	5	15	14	5	1	22	26	29	9	26	3	7	31	18	31	31
16230	5	5	14	14	24	27	3	14	13	5	1	6	9	3	1	9	1	1	1	1	12	28	2	26	5	14	5	5	5	5	5	5	11	11	5	5	15	25	5	5	5	15	5	5	5	13	5	5	12	12	1	12	1	1	1	1	9	9	12	9	4	22	4	24	22	14	3	30	21	21
16240	5	5	14	14	5	27	5	14	5	5	2	6	3	3	1	9	1	1	1	1	6	28	8	26	3	14	5	5	5	5	5	5	11	11	5	5	5	25	5	5	5	5	5	5	19	8	22	30	2	6	22	22	27	27	27	27	27	27	22	27	5	5	5	5	14	14	3	14	22	22
16250	5	5	5	14	26	27	5	14	5	5	2	6	14	3	1	9	1	1	1	1	12	28	3	26	5	14	5	5	5	5	5	5	3	11	5	5	5	14	5	5	5	5	5	5	5	14	5	5	12	12	1	12	1	1	1	1	27	21	1	27	5	5	28	31	5	5	1	28	1	1
16260	5	5	11	14	27	27	21	14	5	5	31	6	3	3	2	9	4	1	1	1	1	28	30	26	3	14	5	5	5	5	5	5	5	11	5	5	5	5	5	5	5	5	5	5	5	30	12	5	1	1	23	12	23	23	6	28	3	16	6	31	4	21	4	31	21	25	1	29	6	6
16270	5	5	5	14	30	27	15	14	5	5	11	6	1	3	1	9	1	1	1	1	9	28	17	26	3	14	5	5	5	5	5	5	3	11	5	5	5	14	5	5	5	5	5	5	4	26	4	15	9	9	1	9	1	1	1	1	1	1	3	18	1	15	31	31	4	5	17	31	26	26
16280	5	5	5	14	14	27	5	14	5	5	1	6	1	3	1	9	1	1	1	1	1	28	1	26	14	14	5	5	5	5	5	5	11	11	5	5	5	25	5	5	5	5	5	5	12	21	1	12	1	1	1	1	1	1	1	1	1	1	1	1	5	5	5	14	5	5	5	5	12	12
16290	5	5	5	14	26	27	5	14	5	5	4	6	25	3	1	9	1	1	1	1	1	28	12	26	5	14	5	5	5	5	5	5	5	11	5	5	5	5	5	5	5	5	5	5	12	12	1	12	1	1	1	1	1	1	1	1	14	29	3	25	5	5	18	31	5	5	3	29	3	3
16300	1	5	25	14	5	27	5	14	5	5	6	6	3	3	7	9	1	1	1	1	1	28	26	26	5	14	5	5	5	5	5	5	4	11	5	5	5	15	5	5	5	5	5	5	9	31	9	23	1	1	1	9	1	1	3	7	3	3	1	16	5	5	7	5	4	29	29	18	29	29
16310	5	5	5	14	22	27	5	14	5	5	2	6	3	3	1	9	1	1	1	1	1	28	3	26	14	14	5	5	5	5	5	5	25	11	5	5	14	25	5	5	14	14	14	14	5	14	14	14	1	1	21	21	12	21	12	12	21	21	7	27	5	5	5	22	1	5	1	12	7	7
16320	5	5	5	14	5	27	5	14	5	5	2	6	4	3	6	9	1	1	1	1	1	28	16	26	5	14	5	5	5	5	5	5	15	11	5	5	5	15	5	5	5	5	5	5	12	27	1	12	1	1	1	1	1	1	26	6	17	26	2	17	5	5	3	5	20	5	10	27	10	10
16330	5	5	14	14	31	27	5	14	5	5	1	6	3	3	1	9	4	1	1	1	12	28	26	26	5	14	5	5	5	5	5	5	4	11	5	5	5	15	5	5	5	5	5	5	30	31	30	30	1	12	27	31	31	31	31	31	31	31	5	31	5	5	26	31	5	14	31	31	31	31
16340	5	5	5	14	27	27	14	14	5	5	3	6	3	3	9	9	1	1	1	1	1	28	26	26	5	14	5	5	5	5	5	5	11	11	5	5	5	25	5	5	5	5	5	5	23	31	1	23	1	1	1	1	1	1	9	9	11	18	15	11	5	14	31	27	3	5	4	31	15	15
16350	5	5	5	14	6	27	3	14	3	5	12	6	2	3	1	9	9	1	3	1	14	28	2	26	22	14	5	5	5	5	5	5	15	11	5	5	5	15	5	5	5	5	5	5	5	22	5	5	14	14	5	14	9	23	2	9	2	2	5	20	1	3	4	6	4	5	9	4	23	23
16360	5	5	5	14	5	27	5	14	5	5	4	6	3	3	7	9	1	1	1	1	1	28	26	26	5	14	5	5	5	5	5	5	5	11	5	5	5	5	5	5	5	5	5	5	12	31	1	12	1	1	1	1	1	1	7	7	7	7	5	18	5	5	5	5	13	5	5	13	5	5
16370	5	5	5	14	5	27	14	14	5	5	9	6	1	3	1	9	2	1	1	1	1	28	3	26	14	14	5	5	5	5	5	5	3	11	5	5	14	14	5	5	14	14	3	14	22	14	22	22	1	1	23	27	26	28	4	26	4	9	4	9	5	14	3	5	11	5	17	11	17	17
16380	5	5	5	14	6	27	5	14	5	5	2	6	3	3	4	9	1	1	1	1	1	28	17	26	5	14	5	5	5	5	5	5	5	11	5	5	5	5	5	5	5	5	5	5	6	28	1	20	1	1	1	1	1	1	9	9	18	18	2	26	5	5	12	20	5	5	20	12	20	20
16390	5	5	3	14	7	27	14	14	5	5	2	6	3	3	1	9	1	1	1	1	1	28	19	26	5	14	5	5	5	5	5	5	3	11	5	5	5	14	5	5	5	5	5	5	5	30	5	5	1	1	1	12	1	1	1	1	7	7	11	16	3	14	3	7	3	14	1	3	18	18
16400	13	5	5	14	14	27	5	14	5	5	4	6	3	3	1	9	5	1	1	1	27	28	3	26	14	14	5	5	5	5	5	5	25	11	3	5	5	25	5	5	5	5	5	5	5	14	5	5	27	27	27	27	27	27	7	27	7	7	4	18	4	5	27	25	5	13	11	27	11	11
16410	5	5	5	14	26	27	5	14	5	5	2	6	3	3	1	9	1	1	1	1	1	28	11	26	5	14	5	5	5	5	5	5	11	11	5	5	5	25	5	5	5	5	5	5	15	25	15	15	1	1	1	23	1	1	1	1	21	7	1	27	5	5	4	31	31	5	1	31	1	1
16420	5	5	5	14	30	27	5	14	5	5	2	6	4	3	9	9	1	1	1	1	1	28	17	26	5	14	5	5	5	5	5	5	4	11	5	5	5	15	5	5	5	5	5	5	23	28	23	23	1	1	1	23	1	1	9	9	17	9	15	17	5	5	10	30	5	5	4	24	15	15
16430	1	5	12	14	5	27	14	14	2	5	3	6	2	3	9	9	1	1	4	1	26	28	3	26	14	14	5	5	5	5	5	5	3	11	5	5	5	14	5	5	5	5	5	5	15	14	4	15	17	26	1	17	1	1	9	9	17	17	5	26	30	22	5	30	28	12	30	28	30	30
16440	5	5	14	14	21	27	5	14	5	5	2	6	3	3	1	9	1	1	1	1	1	28	26	26	5	14	5	5	5	5	5	5	4	11	15	5	5	15	5	5	5	5	5	5	31	31	30	31	1	1	31	31	31	31	31	31	29	31	5	31	5	5	5	21	3	14	13	14	13	13
16450	13	5	5	14	17	27	5	14	5	5	1	6	3	3	9	9	1	1	1	1	1	28	30	26	3	14	5	5	5	5	5	5	4	11	5	5	5	15	5	5	5	5	5	5	5	30	5	5	1	1	12	12	5	12	23	23	25	29	15	29	5	5	5	28	5	13	1	5	23	23
16460	5	5	5	14	22	27	5	14	5	5	2	6	3	3	15	9	1	1	4	1	4	28	16	26	5	14	5	5	5	5	5	5	4	11	5	5	15	15	5	5	5	15	5	5	26	27	31	31	4	4	1	31	1	1	29	23	29	29	5	31	5	5	22	22	5	5	24	22	24	24
16470	5	5	14	14	5	27	14	14	5	5	2	6	3	3	1	9	1	1	1	1	1	28	29	26	5	14	5	5	5	5	5	5	11	11	5	5	5	25	5	5	5	5	5	5	12	29	1	12	1	1	1	1	1	1	1	1	1	7	4	6	14	14	20	14	3	14	3	27	11	11
16480	5	5	14	14	3	27	5	14	15	5	2	6	7	3	1	9	1	1	1	1	1	28	18	26	3	14	5	5	5	5	5	5	5	11	5	5	5	5	5	5	5	5	5	5	16	18	1	27	1	1	1	1	1	1	1	1	27	7	3	27	23	15	5	29	31	14	15	31	25	25
16490	5	5	31	14	5	27	5	14	5	5	1	6	22	3	1	9	1	1	1	1	1	28	16	26	3	14	5	5	5	5	5	5	25	11	5	5	5	25	5	5	12	5	1	12	7	16	1	7	1	1	1	1	1	1	1	1	21	27	14	21	5	5	18	5	2	31	3	26	14	14
16500	5	5	5	14	14	27	5	14	5	5	4	6	30	3	1	9	1	1	1	1	1	28	31	26	5	14	5	5	5	5	5	5	4	11	5	5	5	15	5	5	5	5	5	5	27	31	16	27	1	1	6	16	1	6	1	1	31	31	2	31	5	5	5	14	4	5	8	15	8	8
16510	24	5	5	14	7	27	3	14	5	5	3	6	3	3	1	9	1	1	1	1	1	28	4	26	14	14	15	5	5	5	5	5	3	11	5	5	5	14	5	5	5	5	5	15	11	25	25	25	1	1	29	29	25	29	3	29	3	3	2	3	3	14	1	7	31	24	2	31	2	2
16520	4	5	4	14	4	27	5	14	5	5	22	6	13	3	1	9	1	1	1	1	1	28	20	26	5	14	1	5	5	5	5	5	5	11	5	5	5	5	5	5	5	5	1	12	1	20	1	1	1	1	1	1	1	1	1	1	5	20	15	22	4	5	30	4	1	4	1	31	23	23
16530	5	5	14	14	29	27	14	14	5	5	1	6	3	3	4	9	1	1	1	1	23	28	1	26	14	14	5	5	5	5	5	5	11	11	5	5	5	25	5	5	5	5	5	5	5	21	5	5	23	23	23	23	23	23	29	23	29	29	5	29	5	14	29	29	3	14	5	29	5	5
16540	5	5	5	14	31	27	14	14	5	5	31	6	3	3	1	9	1	1	1	1	1	28	3	26	14	14	5	5	5	5	5	5	25	11	5	5	5	25	5	5	5	5	5	5	3	14	3	14	1	1	7	7	7	7	3	7	3	3	27	31	3	14	31	31	5	5	4	31	31	31
16550	5	5	5	14	29	27	5	14	5	5	31	6	1	3	1	9	1	1	1	1	1	28	2	26	3	14	5	5	5	5	5	5	3	11	5	5	5	14	5	5	5	5	5	5	7	8	21	21	1	1	1	21	1	1	1	1	1	1	4	31	5	5	7	29	4	5	4	18	4	4
16560	5	5	31	14	13	27	5	14	5	5	2	6	3	3	4	9	1	1	1	1	1	28	26	26	3	14	5	5	5	5	5	5	4	11	5	5	5	15	5	5	5	5	5	5	26	26	31	31	1	1	27	31	27	27	31	31	29	31	3	31	5	5	2	13	30	31	18	30	18	18
16570	5	5	28	14	15	27	14	14	5	5	1	6	21	3	1	9	1	1	1	1	23	28	3	26	3	14	5	5	5	5	5	5	18	11	5	5	14	29	5	5	14	14	14	14	3	3	5	14	12	23	1	12	1	1	1	1	21	21	5	21	5	14	3	15	14	28	5	14	5	5
16580	12	5	5	14	10	27	5	14	5	5	3	6	10	3	1	9	1	1	4	1	4	28	17	26	3	14	5	5	5	5	5	5	3	11	14	5	12	14	5	5	5	12	5	5	17	26	17	28	4	4	1	17	1	1	1	1	17	17	4	26	5	5	5	24	16	12	15	27	15	15
16590	5	5	5	14	31	27	14	14	5	5	1	6	5	3	1	9	1	1	1	1	4	28	17	26	5	14	5	5	5	5	5	5	4	11	5	5	15	15	5	5	5	15	5	5	6	28	12	20	1	9	1	12	1	1	6	1	27	20	3	27	5	14	27	31	5	5	3	27	3	3
16600	13	5	5	14	12	27	5	14	5	5	4	6	3	3	4	9	1	1	1	1	1	28	6	26	5	14	5	5	5	5	5	5	11	11	5	5	5	25	5	5	5	5	5	5	12	20	12	12	1	1	12	12	12	12	9	23	18	18	5	18	5	5	5	12	5	13	5	5	5	5
16610	5	5	5	14	12	27	14	14	5	5	2	6	11	3	1	9	1	1	1	1	1	28	17	26	5	14	5	5	5	5	5	5	11	11	5	5	5	25	5	5	5	5	5	5	13	28	2	13	1	1	1	6	1	1	1	1	18	18	3	26	5	14	5	12	5	5	7	5	7	7
16620	5	5	5	14	4	27	3	14	5	5	1	6	1	3	7	9	1	1	1	1	1	28	3	26	14	14	5	5	5	5	5	5	11	11	5	5	15	25	5	5	15	15	15	15	5	14	15	15	1	1	4	23	1	9	1	7	1	1	5	1	22	14	4	30	27	5	10	31	24	24
16630	5	5	26	14	5	27	7	14	5	5	23	6	3	3	4	9	1	1	1	1	1	28	18	26	5	14	5	5	5	5	5	5	11	11	5	5	5	25	5	5	5	5	5	5	7	29	21	21	1	1	3	21	11	7	3	11	3	3	4	29	5	21	3	5	29	31	4	29	4	4
16640	13	5	5	14	3	27	5	14	5	5	10	6	1	3	1	9	1	1	1	1	1	28	26	26	5	14	5	5	5	5	5	5	11	11	5	5	5	25	5	5	5	5	5	5	12	31	1	12	1	1	1	1	1	1	1	1	1	1	19	17	5	5	4	14	13	13	1	24	26	26
16650	1	5	29	14	15	27	3	14	3	5	12	6	4	3	25	9	5	1	3	1	3	28	14	26	3	14	5	5	5	5	5	5	3	11	5	5	5	14	5	5	5	5	5	5	5	14	5	5	3	3	5	14	5	5	4	25	4	4	21	23	4	3	4	15	4	29	4	4	29	29
16660	2	5	2	14	14	27	2	14	5	5	4	6	2	3	4	9	12	1	3	1	8	28	3	26	5	14	13	5	3	5	6	5	1	11	5	5	4	12	9	16	2	9	26	13	5	14	2	31	15	8	1	24	15	12	2	15	4	2	23	4	5	13	1	14	30	2	5	31	23	23
16670	4	5	4	14	3	27	9	14	1	5	1	6	2	3	5	9	5	1	4	1	15	28	12	26	1	14	1	5	1	5	1	5	3	11	7	5	18	7	1	1	21	18	5	21	5	12	5	5	5	15	10	5	5	24	1	5	1	6	26	1	3	9	2	3	2	4	4	2	26	26
16680	2	5	27	14	22	27	25	14	5	5	1	6	1	3	1	9	5	1	1	1	12	28	3	26	3	14	5	5	5	5	5	5	15	11	5	5	5	15	5	5	5	5	5	5	14	3	5	14	12	12	12	12	1	12	1	1	1	1	14	1	5	25	2	22	30	27	3	30	14	14
16690	1	5	3	14	30	27	14	14	5	5	4	6	3	3	4	9	4	1	1	1	9	28	31	26	3	14	5	5	5	5	5	5	8	11	5	5	5	22	5	5	5	5	5	5	9	31	23	23	1	9	23	23	29	23	11	29	4	11	1	4	3	14	1	30	1	7	1	1	1	1
16700	31	5	3	14	24	27	5	14	5	5	18	6	5	3	5	9	5	1	3	1	2	28	3	26	14	14	5	5	5	5	5	5	3	11	5	5	5	14	5	5	5	5	5	5	14	14	5	14	8	8	5	22	5	5	5	5	5	5	11	29	5	5	8	24	3	31	4	8	11	11
16710	12	5	5	14	20	27	5	14	5	5	27	6	2	3	1	9	1	1	1	1	1	28	19	26	3	14	5	5	5	5	5	5	15	11	5	5	15	15	5	5	15	15	4	15	19	19	19	19	1	1	17	26	17	17	2	17	2	2	28	27	5	5	31	20	5	12	3	31	31	31
16720	5	5	25	14	16	27	5	14	5	5	2	6	3	3	1	9	1	1	1	1	1	28	29	26	3	14	5	5	5	5	5	5	5	11	5	5	5	5	5	5	5	5	12	5	5	29	1	12	1	1	1	1	1	1	1	1	7	7	5	16	5	5	27	27	4	25	9	31	23	23
16730	5	5	5	14	3	27	5	14	5	5	29	6	3	3	4	9	2	1	1	1	10	28	1	26	14	14	5	5	5	5	5	5	11	11	5	5	5	25	5	5	5	5	5	5	14	21	3	14	17	17	16	26	8	16	3	19	3	3	25	29	5	5	3	14	8	5	2	8	30	30
16740	15	5	3	14	23	27	5	14	5	5	6	6	7	3	1	9	1	1	1	1	6	28	18	26	5	14	5	5	5	5	5	5	4	11	5	5	5	15	5	5	5	5	5	5	12	29	1	12	6	6	1	6	1	1	1	1	1	7	7	6	5	5	5	23	4	25	1	15	7	7
16750	5	5	14	14	27	27	5	14	5	5	1	6	14	3	1	9	1	1	1	1	1	28	26	26	5	14	5	5	5	5	5	5	11	11	5	5	5	25	5	5	5	5	5	5	12	31	1	12	1	1	1	1	1	1	1	1	12	21	5	12	5	5	31	27	5	14	5	31	5	5
16760	5	5	25	14	8	27	5	14	5	5	2	6	3	3	1	9	1	1	4	1	4	28	1	26	14	14	5	5	5	5	5	5	11	11	5	5	5	25	5	5	5	5	5	5	12	21	12	12	4	4	1	23	1	1	1	1	21	7	17	27	5	5	26	22	2	25	5	26	28	28
16770	5	5	5	14	5	27	5	14	5	5	1	6	25	3	12	9	1	1	1	1	1	28	18	26	3	14	5	5	5	5	5	5	3	11	5	5	5	14	5	5	5	5	5	5	7	18	12	21	1	1	1	12	1	1	5	12	14	25	12	21	5	5	5	5	5	5	5	5	12	12
16780	5	5	14	14	31	27	5	14	5	5	1	6	3	3	1	9	1	1	1	1	1	28	26	26	5	14	5	5	5	5	5	5	4	11	5	5	5	15	5	5	5	5	5	5	10	31	24	24	1	1	28	28	28	28	24	28	30	30	5	31	5	5	26	31	5	14	24	31	24	24
16790	5	5	14	14	27	27	5	14	5	5	1	6	3	3	1	9	1	1	1	1	1	28	7	26	3	14	5	5	5	5	5	5	4	11	5	5	5	15	5	5	5	5	5	5	1	7	12	12	1	1	1	12	1	1	1	1	7	7	14	7	5	5	26	27	5	14	3	31	14	14
16800	24	5	4	14	3	27	15	14	5	5	2	6	4	3	18	9	1	1	1	1	1	28	29	26	5	14	5	5	5	5	5	5	14	11	5	5	5	14	5	5	5	5	5	5	23	29	1	23	1	1	1	1	1	1	19	18	19	19	5	19	21	15	1	21	5	24	2	12	13	13
16810	5	5	5	14	22	27	14	14	5	5	13	6	3	3	1	9	5	1	1	1	1	28	1	26	14	14	5	5	5	5	5	5	11	11	5	5	5	25	5	5	5	5	5	5	7	21	1	21	1	1	1	1	1	12	1	1	1	7	28	20	3	14	28	22	1	5	4	28	28	28
16820	5	5	15	14	3	27	5	14	5	5	20	6	4	3	4	9	4	1	1	1	4	28	26	26	5	14	5	5	5	5	5	5	4	11	5	5	5	15	5	5	5	5	5	5	23	31	9	23	1	9	4	9	4	4	4	4	4	4	2	28	3	5	3	3	3	15	2	3	2	2
16830	5	5	5	14	3	27	5	14	5	5	1	6	3	3	1	9	1	1	1	1	1	28	31	26	3	14	5	5	5	5	5	5	11	11	5	5	5	25	5	5	5	5	5	5	31	31	31	31	1	1	16	31	7	16	7	7	7	7	5	7	5	5	5	14	5	5	5	5	5	5
16840	15	5	5	14	5	27	5	14	5	5	2	6	16	3	1	9	1	1	1	1	1	28	1	26	5	14	5	5	5	5	5	5	11	11	5	5	5	25	5	5	5	5	5	5	5	12	5	5	12	1	1	12	1	1	1	1	16	16	2	16	5	5	5	5	5	15	20	5	20	20
16850	5	5	8	14	3	27	5	14	5	5	1	6	1	3	1	9	1	1	1	1	1	28	10	26	5	14	5	5	5	5	5	5	11	11	5	5	5	25	5	5	5	5	5	5	12	24	1	12	1	1	1	1	1	1	1	1	1	1	3	1	5	5	3	14	2	22	7	8	7	7
16860	5	5	3	14	30	27	5	14	5	5	1	6	3	3	1	9	1	1	1	1	12	28	8	26	5	14	5	5	5	5	5	5	3	11	5	5	5	14	5	5	5	5	5	5	5	22	5	5	12	12	1	12	1	1	1	1	7	7	1	7	5	5	7	30	1	14	30	7	31	31
16870	5	5	14	14	31	27	5	14	5	5	2	6	31	3	1	9	1	1	1	1	1	28	16	26	5	14	5	5	5	5	5	5	11	11	5	5	5	25	5	5	5	5	5	5	12	27	1	12	1	1	1	1	1	1	1	1	31	31	4	31	5	5	27	31	5	14	24	27	24	24
16880	5	5	14	14	24	27	5	14	5	5	2	6	3	3	1	9	1	1	1	1	23	28	3	26	5	14	5	5	5	5	5	5	3	11	5	5	5	14	5	5	5	5	5	5	5	14	5	5	23	23	23	23	23	23	23	23	29	29	20	31	5	5	5	24	5	14	2	5	20	20
16890	5	5	5	14	22	27	5	14	5	5	1	6	3	3	9	9	5	1	5	1	5	28	9	26	5	14	5	5	5	5	5	5	5	11	5	5	5	5	5	5	5	5	5	5	5	23	5	5	5	5	5	5	5	5	23	23	29	29	2	29	5	5	16	22	5	5	3	27	8	8
16900	5	5	5	14	28	27	5	14	5	5	1	6	3	3	5	9	1	1	1	1	1	28	3	26	3	14	5	5	5	5	5	5	11	11	5	5	5	25	5	5	5	5	5	5	3	3	14	14	1	1	1	21	1	1	12	12	21	21	1	21	5	5	23	28	4	5	15	23	23	23
16910	5	5	14	14	5	27	14	14	5	5	2	6	3	3	23	9	1	1	1	1	20	28	3	26	14	14	5	5	5	5	5	5	25	11	5	5	5	25	5	5	5	5	5	5	5	14	5	5	20	20	1	20	1	1	23	23	29	29	6	31	5	14	5	5	26	14	2	31	6	6
16920	5	5	16	14	12	27	5	14	5	5	2	6	3	3	4	9	1	1	5	1	23	28	26	26	3	14	5	5	5	5	5	5	11	11	5	5	5	25	5	5	5	5	5	5	18	26	29	29	4	23	25	29	29	29	14	29	14	14	3	22	5	5	21	12	1	27	3	21	3	3
16930	5	5	5	14	6	27	5	14	5	5	1	6	3	3	4	9	1	1	1	1	24	28	3	26	3	14	5	5	5	5	5	5	3	11	5	5	5	14	5	5	5	5	5	5	3	3	3	14	28	28	26	31	26	26	18	26	18	18	5	18	5	5	5	20	5	5	5	5	5	5
16940	5	5	5	14	5	27	14	14	5	5	3	6	26	3	1	9	1	1	1	1	24	28	5	26	5	14	5	5	5	5	5	5	11	11	5	5	5	25	5	5	5	5	5	5	5	5	5	5	20	28	1	20	1	1	1	1	26	26	8	26	5	14	5	5	5	5	4	5	19	19
16950	5	5	5	14	16	27	5	14	5	5	2	6	3	3	1	9	1	1	1	1	1	28	20	26	5	14	5	5	5	5	5	5	11	11	5	5	5	25	5	5	5	5	5	5	12	20	1	12	1	1	1	1	1	1	1	1	7	7	2	16	5	5	5	27	5	5	20	5	20	20
16960	5	5	12	14	16	27	5	14	5	5	4	6	3	3	4	9	7	1	4	1	4	28	4	26	3	14	5	5	5	5	5	5	14	11	5	5	5	14	5	5	5	5	5	5	15	11	4	15	4	4	4	4	18	18	18	18	18	18	3	18	5	5	26	27	1	12	27	26	27	27
16970	5	5	5	14	31	27	5	14	5	5	2	6	3	3	4	9	9	1	4	1	5	28	27	26	3	14	5	5	5	5	5	5	11	11	5	5	5	25	5	5	5	5	5	5	5	27	5	5	5	15	4	5	9	9	9	9	18	18	4	26	2	5	31	31	4	5	2	31	10	10
16980	5	5	5	14	28	27	5	14	5	5	2	6	3	3	19	9	1	1	1	1	1	28	18	26	5	14	5	5	5	5	5	5	3	11	5	5	5	14	5	5	5	5	5	5	21	29	1	21	1	1	1	1	1	1	16	26	16	16	23	16	5	5	28	28	5	5	3	28	29	29
16990	5	5	5	14	5	27	5	14	5	5	1	6	1	3	1	9	1	1	1	1	1	28	18	26	5	14	5	5	5	5	5	5	5	11	5	5	5	5	5	5	5	5	5	5	21	29	21	21	1	1	1	21	1	1	1	1	1	1	2	1	5	5	14	5	5	5	5	14	13	13
17000	5	5	27	14	20	27	5	14	5	5	1	6	3	3	1	9	1	1	1	1	1	28	26	26	5	14	5	5	5	5	5	5	4	11	5	5	5	15	5	5	5	5	5	5	20	31	1	20	1	1	1	1	1	1	1	1	12	7	29	12	5	5	5	20	16	27	4	27	29	29
17010	5	5	5	14	16	27	5	14	5	5	23	6	5	3	1	9	1	1	1	1	1	28	7	26	3	14	5	5	5	5	5	5	11	11	5	5	5	25	5	5	5	5	5	5	1	7	1	12	1	1	1	1	12	1	5	12	5	5	4	23	5	5	1	27	24	5	12	28	23	23
17020	5	5	5	14	31	27	3	14	5	5	1	6	3	3	1	9	1	1	1	1	1	28	16	26	3	14	5	5	5	5	5	5	11	11	5	5	5	25	5	5	5	5	5	5	16	16	27	27	1	1	27	27	27	27	27	27	27	27	8	27	3	14	26	31	5	5	2	31	8	8
17030	27	5	5	14	5	27	5	14	5	5	1	6	1	3	1	9	1	1	1	1	12	28	4	26	14	14	5	5	5	5	5	5	4	11	5	5	15	15	5	5	5	15	5	5	5	25	5	5	12	12	1	12	1	1	1	1	1	1	5	1	5	5	1	5	22	27	6	27	20	20
17040	28	5	3	14	23	27	7	14	5	5	23	6	3	3	1	9	1	1	1	1	1	28	18	26	5	14	5	5	5	5	5	5	3	11	5	5	5	14	5	5	5	5	5	5	25	29	25	25	1	1	1	29	1	1	3	1	3	3	3	29	3	21	21	29	2	31	20	27	27	27
17050	15	5	5	14	18	27	5	14	5	5	2	6	1	3	1	9	1	1	1	1	1	28	2	26	5	14	5	5	5	5	5	5	4	11	5	5	5	15	5	5	5	5	5	5	12	13	1	12	1	1	1	1	1	1	1	1	6	1	30	6	5	5	6	29	3	15	3	16	30	30
17060	10	5	3	14	5	27	5	14	5	5	2	6	14	3	3	9	14	1	1	1	1	28	9	26	5	14	5	5	5	5	5	5	11	11	5	5	5	25	5	5	5	5	5	5	12	23	1	12	1	1	5	1	14	14	5	14	14	14	14	22	5	5	31	5	4	19	3	31	14	14
17070	5	5	5	14	13	27	5	14	5	5	1	6	1	3	1	9	1	1	1	1	5	28	1	26	5	14	5	5	5	5	5	5	18	11	5	5	5	29	5	5	5	5	5	5	5	12	5	5	12	12	1	12	1	1	1	1	1	1	1	1	5	5	5	13	4	5	2	15	6	6
17080	5	5	5	14	26	27	5	14	5	5	2	6	3	3	4	9	1	1	1	1	1	28	1	26	14	14	5	5	5	5	5	5	3	11	5	5	5	14	5	5	5	5	5	5	5	21	5	5	7	1	1	21	1	1	9	9	18	18	4	26	5	5	5	31	5	5	4	5	4	4
17090	5	5	14	14	26	27	5	14	5	5	2	6	3	3	4	9	1	1	1	1	9	28	17	26	5	14	5	5	5	5	5	5	11	11	5	5	5	25	5	5	5	5	5	5	5	28	5	5	9	9	12	23	12	12	23	23	29	29	5	31	5	5	30	31	3	14	5	30	5	5
17100	5	5	3	14	14	27	5	14	5	5	2	6	3	3	1	9	1	1	1	1	28	28	3	26	14	14	5	5	5	5	5	5	3	11	5	5	5	14	5	5	5	5	5	5	5	14	5	5	28	28	28	28	31	28	27	31	27	27	3	27	5	5	5	14	5	14	2	5	8	8
17110	5	5	13	14	5	27	5	14	5	5	2	6	12	3	1	9	1	1	1	1	1	28	1	26	5	14	5	5	5	5	5	5	19	11	5	5	5	30	5	5	5	5	5	5	5	12	5	5	1	1	1	12	1	1	1	1	12	12	6	20	5	5	5	5	5	13	1	5	6	6
17120	5	5	5	14	5	27	5	14	5	5	4	6	3	3	23	9	1	1	1	1	1	28	18	26	5	14	5	5	5	5	5	5	3	11	5	5	5	14	5	5	5	5	5	5	23	29	1	23	1	1	1	1	1	1	23	23	31	29	4	31	5	5	5	5	15	5	4	15	4	4
17130	5	5	24	14	2	27	5	14	5	5	30	6	5	3	1	9	1	1	14	1	3	28	29	26	5	14	5	5	5	5	5	5	14	11	5	5	5	14	5	5	5	5	5	5	15	29	5	15	3	14	5	14	12	12	5	12	5	5	27	30	10	5	1	10	7	24	1	7	27	27
17140	5	5	5	14	16	27	5	14	5	5	27	6	1	3	1	9	1	1	1	1	1	28	2	26	14	14	5	5	5	5	5	5	3	11	5	5	5	14	5	5	5	5	5	5	5	22	5	5	1	1	1	12	1	1	1	1	1	1	15	27	5	5	5	27	5	5	1	5	23	23
17150	5	5	14	14	7	27	14	14	5	5	2	6	3	3	1	9	1	1	1	1	20	28	3	26	14	14	5	5	5	5	5	5	11	11	5	5	25	25	5	5	25	25	11	25	3	14	4	11	20	20	28	28	23	28	23	23	29	29	2	31	3	14	1	7	25	14	13	29	13	13
17160	5	5	14	14	31	27	14	14	5	5	2	6	3	3	4	9	1	1	1	1	1	28	1	26	14	14	5	5	5	5	5	5	4	11	5	5	5	15	5	5	5	5	5	5	21	21	21	21	1	1	21	21	21	21	29	29	29	29	5	31	3	14	31	31	3	14	13	31	13	13
17170	5	5	5	14	11	27	5	14	5	5	1	6	1	3	1	9	1	1	1	1	20	28	12	26	5	14	5	5	5	5	5	5	11	11	5	5	5	25	5	5	5	5	5	5	12	12	12	12	1	20	1	12	1	1	1	1	1	1	1	1	5	5	15	25	3	5	18	25	18	18
17180	5	5	5	14	20	27	3	14	14	5	5	6	5	3	1	9	1	1	1	1	1	28	26	26	3	14	5	5	5	5	5	5	11	11	5	5	5	25	5	5	5	5	5	5	1	26	12	12	1	1	1	12	1	1	1	1	12	12	3	12	5	14	7	20	5	5	18	21	18	18
17190	5	5	14	14	8	27	5	14	5	5	1	6	1	3	1	9	1	1	5	1	5	28	5	26	14	14	5	5	5	5	5	5	3	11	5	5	5	14	5	5	5	5	5	5	5	14	5	5	5	5	1	5	1	1	1	1	1	1	25	1	5	5	16	22	1	14	1	16	29	29
17200	27	5	3	14	4	27	5	14	5	5	30	6	1	3	1	9	1	1	1	1	1	28	17	26	5	14	5	5	5	5	5	5	4	11	5	5	5	15	5	5	5	5	5	5	1	28	1	12	1	1	1	1	1	1	1	1	1	1	3	31	5	5	8	15	4	27	31	19	31	31
17210	5	5	5	14	3	27	5	14	5	5	2	6	3	3	1	9	1	1	1	1	1	28	7	26	5	14	5	5	5	5	5	5	11	11	5	5	5	25	5	5	5	5	5	5	12	21	12	12	1	1	1	12	1	1	1	1	16	7	12	16	3	5	8	3	5	5	5	22	12	12
17220	5	5	5	14	11	27	5	14	5	5	27	6	4	3	4	9	1	1	1	1	1	28	31	26	3	14	5	5	5	5	5	5	3	11	5	5	5	14	5	5	5	5	5	5	23	31	23	23	1	1	9	23	4	9	4	4	4	4	5	31	5	5	5	25	5	5	28	5	28	28
17230	12	5	3	14	6	27	5	14	5	5	1	6	3	3	9	9	1	1	1	1	1	28	1	26	14	14	5	5	5	5	5	5	11	11	5	5	5	25	5	5	5	5	5	5	1	21	1	12	1	1	1	1	1	1	9	9	18	18	5	18	5	5	15	20	1	21	5	23	5	5
17240	5	5	14	14	27	27	14	14	5	5	1	6	3	3	1	9	1	1	1	1	9	28	3	26	14	14	5	5	5	5	5	5	11	11	5	5	5	25	5	5	5	5	5	5	5	14	5	5	9	9	15	23	23	23	12	23	21	21	11	21	3	14	5	27	3	14	5	14	25	25
17250	14	5	5	14	19	27	5	14	5	5	1	6	1	3	1	9	1	1	1	1	1	28	1	26	14	14	5	5	5	5	5	5	11	11	5	5	14	25	5	5	5	14	5	5	1	21	12	12	1	1	1	12	1	1	1	1	1	1	21	1	5	5	23	30	3	14	5	29	21	21
17260	5	5	5	14	9	27	14	14	5	5	1	6	1	3	1	9	13	1	1	1	1	28	5	26	5	14	5	5	5	5	5	5	5	11	5	5	5	5	5	5	5	5	5	5	5	5	5	5	12	1	5	12	5	13	1	12	1	1	5	1	5	14	16	23	3	5	15	16	15	15
17270	5	5	5	14	23	27	25	14	5	5	5	6	5	3	5	9	5	1	1	1	4	28	26	26	5	14	5	5	5	5	5	5	14	11	5	5	5	14	5	5	5	5	5	5	5	31	5	5	9	9	5	23	5	5	5	5	5	5	4	5	3	25	21	29	5	5	17	21	17	17
17280	5	5	5	14	27	27	5	14	5	5	2	6	3	3	1	9	1	1	1	1	1	28	3	26	14	14	5	5	5	5	5	5	3	11	5	5	5	14	5	5	5	5	5	5	5	14	5	5	1	1	12	12	12	12	12	12	21	21	29	27	5	5	7	27	3	5	2	7	31	31
17290	5	5	5	14	17	27	1	14	1	5	2	6	3	3	5	9	1	1	1	1	1	28	16	26	3	14	5	5	5	5	5	5	5	11	5	5	5	5	5	5	5	5	5	5	26	16	31	31	1	1	31	31	31	31	29	31	23	29	4	28	2	1	4	17	15	5	4	15	4	4
17300	5	5	5	14	14	27	5	14	5	5	1	6	1	3	1	9	1	1	1	1	1	28	26	26	5	14	5	5	5	5	5	5	11	11	5	5	5	25	5	5	5	5	5	5	31	31	21	31	1	1	1	21	1	1	1	1	1	1	5	1	5	5	3	14	5	5	2	14	13	13
17310	22	5	5	14	21	27	14	14	5	5	1	6	3	3	3	9	1	1	1	1	1	28	3	26	3	14	5	5	5	5	5	5	11	11	5	5	14	25	5	5	14	14	14	14	3	3	14	14	1	1	21	21	14	21	25	14	25	25	3	29	1	14	21	21	3	22	10	21	19	19
17320	5	5	5	14	14	27	14	14	5	5	1	6	3	3	1	9	1	1	1	1	1	28	3	26	14	14	5	5	5	5	5	5	3	11	5	5	5	14	5	5	5	5	5	5	5	14	5	5	1	1	12	12	1	12	5	1	5	14	3	12	5	14	14	14	5	5	4	14	11	11
17330	5	5	25	14	30	27	21	14	5	5	1	6	2	3	1	9	1	1	1	1	12	28	16	26	5	14	5	5	5	5	5	5	4	11	5	5	5	15	5	5	5	5	5	5	5	27	5	5	12	12	1	12	1	1	1	1	6	6	2	6	1	21	29	31	3	25	17	29	17	17
17340	5	5	5	14	13	27	14	14	5	5	2	6	3	3	1	9	1	1	1	1	12	28	26	26	5	14	5	5	5	5	5	5	4	11	5	5	5	15	5	5	5	5	5	5	5	31	5	5	12	12	1	12	1	1	1	1	7	7	21	16	5	14	5	13	5	5	5	5	21	21
17350	5	5	14	14	8	27	5	14	5	5	27	6	3	3	1	9	1	1	1	1	1	28	26	26	3	14	5	5	5	5	5	5	11	11	5	5	5	25	5	5	5	5	5	5	26	26	29	31	1	1	7	29	7	7	3	7	3	3	1	27	5	5	13	22	3	14	6	22	6	6
17360	5	5	4	14	26	27	14	14	5	5	2	6	3	3	23	9	1	1	1	1	1	28	7	26	5	14	5	5	5	5	5	5	11	11	5	5	15	25	5	5	23	15	1	23	1	21	1	1	1	1	1	1	1	1	23	23	23	29	1	28	3	14	3	26	15	15	6	25	6	6
17370	5	5	5	14	5	27	5	14	5	5	7	6	3	3	7	9	1	1	1	1	5	28	16	26	5	14	5	5	5	5	5	5	11	11	5	5	5	25	5	5	5	5	5	5	12	27	12	12	5	12	1	12	1	1	3	7	3	3	1	7	5	5	1	5	15	5	1	23	1	1
17380	5	5	14	14	1	27	3	14	3	5	2	6	3	3	4	9	1	1	1	1	1	28	26	26	5	14	5	5	5	5	5	5	25	11	5	5	5	25	5	5	5	5	5	5	30	31	30	30	1	1	29	31	21	29	29	29	29	29	22	31	1	3	1	1	7	14	5	7	22	22
17390	5	5	14	14	19	27	5	14	5	5	1	6	3	3	1	9	1	1	1	1	1	28	18	26	5	14	5	5	5	5	5	5	11	11	5	5	5	25	5	5	5	5	5	5	14	29	14	14	1	1	7	21	7	7	7	7	21	7	4	21	5	5	24	30	5	14	15	24	15	15
17400	5	5	25	14	5	27	5	14	5	5	1	6	3	3	9	9	1	1	1	1	6	28	28	26	3	14	5	5	5	5	5	5	11	11	5	5	5	25	5	5	5	5	5	5	12	31	1	12	1	6	1	1	1	1	23	9	23	29	2	23	5	5	5	5	13	25	2	13	2	2
17410	5	5	5	14	21	27	5	14	5	5	2	6	3	3	1	9	1	1	1	1	12	28	26	26	3	14	5	5	5	5	5	5	3	11	5	5	5	14	5	5	5	5	5	5	16	26	20	27	1	12	20	20	20	20	20	20	21	27	13	27	5	5	5	21	5	5	5	5	13	13
17420	5	5	14	14	3	27	21	14	5	5	1	6	1	3	1	9	9	1	1	1	1	28	3	26	14	14	5	5	5	5	5	5	11	11	5	5	5	25	5	5	5	5	5	5	14	14	14	14	1	1	1	21	9	9	1	9	1	1	2	1	1	21	1	7	27	14	2	27	2	2
17430	5	5	14	14	5	27	14	14	5	5	2	6	3	3	1	9	1	1	1	1	23	28	7	26	3	14	5	5	5	5	5	5	3	11	5	5	14	14	5	5	5	14	5	5	1	7	12	12	1	23	12	12	12	12	12	12	21	21	12	27	30	14	31	30	5	14	3	31	21	21
17440	5	5	14	14	5	27	14	14	5	5	2	6	1	3	11	9	5	1	1	1	12	28	5	26	5	14	5	5	5	5	5	5	4	11	5	5	5	15	5	5	5	5	5	5	5	5	5	5	5	12	5	5	5	5	25	25	29	29	5	31	5	14	5	5	11	14	5	25	5	5
17450	5	5	22	14	1	27	5	14	5	5	2	6	3	3	1	9	1	1	2	1	20	28	19	26	5	14	5	5	5	5	5	5	4	11	5	5	5	15	5	5	5	5	5	5	5	30	5	5	20	20	1	20	1	1	1	1	7	7	3	16	1	5	1	1	7	22	4	7	11	11
17460	5	5	5	14	28	27	14	14	5	5	2	6	3	3	4	9	1	1	1	1	24	28	23	26	5	14	5	5	5	5	5	5	3	11	5	5	5	14	5	5	5	5	5	5	5	23	5	5	28	28	24	28	9	28	9	9	11	18	1	19	3	14	31	31	5	5	2	31	6	6
17470	5	5	3	14	16	27	5	14	5	5	1	6	1	3	1	9	1	1	1	1	1	28	18	26	5	14	5	5	5	5	5	5	11	11	5	5	5	25	5	5	5	5	5	5	15	29	5	15	1	1	1	12	1	1	1	1	1	1	2	1	5	5	5	27	31	14	23	31	28	28
17480	5	5	5	14	14	27	5	14	5	5	2	6	27	3	1	9	1	1	1	1	12	28	11	26	3	14	5	5	5	5	5	5	3	11	5	5	14	14	5	5	14	14	14	14	3	11	5	14	12	12	1	12	1	1	1	1	21	27	30	27	5	5	7	14	1	5	2	7	30	30
17490	5	5	5	14	5	27	5	14	5	5	3	6	5	3	9	9	3	1	1	1	1	28	3	26	3	14	5	5	5	5	5	5	3	11	5	5	5	14	5	5	5	5	5	5	3	3	3	14	1	1	3	7	3	3	11	18	25	25	4	25	5	5	5	5	5	5	19	5	19	19
17500	5	5	29	14	6	27	5	14	5	5	5	6	3	3	18	9	1	1	1	1	1	28	7	26	5	14	5	5	5	5	5	5	5	11	5	5	5	5	5	5	5	5	5	5	12	21	1	12	1	1	1	1	1	1	28	18	23	31	15	23	5	5	1	20	10	29	1	17	23	23
17510	5	5	5	14	27	27	5	14	5	5	2	6	3	3	1	9	1	1	1	1	1	28	3	26	14	14	5	5	5	5	5	5	4	11	15	5	5	15	5	5	5	5	5	5	5	14	5	5	1	1	12	12	12	12	23	12	29	29	6	31	5	5	26	27	5	5	1	31	6	6
17520	5	5	5	14	30	27	5	14	5	5	9	6	3	3	1	9	1	1	1	1	1	28	26	26	3	14	5	5	5	5	5	5	11	11	5	5	5	25	5	5	5	5	5	5	26	26	21	31	1	1	7	21	7	7	3	7	3	3	4	18	5	5	24	30	5	5	10	24	10	10
17530	5	5	5	14	27	27	5	14	5	5	1	6	3	3	4	9	1	1	1	1	1	28	7	26	3	14	5	5	5	5	5	5	11	11	5	5	5	25	5	5	5	5	5	5	29	7	23	29	1	1	23	23	15	23	4	15	11	11	14	18	5	5	21	27	3	5	3	21	14	14
17540	5	5	14	14	27	27	5	14	5	5	5	6	3	3	1	9	1	1	1	1	17	28	6	26	5	14	5	5	5	5	5	5	4	11	5	5	15	15	5	5	5	15	5	5	13	20	5	13	6	17	1	20	1	1	1	1	7	7	2	21	4	5	11	31	3	14	3	11	8	8
17550	5	5	5	14	27	27	5	14	5	5	2	6	3	3	4	9	1	1	1	1	1	28	17	26	3	14	5	5	5	5	5	5	11	11	5	5	5	25	5	5	5	5	5	5	23	26	1	23	1	1	1	1	1	1	9	9	18	18	3	26	5	5	27	27	5	5	8	27	8	8
17560	3	5	3	14	8	27	5	14	5	5	2	6	3	3	1	9	1	1	1	1	1	28	26	26	3	14	5	5	5	5	5	5	3	11	5	5	5	14	5	5	5	5	5	5	6	26	12	20	1	1	12	12	12	12	21	12	21	21	14	27	5	5	14	22	3	3	3	14	14	14
17570	5	5	27	14	1	27	14	14	5	5	1	6	3	3	4	9	1	1	1	1	17	28	3	26	14	14	5	5	5	5	5	5	4	11	5	5	5	15	5	5	5	5	5	5	5	14	5	5	17	17	28	28	28	28	20	28	27	27	1	27	5	14	1	12	22	27	9	27	9	9
17580	5	5	22	14	10	27	5	14	13	5	1	6	3	3	30	9	2	1	1	1	1	28	16	26	5	14	5	5	5	5	5	5	5	11	5	5	5	5	5	5	5	5	5	5	27	27	1	27	1	1	1	1	1	6	27	31	27	27	1	27	2	13	5	10	15	22	1	15	1	1
17590	5	5	5	14	3	27	5	14	5	5	6	6	3	3	1	9	1	1	1	1	4	28	2	26	13	14	5	5	5	5	5	5	4	11	5	5	12	15	5	5	12	12	1	12	5	13	1	12	1	9	1	1	1	1	1	1	1	7	5	6	5	5	5	14	13	5	10	13	24	24
17600	5	5	5	14	15	27	5	14	12	5	1	6	3	3	1	9	1	1	1	1	1	28	18	26	3	14	5	5	5	5	5	5	19	11	5	5	15	30	5	5	5	15	5	5	7	18	7	21	1	1	1	7	1	1	1	1	7	7	1	7	5	12	28	15	5	5	1	28	1	1
17610	5	5	3	14	14	27	21	14	5	5	2	6	8	3	9	9	1	1	1	1	1	28	16	26	3	14	5	5	5	5	5	5	4	11	5	5	5	15	5	5	5	5	5	5	6	16	1	20	1	1	1	1	1	1	4	9	8	19	15	8	5	21	5	14	5	14	5	5	15	15
17620	15	5	3	14	29	27	5	14	5	5	2	6	3	3	4	9	1	1	1	1	1	28	26	26	5	14	5	5	5	5	5	5	4	11	5	5	5	15	5	5	5	5	5	5	19	31	30	30	1	1	31	31	31	31	28	31	31	31	3	31	5	5	1	29	31	25	30	31	30	30
17630	5	5	14	14	27	27	5	14	5	5	2	6	2	3	1	9	1	1	1	1	4	28	16	26	5	14	5	5	5	5	5	5	5	11	5	5	5	5	5	5	5	5	5	5	12	27	1	12	1	9	1	1	1	1	1	1	2	6	25	2	5	5	3	27	8	14	3	8	25	25
17640	5	5	5	14	22	27	14	14	5	5	1	6	3	3	1	9	1	1	1	1	1	28	18	26	5	14	5	5	5	5	5	5	4	11	5	5	15	15	5	5	15	15	4	15	23	29	23	23	1	1	1	23	1	1	1	1	7	7	1	7	5	14	5	22	5	5	5	5	12	12
17650	5	5	14	14	31	27	22	14	5	5	2	6	14	3	1	9	1	1	1	1	1	28	1	26	1	14	5	5	5	5	5	5	11	11	5	5	5	25	5	5	5	5	5	5	1	1	12	12	1	1	1	12	1	1	1	1	21	21	2	27	5	22	30	31	2	14	29	30	31	31
17660	5	5	5	14	5	27	5	14	5	5	2	6	3	3	1	9	1	1	1	1	1	28	18	26	3	14	5	5	5	5	5	5	4	11	5	5	5	15	5	5	5	5	5	5	18	18	31	29	1	1	21	31	21	21	27	21	27	27	27	27	5	5	9	5	2	5	2	17	27	27
17670	5	5	14	14	31	27	5	14	5	5	1	6	3	3	1	9	1	1	1	1	12	28	18	26	5	14	5	5	5	5	5	5	11	11	5	5	5	25	5	5	5	5	5	5	18	29	29	29	5	12	25	29	29	29	29	29	29	29	5	29	5	5	13	31	5	14	5	13	5	5
17680	5	5	22	14	27	27	5	14	5	5	1	6	2	3	29	9	1	1	1	1	12	28	5	26	14	14	5	5	5	5	5	5	3	11	5	5	5	14	5	5	5	5	5	5	5	14	5	5	12	12	1	12	1	1	25	29	30	30	18	31	5	5	17	27	5	22	4	28	18	18
17690	5	5	5	14	1	27	3	14	5	5	3	6	3	3	23	9	1	1	1	1	1	28	3	26	3	14	5	5	5	5	5	5	3	11	5	5	5	14	5	5	5	5	5	5	7	3	1	21	1	1	1	1	1	1	25	23	25	25	4	25	14	14	26	21	5	5	9	31	9	9
17700	5	5	5	14	6	27	5	14	5	5	1	6	3	3	4	9	1	1	1	1	28	28	3	26	5	14	5	5	5	5	5	5	11	11	5	5	14	25	5	5	3	14	5	14	5	14	5	5	28	28	28	28	28	28	28	28	31	31	13	31	5	5	5	20	5	5	5	5	13	13
17710	5	5	21	14	5	27	5	14	5	5	2	6	3	3	1	9	1	1	1	1	1	28	31	26	3	14	5	5	5	5	5	5	4	11	5	5	5	15	5	5	5	5	5	5	23	31	23	23	1	1	23	23	23	23	23	23	23	29	25	28	5	5	1	5	1	21	1	1	29	29
17720	5	5	5	14	5	27	5	14	5	5	2	6	1	3	1	9	1	1	1	1	1	28	8	26	3	14	5	5	5	5	5	5	11	11	5	5	5	25	5	5	5	5	5	5	1	8	1	12	1	1	1	1	1	1	1	1	1	1	11	6	5	5	5	5	20	5	5	20	25	25
17730	5	5	5	14	2	27	8	14	5	5	2	6	19	3	2	9	1	1	1	1	26	28	21	26	5	14	5	5	5	5	5	5	5	11	5	5	5	5	5	5	5	5	5	5	5	21	5	5	26	26	20	31	2	20	2	2	19	19	1	19	25	22	16	30	5	5	19	27	26	26
17740	5	5	5	14	5	27	5	14	5	5	9	6	1	3	1	9	1	1	1	1	1	28	7	26	3	14	5	5	5	5	5	5	4	11	5	5	5	15	5	5	5	5	5	5	9	7	23	23	1	1	1	23	1	1	1	1	1	1	3	9	5	5	5	5	5	5	30	5	30	30
17750	5	5	14	14	13	27	5	14	5	5	1	6	3	3	4	9	1	1	1	1	1	28	26	26	5	14	5	5	5	5	5	5	4	11	5	5	5	15	5	5	5	5	5	5	31	31	31	31	1	1	31	31	31	31	31	31	30	31	5	31	5	5	5	13	1	14	16	12	27	27
17760	5	5	5	14	22	27	14	14	5	5	2	6	3	3	4	9	1	1	1	1	1	28	17	26	5	14	5	5	5	5	5	5	4	11	5	5	5	15	5	5	5	5	5	5	24	28	24	24	1	1	28	28	28	28	28	28	31	31	30	31	3	14	13	22	5	5	2	13	30	30
17770	5	5	5	14	31	27	5	14	5	5	2	6	1	3	9	9	1	1	1	1	1	28	7	26	3	14	5	5	5	5	5	5	3	11	5	5	5	14	5	5	5	5	5	5	7	7	1	21	1	1	1	1	1	1	1	9	1	1	2	6	5	5	19	31	5	5	4	30	10	10
17780	23	5	5	14	12	27	5	14	5	5	1	6	1	3	1	9	1	1	1	1	1	28	5	26	5	14	5	5	5	5	5	5	5	11	5	5	5	5	5	5	5	5	5	5	5	5	5	5	1	1	1	12	1	1	1	1	1	1	10	1	5	5	5	12	5	23	1	5	17	17
17790	3	5	3	14	3	27	5	14	5	5	1	6	12	3	5	9	4	1	5	1	1	28	4	26	14	14	5	5	5	5	5	5	2	11	5	5	5	13	5	5	5	5	5	5	5	25	5	5	5	12	5	5	5	15	5	5	12	12	14	12	3	5	2	3	2	3	3	2	14	14
17800	2	5	21	14	5	27	3	14	5	5	1	6	5	3	5	9	5	1	1	1	7	28	5	26	5	14	5	5	5	5	5	5	5	11	5	5	5	5	5	5	5	5	5	5	5	5	5	5	1	7	5	12	5	5	14	5	14	14	14	21	31	14	2	31	7	27	1	16	21	21
17810	5	5	5	14	31	27	14	14	5	5	1	6	3	3	1	9	3	1	1	1	12	28	6	26	5	14	5	5	5	5	5	5	4	11	5	5	5	15	5	5	5	5	5	5	5	20	5	5	12	12	5	12	14	14	21	21	21	21	29	21	5	14	19	31	2	5	3	19	29	29
17820	5	5	12	14	21	27	5	14	5	5	5	6	3	3	1	9	1	1	1	1	5	28	3	26	3	14	15	5	5	5	5	5	11	11	5	5	3	25	5	5	5	14	5	15	12	3	5	12	5	12	5	5	1	12	1	1	7	7	3	21	5	5	13	21	3	12	3	22	3	3
17830	5	5	3	14	7	27	5	14	5	5	2	6	3	3	1	9	1	1	1	1	17	28	3	26	14	14	5	5	5	5	5	5	11	11	5	5	5	25	5	5	5	5	5	5	5	14	5	5	17	17	28	28	17	28	17	17	26	26	21	26	5	5	21	21	3	14	3	21	21	21
17840	5	5	23	14	23	27	5	14	5	5	2	6	3	3	9	9	1	1	1	1	1	28	5	26	3	14	5	5	5	5	5	5	4	11	5	5	5	15	5	5	5	5	5	5	5	14	5	5	1	1	1	12	1	1	9	9	18	18	9	26	5	5	31	23	5	23	3	31	18	18
17850	3	5	3	14	27	27	14	14	5	5	2	6	3	3	1	9	1	1	1	1	12	28	3	26	14	14	5	5	5	5	5	5	4	11	5	5	5	15	5	5	5	5	5	5	5	14	5	5	12	12	1	12	1	1	1	1	7	7	3	16	5	14	31	27	3	3	27	31	27	27
17860	5	5	5	14	22	27	5	14	5	5	1	6	1	3	1	9	1	1	1	1	12	28	11	26	5	14	5	5	5	5	5	5	4	11	5	5	5	15	5	5	5	5	5	5	5	25	5	5	12	12	1	12	1	1	1	1	1	1	6	1	5	5	26	22	5	5	5	31	20	20
17870	5	5	5	14	27	27	11	14	1	5	2	6	1	3	1	9	1	1	1	1	12	28	8	26	5	14	5	5	5	5	5	5	3	11	5	5	5	14	5	5	5	5	5	5	5	22	5	5	12	12	1	12	1	1	1	1	1	1	23	6	4	18	8	31	3	5	2	8	28	28
17880	5	5	14	14	3	27	14	14	5	5	1	6	3	3	1	9	1	1	1	1	1	28	7	26	3	14	5	5	5	5	5	5	4	11	5	5	5	15	5	5	5	5	5	5	7	7	12	21	1	1	1	12	1	1	1	1	7	7	3	7	3	14	3	3	3	14	5	3	14	14
17890	5	5	7	14	27	27	4	14	5	5	2	6	3	3	1	9	1	1	1	1	1	28	3	26	14	14	5	5	5	5	5	5	3	11	5	5	5	14	5	5	5	5	5	5	12	14	12	12	1	1	1	12	1	1	1	1	7	7	11	16	4	15	22	31	3	21	4	22	11	11
17900	5	5	8	14	12	27	5	14	5	5	2	6	3	3	15	9	1	1	1	1	1	28	23	26	5	14	5	5	5	5	5	5	11	11	5	5	5	25	5	5	5	5	5	5	12	23	1	12	1	1	1	1	1	1	29	23	29	29	2	31	5	5	1	12	22	22	2	27	2	2
17910	5	5	5	14	27	27	5	14	5	5	1	6	4	3	3	9	1	1	1	1	1	28	26	26	5	14	5	5	5	5	5	5	4	11	5	5	5	15	5	5	5	5	5	5	31	31	28	31	1	1	28	28	28	28	31	31	31	31	1	31	5	5	19	27	5	5	1	30	1	1
17920	5	5	13	14	22	27	14	14	5	5	1	6	3	3	1	9	1	1	1	1	1	28	29	26	5	14	5	5	5	5	5	5	11	11	5	5	5	25	5	5	5	5	5	5	12	29	12	12	1	1	1	12	1	1	1	1	7	7	5	7	3	14	31	22	2	13	5	31	5	5
17930	10	5	3	14	19	27	5	14	5	5	1	6	3	3	10	9	1	1	1	1	23	28	1	26	2	14	5	5	5	5	5	5	3	11	14	5	14	14	5	5	5	14	5	5	1	6	1	12	23	23	1	23	1	1	28	17	31	31	4	31	5	5	22	30	3	19	19	22	19	19
17940	5	5	5	14	5	27	5	14	5	5	1	6	7	3	1	9	1	1	1	1	1	28	6	26	5	14	5	5	5	5	5	5	3	11	5	5	5	14	5	5	5	5	5	5	12	20	1	12	1	1	1	1	1	1	1	1	1	7	1	1	5	5	5	5	1	5	1	12	1	1
17950	5	5	21	14	16	27	5	14	5	5	2	6	3	3	1	9	1	1	1	1	1	28	18	26	3	14	5	5	5	5	5	5	11	11	5	5	5	25	5	5	5	5	5	5	1	18	12	12	1	1	1	12	1	1	1	1	7	7	1	16	5	5	16	27	1	21	1	16	1	1
17960	1	5	5	14	5	27	5	14	5	5	4	6	5	3	9	9	1	1	1	1	1	28	17	26	5	14	5	5	5	5	5	5	3	11	5	5	5	14	5	5	5	5	5	5	23	28	1	23	1	1	1	1	1	1	7	9	21	21	22	29	5	5	28	5	1	12	1	28	27	27
17970	5	5	5	14	27	27	5	14	5	5	2	6	3	3	4	9	1	1	1	1	1	28	26	26	5	14	5	5	5	5	5	5	4	11	5	5	5	15	5	5	5	5	5	5	30	31	30	30	1	1	29	31	29	29	31	29	31	31	1	31	5	5	5	27	5	5	5	5	12	12
17980	5	5	5	14	8	27	5	14	5	5	26	6	3	3	1	9	1	1	1	1	13	28	3	26	3	14	5	5	5	5	5	5	4	11	5	5	15	15	5	5	15	15	4	15	5	3	5	15	12	20	1	12	1	1	1	1	3	7	5	26	5	5	8	22	5	5	14	22	14	14
17990	5	5	5	14	16	27	5	14	5	5	1	6	3	3	1	9	1	1	1	1	1	28	26	26	3	14	5	5	5	5	5	5	3	11	5	5	5	14	5	5	5	5	5	5	23	26	12	23	1	1	1	12	1	1	1	1	7	7	12	7	5	5	1	27	13	5	5	20	12	12
18000	5	5	5	14	12	27	5	14	5	5	4	6	31	3	1	9	1	1	1	1	1	28	26	26	3	14	5	5	5	5	5	5	11	11	5	5	5	25	5	5	5	5	5	5	6	26	1	20	1	1	1	1	1	1	1	1	31	31	2	31	5	5	20	12	5	5	5	20	13	13
18010	5	5	5	14	31	27	5	14	5	5	1	6	3	3	4	9	1	1	2	1	10	28	26	26	3	14	5	5	5	5	5	5	3	11	5	5	5	14	5	5	5	5	5	5	28	26	28	28	4	10	28	28	28	28	31	28	31	31	30	31	5	5	31	31	5	5	5	31	30	30
18020	14	5	5	14	2	27	14	14	5	5	5	6	3	3	1	9	1	1	1	1	26	28	16	26	5	14	5	5	5	5	5	5	4	11	5	5	5	15	5	5	5	5	5	5	5	27	5	5	26	26	31	31	31	31	26	31	26	26	3	31	8	14	26	8	5	14	30	31	30	30
18030	5	5	14	14	27	27	14	14	5	5	1	6	3	3	7	9	1	1	1	1	13	28	1	26	14	14	5	5	5	5	5	5	4	11	5	5	5	15	5	5	5	5	5	5	5	21	5	5	20	20	1	20	1	1	7	7	7	7	3	7	3	14	6	27	3	14	10	16	19	19
18040	5	5	5	14	5	27	29	14	5	5	1	6	1	3	1	9	1	1	1	1	1	28	29	26	3	14	5	5	5	5	5	5	11	11	5	5	5	25	5	5	5	5	5	5	21	29	1	21	1	1	1	1	1	1	1	1	1	1	2	1	31	29	4	31	30	5	9	30	17	17
18050	5	5	14	14	26	27	5	14	5	5	1	6	1	3	5	9	12	1	1	1	1	28	16	26	3	14	5	5	5	5	5	5	25	11	5	5	5	25	5	5	12	5	12	12	1	16	12	12	1	1	1	12	12	12	1	12	1	1	30	1	5	5	1	31	3	14	3	7	30	30
18060	5	5	5	14	31	27	5	14	5	5	31	6	4	3	4	9	15	1	5	1	23	28	18	26	5	14	5	5	5	5	5	5	5	11	5	5	5	5	5	5	5	5	5	5	5	29	5	5	5	23	5	5	15	15	4	15	4	4	9	31	2	5	31	31	1	5	3	31	18	18
18070	5	5	5	14	1	27	14	14	5	5	3	6	3	3	1	9	5	1	1	1	29	28	3	26	14	14	5	5	5	5	5	5	11	11	5	5	5	25	5	5	5	5	5	5	14	14	3	14	29	29	21	29	21	21	21	21	21	21	5	21	14	14	13	21	5	5	13	13	13	13
18080	5	5	14	14	4	27	5	14	5	5	1	6	1	3	1	9	1	1	1	1	1	28	26	26	5	14	5	5	5	5	5	5	14	11	5	5	5	14	5	5	5	5	5	5	20	31	1	20	1	1	1	1	1	1	1	1	1	1	5	1	5	5	5	15	14	14	3	14	14	14
18090	23	5	3	14	20	27	5	14	5	5	24	6	1	3	1	9	1	1	1	1	1	28	26	26	3	14	14	5	5	5	5	5	4	11	5	5	5	15	5	5	5	5	3	14	3	26	3	3	1	1	1	7	1	1	1	1	1	1	4	28	5	5	1	20	1	29	4	1	4	4
18100	5	5	14	14	4	27	5	14	5	5	13	6	3	3	5	9	14	1	1	1	23	28	4	26	13	14	5	5	5	5	5	5	4	11	5	5	5	15	5	5	5	5	5	5	15	24	5	15	5	23	5	5	14	14	3	14	3	3	1	22	10	5	5	10	27	14	17	27	17	17
18110	1	5	1	14	8	27	5	14	5	5	3	6	3	3	1	9	1	1	1	1	1	28	6	26	5	14	5	5	5	5	5	5	11	11	5	5	5	25	5	5	5	5	5	5	1	20	1	12	1	1	1	1	9	1	3	9	3	3	20	3	1	5	4	16	19	1	4	19	28	28
18120	5	5	5	14	8	27	12	14	5	5	2	6	3	3	1	9	1	1	1	1	6	28	30	26	3	14	5	5	5	5	5	5	4	11	15	5	5	15	5	5	5	5	5	5	19	30	30	30	2	6	23	30	23	23	3	23	3	3	5	8	1	12	31	16	5	5	21	31	21	21
18130	5	5	30	14	14	27	14	14	5	5	1	6	1	3	1	9	1	1	1	1	1	28	6	26	3	14	5	5	5	5	5	5	3	11	5	5	5	14	5	5	5	5	5	5	1	16	1	12	1	1	1	1	1	1	1	1	1	1	20	1	5	14	3	14	19	30	2	19	20	20
18140	12	5	5	14	26	27	5	14	5	5	1	6	3	3	1	9	1	1	1	1	1	28	26	26	5	14	5	5	5	5	5	5	4	11	5	5	5	15	5	5	5	5	5	5	31	31	31	31	1	1	31	31	31	31	31	31	31	31	1	31	5	5	30	31	1	12	1	31	1	1
18150	5	5	5	14	5	27	5	14	5	5	2	6	3	3	4	9	1	1	1	1	1	28	7	26	3	14	5	5	5	5	5	5	4	11	5	5	15	15	5	5	15	15	15	15	3	7	14	25	1	1	21	21	29	21	29	29	29	29	27	31	5	5	5	5	5	5	1	5	27	27
18160	5	5	14	14	28	27	14	14	5	5	2	6	3	3	1	9	1	1	1	1	1	28	1	26	14	14	5	5	5	5	5	5	3	11	5	5	5	14	5	5	5	5	5	5	5	21	5	5	1	1	1	12	1	1	1	1	7	7	2	16	3	14	31	31	5	14	2	31	2	2
18170	5	5	5	14	26	27	14	14	5	5	2	6	3	3	4	9	1	1	1	1	13	28	3	26	14	14	5	5	5	5	5	5	11	11	5	5	15	25	5	5	15	15	15	15	5	14	4	15	13	20	13	24	20	20	28	28	31	31	5	31	3	14	31	26	5	5	20	31	20	20
18180	5	5	14	14	13	27	5	14	5	5	2	6	3	3	1	9	1	1	1	1	1	28	26	26	3	14	5	5	5	5	5	5	4	11	5	5	5	15	5	5	5	5	5	5	26	26	31	31	1	1	31	31	31	31	31	31	31	31	13	31	5	5	5	13	5	14	5	5	13	13
18190	5	5	12	14	5	27	21	14	5	5	19	6	1	3	1	9	1	1	1	1	1	28	6	26	5	14	5	5	5	5	5	5	4	11	5	5	5	15	5	5	5	5	5	5	12	20	1	12	1	1	1	1	1	1	1	1	1	1	3	26	21	21	21	21	3	12	3	21	3	3
18200	5	5	5	14	27	27	14	14	5	5	2	6	4	3	4	9	1	1	1	1	9	28	18	26	5	14	5	5	5	5	5	5	3	11	5	5	5	14	5	5	5	5	5	5	14	29	14	14	1	9	21	21	21	21	29	29	29	29	2	31	3	14	26	27	5	5	22	31	22	22
18210	12	5	2	14	20	27	14	14	5	5	1	6	1	3	1	9	1	1	1	1	12	28	16	26	3	14	5	5	5	5	5	5	5	11	5	5	5	5	5	5	5	5	1	5	1	16	1	1	1	12	1	1	1	1	1	1	1	1	14	1	4	14	2	28	20	20	5	20	14	14
18220	5	5	3	14	5	27	5	14	5	5	1	6	1	3	1	9	1	1	1	1	12	28	19	26	3	14	5	5	5	5	5	5	11	11	5	5	5	25	5	5	5	5	5	5	5	19	5	5	12	12	12	12	1	12	1	1	1	1	3	1	5	5	5	5	5	14	11	5	11	11
18230	5	5	14	14	21	27	14	14	5	5	24	6	5	3	1	9	1	1	1	1	12	28	9	26	5	14	5	5	5	5	5	5	3	11	5	5	5	14	5	5	5	5	5	5	9	23	1	23	12	12	1	12	1	1	1	1	1	12	24	28	5	14	5	21	22	14	2	22	24	24
18240	5	5	5	14	26	27	5	14	5	5	3	6	7	3	1	9	1	1	1	1	5	28	3	26	14	14	5	5	5	5	5	5	5	11	5	5	5	5	5	5	5	5	5	5	5	14	5	5	12	12	1	12	1	1	1	1	18	7	8	18	5	5	6	31	2	5	3	6	8	8
18250	5	5	2	14	5	27	3	14	20	5	2	6	3	3	1	9	1	1	1	1	1	28	18	26	5	14	5	5	5	5	5	5	11	11	5	5	5	25	5	5	5	5	12	5	1	29	1	12	1	1	1	1	1	1	1	1	7	7	30	16	28	27	16	28	2	13	4	16	30	30
18260	5	5	24	14	13	27	14	14	5	5	2	6	4	3	1	9	1	1	1	1	1	28	11	26	5	14	5	5	5	5	5	5	3	11	5	5	5	14	5	5	5	5	5	5	15	25	4	15	1	1	1	9	1	1	1	1	9	9	2	17	5	14	2	13	2	24	26	2	26	26
18270	5	5	3	14	15	27	5	14	5	5	23	6	1	3	1	9	1	1	1	1	1	28	16	26	3	14	5	5	5	5	5	5	4	11	5	5	5	15	5	5	5	5	5	5	7	16	7	21	1	1	1	7	1	1	1	1	1	1	11	23	5	5	4	15	5	14	2	15	19	19
18280	5	5	18	14	11	27	5	14	14	5	6	6	3	3	1	9	12	1	1	1	1	28	27	26	5	14	5	5	12	5	5	5	9	11	5	5	5	23	5	12	5	5	5	5	1	27	5	12	12	1	1	12	12	12	3	12	3	3	2	16	5	14	5	25	29	29	16	29	16	16
18290	5	5	5	14	2	27	5	14	5	5	2	6	3	3	9	9	1	1	1	1	1	28	1	26	5	14	5	5	5	5	5	5	4	11	5	5	5	15	5	5	5	5	5	5	12	12	1	12	1	1	1	1	1	1	4	9	11	11	3	19	2	5	3	2	7	5	3	7	3	3
18300	5	5	5	14	3	27	14	14	5	5	27	6	1	3	1	9	1	1	1	1	12	28	17	26	5	14	5	5	5	5	5	5	3	11	5	5	5	14	5	5	5	5	5	5	5	28	5	5	1	12	1	12	1	1	1	1	1	1	1	27	3	14	3	3	31	5	30	31	31	31
18310	1	5	20	14	16	27	5	14	5	5	1	6	1	3	12	9	1	1	1	1	1	28	26	26	5	14	5	5	5	5	5	5	11	11	5	5	5	25	5	5	5	5	5	5	28	31	31	28	1	1	1	31	1	1	1	12	1	1	1	1	5	5	16	27	5	20	1	27	1	1
18320	5	5	2	14	27	27	5	14	5	5	28	6	3	3	7	9	1	1	1	1	1	28	29	26	5	14	5	5	5	5	5	5	11	11	5	5	12	25	5	5	12	12	1	12	1	29	1	1	1	1	1	1	1	1	3	7	3	3	1	31	5	5	5	27	16	13	24	27	28	28
18330	5	5	5	14	24	27	21	14	5	5	6	6	3	3	7	9	1	1	1	1	1	28	20	26	5	14	5	5	5	5	5	5	4	11	5	5	5	15	5	5	5	5	5	5	20	20	6	20	1	1	1	6	1	1	3	7	3	3	2	16	1	21	5	28	5	5	2	5	2	2
18340	5	5	5	14	30	27	5	14	5	5	1	6	3	3	4	9	1	1	1	1	1	28	18	26	3	14	5	5	5	5	5	5	4	11	5	5	5	15	5	5	5	5	5	5	11	18	14	25	1	1	27	21	27	27	26	31	26	26	4	26	5	5	27	30	5	5	2	27	10	10
18350	5	5	5	14	2	27	5	14	5	5	1	6	14	3	1	9	1	1	1	1	1	28	3	26	14	14	5	5	5	5	5	5	11	11	5	5	5	25	5	5	5	5	5	5	5	14	1	5	1	1	1	1	1	1	1	1	21	21	24	21	5	5	2	13	31	5	4	31	24	24
18360	5	5	5	14	2	27	14	14	5	5	3	6	1	3	28	9	1	1	1	1	1	28	26	26	5	14	5	5	5	5	5	5	5	11	5	5	5	5	5	5	5	5	5	5	29	31	12	29	1	1	1	12	1	1	30	28	28	31	2	31	14	14	21	22	5	5	3	21	8	8
18370	5	5	6	14	5	27	5	14	5	5	1	6	1	3	1	9	1	1	1	1	1	28	16	26	5	14	5	5	5	5	5	5	11	11	5	5	5	25	5	5	5	5	5	5	27	27	27	27	1	1	1	27	1	1	1	1	1	1	14	1	5	5	1	5	12	20	5	12	14	14
18380	14	5	5	14	27	27	12	14	5	5	7	6	1	3	1	9	1	1	1	1	1	28	7	26	3	14	5	5	5	5	5	5	4	11	5	5	5	15	5	5	5	5	1	5	1	7	1	1	1	1	1	1	1	1	1	1	1	1	2	7	1	12	14	27	5	14	24	14	24	24
18390	5	5	14	14	27	27	5	14	5	5	1	6	3	3	1	9	1	1	1	1	7	28	1	26	12	14	5	5	5	5	5	5	3	11	5	5	5	14	5	5	5	5	5	5	5	12	5	5	7	7	21	21	21	21	7	21	1	7	4	1	5	5	31	27	3	14	25	31	25	25
18400	5	5	14	14	31	27	5	14	5	5	6	6	1	3	1	9	1	1	1	1	1	28	26	26	5	14	5	5	5	5	5	5	25	11	5	5	5	25	5	5	5	5	5	5	31	31	12	31	1	1	1	12	1	1	1	1	1	1	4	6	5	5	31	31	3	14	1	31	9	9
18410	5	5	5	14	24	27	3	14	3	5	20	6	3	3	3	9	1	1	1	1	12	28	16	26	5	14	5	5	5	5	5	5	11	11	5	5	5	25	5	5	5	5	5	5	27	27	21	27	1	12	7	21	7	7	3	7	3	3	18	27	3	3	5	30	5	5	5	5	29	29
18420	5	5	13	14	22	27	12	14	5	5	2	6	3	3	1	9	1	1	1	1	1	28	26	26	5	14	5	5	5	5	5	5	3	11	5	5	5	14	5	5	5	5	5	5	31	31	27	31	1	1	12	27	12	12	12	12	21	21	12	27	5	12	19	22	2	13	5	19	12	12
18430	5	5	5	14	2	27	14	14	5	5	28	6	3	3	1	9	1	1	1	1	9	28	26	26	3	14	5	5	5	5	5	5	11	11	5	5	5	25	5	5	5	5	5	5	7	26	1	21	1	9	1	1	1	1	1	1	3	7	27	31	13	14	5	13	5	5	5	5	27	27
18440	5	5	14	14	18	27	5	14	5	5	20	6	7	3	1	9	1	1	1	1	1	28	17	26	5	14	5	5	5	5	5	5	4	11	5	5	5	15	5	5	5	5	5	5	20	28	1	20	1	1	1	1	1	1	1	1	1	7	7	20	5	5	18	29	2	14	3	26	7	7
18450	5	5	5	14	5	27	5	14	5	5	1	6	3	3	4	9	1	1	1	1	1	28	19	26	3	14	5	5	5	5	5	5	3	11	5	5	5	14	5	5	5	5	5	5	19	19	30	30	1	1	31	31	31	31	28	31	31	31	12	31	5	5	5	5	5	5	5	5	12	12
18460	5	5	14	14	16	27	5	14	5	5	2	6	3	3	1	9	1	1	1	1	1	28	3	26	14	14	5	5	5	5	5	5	11	11	5	5	5	25	5	5	5	5	5	5	5	14	5	5	1	1	1	12	1	1	1	1	7	7	15	16	5	5	16	27	3	14	4	16	15	15
18470	5	5	5	14	1	27	3	14	3	5	1	6	5	3	17	9	5	1	9	1	4	28	4	26	4	14	14	5	5	5	5	5	16	11	5	5	20	27	5	5	5	20	2	14	1	4	2	6	13	9	5	13	4	5	5	17	25	5	5	29	1	3	2	1	2	5	5	2	5	5
18480	5	5	5	14	10	27	3	14	8	5	9	6	1	3	1	9	13	1	5	1	5	28	23	26	5	14	1	5	3	5	3	5	2	11	2	5	20	2	5	3	5	20	2	12	2	23	5	2	5	5	3	5	1	22	1	1	1	1	4	9	4	8	2	10	10	5	22	10	30	30
18490	3	5	3	14	13	27	15	14	1	5	1	6	7	3	12	9	4	1	3	1	20	28	3	26	28	14	5	5	17	5	1	5	26	11	5	5	26	31	5	17	26	31	11	31	4	31	2	11	2	27	5	2	5	15	1	12	1	7	5	1	5	23	3	13	3	3	16	3	27	27
18500	1	5	25	14	3	27	11	14	5	5	3	6	4	3	1	9	4	1	3	1	14	28	9	26	4	14	12	5	26	5	2	5	3	11	3	5	4	3	4	26	5	4	1	12	25	9	14	29	5	14	4	14	1	4	4	1	3	4	27	3	2	25	2	8	2	29	5	2	27	27
18510	5	5	5	14	5	27	5	14	5	5	1	6	1	3	4	9	4	1	12	1	1	28	3	26	3	14	5	5	5	5	5	5	5	11	5	5	5	5	5	5	5	5	5	5	5	3	5	5	5	12	4	5	4	4	1	4	1	1	5	1	5	5	4	5	5	5	15	15	15	15
18520	5	5	5	14	21	27	5	14	5	5	1	6	3	3	4	9	1	1	1	1	9	28	17	26	5	14	5	5	5	5	5	5	11	11	5	5	14	25	5	5	5	14	5	5	20	28	20	20	1	9	28	20	28	28	24	28	30	30	20	31	5	5	21	21	5	5	3	21	27	27
18530	5	5	16	14	16	27	5	14	5	5	3	6	3	3	1	9	1	1	1	1	1	28	1	26	5	14	12	5	5	5	5	5	4	11	5	5	5	15	5	5	5	5	1	12	1	12	1	1	1	1	1	1	1	1	1	1	7	7	3	7	5	5	3	27	13	27	6	22	16	16
18540	5	5	5	14	5	27	5	14	5	5	1	6	1	3	1	9	1	1	1	1	1	28	25	26	3	14	5	5	5	5	5	5	4	11	5	5	5	15	5	5	5	5	5	5	5	25	5	5	1	1	1	12	1	1	1	1	1	1	7	1	5	5	12	5	5	5	1	12	7	7
18550	1	5	21	14	9	27	5	14	5	5	1	6	1	3	1	9	1	1	1	1	1	28	23	26	5	14	5	5	5	5	5	5	3	11	5	5	5	14	5	5	5	5	5	5	5	23	5	5	1	1	1	12	1	1	1	1	1	1	5	1	4	5	16	9	3	21	1	16	12	12
18560	5	5	14	14	5	27	5	14	5	5	1	6	3	3	1	9	1	1	1	1	1	28	17	26	3	14	5	5	5	5	5	5	3	11	5	5	5	14	5	5	5	5	5	5	26	26	31	31	1	1	31	31	31	31	31	31	31	31	7	31	5	5	5	5	5	14	3	5	7	7
18570	5	5	5	14	31	27	14	14	5	5	17	6	1	3	4	9	1	1	1	1	1	28	16	26	3	14	1	5	5	5	5	5	18	11	5	5	12	29	5	5	1	12	1	1	1	16	1	1	1	1	1	1	1	1	1	9	1	1	4	17	5	14	28	31	5	5	4	28	4	4
18580	12	5	1	14	20	27	21	14	5	5	27	6	1	3	9	9	1	1	1	1	1	28	9	26	3	14	5	5	5	5	5	5	11	11	5	5	5	25	5	5	5	5	1	5	1	18	1	1	1	1	1	1	1	1	1	9	1	1	1	27	5	21	3	20	3	12	23	3	23	23
18590	5	5	5	14	11	27	5	14	5	5	27	6	7	3	9	9	1	1	1	1	1	28	26	26	5	14	5	5	5	5	5	5	4	11	5	5	5	15	5	5	5	5	5	5	12	31	1	12	1	1	1	1	1	1	1	9	1	7	4	27	5	5	3	25	28	5	25	31	25	25
18600	5	5	5	14	27	27	5	14	5	5	2	6	3	3	1	9	1	1	1	1	1	28	26	26	5	14	5	5	5	5	5	5	11	11	5	5	14	25	5	5	5	14	5	5	30	31	30	30	1	1	31	31	29	31	29	29	29	29	8	31	5	5	5	27	3	5	3	14	8	8
18610	5	5	5	14	16	27	14	14	5	5	2	6	3	3	4	9	1	1	1	1	23	28	4	26	14	14	5	5	5	5	5	5	11	11	5	5	5	25	5	5	5	5	5	5	5	25	5	5	12	23	12	12	12	12	23	23	29	29	5	31	5	14	22	27	3	5	5	22	5	5
18620	5	5	5	14	5	27	5	14	5	5	1	6	25	3	1	9	1	1	1	1	1	28	18	26	5	14	5	5	5	5	5	5	11	11	5	5	15	25	5	5	5	15	5	5	12	29	1	12	1	1	1	1	1	1	1	1	29	29	2	29	5	5	5	5	11	5	29	25	31	31
18630	5	5	5	14	25	27	5	14	5	5	4	6	3	3	7	9	1	1	1	1	7	28	20	26	5	14	5	5	5	5	5	5	3	11	14	5	5	14	5	5	5	5	5	5	5	20	5	5	7	7	1	21	1	1	7	7	7	7	18	18	1	5	26	29	5	5	3	31	18	18
18640	12	5	5	14	30	27	5	14	5	5	2	6	3	3	1	9	1	1	2	1	12	28	29	26	3	14	5	5	5	5	5	5	3	11	5	5	5	14	5	5	5	5	5	5	5	29	5	5	6	20	20	20	20	20	20	20	27	27	4	27	5	5	15	30	1	12	21	23	29	29
18650	1	5	5	14	2	27	5	14	5	5	4	6	3	3	4	9	1	1	1	1	4	28	18	26	5	14	5	5	5	5	14	5	11	11	5	5	5	25	5	14	5	5	5	5	15	29	15	15	4	9	15	15	9	23	15	9	4	25	1	4	5	5	4	13	4	12	27	4	27	27
18660	5	5	27	14	11	27	5	14	5	5	2	6	28	3	1	9	1	1	1	1	12	28	9	26	5	14	5	5	5	5	5	5	3	11	5	5	5	14	5	5	5	5	5	5	5	23	5	5	5	12	5	5	12	12	5	12	17	28	2	17	5	5	3	25	25	27	6	25	6	6
18670	5	5	5	14	26	27	5	14	5	5	1	6	1	3	1	9	1	1	1	1	1	28	17	26	5	14	5	5	5	5	5	5	11	11	5	5	5	25	5	5	5	5	5	5	28	28	23	28	1	1	1	23	1	1	1	1	1	1	3	1	5	5	17	31	4	5	5	17	14	14
18680	5	5	5	14	2	27	14	14	4	5	20	6	1	3	1	9	1	1	1	1	1	28	1	26	14	14	5	5	5	5	5	5	3	11	5	5	5	14	5	5	5	5	5	5	27	21	1	27	1	1	1	1	1	1	1	1	1	1	6	20	2	25	2	2	26	5	4	26	17	17
18690	3	5	3	14	3	27	22	14	5	5	2	6	3	3	1	9	15	1	1	1	12	28	26	26	5	14	5	5	5	5	5	5	3	11	5	5	5	14	5	5	5	5	5	5	5	31	5	5	5	12	5	5	15	15	8	23	8	8	4	8	2	22	8	8	3	3	1	8	9	9
18700	5	5	5	14	5	27	3	14	7	5	2	6	2	3	2	9	2	1	1	1	1	28	26	26	3	14	5	5	5	5	5	5	11	11	5	5	5	25	5	5	5	5	5	5	20	26	6	20	1	1	2	6	2	2	2	2	2	2	2	2	26	7	2	31	2	5	29	2	31	31
18710	5	5	22	14	5	27	14	14	5	5	27	6	1	3	1	9	1	1	1	1	12	28	3	26	14	14	5	5	5	5	5	5	4	11	15	5	5	15	5	5	5	5	5	5	5	14	5	5	12	12	1	12	1	1	1	1	1	1	18	27	5	14	5	5	30	22	5	30	29	29
18720	5	5	14	14	26	27	3	14	5	5	2	6	3	3	4	9	1	1	1	1	28	28	3	26	14	14	5	5	5	5	5	5	4	11	5	5	5	15	5	5	5	5	5	5	5	14	5	5	28	28	28	28	28	28	28	28	31	31	11	31	5	14	13	31	2	14	5	13	25	25
18730	5	5	3	14	5	27	5	14	5	5	1	6	3	3	1	9	1	1	1	1	1	28	26	26	5	14	5	5	5	5	5	5	4	11	5	5	5	15	5	5	5	5	5	5	31	31	31	31	1	1	31	31	31	31	31	31	31	31	14	31	5	5	5	5	5	14	4	5	25	25
18740	5	5	3	14	26	27	14	14	5	5	1	6	3	3	1	9	1	1	1	1	24	28	28	26	5	14	5	5	5	5	5	5	4	11	5	5	5	15	5	5	5	5	5	5	5	28	5	5	28	28	28	28	28	28	28	28	28	31	11	28	5	14	19	31	3	14	3	19	11	11
18750	5	5	5	14	14	27	5	14	5	5	2	6	3	3	1	9	1	1	1	1	6	28	26	26	5	14	5	5	5	5	5	5	11	11	5	5	5	25	5	5	5	5	5	5	5	31	5	5	16	6	21	27	21	21	21	21	21	21	4	27	5	5	15	14	5	5	4	15	4	4
18760	5	5	14	14	13	27	5	14	5	5	20	6	3	3	4	9	1	1	1	1	1	28	3	26	3	14	5	5	5	5	5	5	25	11	5	5	5	25	5	5	5	5	5	5	3	3	3	14	1	1	21	7	14	21	8	25	3	8	2	27	5	5	22	13	3	14	2	22	2	2
18770	5	5	5	14	5	27	5	14	5	5	1	6	9	3	1	9	1	1	1	1	1	28	1	26	14	14	5	5	5	5	5	5	11	11	5	5	5	25	5	5	5	5	5	5	12	21	1	12	1	1	1	1	1	1	1	1	1	9	17	1	13	5	5	13	5	5	1	5	17	17
18780	5	5	27	14	28	27	15	14	5	5	3	6	1	3	3	9	1	1	1	1	9	28	17	26	5	14	5	5	5	5	5	5	5	11	5	5	5	5	5	5	5	5	5	5	5	28	5	5	9	9	4	23	9	9	7	18	7	7	14	7	5	15	2	28	26	27	5	26	14	14
18790	5	5	5	14	16	27	5	14	5	5	5	6	3	3	1	9	1	1	1	1	1	28	9	26	5	14	5	5	5	5	5	5	5	11	5	5	5	5	5	5	5	5	5	5	12	23	1	12	1	1	1	1	1	1	1	1	7	7	15	21	5	5	30	27	5	5	2	30	24	24
18800	5	5	5	14	9	27	5	14	5	5	1	6	1	3	1	9	1	1	1	1	1	28	3	26	3	14	3	5	5	5	5	5	12	11	5	5	5	12	5	5	14	5	3	14	3	3	1	3	1	1	1	1	1	1	1	1	1	1	4	1	5	5	16	23	5	5	11	27	11	11
18810	5	5	12	14	4	27	14	14	5	5	17	6	1	3	1	9	1	1	1	1	9	28	26	26	5	14	5	5	5	5	5	5	4	11	5	5	15	15	5	5	5	15	5	5	29	31	7	29	4	9	1	18	1	1	1	1	1	1	2	17	5	14	5	15	12	12	18	12	26	26
18820	5	5	5	14	14	27	5	14	5	5	1	6	3	3	1	9	1	1	1	1	1	28	19	26	5	14	5	5	5	5	5	5	4	11	5	5	5	15	5	5	5	5	5	5	19	30	30	30	1	1	31	31	31	31	19	31	19	19	29	26	5	5	3	14	5	5	2	14	31	31
18830	5	5	3	14	5	27	3	14	5	5	1	6	3	3	4	9	1	1	1	1	1	28	26	26	3	14	5	5	5	5	5	5	3	11	5	5	5	14	5	5	5	5	5	5	17	26	20	28	1	1	20	20	20	20	17	28	26	26	4	26	5	14	5	5	5	14	26	5	26	26
18840	5	5	14	14	22	27	5	14	5	5	1	6	3	3	4	9	1	1	1	1	1	28	26	26	5	14	5	5	5	5	5	5	4	11	5	5	5	15	5	5	5	5	5	5	31	31	31	31	1	1	31	31	31	31	31	31	31	31	11	31	5	5	14	22	3	14	5	14	25	25
18850	5	5	22	14	22	27	5	14	5	5	2	6	1	3	18	9	1	1	1	1	1	28	3	26	14	14	5	5	5	5	5	5	14	11	5	5	5	14	5	5	5	5	5	5	5	14	5	5	1	1	1	12	1	1	18	18	7	18	4	16	5	5	1	22	1	22	19	1	19	19
18860	5	5	10	14	31	27	5	14	15	5	30	6	1	3	1	9	1	1	1	1	1	28	26	26	5	14	5	5	5	5	5	5	3	11	5	5	5	14	5	5	5	5	5	5	15	31	4	15	1	1	1	9	1	1	1	1	1	1	12	31	5	15	28	31	1	24	4	28	23	23
18870	5	5	5	14	20	27	5	14	5	5	5	6	3	3	4	9	1	1	1	1	9	28	31	26	5	14	5	5	5	5	5	5	11	11	5	5	25	25	5	5	5	25	5	5	28	31	28	28	1	9	24	28	28	28	28	28	31	31	14	31	5	5	5	20	5	5	5	5	14	14
18880	5	5	5	14	5	27	5	14	5	5	1	6	2	3	1	9	1	1	1	1	12	28	26	26	5	14	5	5	5	5	5	5	11	11	5	5	5	25	5	5	5	5	5	5	27	31	27	27	5	12	21	27	21	21	21	21	27	27	5	27	5	5	5	5	5	5	5	5	5	5
18890	5	5	3	14	2	27	14	14	5	5	1	6	3	3	1	9	1	1	1	1	1	28	26	26	5	14	5	5	5	5	5	5	4	11	5	5	5	15	5	5	5	5	5	5	31	31	31	31	1	1	31	31	31	31	31	31	31	31	22	31	25	14	23	30	3	14	5	29	22	22
18900	5	5	5	14	21	27	14	14	5	5	2	6	3	3	7	9	1	1	1	1	1	28	16	26	5	14	5	5	5	5	5	5	25	11	5	5	5	25	5	5	5	5	5	5	12	27	1	12	1	1	1	1	1	1	3	7	3	3	19	8	3	14	3	21	5	5	4	14	19	19
18910	5	5	14	14	27	27	5	14	5	5	2	6	3	3	2	9	1	1	1	1	12	28	20	26	5	14	5	5	5	5	5	5	11	11	5	5	5	25	5	5	5	5	5	5	13	20	13	13	5	12	22	13	27	27	27	27	27	27	1	27	5	5	16	27	1	14	2	16	6	6
18920	5	5	5	14	29	27	5	14	5	5	2	6	3	3	1	9	1	1	1	1	1	28	9	26	5	14	5	5	5	5	5	5	3	11	5	5	5	14	5	5	5	5	5	5	23	23	23	23	1	1	23	23	23	23	23	23	29	29	9	31	5	5	14	29	5	5	5	14	23	23
18930	5	5	14	14	16	27	5	14	5	5	2	6	3	3	9	9	1	1	1	1	1	28	11	26	3	14	5	5	5	5	5	5	3	11	14	5	14	14	5	5	14	14	14	14	3	11	14	14	1	1	1	21	1	1	9	9	18	18	30	26	5	5	20	27	3	14	4	27	30	30
18940	5	5	1	14	5	27	5	14	5	5	2	6	3	3	2	9	1	1	1	1	1	28	27	26	5	14	5	5	5	5	5	5	3	11	5	5	5	14	5	5	5	5	5	5	30	27	31	30	2	1	30	31	27	31	3	27	3	3	15	8	5	5	13	5	5	12	5	13	15	15
18950	5	5	5	14	2	27	5	14	5	5	1	6	1	3	1	9	1	1	1	1	1	28	16	26	5	14	5	5	5	5	5	5	11	11	5	5	5	25	5	5	5	5	5	5	12	27	12	12	1	1	1	12	1	1	1	1	1	1	4	1	5	5	3	13	5	5	16	14	26	26
18960	5	5	5	14	26	27	5	14	5	5	1	6	3	3	17	9	1	1	1	1	1	28	3	26	14	14	5	5	5	5	5	5	3	11	5	5	5	14	5	5	5	5	5	5	5	14	5	5	1	1	12	12	5	12	28	28	30	31	13	31	5	5	26	31	2	5	2	26	13	13
18970	5	5	5	14	31	27	5	14	5	5	1	6	3	3	4	9	1	1	1	1	1	28	26	26	3	14	5	5	5	5	5	5	4	11	15	5	5	15	5	5	5	5	5	5	26	26	31	31	1	1	31	31	31	31	31	31	31	31	3	31	5	5	23	31	3	5	24	29	30	30
18980	5	5	14	14	30	27	5	14	5	5	1	6	1	3	1	9	1	1	1	1	1	28	1	26	3	14	12	5	5	5	5	5	3	11	5	5	5	14	5	5	5	5	1	12	1	7	1	1	1	1	1	1	1	1	1	1	1	1	1	1	5	5	31	30	5	14	6	31	6	6
18990	5	5	5	14	10	27	5	14	5	5	17	6	1	3	1	9	1	1	1	1	1	28	3	26	3	14	5	5	5	5	5	5	4	11	5	5	5	15	5	5	5	5	5	5	1	3	1	12	1	1	1	1	1	1	1	1	1	1	15	17	5	5	27	24	4	5	1	31	23	23
19000	5	5	5	14	1	27	7	14	5	5	1	6	3	3	5	9	1	1	2	1	2	28	16	26	3	14	5	5	5	5	5	5	11	11	5	5	5	25	5	5	5	5	5	5	2	16	13	13	2	2	13	13	20	20	28	20	17	31	28	17	1	21	1	1	9	5	3	9	31	31
19010	12	5	5	14	1	27	25	14	5	5	1	6	3	3	29	9	1	1	1	1	1	28	9	26	5	14	5	5	5	5	5	5	4	11	5	5	5	15	5	5	5	5	5	5	12	23	12	12	1	1	1	12	1	1	29	29	29	29	19	29	19	25	26	26	4	12	3	26	19	19
19020	5	5	5	14	29	27	14	14	5	5	3	6	3	3	1	9	1	1	1	1	24	28	3	26	14	14	5	5	5	5	5	5	4	11	15	5	5	15	5	5	5	5	5	5	5	14	5	5	17	28	28	28	28	28	28	28	28	31	5	31	5	14	31	29	5	5	17	31	28	28
19030	12	5	5	14	6	27	14	14	5	5	2	6	3	3	4	9	1	1	1	1	1	28	18	26	5	14	5	5	5	5	5	5	5	11	5	5	5	5	5	5	5	5	5	5	29	29	29	29	1	1	29	29	29	29	23	29	29	29	13	31	3	14	7	16	1	12	1	7	20	20
19040	5	5	14	14	20	27	14	14	5	5	4	6	3	3	4	9	1	1	1	1	1	28	3	26	14	14	5	5	5	5	5	5	15	11	5	5	5	15	5	5	5	5	5	5	14	14	5	14	1	1	1	12	1	1	9	9	18	18	6	18	5	14	4	20	23	14	2	23	6	6
19050	5	5	5	14	27	27	5	14	5	5	1	6	18	3	9	9	1	1	1	1	1	28	18	26	5	14	5	5	5	5	5	5	3	11	5	5	5	14	5	5	5	5	5	5	12	29	1	12	1	1	1	1	1	1	4	9	18	18	4	18	5	5	22	27	5	5	12	22	23	23
19060	5	5	14	14	28	27	5	14	5	5	2	6	3	3	1	9	1	1	1	1	4	28	1	26	5	14	5	5	5	5	5	5	4	11	5	5	5	15	5	5	5	5	5	5	5	12	5	5	9	9	23	23	4	23	1	9	18	7	5	26	5	5	28	28	5	14	5	28	5	5
19070	12	5	3	14	26	27	5	14	5	5	2	6	3	3	1	9	1	1	1	1	24	28	3	26	14	14	5	5	5	5	5	5	11	11	5	5	5	25	5	5	5	5	5	5	5	14	5	5	28	28	15	28	23	23	23	23	29	29	22	31	5	5	14	31	3	21	2	14	22	22
19080	5	5	5	14	6	27	5	14	5	5	1	6	1	3	1	9	1	1	1	1	1	28	7	26	3	14	5	5	5	5	5	5	11	11	5	5	5	25	5	5	5	5	5	5	7	7	14	21	1	1	12	21	1	12	1	1	1	1	9	1	5	5	13	20	5	5	3	13	18	18
19090	5	5	14	14	21	27	5	14	5	5	1	6	3	3	1	9	1	1	1	1	9	28	3	26	14	14	5	5	5	5	5	5	11	11	5	5	5	25	5	5	5	5	5	5	5	14	5	5	9	9	1	23	1	1	1	1	16	7	2	16	5	5	27	21	5	14	18	27	26	26
19100	14	5	3	14	30	27	21	14	5	5	1	6	1	3	1	9	1	1	1	1	1	28	31	26	5	14	5	5	5	5	5	5	3	11	5	5	5	14	5	5	5	5	5	5	31	31	26	31	1	1	26	26	16	26	1	16	1	1	15	1	3	21	31	30	5	14	3	31	25	25
19110	5	5	5	14	22	27	22	14	5	5	1	6	21	3	1	9	1	1	1	1	6	28	19	26	5	14	5	5	5	5	5	5	3	11	5	5	5	14	5	5	5	5	5	5	15	30	9	15	1	6	1	9	1	1	1	1	21	21	1	21	3	22	31	22	5	5	8	31	16	16
19120	5	5	14	14	29	27	5	14	5	5	27	6	4	3	1	9	1	1	1	1	1	28	18	26	5	14	5	5	5	5	5	5	3	11	5	5	5	14	5	5	5	5	5	5	12	29	1	12	1	1	1	1	1	1	1	1	4	9	21	31	5	5	31	29	3	14	1	31	21	21
19130	5	5	5	14	17	27	14	14	5	5	2	6	3	3	1	9	1	1	1	1	1	28	26	26	5	14	5	5	5	5	5	5	11	11	5	5	5	25	5	5	5	5	5	5	12	31	12	12	1	1	1	12	1	1	1	1	7	7	25	16	5	14	25	28	1	5	4	29	25	25
19140	5	5	14	14	3	27	14	14	5	5	2	6	3	3	4	9	1	1	1	1	12	28	16	26	3	14	5	5	5	5	5	5	4	11	5	5	5	15	5	5	5	5	5	5	2	16	5	13	12	12	21	12	21	21	29	29	29	29	25	31	3	14	3	3	3	14	3	3	25	25
19150	5	5	5	14	5	27	5	14	5	5	1	6	3	3	1	9	1	1	1	1	1	28	29	26	5	14	5	5	5	5	5	5	11	11	5	5	5	25	5	5	5	5	5	5	12	29	1	12	1	1	1	1	1	1	1	1	7	7	5	7	5	5	5	5	5	5	5	5	5	5
19160	9	5	5	14	26	27	5	14	5	5	2	6	8	3	1	9	1	1	1	1	1	28	27	26	5	14	5	5	5	5	5	5	11	11	5	5	5	25	5	5	5	5	5	5	12	27	12	12	1	1	1	12	1	1	1	1	16	16	1	16	5	5	31	31	1	23	13	31	20	20
19170	5	5	5	14	3	27	27	14	5	5	1	6	1	3	1	9	1	1	1	1	1	28	7	26	3	14	5	5	5	5	5	5	3	11	5	5	5	14	5	5	5	5	5	5	1	7	1	12	1	1	1	1	1	1	1	1	1	1	5	1	22	27	24	22	5	5	13	24	13	13
19180	5	5	5	14	1	27	14	14	5	5	2	6	3	3	5	9	1	1	1	1	1	28	27	26	5	14	5	5	5	5	5	5	4	11	5	5	5	15	5	5	5	5	5	5	13	27	2	13	1	1	1	6	1	1	12	12	21	21	1	27	5	14	31	12	5	5	26	31	26	26
19190	5	5	8	14	31	27	3	14	5	5	2	6	3	3	18	9	1	1	1	1	1	28	8	26	5	14	5	5	5	5	5	5	3	11	5	5	5	14	5	5	5	5	5	5	5	22	5	5	1	1	1	12	1	1	11	18	11	11	26	19	3	14	2	31	7	22	1	16	26	26
19200	5	5	5	14	31	27	5	14	5	5	2	6	3	3	28	9	1	1	1	1	1	28	22	26	5	14	5	5	5	5	5	5	5	11	5	5	5	5	5	5	5	5	5	5	5	22	5	5	1	1	1	12	1	1	28	28	30	31	1	30	5	5	4	31	2	5	24	10	28	28
19210	5	5	5	14	31	27	14	14	5	5	2	6	7	3	1	9	1	1	1	1	1	28	18	26	3	14	5	5	5	5	5	5	4	11	15	5	5	15	5	5	5	5	5	5	1	18	1	12	1	1	1	1	1	1	1	1	6	7	4	6	1	14	26	31	4	5	10	26	10	10
19220	5	5	3	14	31	27	5	14	5	5	2	6	3	3	1	9	1	1	1	1	1	28	8	26	3	14	5	5	5	5	5	5	3	11	5	5	14	14	5	5	14	14	14	14	3	8	5	14	1	1	1	12	1	1	1	1	7	7	2	16	5	5	3	31	3	14	3	3	8	8
19230	5	5	5	14	16	27	5	14	5	5	2	6	1	3	1	9	1	1	1	1	1	28	16	26	5	14	5	5	5	5	5	5	11	11	5	5	5	25	5	5	5	5	5	5	27	27	27	27	1	1	6	27	6	6	6	6	6	6	1	6	5	5	6	27	5	5	1	20	1	1
19240	5	5	14	14	27	27	5	14	5	5	12	6	3	3	1	9	1	1	1	1	1	28	26	26	5	14	5	5	5	5	5	5	4	11	5	5	5	15	5	5	5	5	5	5	18	31	21	29	1	1	21	21	7	21	3	7	3	3	3	21	5	5	3	27	3	14	3	3	3	3
19250	5	5	7	14	16	27	14	14	5	5	2	6	3	3	1	9	1	1	1	1	1	28	6	26	5	14	5	5	5	5	5	5	3	11	5	5	5	14	5	5	5	5	5	5	12	20	1	12	1	1	1	1	1	1	1	1	7	7	17	16	3	14	1	16	19	21	5	26	28	28
19260	14	5	3	14	14	27	5	14	5	5	2	6	3	3	4	9	1	1	1	1	1	28	12	26	3	14	5	5	5	5	5	5	11	11	5	5	5	25	5	5	5	5	5	5	21	21	7	21	1	1	1	7	1	1	9	9	18	18	19	26	5	5	25	14	5	14	2	25	19	19
19270	5	5	5	14	5	27	14	14	5	5	28	6	3	3	9	9	1	1	1	1	12	28	3	26	14	14	5	5	5	5	5	5	5	11	5	5	5	5	5	5	5	5	5	5	5	14	5	5	12	12	1	12	1	1	3	9	3	3	20	31	21	14	21	21	5	5	1	21	20	20
19280	3	5	15	14	3	27	15	14	5	5	13	6	1	3	1	9	1	1	1	1	1	28	26	26	5	14	5	5	5	5	5	5	3	11	5	5	5	14	5	5	5	5	5	5	12	31	1	12	1	1	1	1	1	1	1	1	1	1	14	20	5	15	1	14	6	25	3	6	14	14
19290	25	5	5	14	3	27	21	14	5	5	1	6	3	3	4	9	1	1	1	1	1	28	3	26	3	14	5	5	5	5	5	5	3	11	5	5	5	14	5	5	5	5	5	5	3	3	14	14	1	1	12	21	12	12	23	23	29	29	30	29	3	21	4	3	4	25	3	4	30	30
19300	5	5	5	14	8	27	5	14	5	5	1	6	2	3	1	9	1	1	1	1	1	28	26	26	5	14	5	5	5	5	5	5	15	11	5	5	5	15	5	5	5	5	5	5	23	31	1	23	1	1	1	1	1	1	6	1	9	6	2	9	5	5	26	22	5	5	8	31	8	8
19310	5	5	5	14	31	27	5	14	5	5	28	6	3	3	1	9	1	1	1	1	1	28	23	26	5	14	5	5	5	5	5	5	11	11	5	5	5	25	5	5	5	5	5	5	5	23	5	5	1	1	1	12	1	1	3	1	3	3	11	31	5	5	26	31	5	5	4	31	11	11
19320	2	5	16	14	2	27	5	14	5	5	1	6	1	3	5	9	4	1	14	1	5	28	15	26	4	14	5	5	5	5	5	5	11	11	5	5	5	25	5	5	5	5	5	5	14	15	3	14	3	14	3	3	3	11	1	14	1	1	12	1	13	5	5	13	1	16	4	12	23	23
19330	5	5	12	14	23	27	14	14	3	5	28	6	3	3	3	9	3	1	1	1	5	28	11	26	3	14	5	5	5	5	5	5	4	11	5	5	5	15	5	5	5	5	5	5	3	11	5	14	14	12	3	14	3	3	3	3	3	3	1	31	5	14	4	23	21	12	5	29	12	12
19340	5	5	5	14	26	27	5	14	5	5	16	6	1	3	1	9	1	1	1	1	1	28	12	26	5	14	5	5	5	5	5	5	5	11	5	5	5	5	5	5	5	5	5	5	12	12	1	12	1	1	1	1	1	1	1	1	1	1	19	16	5	5	30	31	5	5	3	30	19	19
19350	5	5	5	14	28	27	5	14	5	5	2	6	8	3	1	9	1	1	1	1	12	28	5	26	5	14	5	5	5	5	5	5	3	11	5	5	5	14	5	5	5	5	5	5	5	5	5	5	12	12	1	12	1	1	1	1	16	16	3	16	5	5	31	28	5	5	8	31	8	8
19360	14	5	5	14	24	27	14	14	5	5	1	6	1	3	1	9	1	1	1	1	6	28	3	26	21	14	5	5	5	5	5	5	25	11	5	5	5	25	5	5	5	5	5	5	7	21	1	21	1	6	1	1	1	1	1	1	1	1	19	1	3	14	4	30	4	14	3	4	19	19
19370	5	5	14	14	5	27	5	14	5	5	2	6	3	3	4	9	1	1	1	1	28	28	11	26	3	14	5	5	5	5	5	5	11	11	5	5	14	25	5	5	14	14	3	14	3	11	3	3	28	28	31	31	31	31	31	31	26	31	15	26	5	5	5	5	5	14	5	5	15	15
19380	5	5	5	14	25	27	5	14	5	5	1	6	3	3	15	9	1	1	1	1	1	28	26	26	3	14	5	5	5	5	5	5	3	11	5	5	5	14	5	5	5	5	5	5	26	26	27	31	1	1	1	27	1	1	23	23	21	29	9	21	5	5	15	25	2	5	5	24	23	23
19390	2	5	5	14	3	27	3	14	13	5	22	6	4	3	4	9	4	1	5	1	5	28	14	26	1	14	5	5	5	5	5	5	1	11	12	5	5	12	5	5	5	5	5	5	1	21	5	12	5	5	4	5	4	4	4	4	4	4	5	30	28	22	13	31	4	13	10	24	24	24
19400	5	5	5	14	27	27	14	14	5	5	2	6	3	3	1	9	1	1	1	1	1	28	3	26	14	14	5	5	5	5	5	5	11	11	5	5	25	25	5	5	5	25	5	5	5	14	5	5	1	1	1	12	1	1	1	1	1	7	1	6	3	14	19	27	5	5	28	30	28	28
19410	5	5	5	14	5	27	5	14	5	5	1	6	18	3	12	9	1	1	1	1	1	28	1	26	5	14	5	5	5	5	5	5	3	11	5	5	5	14	5	5	5	5	5	5	12	12	1	12	1	1	1	1	1	1	1	12	18	18	10	18	13	5	2	13	2	5	2	2	10	10
19420	5	5	5	14	27	27	21	14	5	5	2	6	3	3	1	9	1	1	1	1	23	28	3	26	14	14	5	5	5	5	5	5	4	11	5	5	5	15	5	5	5	5	5	5	5	14	5	5	23	23	23	23	23	23	23	23	29	29	22	31	1	21	14	27	5	5	5	14	22	22
19430	5	5	5	14	14	27	14	14	5	5	2	6	2	3	1	9	1	1	1	1	1	28	3	26	14	14	5	5	5	5	5	5	3	11	5	5	3	14	5	5	5	14	5	5	5	14	5	5	1	1	1	12	1	1	1	1	6	6	3	6	5	14	5	14	5	5	3	5	3	3
19440	5	5	22	14	15	27	14	14	5	5	8	6	3	3	1	9	1	1	1	1	1	28	16	26	4	14	5	5	5	5	5	5	5	11	5	5	5	5	5	5	5	5	5	5	26	26	31	31	1	1	31	31	31	31	3	31	3	3	5	8	5	14	3	15	9	22	4	18	15	15
19450	5	5	14	14	12	27	5	14	5	5	1	6	3	3	1	9	1	1	1	1	5	28	26	26	5	14	5	5	5	5	5	5	11	11	5	5	5	25	5	5	5	5	5	5	5	31	5	5	12	12	1	12	1	1	1	1	7	7	2	7	5	5	1	12	3	14	31	7	31	31
19460	5	5	19	14	6	27	14	14	5	5	2	6	29	3	9	9	1	1	1	1	1	28	1	26	5	14	5	5	5	5	5	5	11	11	5	5	22	25	5	5	5	22	5	5	12	12	12	12	1	1	12	12	1	12	1	9	29	29	3	31	3	14	29	16	2	30	30	31	30	30
19470	14	5	1	14	9	27	9	14	3	5	20	6	4	3	4	9	1	1	4	1	4	28	6	26	3	14	5	5	5	5	5	5	5	11	5	5	5	5	5	5	5	5	5	5	25	16	4	25	4	4	4	4	1	9	9	9	4	9	1	28	1	18	29	9	2	21	1	31	1	1
19480	5	5	5	14	11	27	5	14	5	5	3	6	2	3	5	9	2	1	5	1	4	28	19	26	5	14	5	5	5	5	5	5	11	11	5	5	5	25	5	5	5	5	5	5	5	30	5	5	5	15	5	5	13	13	2	13	2	2	15	8	5	5	29	25	5	5	3	29	25	25
19490	5	5	29	14	31	27	5	14	9	5	9	6	3	3	16	9	1	1	1	1	1	28	31	26	5	14	5	5	13	5	5	5	14	11	5	5	5	14	5	13	5	5	5	5	6	31	1	20	1	1	1	1	1	1	3	16	3	3	19	18	5	23	1	31	26	29	2	26	19	19
19500	5	5	3	14	26	27	5	14	5	5	1	6	1	3	1	9	1	1	1	1	23	28	9	26	5	14	5	5	5	5	5	5	15	11	5	5	5	15	5	5	5	5	5	5	5	23	5	5	23	23	1	23	1	1	1	1	1	1	24	1	5	5	12	31	4	14	4	23	24	24
19510	5	5	5	14	18	27	5	14	5	5	2	6	3	3	9	9	1	1	1	1	12	28	3	26	14	14	5	5	5	5	5	5	11	11	5	5	5	25	5	5	5	5	5	5	5	14	5	5	12	12	1	12	1	1	1	9	7	7	6	16	5	5	31	29	5	5	3	31	16	16
19520	5	5	17	14	18	27	5	14	5	5	1	6	3	3	3	9	1	1	1	1	1	28	5	26	5	14	5	5	5	5	5	5	11	11	5	5	5	25	5	5	5	5	5	5	5	5	5	5	1	1	1	12	1	1	7	7	1	7	2	1	5	5	2	29	2	28	3	2	8	8
19530	5	5	14	14	2	27	5	14	5	5	1	6	3	3	1	9	1	1	1	1	1	28	18	26	5	14	5	5	5	5	5	5	4	11	5	5	5	15	5	5	5	5	5	5	12	29	1	12	1	1	1	1	1	1	1	1	7	7	1	7	29	5	11	31	5	14	1	25	1	1
19540	5	5	11	14	26	27	5	14	5	5	2	6	1	3	2	9	1	1	1	1	22	28	16	26	5	14	5	5	5	5	5	5	4	11	13	5	5	24	5	5	5	5	5	5	5	27	5	5	20	27	12	20	12	12	30	20	29	31	3	31	5	5	5	31	3	25	26	14	26	26
19550	12	5	3	14	16	27	5	14	5	5	1	6	1	3	1	9	1	1	1	1	1	28	17	26	5	14	5	5	5	5	5	5	25	11	5	5	5	25	5	5	5	5	5	5	12	28	12	12	1	1	12	12	1	12	1	1	1	1	11	1	5	5	3	27	7	21	5	7	25	25
19560	24	5	5	14	5	27	5	14	5	5	4	6	5	3	1	9	4	1	2	1	14	28	5	26	3	14	5	5	5	5	5	5	2	11	5	5	5	13	5	5	5	5	5	5	5	14	5	5	8	22	12	22	28	23	24	28	15	24	4	15	10	5	25	24	1	24	4	29	4	4
19570	5	5	7	14	6	27	5	14	5	5	2	6	1	3	1	9	9	1	1	1	1	28	7	26	3	14	5	5	5	5	5	5	11	11	5	5	5	25	5	5	5	5	5	5	1	7	1	12	1	1	1	1	1	9	1	1	7	1	4	16	5	5	20	20	4	21	17	28	17	17
19580	5	5	5	14	5	27	5	14	5	5	29	6	1	3	1	9	1	1	1	1	6	28	29	26	3	14	12	5	5	5	5	5	3	11	5	5	5	14	5	5	5	5	1	12	1	29	1	1	1	6	1	1	1	1	1	1	1	1	4	29	5	5	3	5	17	5	12	26	23	23
19590	4	5	11	14	1	27	21	14	5	5	1	6	1	3	4	9	1	1	1	1	1	28	6	26	4	14	5	5	5	5	5	5	3	11	3	5	5	3	5	5	12	5	1	12	1	17	1	1	1	1	6	1	6	6	1	17	1	1	5	1	25	21	1	29	23	11	5	23	5	5
19600	5	5	5	14	17	27	5	14	5	5	1	6	1	3	1	9	1	1	1	1	1	28	16	26	5	14	5	5	5	5	5	5	4	11	5	5	5	15	5	5	5	5	5	5	16	27	1	27	1	1	1	1	1	1	1	1	1	1	9	1	5	5	5	28	5	5	3	5	18	18
19610	5	5	5	14	12	27	5	14	5	5	2	6	3	3	4	9	1	1	1	1	1	28	17	26	3	14	5	5	5	5	5	5	3	11	5	5	5	14	5	5	5	5	5	5	26	26	29	31	1	1	18	29	18	18	7	18	7	7	5	16	5	5	4	12	19	5	7	19	21	21
19620	5	5	31	14	13	27	5	14	5	5	2	6	4	3	1	9	1	1	1	1	1	28	26	26	5	14	5	5	5	5	5	5	11	11	5	5	5	25	5	5	5	5	5	5	12	31	1	12	1	1	1	1	1	1	6	1	17	17	4	17	5	5	2	13	23	31	15	28	15	15
19630	15	5	5	14	2	27	3	14	5	5	2	6	11	3	1	9	1	1	1	1	12	28	3	26	14	14	5	5	5	5	5	5	4	11	5	5	5	15	5	5	5	5	5	5	5	14	5	5	12	12	1	12	1	1	1	1	18	18	5	26	14	14	13	22	4	15	4	24	15	15
19640	5	5	5	14	16	27	5	14	5	5	1	6	1	3	9	9	1	1	1	1	1	28	7	26	3	14	5	5	5	5	5	5	11	11	5	5	14	25	5	5	14	14	3	14	3	7	3	3	1	1	1	7	1	1	1	9	1	1	1	1	5	5	1	27	5	5	1	12	1	1
19650	5	5	5	14	5	27	14	14	5	5	5	6	3	3	23	9	1	1	1	1	1	28	18	26	3	14	15	5	5	5	5	5	4	11	5	5	5	15	5	5	5	5	5	15	12	18	1	12	1	1	1	1	1	1	23	23	25	29	5	25	7	14	13	21	2	5	16	13	27	27
19660	5	5	3	14	5	27	5	14	14	5	5	6	3	3	21	9	1	1	1	1	12	28	23	26	5	14	5	5	5	5	5	5	4	11	5	5	5	15	5	5	5	5	5	5	5	23	5	5	5	12	5	5	5	12	14	21	5	14	2	5	5	14	5	5	5	14	12	5	20	20
19670	5	5	14	14	1	27	5	14	14	5	5	6	7	3	1	9	1	1	1	1	1	28	1	26	14	14	5	5	5	5	5	5	15	11	5	5	5	15	5	5	5	5	5	5	1	21	12	12	1	1	1	12	1	1	1	1	7	7	3	21	14	14	12	21	5	14	16	12	16	16
19680	5	5	5	14	5	27	5	14	5	5	27	6	5	3	31	9	4	1	2	1	2	28	26	26	5	14	5	5	5	5	5	5	23	11	5	5	5	23	5	5	5	5	5	5	23	31	23	23	2	2	4	28	4	4	13	31	5	13	3	27	5	5	5	5	3	5	10	14	19	19
19690	5	5	5	14	5	27	5	14	4	5	1	6	5	3	1	9	1	1	1	1	1	28	1	26	12	14	5	5	5	5	5	5	25	11	5	5	5	25	5	5	5	5	5	5	1	12	12	12	1	1	1	12	1	1	1	1	12	12	2	12	15	15	30	15	1	5	13	31	13	13
19700	5	5	5	14	5	27	5	14	5	5	26	6	3	3	1	9	1	1	1	1	12	28	26	26	5	14	5	5	5	5	5	5	3	11	5	5	5	14	5	5	5	5	5	5	5	31	5	5	12	12	1	12	1	1	1	1	1	7	4	26	5	5	5	5	5	5	25	5	25	25
19710	31	5	3	14	14	27	3	14	5	5	5	6	14	3	1	9	1	1	1	1	1	28	3	26	14	14	5	5	5	5	5	5	3	11	5	5	5	14	5	5	5	5	5	5	21	14	7	21	1	1	1	7	1	1	1	1	21	21	9	21	5	14	5	14	5	31	4	5	9	9
19720	5	5	15	14	15	27	5	14	5	5	2	6	13	3	12	9	1	1	1	1	1	28	7	26	3	14	5	5	5	5	5	5	3	11	5	5	15	14	5	5	5	15	5	5	21	7	21	21	1	1	1	21	1	1	5	12	2	13	2	2	5	5	4	15	4	15	2	4	2	2
19730	5	5	5	14	5	27	5	14	5	5	2	6	3	3	1	9	1	1	1	1	15	28	1	26	14	14	5	5	5	5	5	5	11	11	5	5	5	25	5	5	5	5	5	5	21	21	1	21	1	23	1	1	1	1	1	1	7	7	2	16	5	5	5	5	5	5	31	5	31	31
19740	5	5	5	14	5	27	3	14	14	5	7	6	1	3	1	9	1	1	1	1	2	28	3	26	14	14	5	5	5	5	5	5	3	11	14	5	5	14	5	5	5	5	5	5	5	14	5	5	6	6	1	20	1	1	1	1	1	1	4	7	5	14	28	5	5	5	5	28	15	15
19750	5	5	14	14	20	27	14	14	5	5	16	6	2	3	1	9	1	1	1	1	1	28	21	26	5	14	5	5	5	5	5	5	4	11	5	5	5	15	5	5	5	5	5	5	12	21	1	12	1	1	1	1	1	1	1	1	1	6	5	16	5	14	22	20	5	14	7	22	21	21
19760	5	5	5	14	5	27	5	14	5	5	2	6	7	3	1	9	1	1	1	1	1	28	19	26	5	14	5	5	5	5	5	5	19	11	5	5	5	30	5	5	5	5	5	5	5	30	5	5	1	1	12	12	12	12	5	12	21	21	2	27	5	5	5	5	5	5	1	5	6	6
19770	5	5	30	14	28	27	5	14	5	5	27	6	3	3	1	9	1	1	1	1	1	28	29	26	5	14	5	5	5	5	5	5	11	11	5	5	5	25	5	5	5	5	5	5	12	29	1	12	1	1	1	1	1	1	1	1	3	7	15	27	2	5	1	28	22	30	5	27	15	15
19780	5	5	5	14	7	27	5	14	5	5	5	6	3	3	26	9	1	1	1	1	1	28	18	26	3	14	15	5	5	5	5	5	11	11	5	5	5	25	5	5	5	5	4	15	9	18	9	9	1	1	1	9	1	1	6	26	16	16	20	27	5	5	5	21	5	5	4	5	28	28
19790	5	5	5	14	12	27	5	14	5	5	2	6	3	3	9	9	1	1	1	1	12	28	17	26	5	14	5	5	5	5	5	5	11	11	5	5	15	25	5	5	5	15	5	5	5	28	5	5	12	12	1	12	1	1	9	9	18	18	26	26	5	5	12	12	5	5	1	12	26	26
19800	5	5	14	14	5	27	14	14	5	5	1	6	3	3	1	9	1	1	1	1	1	28	21	26	5	14	5	5	5	5	5	5	11	11	5	5	5	25	5	5	5	5	5	5	12	21	1	12	1	1	1	1	1	1	1	1	1	7	6	1	5	14	5	5	5	14	5	5	20	20
19810	5	5	5	14	21	27	14	14	5	5	2	6	31	3	1	9	1	1	1	1	1	28	26	26	3	14	5	5	5	5	5	5	11	11	5	5	15	25	5	5	5	15	1	5	1	26	1	1	1	1	1	1	1	1	1	1	31	31	11	31	1	14	14	21	5	5	3	14	11	11
19820	5	5	5	14	5	27	5	14	5	5	1	6	3	3	1	9	1	1	1	1	12	28	18	26	5	14	5	5	5	5	5	5	4	11	5	5	5	15	5	5	5	5	5	5	23	29	28	23	5	12	1	28	1	1	1	1	7	7	3	7	5	5	5	5	5	5	22	5	22	22
19830	5	5	14	14	5	27	21	14	4	5	1	6	1	3	1	9	1	1	1	1	1	28	26	26	3	14	5	5	5	5	5	5	3	11	5	5	5	14	5	5	5	5	5	5	1	26	1	12	1	1	1	1	1	1	1	1	1	1	2	1	15	29	28	15	3	14	2	31	2	2
19840	5	5	5	14	6	27	5	14	5	5	2	6	8	3	7	9	1	1	1	1	1	28	18	26	5	14	5	5	5	5	5	5	5	11	5	5	5	5	5	5	5	5	5	5	12	29	1	12	1	1	1	1	1	1	4	7	2	19	27	2	5	5	11	20	3	5	1	11	27	27
19850	5	5	14	14	5	27	5	14	5	5	3	6	3	3	4	9	1	1	1	1	1	28	26	26	3	14	5	5	5	5	5	5	4	11	5	5	5	15	5	5	5	5	5	5	26	26	31	31	1	1	31	31	31	31	28	31	31	31	10	31	5	5	5	5	5	14	5	5	24	24
19860	5	5	5	14	14	27	5	14	5	5	2	6	3	3	4	9	1	1	1	1	12	28	3	26	14	14	5	5	5	5	5	5	3	11	5	5	5	14	5	5	5	5	5	5	5	14	5	5	12	12	12	12	12	12	23	23	29	29	13	31	5	5	5	14	5	5	5	5	13	13
19870	1	5	30	14	14	27	3	14	5	5	20	6	7	3	1	9	1	1	1	1	1	28	31	26	3	14	5	5	5	5	5	5	5	11	5	5	5	5	5	5	5	5	5	5	14	31	5	14	1	1	1	12	1	1	1	1	3	7	7	27	3	14	5	14	13	31	3	13	7	7
19880	5	5	5	14	27	27	5	14	5	5	2	6	3	3	9	9	1	1	1	1	1	28	1	26	14	14	5	5	5	5	5	5	3	11	5	5	5	14	5	5	5	5	5	5	12	21	1	12	1	1	1	1	1	1	9	9	11	18	2	19	5	5	14	27	5	5	5	14	13	13
19890	9	5	3	14	2	27	5	14	5	5	1	6	1	3	4	9	15	1	1	1	12	28	5	26	14	14	5	5	5	5	5	5	3	11	9	5	5	18	5	5	5	5	5	5	5	14	5	5	5	12	5	5	15	15	4	15	1	9	1	1	2	5	5	2	5	18	8	5	16	16
19900	5	5	22	14	1	27	5	14	5	5	4	6	4	3	9	9	1	1	1	1	1	28	18	26	3	14	5	5	5	5	5	5	4	11	5	5	15	15	5	5	5	15	5	5	1	18	1	12	1	1	1	1	1	1	4	9	4	4	7	4	5	5	1	12	27	22	3	27	7	7
19910	5	5	25	14	16	27	5	14	5	5	1	6	3	3	1	9	4	1	1	1	1	28	26	26	3	14	5	5	5	5	5	5	4	11	5	5	5	15	5	5	5	5	5	5	16	26	27	27	1	1	27	27	31	31	31	31	30	31	14	31	5	5	5	27	25	25	3	25	14	14
19920	5	5	13	14	29	27	5	14	5	5	5	6	7	3	1	9	1	1	1	1	1	28	16	26	5	14	5	5	5	5	5	5	4	11	15	5	5	15	5	5	5	5	5	5	12	27	1	12	1	1	1	1	1	1	1	1	7	7	22	21	2	5	11	31	2	13	5	19	22	22
19930	5	5	26	14	27	27	5	14	5	5	1	6	3	3	1	9	1	1	1	1	6	28	3	26	14	14	5	5	5	5	5	5	11	11	5	5	5	25	5	5	5	5	5	5	5	14	5	5	6	6	20	20	20	20	20	20	27	27	4	27	5	5	22	27	4	31	19	30	19	19
19940	5	5	6	14	2	27	8	14	5	5	1	6	1	3	1	9	3	1	1	1	1	28	1	26	14	14	5	5	5	5	5	5	4	11	5	5	5	15	5	5	5	5	5	5	12	21	1	12	1	1	1	1	1	7	1	1	1	1	6	1	2	22	3	2	28	20	5	31	20	20
19950	5	5	5	14	2	27	5	14	5	5	23	6	1	3	1	9	1	1	1	1	1	28	26	26	5	14	5	5	5	5	5	5	3	11	5	5	5	14	5	5	5	5	5	5	15	31	4	15	1	1	1	9	1	1	1	1	1	1	5	23	13	5	5	13	5	5	29	5	29	29
19960	5	5	3	14	26	27	5	14	5	5	2	6	14	3	1	9	1	1	1	1	9	28	16	26	3	14	5	5	5	5	5	5	4	11	5	5	5	15	5	5	5	5	5	5	1	16	12	12	1	9	1	12	1	1	1	1	21	21	3	27	5	5	16	31	5	14	15	27	25	25
19970	5	5	5	14	31	27	5	14	5	5	2	6	3	3	4	9	1	1	1	1	1	28	16	26	3	14	5	5	5	5	5	5	11	11	5	5	5	25	5	5	5	5	5	5	16	16	27	27	1	1	27	27	27	27	27	31	27	27	3	27	5	5	15	31	5	5	5	15	14	14
19980	5	5	3	14	5	27	5	14	5	5	1	6	14	3	1	9	1	1	1	1	12	28	18	26	5	14	5	5	5	5	5	5	5	11	5	5	5	5	5	5	5	5	5	5	5	29	5	5	12	12	1	12	1	1	1	1	21	21	4	21	5	5	1	5	1	14	8	1	19	19
19990	5	5	5	14	27	27	5	14	5	5	2	6	3	3	28	9	1	1	1	1	1	28	26	26	5	14	5	5	5	5	5	5	11	11	5	5	5	25	5	5	5	5	5	5	21	31	12	21	1	1	1	12	1	1	28	28	26	31	1	26	5	5	31	27	5	5	2	31	6	6
20000	5	5	15	14	24	27	3	14	5	5	1	6	1	3	1	9	1	1	1	1	1	28	16	26	3	14	5	5	5	5	5	5	4	11	5	5	5	15	5	5	5	5	5	5	21	16	1	21	1	1	1	1	1	1	1	1	1	1	23	1	3	14	27	30	4	15	5	31	23	23
