Iteration	Posterior	Likelihood	Prior	er[1][1]	er[2][2]	er[3][3]	er[4][4]	er[5][5]	extirpation_rate	rate_bg
0	-57.52875	-59.5217	1.992942	0.6389342	0.6389342	0.6389342	0.6389342	0.6389342	0.6389342	0.01
10	-55.57806	-55.74659	0.1685297	1.476156	1.476156	1.476156	1.476156	1.476156	1.476156	0.0194705
20	-55.47013	-54.76315	-0.7069813	1.449884	1.449884	1.449884	1.449884	1.449884	1.449884	0.04933722
30	-54.64665	-55.46666	0.8200114	0.6263977	0.6263977	0.6263977	0.6263977	0.6263977	0.6263977	0.03210296
40	-57.12621	-53.77163	-3.354579	2.699099	2.699099	2.699099	2.699099	2.699099	2.699099	0.05031741
50	-55.14881	-55.66003	0.5112176	0.8339457	0.8339457	0.8339457	0.8339457	0.8339457	0.8339457	0.04127006
60	-58.89939	-56.65846	-2.240932	1.850213	1.850213	1.850213	1.850213	1.850213	1.850213	0.09807311
70	-56.84059	-56.04543	-0.7951639	1.361321	1.361321	1.361321	1.361321	1.361321	1.361321	0.06452895
80	-55.00127	-55.69981	0.6985417	0.5333345	0.5333345	0.5333345	0.5333345	0.5333345	0.5333345	0.03242721
90	-54.08408	-55.07472	0.99064	0.8051915	0.8051915	0.8051915	0.8051915	0.8051915	0.8051915	0.02619054
100	-54.81322	-54.51723	-0.2959859	1.526605	1.526605	1.526605	1.526605	1.526605	1.526605	0.02789373
110	-55.36062	-53.99174	-1.368875	1.88459	1.88459	1.88459	1.88459	1.88459	1.88459	0.03809388
120	-54.98846	-54.1508	-0.8376642	1.63786	1.63786	1.63786	1.63786	1.63786	1.63786	0.03792584
130	-60.836	-54.70827	-6.127729	3.684532	3.684532	3.684532	3.684532	3.684532	3.684532	0.120887
140	-61.07626	-54.04118	-7.035086	4.504445	4.504445	4.504445	4.504445	4.504445	4.504445	0.07166285
150	-60.5372	-54.11687	-6.420337	4.381643	4.381643	4.381643	4.381643	4.381643	4.381643	0.0476347
160	-54.48927	-54.98941	0.5001395	0.9619494	0.9619494	0.9619494	0.9619494	0.9619494	0.9619494	0.03587221
170	-57.24269	-54.44448	-2.798207	2.284611	2.284611	2.284611	2.284611	2.284611	2.284611	0.06794079
180	-56.99111	-54.91137	-2.079738	1.946162	1.946162	1.946162	1.946162	1.946162	1.946162	0.06797465
190	-54.99247	-55.23019	0.2377173	1.025692	1.025692	1.025692	1.025692	1.025692	1.025692	0.04243046
200	-56.06503	-53.993	-2.072032	2.097694	2.097694	2.097694	2.097694	2.097694	2.097694	0.04881374
210	-56.14179	-53.86953	-2.272263	2.222122	2.222122	2.222122	2.222122	2.222122	2.222122	0.04580557
220	-60.14788	-56.91383	-3.234045	2.186111	2.186111	2.186111	2.186111	2.186111	2.186111	0.1293272
230	-55.45615	-53.99443	-1.461717	1.958312	1.958312	1.958312	1.958312	1.958312	1.958312	0.03569904
240	-54.76481	-55.62862	0.8638174	0.4317047	0.4317047	0.4317047	0.4317047	0.4317047	0.4317047	0.02028496
250	-55.60939	-55.57496	-0.03443129	0.3225877	0.3225877	0.3225877	0.3225877	0.3225877	0.3225877	0.02444391
260	-54.75886	-54.26504	-0.4938262	1.539897	1.539897	1.539897	1.539897	1.539897	1.539897	0.03306309
270	-55.39603	-55.53288	0.1368536	1.468549	1.468549	1.468549	1.468549	1.468549	1.468549	0.02041604
280	-54.22505	-54.72405	0.4989942	1.092627	1.092627	1.092627	1.092627	1.092627	1.092627	0.0292932
290	-54.69537	-55.21352	0.5181454	0.9066245	0.9066245	0.9066245	0.9066245	0.9066245	0.9066245	0.03788664
300	-56.53626	-53.85035	-2.68591	2.511432	2.511432	2.511432	2.511432	2.511432	2.511432	0.03784924
310	-55.38079	-54.12642	-1.254371	1.908333	1.908333	1.908333	1.908333	1.908333	1.908333	0.03228884
320	-55.10776	-55.48304	0.3752809	0.9296674	0.9296674	0.9296674	0.9296674	0.9296674	0.9296674	0.04245296
330	-54.1237	-55.28618	1.162481	0.7471279	0.7471279	0.7471279	0.7471279	0.7471279	0.7471279	0.02286833
340	-54.72351	-55.36269	0.6391799	0.8159081	0.8159081	0.8159081	0.8159081	0.8159081	0.8159081	0.0368972
350	-55.92012	-54.48038	-1.439744	2.073566	2.073566	2.073566	2.073566	2.073566	2.073566	0.02730563
360	-56.24216	-54.61145	-1.630708	1.813746	1.813746	1.813746	1.813746	1.813746	1.813746	0.0576016
370	-55.12353	-54.09486	-1.028667	1.716496	1.716496	1.716496	1.716496	1.716496	1.716496	0.03883597
380	-56.79543	-54.32365	-2.471785	2.17781	2.17781	2.17781	2.17781	2.17781	2.17781	0.0614156
390	-56.83428	-54.22577	-2.608515	2.578467	2.578467	2.578467	2.578467	2.578467	2.578467	0.03051712
400	-57.31565	-55.22344	-2.092213	1.917187	1.917187	1.917187	1.917187	1.917187	1.917187	0.0732305
410	-55.42743	-55.56239	0.134963	1.02812	1.02812	1.02812	1.02812	1.02812	1.02812	0.046844
420	-56.36186	-56.06416	-0.2977084	1.72263	1.72263	1.72263	1.72263	1.72263	1.72263	0.01845437
430	-54.4119	-54.83668	0.4247741	1.029219	1.029219	1.029219	1.029219	1.029219	1.029219	0.03499794
440	-58.70403	-54.36855	-4.335488	2.924729	2.924729	2.924729	2.924729	2.924729	2.924729	0.08537747
450	-54.2034	-55.44589	1.242494	0.7262365	0.7262365	0.7262365	0.7262365	0.7262365	0.7262365	0.02127646
460	-55.3764	-54.95189	-0.4245102	1.320413	1.320413	1.320413	1.320413	1.320413	1.320413	0.04832794
470	-55.11945	-54.22781	-0.8916356	1.616313	1.616313	1.616313	1.616313	1.616313	1.616313	0.04189859
480	-55.03929	-54.36963	-0.6696608	1.504672	1.504672	1.504672	1.504672	1.504672	1.504672	0.04242987
490	-54.55907	-55.54423	0.9851548	1.018718	1.018718	1.018718	1.018718	1.018718	1.018718	0.020313
500	-54.45612	-55.36053	0.9044118	0.5297904	0.5297904	0.5297904	0.5297904	0.5297904	0.5297904	0.02621352
510	-56.30506	-53.97261	-2.332448	2.201899	2.201899	2.201899	2.201899	2.201899	2.201899	0.05077161
520	-55.85169	-53.8949	-1.956783	2.16557	2.16557	2.16557	2.16557	2.16557	2.16557	0.03766008
530	-54.26008	-55.13085	0.8707681	0.7647156	0.7647156	0.7647156	0.7647156	0.7647156	0.7647156	0.03034444
540	-55.50688	-54.93651	-0.5703719	1.377042	1.377042	1.377042	1.377042	1.377042	1.377042	0.04993228
550	-55.81836	-54.14531	-1.673055	1.909409	1.909409	1.909409	1.909409	1.909409	1.909409	0.04896484
560	-55.91379	-55.09096	-0.8228323	1.868319	1.868319	1.868319	1.868319	1.868319	1.868319	0.02284762
570	-55.79361	-54.58339	-1.210223	1.660542	1.660542	1.660542	1.660542	1.660542	1.660542	0.05245932
580	-60.133	-54.85944	-5.273562	3.245616	3.245616	3.245616	3.245616	3.245616	3.245616	0.1167962
590	-57.40246	-54.1176	-3.284866	2.541272	2.541272	2.541272	2.541272	2.541272	2.541272	0.0647843
600	-58.71748	-54.11051	-4.606973	3.508932	3.508932	3.508932	3.508932	3.508932	3.508932	0.03649999
610	-57.35515	-53.79864	-3.556511	2.763506	2.763506	2.763506	2.763506	2.763506	2.763506	0.05406231
620	-55.73554	-54.61439	-1.121144	1.623186	1.623186	1.623186	1.623186	1.623186	1.623186	0.05194634
630	-54.29932	-55.55435	1.255028	0.7886784	0.7886784	0.7886784	0.7886784	0.7886784	0.7886784	0.02035395
640	-54.28437	-55.57507	1.290693	0.6589387	0.6589387	0.6589387	0.6589387	0.6589387	0.6589387	0.0203266
650	-55.22174	-54.3382	-0.8835384	1.58463	1.58463	1.58463	1.58463	1.58463	1.58463	0.04443767
660	-56.67616	-54.55375	-2.12241	2.007702	2.007702	2.007702	2.007702	2.007702	2.007702	0.06219367
670	-59.2501	-57.34667	-1.903432	1.68353	1.68353	1.68353	1.68353	1.68353	1.68353	0.09991868
680	-57.69628	-54.16017	-3.536108	2.634083	2.634083	2.634083	2.634083	2.634083	2.634083	0.06886211
690	-58.11612	-54.94052	-3.175605	2.360399	2.360399	2.360399	2.360399	2.360399	2.360399	0.08452958
700	-54.57697	-55.06493	0.4879601	1.225028	1.225028	1.225028	1.225028	1.225028	1.225028	0.02333904
710	-55.37068	-54.2293	-1.141377	1.881897	1.881897	1.881897	1.881897	1.881897	1.881897	0.03051811
720	-55.10383	-54.08629	-1.017546	1.750048	1.750048	1.750048	1.750048	1.750048	1.750048	0.03575184
730	-55.49303	-55.12262	-0.3704066	1.661365	1.661365	1.661365	1.661365	1.661365	1.661365	0.02261186
740	-55.57226	-56.82929	1.257024	1.022792	1.022792	1.022792	1.022792	1.022792	1.022792	0.01538015
750	-56.53938	-54.15611	-2.383272	2.175361	2.175361	2.175361	2.175361	2.175361	2.175361	0.05650554
760	-54.1172	-55.27504	1.157845	0.7293431	0.7293431	0.7293431	0.7293431	0.7293431	0.7293431	0.0231333
770	-55.61074	-54.42056	-1.190172	1.945908	1.945908	1.945908	1.945908	1.945908	1.945908	0.02794144
780	-55.4732	-55.26547	-0.2077345	1.601824	1.601824	1.601824	1.601824	1.601824	1.601824	0.02180176
790	-55.79206	-55.88565	0.09359114	1.013004	1.013004	1.013004	1.013004	1.013004	1.013004	0.04997967
800	-54.52148	-54.63347	0.1119975	1.334714	1.334714	1.334714	1.334714	1.334714	1.334714	0.0274711
810	-59.89804	-54.82192	-5.076119	3.16375	3.16375	3.16375	3.16375	3.16375	3.16375	0.1122032
820	-68.3577	-55.79546	-12.56223	5.442823	5.442823	5.442823	5.442823	5.442823	5.442823	4.04169
830	-65.86349	-56.99465	-8.868845	3.249247	3.249247	3.249247	3.249247	3.249247	3.249247	4.224976
840	-67.85835	-59.79311	-8.065241	2.371771	2.371771	2.371771	2.371771	2.371771	2.371771	10.97055
850	-67.15175	-57.50661	-9.645138	3.01254	3.01254	3.01254	3.01254	3.01254	3.01254	14.52491
860	-68.06356	-59.72562	-8.33794	2.385431	2.385431	2.385431	2.385431	2.385431	2.385431	14.00472
870	-65.93722	-56.32969	-9.607528	3.702463	3.702463	3.702463	3.702463	3.702463	3.702463	3.797127
880	-63.06317	-56.99136	-6.071816	3.100714	3.100714	3.100714	3.100714	3.100714	3.100714	0.3431287
890	-57.8831	-53.98199	-3.901111	2.834704	2.834704	2.834704	2.834704	2.834704	2.834704	0.06614568
900	-54.52029	-54.42774	-0.09254991	1.368503	1.368503	1.368503	1.368503	1.368503	1.368503	0.03150223
910	-54.58668	-54.67346	0.08678381	1.182867	1.182867	1.182867	1.182867	1.182867	1.182867	0.03770597
920	-54.98759	-54.34024	-0.647347	1.662551	1.662551	1.662551	1.662551	1.662551	1.662551	0.02975193
930	-55.17954	-54.68158	-0.4979649	1.385047	1.385047	1.385047	1.385047	1.385047	1.385047	0.04569915
940	-54.17732	-55.19809	1.02077	0.8996453	0.8996453	0.8996453	0.8996453	0.8996453	0.8996453	0.02311347
950	-57.07473	-54.05433	-3.020394	2.449749	2.449749	2.449749	2.449749	2.449749	2.449749	0.06008484
960	-54.53442	-54.47125	-0.06317443	1.29457	1.29457	1.29457	1.29457	1.29457	1.29457	0.03542846
970	-55.26347	-54.18354	-1.079926	1.691116	1.691116	1.691116	1.691116	1.691116	1.691116	0.04315071
980	-54.3374	-55.65853	1.321131	0.7198228	0.7198228	0.7198228	0.7198228	0.7198228	0.7198228	0.01970284
990	-55.16467	-55.70673	0.5420552	0.4522887	0.4522887	0.4522887	0.4522887	0.4522887	0.4522887	0.03038478
1000	-54.22625	-54.74777	0.5215207	1.099594	1.099594	1.099594	1.099594	1.099594	1.099594	0.02830284
1010	-56.00898	-53.97646	-2.032518	2.24437	2.24437	2.24437	2.24437	2.24437	2.24437	0.03438776
1020	-55.58638	-54.58733	-0.9990499	1.883548	1.883548	1.883548	1.883548	1.883548	1.883548	0.02637614
1030	-56.47003	-53.96825	-2.501786	2.467671	2.467671	2.467671	2.467671	2.467671	2.467671	0.03446637
1040	-56.8467	-53.79224	-3.054463	2.562331	2.562331	2.562331	2.562331	2.562331	2.562331	0.04927209
1050	-56.58838	-54.00187	-2.586506	2.517664	2.517664	2.517664	2.517664	2.517664	2.517664	0.03383004
1060	-59.17875	-54.54644	-4.632304	3.018322	3.018322	3.018322	3.018322	3.018322	3.018322	0.09553057
1070	-54.13806	-55.13982	1.001763	0.8893854	0.8893854	0.8893854	0.8893854	0.8893854	0.8893854	0.02384352
1080	-54.75111	-55.49466	0.7435514	1.15501	1.15501	1.15501	1.15501	1.15501	1.15501	0.02056668
1090	-54.66563	-55.2998	0.634166	0.8324454	0.8324454	0.8324454	0.8324454	0.8324454	0.8324454	0.03654613
1100	-54.65578	-54.32461	-0.3311673	1.432872	1.432872	1.432872	1.432872	1.432872	1.432872	0.03508687
1110	-58.23441	-57.1986	-1.03581	1.377437	1.377437	1.377437	1.377437	1.377437	1.377437	0.07946432
1120	-54.51228	-55.17202	0.6597449	0.8497872	0.8497872	0.8497872	0.8497872	0.8497872	0.8497872	0.03503486
1130	-57.94492	-55.83966	-2.105263	1.865086	1.865086	1.865086	1.865086	1.865086	1.865086	0.08294688
1140	-55.7055	-53.92815	-1.777349	2.024742	2.024742	2.024742	2.024742	2.024742	2.024742	0.04247053
1150	-55.48259	-54.61648	-0.8661125	1.528966	1.528966	1.528966	1.528966	1.528966	1.528966	0.04908681
1160	-56.14141	-54.17302	-1.968387	2.013194	2.013194	2.013194	2.013194	2.013194	2.013194	0.05269406
1170	-55.34629	-54.40931	-0.9369796	1.588871	1.588871	1.588871	1.588871	1.588871	1.588871	0.0464597
1180	-56.53127	-56.60526	0.07399109	0.9589936	0.9589936	0.9589936	0.9589936	0.9589936	0.9589936	0.0551596
1190	-55.29787	-54.0168	-1.281068	1.861859	1.861859	1.861859	1.861859	1.861859	1.861859	0.03663173
1200	-54.29407	-54.67401	0.3799429	1.109959	1.109959	1.109959	1.109959	1.109959	1.109959	0.03203174
1210	-55.06523	-54.40759	-0.6576397	1.685151	1.685151	1.685151	1.685151	1.685151	1.685151	0.02864884
1220	-54.22322	-54.8152	0.5919846	1.085756	1.085756	1.085756	1.085756	1.085756	1.085756	0.02700395
1230	-54.76506	-55.36984	0.604785	0.8332962	0.8332962	0.8332962	0.8332962	0.8332962	0.8332962	0.03760629
1240	-54.18681	-54.8167	0.6298991	0.9936652	0.9936652	0.9936652	0.9936652	0.9936652	0.9936652	0.03009847
1250	-55.24102	-56.05431	0.8132883	1.188552	1.188552	1.188552	1.188552	1.188552	1.188552	0.01804474
1260	-54.82877	-54.41698	-0.4117882	1.560737	1.560737	1.560737	1.560737	1.560737	1.560737	0.02915546
1270	-55.89872	-54.45843	-1.44029	2.070266	2.070266	2.070266	2.070266	2.070266	2.070266	0.02751329
1280	-56.13893	-56.35573	0.2168016	0.9099629	0.9099629	0.9099629	0.9099629	0.9099629	0.9099629	0.0510009
1290	-54.75957	-54.24843	-0.5111453	1.527224	1.527224	1.527224	1.527224	1.527224	1.527224	0.03454518
1300	-56.89946	-54.27027	-2.629188	2.248622	2.248622	2.248622	2.248622	2.248622	2.248622	0.06189281
1310	-55.74072	-55.74127	0.0005525318	1.067425	1.067425	1.067425	1.067425	1.067425	1.067425	0.05029881
1320	-56.04461	-53.89568	-2.148933	2.267947	2.267947	2.267947	2.267947	2.267947	2.267947	0.03676073
1330	-54.8575	-55.6006	0.7430945	0.54032	0.54032	0.54032	0.54032	0.54032	0.54032	0.03141567
1340	-56.2388	-55.32549	-0.913311	1.465737	1.465737	1.465737	1.465737	1.465737	1.465737	0.05869179
1350	-55.35725	-55.98511	0.6278578	0.6785137	0.6785137	0.6785137	0.6785137	0.6785137	0.6785137	0.03956655
1360	-55.49187	-56.09705	0.6051818	0.5537049	0.5537049	0.5537049	0.5537049	0.5537049	0.5537049	0.03687639
1370	-56.06832	-54.61957	-1.448752	2.098783	2.098783	2.098783	2.098783	2.098783	2.098783	0.0261125
1380	-55.76423	-54.94371	-0.82052	1.849593	1.849593	1.849593	1.849593	1.849593	1.849593	0.02372734
1390	-57.58575	-57.33748	-0.2482708	1.055058	1.055058	1.055058	1.055058	1.055058	1.055058	0.06582862
1400	-59.04855	-54.27933	-4.769222	3.13581	3.13581	3.13581	3.13581	3.13581	3.13581	0.08713243
1410	-54.95924	-55.87923	0.9199883	0.4218097	0.4218097	0.4218097	0.4218097	0.4218097	0.4218097	0.01834768
1420	-54.13623	-55.24241	1.106189	0.8234281	0.8234281	0.8234281	0.8234281	0.8234281	0.8234281	0.02298089
1430	-57.83017	-59.56396	1.733787	0.9716794	0.9716794	0.9716794	0.9716794	0.9716794	0.9716794	0.01030447
1440	-54.08324	-55.08859	1.005343	0.796224	0.796224	0.796224	0.796224	0.796224	0.796224	0.02598546
1450	-54.71731	-54.75459	0.03727669	1.181034	1.181034	1.181034	1.181034	1.181034	1.181034	0.03975314
1460	-56.12334	-54.07602	-2.047328	2.065176	2.065176	2.065176	2.065176	2.065176	2.065176	0.05103705
1470	-54.30191	-55.35732	1.055409	0.9256336	0.9256336	0.9256336	0.9256336	0.9256336	0.9256336	0.02161711
1480	-54.1987	-55.2293	1.030597	0.6459891	0.6459891	0.6459891	0.6459891	0.6459891	0.6459891	0.02625598
1490	-54.2574	-55.32781	1.070402	0.5785732	0.5785732	0.5785732	0.5785732	0.5785732	0.5785732	0.02396205
1500	-54.41624	-54.69584	0.2795965	1.254227	1.254227	1.254227	1.254227	1.254227	1.254227	0.02719202
1510	-54.33797	-54.59064	0.2526769	1.184282	1.184282	1.184282	1.184282	1.184282	1.184282	0.03185916
1520	-54.39255	-55.48169	1.089139	0.9318301	0.9318301	0.9318301	0.9318301	0.9318301	0.9318301	0.02073287
1530	-54.40904	-55.59291	1.183875	0.5441573	0.5441573	0.5441573	0.5441573	0.5441573	0.5441573	0.02035318
1540	-54.17968	-55.01695	0.8372739	0.8348074	0.8348074	0.8348074	0.8348074	0.8348074	0.8348074	0.02976341
1550	-55.69025	-54.32329	-1.366959	2.011615	2.011615	2.011615	2.011615	2.011615	2.011615	0.02897537
1560	-56.66131	-53.87707	-2.784246	2.570866	2.570866	2.570866	2.570866	2.570866	2.570866	0.03695186
1570	-55.60567	-54.99762	-0.6080412	1.383991	1.383991	1.383991	1.383991	1.383991	1.383991	0.05112599
1580	-54.33873	-54.58173	0.2430019	1.20653	1.20653	1.20653	1.20653	1.20653	1.20653	0.03087045
1590	-55.24832	-54.46372	-0.7845932	1.524562	1.524562	1.524562	1.524562	1.524562	1.524562	0.04566263
1600	-54.86232	-55.6114	0.7490747	0.6551449	0.6551449	0.6551449	0.6551449	0.6551449	0.6551449	0.03490076
1610	-55.22821	-56.30226	1.074048	0.4298492	0.4298492	0.4298492	0.4298492	0.4298492	0.4298492	0.0163071
1620	-54.45051	-55.29881	0.8483028	0.6992938	0.6992938	0.6992938	0.6992938	0.6992938	0.6992938	0.03173022
1630	-55.30555	-54.21095	-1.094599	1.853693	1.853693	1.853693	1.853693	1.853693	1.853693	0.03093628
1640	-54.21985	-54.73388	0.5140322	1.068439	1.068439	1.068439	1.068439	1.068439	1.068439	0.03004893
1650	-55.91905	-55.23177	-0.6872804	1.389025	1.389025	1.389025	1.389025	1.389025	1.389025	0.0547808
1660	-54.28516	-54.94173	0.6565694	1.092677	1.092677	1.092677	1.092677	1.092677	1.092677	0.02502052
1670	-56.17718	-54.44026	-1.736918	2.206259	2.206259	2.206259	2.206259	2.206259	2.206259	0.02773198
1680	-54.7533	-56.14795	1.39465	0.8150319	0.8150319	0.8150319	0.8150319	0.8150319	0.8150319	0.01734667
1690	-54.98818	-54.32482	-0.6633654	1.666399	1.666399	1.666399	1.666399	1.666399	1.666399	0.02998604
1700	-54.56154	-55.49602	0.9344773	1.042454	1.042454	1.042454	1.042454	1.042454	1.042454	0.0205862
1710	-54.58365	-54.37053	-0.2131212	1.386963	1.386963	1.386963	1.386963	1.386963	1.386963	0.03423873
1720	-54.13879	-55.22226	1.083474	0.670915	0.670915	0.670915	0.670915	0.670915	0.670915	0.02506656
1730	-54.23095	-54.73645	0.5054943	1.059854	1.059854	1.059854	1.059854	1.059854	1.059854	0.03073717
1740	-55.03619	-54.23118	-0.8050059	1.710557	1.710557	1.710557	1.710557	1.710557	1.710557	0.03144846
1750	-54.37005	-55.13768	0.7676289	0.8086668	0.8086668	0.8086668	0.8086668	0.8086668	0.8086668	0.03264347
1760	-54.73417	-54.71939	-0.01477648	1.425796	1.425796	1.425796	1.425796	1.425796	1.425796	0.02594389
1770	-54.27989	-54.77689	0.4970056	1.031718	1.031718	1.031718	1.031718	1.031718	1.031718	0.03243143
1780	-56.13913	-54.21207	-1.927056	2.254618	2.254618	2.254618	2.254618	2.254618	2.254618	0.03028438
1790	-57.28008	-53.98079	-3.299292	2.582953	2.582953	2.582953	2.582953	2.582953	2.582953	0.06033216
1800	-54.87453	-54.26818	-0.606354	1.517277	1.517277	1.517277	1.517277	1.517277	1.517277	0.0387938
1810	-55.16495	-54.68791	-0.4770384	1.376477	1.376477	1.376477	1.376477	1.376477	1.376477	0.04553467
1820	-55.32033	-55.76473	0.4443984	0.855923	0.855923	0.855923	0.855923	0.855923	0.855923	0.04318438
1830	-57.82397	-55.56866	-2.255305	1.944423	1.944423	1.944423	1.944423	1.944423	1.944423	0.08132238
1840	-54.86221	-55.0627	0.2004935	1.065815	1.065815	1.065815	1.065815	1.065815	1.065815	0.04129304
1850	-54.98088	-54.40503	-0.5758477	1.464881	1.464881	1.464881	1.464881	1.464881	1.464881	0.04195538
1860	-54.41352	-54.62748	0.2139637	1.161675	1.161675	1.161675	1.161675	1.161675	1.161675	0.03450992
1870	-54.23454	-54.95679	0.7222567	0.8943903	0.8943903	0.8943903	0.8943903	0.8943903	0.8943903	0.03134861
1880	-54.16477	-55.12	0.9552321	0.9268264	0.9268264	0.9268264	0.9268264	0.9268264	0.9268264	0.02385812
1890	-54.25324	-54.70604	0.4527944	1.129862	1.129862	1.129862	1.129862	1.129862	1.129862	0.02876529
1900	-55.04598	-54.80196	-0.2440203	1.556355	1.556355	1.556355	1.556355	1.556355	1.556355	0.02488044
1910	-54.14465	-55.13239	0.9877326	0.9004577	0.9004577	0.9004577	0.9004577	0.9004577	0.9004577	0.02386659
1920	-54.71563	-55.23474	0.5191155	0.9021239	0.9021239	0.9021239	0.9021239	0.9021239	0.9021239	0.03805728
1930	-55.73298	-55.74997	0.01699223	1.059561	1.059561	1.059561	1.059561	1.059561	1.059561	0.05012164
1940	-55.13798	-55.01771	-0.1202689	1.528556	1.528556	1.528556	1.528556	1.528556	1.528556	0.02330351
1950	-54.24484	-55.44523	1.200384	0.8118557	0.8118557	0.8118557	0.8118557	0.8118557	0.8118557	0.02112166
1960	-54.73436	-54.33673	-0.3976331	1.433813	1.433813	1.433813	1.433813	1.433813	1.433813	0.03742588
1970	-55.0683	-55.05605	-0.01225687	1.149993	1.149993	1.149993	1.149993	1.149993	1.149993	0.04418923
1980	-57.02766	-57.846	0.8183412	1.339402	1.339402	1.339402	1.339402	1.339402	1.339402	0.01342954
1990	-54.33519	-55.31673	0.9815355	0.5641756	0.5641756	0.5641756	0.5641756	0.5641756	0.5641756	0.02570566
2000	-54.68314	-54.33559	-0.3475499	1.42446	1.42446	1.42446	1.42446	1.42446	1.42446	0.03628647
2010	-54.26392	-54.84855	0.5846344	0.9784983	0.9784983	0.9784983	0.9784983	0.9784983	0.9784983	0.03219937
2020	-54.34683	-55.09468	0.7478522	1.076471	1.076471	1.076471	1.076471	1.076471	1.076471	0.02346893
2030	-54.28222	-55.05037	0.7681429	0.8402555	0.8402555	0.8402555	0.8402555	0.8402555	0.8402555	0.03173013
2040	-54.68682	-55.35032	0.6635019	0.8049357	0.8049357	0.8049357	0.8049357	0.8049357	0.8049357	0.03633341
2050	-55.24407	-55.74756	0.5034955	0.8248105	0.8248105	0.8248105	0.8248105	0.8248105	0.8248105	0.04193573
2060	-56.6866	-55.85831	-0.828288	1.388211	1.388211	1.388211	1.388211	1.388211	1.388211	0.06318066
2070	-56.29362	-53.81862	-2.475	2.382509	2.382509	2.382509	2.382509	2.382509	2.382509	0.04005717
2080	-59.28664	-56.18076	-3.105877	2.202511	2.202511	2.202511	2.202511	2.202511	2.202511	0.1098891
2090	-54.46183	-54.49978	0.03794879	1.262203	1.262203	1.262203	1.262203	1.262203	1.262203	0.03409803
2100	-54.48435	-54.80776	0.3234068	1.070627	1.070627	1.070627	1.070627	1.070627	1.070627	0.03622807
2110	-54.73359	-54.38599	-0.3476004	1.514868	1.514868	1.514868	1.514868	1.514868	1.514868	0.03010028
2120	-54.85265	-54.48507	-0.3675789	1.555915	1.555915	1.555915	1.555915	1.555915	1.555915	0.02817864
2130	-58.15941	-54.18751	-3.971901	3.220977	3.220977	3.220977	3.220977	3.220977	3.220977	0.03331379
2140	-57.55488	-57.65199	0.09711064	0.8666219	0.8666219	0.8666219	0.8666219	0.8666219	0.8666219	0.06043418
2150	-54.46798	-55.76446	1.296485	0.817702	0.817702	0.817702	0.817702	0.817702	0.817702	0.01909285
2160	-55.37628	-55.13902	-0.2372654	1.226592	1.226592	1.226592	1.226592	1.226592	1.226592	0.04805759
2170	-54.10246	-55.04285	0.94039	0.8909747	0.8909747	0.8909747	0.8909747	0.8909747	0.8909747	0.02530592
2180	-54.84798	-55.34431	0.4963365	0.8931607	0.8931607	0.8931607	0.8931607	0.8931607	0.8931607	0.03935156
2190	-54.36317	-54.93875	0.5755868	0.9479372	0.9479372	0.9479372	0.9479372	0.9479372	0.9479372	0.03391368
2200	-54.83577	-54.31849	-0.5172836	1.472453	1.472453	1.472453	1.472453	1.472453	1.472453	0.03895401
2210	-54.64994	-55.46376	0.8138221	1.110087	1.110087	1.110087	1.110087	1.110087	1.110087	0.02075169
2220	-57.34597	-57.76206	0.4160876	1.522704	1.522704	1.522704	1.522704	1.522704	1.522704	0.01379744
2230	-57.49465	-55.69067	-1.803984	0.2011	0.2011	0.2011	0.2011	0.2011	0.2011	0.0219662
2240	-54.2602	-55.2973	1.037101	0.5873254	0.5873254	0.5873254	0.5873254	0.5873254	0.5873254	0.02501967
2250	-56.96267	-55.10389	-1.858779	2.349064	2.349064	2.349064	2.349064	2.349064	2.349064	0.02319613
2260	-54.22973	-54.72334	0.4936141	1.074698	1.074698	1.074698	1.074698	1.074698	1.074698	0.03035221
2270	-54.84158	-54.74802	-0.09355585	1.228534	1.228534	1.228534	1.228534	1.228534	1.228534	0.04147211
2280	-57.30249	-59.13828	1.835787	0.8558598	0.8558598	0.8558598	0.8558598	0.8558598	0.8558598	0.01074193
2290	-56.39402	-54.74038	-1.653643	2.210536	2.210536	2.210536	2.210536	2.210536	2.210536	0.02528645
2300	-54.43811	-54.56917	0.1310589	1.206605	1.206605	1.206605	1.206605	1.206605	1.206605	0.03452218
2310	-55.64521	-55.54332	-0.1018926	1.582758	1.582758	1.582758	1.582758	1.582758	1.582758	0.02041743
2320	-59.35657	-55.36706	-3.989505	3.408372	3.408372	3.408372	3.408372	3.408372	3.408372	0.02375448
2330	-57.35203	-54.11543	-3.236604	2.522197	2.522197	2.522197	2.522197	2.522197	2.522197	0.06420603
2340	-55.54226	-55.06474	-0.4775149	1.327012	1.327012	1.327012	1.327012	1.327012	1.327012	0.05029696
2350	-55.59704	-54.8898	-0.7072365	1.433887	1.433887	1.433887	1.433887	1.433887	1.433887	0.05099945
2360	-55.43649	-55.27761	-0.158887	1.580177	1.580177	1.580177	1.580177	1.580177	1.580177	0.02173283
2370	-56.28776	-53.85727	-2.430486	2.389019	2.389019	2.389019	2.389019	2.389019	2.389019	0.03779625
2380	-56.60785	-54.9433	-1.664548	2.240604	2.240604	2.240604	2.240604	2.240604	2.240604	0.0239909
2390	-56.92733	-53.99194	-2.935387	2.432236	2.432236	2.432236	2.432236	2.432236	2.432236	0.05723252
2400	-55.57034	-56.13446	0.5641243	0.7130284	0.7130284	0.7130284	0.7130284	0.7130284	0.7130284	0.04207039
2410	-57.78814	-55.85488	-1.933256	0.2026334	0.2026334	0.2026334	0.2026334	0.2026334	0.2026334	0.02594564
2420	-56.89018	-54.49153	-2.398651	2.122488	2.122488	2.122488	2.122488	2.122488	2.122488	0.06419395
2430	-56.44918	-56.43808	-0.01110558	1.622337	1.622337	1.622337	1.622337	1.622337	1.622337	0.01714951
2440	-56.93942	-56.61195	-0.3274734	1.135888	1.135888	1.135888	1.135888	1.135888	1.135888	0.06210362
2450	-54.42119	-54.7603	0.3391093	1.238821	1.238821	1.238821	1.238821	1.238821	1.238821	0.02638625
2460	-57.50243	-53.99834	-3.504087	2.662355	2.662355	2.662355	2.662355	2.662355	2.662355	0.06295906
2470	-56.85122	-56.98055	0.1293301	0.9010463	0.9010463	0.9010463	0.9010463	0.9010463	0.9010463	0.05627076
2480	-54.32976	-54.64926	0.3194922	1.131716	1.131716	1.131716	1.131716	1.131716	1.131716	0.03275994
2490	-54.86542	-54.85902	-0.006399495	1.17755	1.17755	1.17755	1.17755	1.17755	1.17755	0.04179371
2500	-56.06569	-54.64232	-1.423366	1.731897	1.731897	1.731897	1.731897	1.731897	1.731897	0.05576702
2510	-54.10548	-54.993	0.8875186	0.8561481	0.8561481	0.8561481	0.8561481	0.8561481	0.8561481	0.02771927
2520	-54.32737	-55.5202	1.192831	0.5701253	0.5701253	0.5701253	0.5701253	0.5701253	0.5701253	0.02097808
2530	-54.40181	-55.65956	1.257742	0.5746672	0.5746672	0.5746672	0.5746672	0.5746672	0.5746672	0.0197741
2540	-54.90898	-55.63591	0.7269304	0.5380902	0.5380902	0.5380902	0.5380902	0.5380902	0.5380902	0.03179971
2550	-54.76855	-54.47107	-0.297482	1.515107	1.515107	1.515107	1.515107	1.515107	1.515107	0.02861459
2560	-55.99121	-55.13719	-0.854013	1.888002	1.888002	1.888002	1.888002	1.888002	1.888002	0.02259859
2570	-59.11429	-56.38657	-2.72772	2.046626	2.046626	2.046626	2.046626	2.046626	2.046626	0.1048457
2580	-54.36494	-55.36515	1.000215	0.5320201	0.5320201	0.5320201	0.5320201	0.5320201	0.5320201	0.02392226
2590	-54.3755	-55.3214	0.9459024	0.5714281	0.5714281	0.5714281	0.5714281	0.5714281	0.5714281	0.02689937
2600	-54.44537	-54.81946	0.3740874	1.23495	1.23495	1.23495	1.23495	1.23495	1.23495	0.02566739
2610	-56.21826	-56.52395	0.3056889	0.8449585	0.8449585	0.8449585	0.8449585	0.8449585	0.8449585	0.0501577
2620	-54.48138	-54.93022	0.4488419	0.9956664	0.9956664	0.9956664	0.9956664	0.9956664	0.9956664	0.03596538
2630	-54.78366	-54.41848	-0.3651818	1.536015	1.536015	1.536015	1.536015	1.536015	1.536015	0.02930934
2640	-54.51565	-55.88557	1.369925	0.7616392	0.7616392	0.7616392	0.7616392	0.7616392	0.7616392	0.01845149
2650	-54.60723	-55.75163	1.1444	0.9480325	0.9480325	0.9480325	0.9480325	0.9480325	0.9480325	0.01919934
2660	-54.75018	-54.436	-0.3141725	1.513608	1.513608	1.513608	1.513608	1.513608	1.513608	0.02918736
2670	-54.5252	-55.66819	1.142983	0.5096642	0.5096642	0.5096642	0.5096642	0.5096642	0.5096642	0.0197743
2680	-61.67414	-57.67138	-4.002758	3.625878	3.625878	3.625878	3.625878	3.625878	3.625878	0.01607315
2690	-59.11616	-56.5494	-2.566758	1.975465	1.975465	1.975465	1.975465	1.975465	1.975465	0.1039059
2700	-56.12999	-53.94246	-2.187535	2.157743	2.157743	2.157743	2.157743	2.157743	2.157743	0.04822835
2710	-55.03927	-54.17807	-0.8611975	1.719287	1.719287	1.719287	1.719287	1.719287	1.719287	0.03265256
2720	-54.56163	-55.97206	1.410424	0.6454475	0.6454475	0.6454475	0.6454475	0.6454475	0.6454475	0.01795479
2730	-55.92017	-56.43545	0.5152834	0.3344244	0.3344244	0.3344244	0.3344244	0.3344244	0.3344244	0.01569115
2740	-56.36566	-53.8325	-2.533161	2.338074	2.338074	2.338074	2.338074	2.338074	2.338074	0.04658964
2750	-54.65039	-54.31809	-0.3323016	1.444839	1.444839	1.444839	1.444839	1.444839	1.444839	0.03427382
2760	-56.14222	-56.44697	0.3047497	0.8534857	0.8534857	0.8534857	0.8534857	0.8534857	0.8534857	0.04978004
2770	-54.50865	-55.38455	0.8758979	0.5737061	0.5737061	0.5737061	0.5737061	0.5737061	0.5737061	0.0289339
2780	-55.79762	-56.24769	0.4500746	0.786553	0.786553	0.786553	0.786553	0.786553	0.786553	0.04559048
2790	-55.57107	-55.27963	-0.2914437	1.232002	1.232002	1.232002	1.232002	1.232002	1.232002	0.05021648
2800	-54.25652	-55.45625	1.199732	0.8179454	0.8179454	0.8179454	0.8179454	0.8179454	0.8179454	0.02102811
2810	-56.05891	-57.71911	1.660206	0.5451548	0.5451548	0.5451548	0.5451548	0.5451548	0.5451548	0.01266206
2820	-56.77024	-58.51814	1.747895	0.8608823	0.8608823	0.8608823	0.8608823	0.8608823	0.8608823	0.01166794
2830	-54.71086	-54.68133	-0.02952976	1.219497	1.219497	1.219497	1.219497	1.219497	1.219497	0.03956869
2840	-56.13294	-55.83455	-0.298389	0.3109347	0.3109347	0.3109347	0.3109347	0.3109347	0.3109347	0.02839794
2850	-54.6984	-55.64042	0.9420165	0.4490306	0.4490306	0.4490306	0.4490306	0.4490306	0.4490306	0.02012123
2860	-54.08564	-55.0409	0.9552662	0.8547768	0.8547768	0.8547768	0.8547768	0.8547768	0.8547768	0.02593993
2870	-54.71955	-54.98193	0.2623803	1.331297	1.331297	1.331297	1.331297	1.331297	1.331297	0.0237966
2880	-55.52991	-54.88748	-0.6424268	1.409972	1.409972	1.409972	1.409972	1.409972	1.409972	0.0501949
2890	-54.19463	-55.43338	1.238744	0.716324	0.716324	0.716324	0.716324	0.716324	0.716324	0.02141311
2900	-54.94877	-54.60586	-0.3429138	1.570195	1.570195	1.570195	1.570195	1.570195	1.570195	0.02667894
2910	-54.95592	-56.10202	1.146102	1.003321	1.003321	1.003321	1.003321	1.003321	1.003321	0.01770459
2920	-54.64109	-54.53585	-0.1052438	1.428732	1.428732	1.428732	1.428732	1.428732	1.428732	0.02823016
2930	-54.14303	-54.85965	0.716615	0.9788288	0.9788288	0.9788288	0.9788288	0.9788288	0.9788288	0.02820471
2940	-56.01766	-55.83755	-0.180109	1.134267	1.134267	1.134267	1.134267	1.134267	1.134267	0.053748
2950	-55.07234	-54.18846	-0.8838773	1.736635	1.736635	1.736635	1.736635	1.736635	1.736635	0.03218752
2960	-58.46337	-53.92302	-4.54035	3.138802	3.138802	3.138802	3.138802	3.138802	3.138802	0.06890745
2970	-54.46232	-55.49421	1.03189	0.977226	0.977226	0.977226	0.977226	0.977226	0.977226	0.02062547
2980	-54.94289	-54.22775	-0.7151361	1.659214	1.659214	1.659214	1.659214	1.659214	1.659214	0.03206524
2990	-54.10059	-54.96769	0.8670979	0.9000397	0.9000397	0.9000397	0.9000397	0.9000397	0.9000397	0.02694009
3000	-58.58916	-53.82991	-4.75925	3.470227	3.470227	3.470227	3.470227	3.470227	3.470227	0.04568062
3010	-54.48198	-54.61809	0.1361128	1.315162	1.315162	1.315162	1.315162	1.315162	1.315162	0.02787588
3020	-57.82343	-56.65062	-1.172803	2.168828	2.168828	2.168828	2.168828	2.168828	2.168828	0.01707669
3030	-54.79279	-55.04985	0.2570537	1.045523	1.045523	1.045523	1.045523	1.045523	1.045523	0.04033131
3040	-56.04377	-56.48719	0.4434256	0.7576631	0.7576631	0.7576631	0.7576631	0.7576631	0.7576631	0.04669982
3050	-54.52816	-55.40377	0.8756084	0.4828041	0.4828041	0.4828041	0.4828041	0.4828041	0.4828041	0.02407423
3060	-54.43141	-54.69961	0.2681941	1.262625	1.262625	1.262625	1.262625	1.262625	1.262625	0.02706339
3070	-54.94463	-54.52408	-0.4205555	1.385881	1.385881	1.385881	1.385881	1.385881	1.385881	0.04222376
3080	-54.23789	-55.24693	1.009039	0.9295928	0.9295928	0.9295928	0.9295928	0.9295928	0.9295928	0.02252747
3090	-56.12694	-55.61136	-0.5155778	1.78134	1.78134	1.78134	1.78134	1.78134	1.78134	0.02024177
3100	-59.60949	-54.85859	-4.750897	3.014453	3.014453	3.014453	3.014453	3.014453	3.014453	0.1083783
3110	-56.18727	-56.59002	0.4027475	0.7745511	0.7745511	0.7745511	0.7745511	0.7745511	0.7745511	0.04817549
3120	-54.5726	-55.65295	1.080355	0.9749335	0.9749335	0.9749335	0.9749335	0.9749335	0.9749335	0.01971456
3130	-55.05038	-55.45077	0.4003943	0.9223611	0.9223611	0.9223611	0.9223611	0.9223611	0.9223611	0.04179147
3140	-54.31798	-55.63415	1.316173	0.679826	0.679826	0.679826	0.679826	0.679826	0.679826	0.01988092
3150	-54.87682	-55.62895	0.7521293	0.5711186	0.5711186	0.5711186	0.5711186	0.5711186	0.5711186	0.03263794
3160	-54.43718	-54.65122	0.2140349	1.151998	1.151998	1.151998	1.151998	1.151998	1.151998	0.03511388
3170	-56.40291	-56.68186	0.2789511	0.8446734	0.8446734	0.8446734	0.8446734	0.8446734	0.8446734	0.05153124
3180	-54.17458	-55.36396	1.189383	0.7779074	0.7779074	0.7779074	0.7779074	0.7779074	0.7779074	0.02189175
3190	-58.13023	-54.60847	-3.521764	2.54411	2.54411	2.54411	2.54411	2.54411	2.54411	0.08162392
3200	-55.59586	-54.05944	-1.536421	2.027889	2.027889	2.027889	2.027889	2.027889	2.027889	0.03315406
3210	-54.34929	-54.63415	0.2848558	1.222606	1.222606	1.222606	1.222606	1.222606	1.222606	0.02872594
3220	-54.12435	-54.90089	0.7765441	0.947773	0.947773	0.947773	0.947773	0.947773	0.947773	0.02774578
3230	-58.14197	-55.21268	-2.929293	2.233101	2.233101	2.233101	2.233101	2.233101	2.233101	0.08633655
3240	-54.19093	-54.837	0.6460706	0.9761302	0.9761302	0.9761302	0.9761302	0.9761302	0.9761302	0.03038421
3250	-55.91395	-55.59324	-0.3207111	0.2895462	0.2895462	0.2895462	0.2895462	0.2895462	0.2895462	0.02292824
3260	-54.35612	-55.30434	0.9482219	0.5958648	0.5958648	0.5958648	0.5958648	0.5958648	0.5958648	0.02758301
3270	-54.28812	-55.38565	1.097528	0.5622272	0.5622272	0.5622272	0.5622272	0.5622272	0.5622272	0.02282745
3280	-54.33346	-54.95855	0.6250811	0.9244511	0.9244511	0.9244511	0.9244511	0.9244511	0.9244511	0.03329249
3290	-55.25184	-54.08369	-1.168153	1.757107	1.757107	1.757107	1.757107	1.757107	1.757107	0.04094083
3300	-54.40097	-54.9563	0.5553274	0.9499209	0.9499209	0.9499209	0.9499209	0.9499209	0.9499209	0.03451453
3310	-54.98964	-54.8468	-0.1428328	1.513902	1.513902	1.513902	1.513902	1.513902	1.513902	0.02457633
3320	-56.53584	-55.85178	-0.6840577	1.333302	1.333302	1.333302	1.333302	1.333302	1.333302	0.06106859
3330	-55.87765	-55.10249	-0.7751571	1.435505	1.435505	1.435505	1.435505	1.435505	1.435505	0.05440275
3340	-54.99652	-54.33508	-0.6614372	1.510932	1.510932	1.510932	1.510932	1.510932	1.510932	0.04153693
3350	-56.14669	-54.94478	-1.20191	2.026508	2.026508	2.026508	2.026508	2.026508	2.026508	0.02379801
3360	-54.39997	-55.31921	0.9192453	0.6102919	0.6102919	0.6102919	0.6102919	0.6102919	0.6102919	0.02875154
3370	-55.17821	-56.57273	1.394521	0.8964678	0.8964678	0.8964678	0.8964678	0.8964678	0.8964678	0.01596582
3380	-56.20503	-54.35937	-1.845659	1.932189	1.932189	1.932189	1.932189	1.932189	1.932189	0.05542068
3390	-58.54291	-54.9936	-3.549307	2.499448	2.499448	2.499448	2.499448	2.499448	2.499448	0.09199707
3400	-55.06847	-55.3832	0.314726	0.9711843	0.9711843	0.9711843	0.9711843	0.9711843	0.9711843	0.0426209
3410	-65.25178	-64.3994	-0.8523771	0.1861278	0.1861278	0.1861278	0.1861278	0.1861278	0.1861278	0.00572931
3420	-54.86832	-55.51469	0.6463706	1.210913	1.210913	1.210913	1.210913	1.210913	1.210913	0.02045529
3430	-54.24908	-55.49168	1.2426	0.6306053	0.6306053	0.6306053	0.6306053	0.6306053	0.6306053	0.02108906
3440	-59.70286	-56.47667	-3.226192	3.133383	3.133383	3.133383	3.133383	3.133383	3.133383	0.01871075
3450	-57.57013	-54.25486	-3.315267	2.523822	2.523822	2.523822	2.523822	2.523822	2.523822	0.06922843
3460	-60.06385	-53.99306	-6.07079	3.88565	3.88565	3.88565	3.88565	3.88565	3.88565	0.07946385
3470	-54.45688	-54.69498	0.2381011	1.130111	1.130111	1.130111	1.130111	1.130111	1.130111	0.03563847
3480	-54.15222	-54.97251	0.8202824	0.9758777	0.9758777	0.9758777	0.9758777	0.9758777	0.9758777	0.02553561
3490	-54.66057	-54.43979	-0.2207772	1.462014	1.462014	1.462014	1.462014	1.462014	1.462014	0.02959065
3500	-54.38644	-54.646	0.2595611	1.247207	1.247207	1.247207	1.247207	1.247207	1.247207	0.02811778
3510	-56.39644	-54.3685	-2.027948	1.999799	1.999799	1.999799	1.999799	1.999799	1.999799	0.05755099
3520	-56.11621	-54.46661	-1.649601	1.841411	1.841411	1.841411	1.841411	1.841411	1.841411	0.05532501
3530	-55.23214	-54.2576	-0.974535	1.806402	1.806402	1.806402	1.806402	1.806402	1.806402	0.03035897
3540	-54.34292	-55.20454	0.8616225	0.7344348	0.7344348	0.7344348	0.7344348	0.7344348	0.7344348	0.03105457
3550	-57.80626	-54.15618	-3.650074	2.68204	2.68204	2.68204	2.68204	2.68204	2.68204	0.06999745
3560	-54.26167	-54.68995	0.4282823	1.138616	1.138616	1.138616	1.138616	1.138616	1.138616	0.02902672
3570	-55.23451	-54.6169	-0.617608	1.706882	1.706882	1.706882	1.706882	1.706882	1.706882	0.02627945
3580	-54.35162	-55.60156	1.249939	0.586723	0.586723	0.586723	0.586723	0.586723	0.586723	0.02021
3590	-54.48117	-54.44462	-0.03655085	1.323274	1.323274	1.323274	1.323274	1.323274	1.323274	0.03260242
3600	-54.83817	-54.98424	0.1460697	1.391686	1.391686	1.391686	1.391686	1.391686	1.391686	0.02367919
3610	-57.08849	-55.17094	-1.91755	2.38371	2.38371	2.38371	2.38371	2.38371	2.38371	0.02288202
3620	-55.27047	-55.93109	0.6606175	0.6439827	0.6439827	0.6439827	0.6439827	0.6439827	0.6439827	0.03798088
3630	-54.58965	-54.59112	0.001470578	1.232166	1.232166	1.232166	1.232166	1.232166	1.232166	0.03745416
3640	-56.88896	-54.70248	-2.18648	2.012018	2.012018	2.012018	2.012018	2.012018	2.012018	0.06570046
3650	-57.52351	-53.74614	-3.777372	2.908071	2.908071	2.908071	2.908071	2.908071	2.908071	0.05050076
3660	-56.54161	-55.06113	-1.480488	2.168776	2.168776	2.168776	2.168776	2.168776	2.168776	0.02323152
3670	-58.14308	-53.89607	-4.247013	3.017047	3.017047	3.017047	3.017047	3.017047	3.017047	0.0651475
3680	-55.85691	-54.86136	-0.9955586	1.54494	1.54494	1.54494	1.54494	1.54494	1.54494	0.05403218
3690	-55.07296	-54.91698	-0.1559758	1.531297	1.531297	1.531297	1.531297	1.531297	1.531297	0.02401255
3700	-54.87054	-54.23405	-0.6364891	1.615346	1.615346	1.615346	1.615346	1.615346	1.615346	0.03252965
3710	-55.75637	-54.30747	-1.448895	1.793214	1.793214	1.793214	1.793214	1.793214	1.793214	0.05018255
3720	-54.32357	-54.64072	0.3171439	1.138083	1.138083	1.138083	1.138083	1.138083	1.138083	0.03246947
3730	-55.05749	-55.61327	0.5557809	0.3770806	0.3770806	0.3770806	0.3770806	0.3770806	0.3770806	0.0206906
3740	-54.80318	-54.68689	-0.1162804	1.248162	1.248162	1.248162	1.248162	1.248162	1.248162	0.04087088
3750	-54.98336	-54.48393	-0.4994334	1.623098	1.623098	1.623098	1.623098	1.623098	1.623098	0.02790166
3760	-60.75952	-54.38046	-6.379057	4.460919	4.460919	4.460919	4.460919	4.460919	4.460919	0.03999584
3770	-58.13765	-53.82914	-4.308513	3.265417	3.265417	3.265417	3.265417	3.265417	3.265417	0.04284299
3780	-55.92516	-56.18845	0.2632928	0.9024558	0.9024558	0.9024558	0.9024558	0.9024558	0.9024558	0.04913219
3790	-54.98235	-55.71252	0.7301646	0.6123497	0.6123497	0.6123497	0.6123497	0.6123497	0.6123497	0.03479067
3800	-54.47981	-55.36859	0.8887853	0.5471343	0.5471343	0.5471343	0.5471343	0.5471343	0.5471343	0.02747738
3810	-54.24351	-54.71002	0.4665051	1.118423	1.118423	1.118423	1.118423	1.118423	1.118423	0.02894753
3820	-55.93839	-54.77273	-1.165656	1.619072	1.619072	1.619072	1.619072	1.619072	1.619072	0.0547859
3830	-54.08119	-55.11977	1.038581	0.7876649	0.7876649	0.7876649	0.7876649	0.7876649	0.7876649	0.02529043
3840	-58.2514	-57.22819	-1.023212	1.37097	1.37097	1.37097	1.37097	1.37097	1.37097	0.07949959
3850	-60.70963	-55.71329	-4.996337	2.985277	2.985277	2.985277	2.985277	2.985277	2.985277	0.1467006
3860	-54.20211	-55.29971	1.097593	0.6111733	0.6111733	0.6111733	0.6111733	0.6111733	0.6111733	0.02407141
3870	-54.69638	-55.8358	1.139413	0.485113	0.485113	0.485113	0.485113	0.485113	0.485113	0.01861617
3880	-56.32826	-56.52443	0.1961605	0.9050083	0.9050083	0.9050083	0.9050083	0.9050083	0.9050083	0.05238151
3890	-54.86047	-54.19311	-0.6673561	1.594901	1.594901	1.594901	1.594901	1.594901	1.594901	0.03503101
3900	-57.32355	-54.12633	-3.19722	2.836923	2.836923	2.836923	2.836923	2.836923	2.836923	0.03257458
3910	-54.61111	-55.6021	0.9909877	1.025284	1.025284	1.025284	1.025284	1.025284	1.025284	0.01999001
3920	-57.14636	-55.67705	-1.469314	1.64382	1.64382	1.64382	1.64382	1.64382	1.64382	0.07043142
3930	-56.53746	-53.82605	-2.711406	2.51046	2.51046	2.51046	2.51046	2.51046	2.51046	0.03890464
3940	-54.52627	-54.42208	-0.1041861	1.37294	1.37294	1.37294	1.37294	1.37294	1.37294	0.03158735
3950	-54.56615	-55.11087	0.5447191	0.9159071	0.9159071	0.9159071	0.9159071	0.9159071	0.9159071	0.03647151
3960	-54.09893	-54.97972	0.8807943	0.8775911	0.8775911	0.8775911	0.8775911	0.8775911	0.8775911	0.02727281
3970	-54.37312	-54.93465	0.5615331	0.9540793	0.9540793	0.9540793	0.9540793	0.9540793	0.9540793	0.0341063
3980	-59.7932	-59.09537	-0.697828	1.149285	1.149285	1.149285	1.149285	1.149285	1.149285	0.08782276
3990	-55.24583	-56.52186	1.276037	0.9746159	0.9746159	0.9746159	0.9746159	0.9746159	0.9746159	0.01621815
4000	-54.32097	-54.98809	0.6671163	0.8997759	0.8997759	0.8997759	0.8997759	0.8997759	0.8997759	0.0329145
4010	-56.32672	-55.41736	-0.9093612	1.455839	1.455839	1.455839	1.455839	1.455839	1.455839	0.05966738
4020	-54.77549	-55.63462	0.8591345	1.11023	1.11023	1.11023	1.11023	1.11023	1.11023	0.01982745
4030	-55.16215	-55.77292	0.6107665	1.261983	1.261983	1.261983	1.261983	1.261983	1.261983	0.01923717
4040	-55.63353	-55.48712	-0.1464019	1.153179	1.153179	1.153179	1.153179	1.153179	1.153179	0.05024522
4050	-54.52574	-54.92485	0.3991043	1.246096	1.246096	1.246096	1.246096	1.246096	1.246096	0.02450753
4060	-54.40655	-54.56978	0.1632237	1.201051	1.201051	1.201051	1.201051	1.201051	1.201051	0.03377702
4070	-54.90108	-55.54729	0.6462089	0.7714101	0.7714101	0.7714101	0.7714101	0.7714101	0.7714101	0.03783743
4080	-55.80894	-56.24887	0.4399333	0.4711878	0.4711878	0.4711878	0.4711878	0.4711878	0.4711878	0.03591763
4090	-54.33899	-55.66397	1.324975	0.7095933	0.7095933	0.7095933	0.7095933	0.7095933	0.7095933	0.01967122
4100	-60.19707	-54.00418	-6.192892	3.950347	3.950347	3.950347	3.950347	3.950347	3.950347	0.08003288
4110	-56.58014	-53.99354	-2.5866	2.293786	2.293786	2.293786	2.293786	2.293786	2.293786	0.05393285
4120	-54.42854	-54.65461	0.2260741	1.272772	1.272772	1.272772	1.272772	1.272772	1.272772	0.0276797
4130	-54.64451	-54.36724	-0.2772737	1.462397	1.462397	1.462397	1.462397	1.462397	1.462397	0.03128576
4140	-54.4752	-54.45459	-0.02060808	1.328972	1.328972	1.328972	1.328972	1.328972	1.328972	0.03172639
4150	-54.12154	-55.28125	1.159715	0.7066389	0.7066389	0.7066389	0.7066389	0.7066389	0.7066389	0.02321771
4160	-55.53084	-56.1427	0.6118563	0.6394852	0.6394852	0.6394852	0.6394852	0.6394852	0.6394852	0.03980216
4170	-54.62296	-55.16902	0.5460601	0.9028864	0.9028864	0.9028864	0.9028864	0.9028864	0.9028864	0.03701144
4180	-55.40816	-53.98516	-1.423001	1.891117	1.891117	1.891117	1.891117	1.891117	1.891117	0.0396546
4190	-54.74029	-54.28115	-0.4591436	1.528332	1.528332	1.528332	1.528332	1.528332	1.528332	0.03271875
4200	-54.84283	-55.0328	0.1899677	1.377177	1.377177	1.377177	1.377177	1.377177	1.377177	0.02333736
4210	-54.31674	-55.42039	1.103642	0.5514471	0.5514471	0.5514471	0.5514471	0.5514471	0.5514471	0.0223214
4220	-54.18167	-54.89169	0.7100207	1.029128	1.029128	1.029128	1.029128	1.029128	1.029128	0.02631622
4230	-54.67975	-54.38459	-0.2951605	1.387217	1.387217	1.387217	1.387217	1.387217	1.387217	0.03714703
4240	-56.45544	-53.86218	-2.593255	2.472046	2.472046	2.472046	2.472046	2.472046	2.472046	0.03742699
4250	-55.24173	-54.09329	-1.148439	1.839148	1.839148	1.839148	1.839148	1.839148	1.839148	0.03368017
4260	-55.68562	-53.9322	-1.753424	2.080226	2.080226	2.080226	2.080226	2.080226	2.080226	0.03684011
4270	-54.46381	-54.64113	0.1773223	1.298187	1.298187	1.298187	1.298187	1.298187	1.298187	0.02765863
4280	-54.69405	-55.50312	0.8090679	0.5917723	0.5917723	0.5917723	0.5917723	0.5917723	0.5917723	0.03157368
4290	-54.75672	-55.38313	0.6264101	0.8186706	0.8186706	0.8186706	0.8186706	0.8186706	0.8186706	0.03728397
4300	-54.65583	-55.92349	1.26766	0.8857669	0.8857669	0.8857669	0.8857669	0.8857669	0.8857669	0.01835286
4310	-54.71051	-55.14035	0.4298463	1.269978	1.269978	1.269978	1.269978	1.269978	1.269978	0.0226993
4320	-55.47341	-53.99796	-1.47545	1.89179	1.89179	1.89179	1.89179	1.89179	1.89179	0.04172977
4330	-54.49648	-54.84769	0.3512096	1.050892	1.050892	1.050892	1.050892	1.050892	1.050892	0.03639116
4340	-57.27485	-56.43973	-0.8351244	1.34884	1.34884	1.34884	1.34884	1.34884	1.34884	0.06886064
4350	-54.30435	-54.63164	0.327286	1.181286	1.181286	1.181286	1.181286	1.181286	1.181286	0.02973179
4360	-55.16725	-55.98389	0.8166373	1.1788	1.1788	1.1788	1.1788	1.1788	1.1788	0.01830951
4370	-54.14389	-55.28643	1.14254	0.6609525	0.6609525	0.6609525	0.6609525	0.6609525	0.6609525	0.02358424
4380	-54.44545	-54.86216	0.4167067	1.024658	1.024658	1.024658	1.024658	1.024658	1.024658	0.03553403
4390	-56.80648	-54.13856	-2.667926	2.588946	2.588946	2.588946	2.588946	2.588946	2.588946	0.03169681
4400	-63.73802	-57.88836	-5.84966	2.819999	2.819999	2.819999	2.819999	2.819999	2.819999	0.4781053
4410	-67.17663	-56.86152	-10.31511	3.322711	3.322711	3.322711	3.322711	3.322711	3.322711	15.60136
4420	-67.49743	-57.64225	-9.855189	2.959002	2.959002	2.959002	2.959002	2.959002	2.959002	19.91094
4430	-66.54751	-56.34605	-10.20146	3.687746	3.687746	3.687746	3.687746	3.687746	3.687746	7.063733
4440	-66.85055	-60.0467	-6.803849	2.32224	2.32224	2.32224	2.32224	2.32224	2.32224	3.446972
4450	-66.77351	-56.55019	-10.22331	3.523652	3.523652	3.523652	3.523652	3.523652	3.523652	9.762639
4460	-62.41745	-56.10505	-6.312405	3.419574	3.419574	3.419574	3.419574	3.419574	3.419574	0.2373731
4470	-55.35641	-54.03166	-1.324751	1.829511	1.829511	1.829511	1.829511	1.829511	1.829511	0.04101142
4480	-54.41868	-55.4566	1.037916	0.9646402	0.9646402	0.9646402	0.9646402	0.9646402	0.9646402	0.02087211
4490	-54.27175	-55.22131	0.9495618	0.9695427	0.9695427	0.9695427	0.9695427	0.9695427	0.9695427	0.02264282
4500	-54.81256	-55.58425	0.771691	0.5773068	0.5773068	0.5773068	0.5773068	0.5773068	0.5773068	0.03225468
4510	-55.71864	-56.18969	0.4710525	0.4786453	0.4786453	0.4786453	0.4786453	0.4786453	0.4786453	0.03563497
4520	-55.15496	-54.06392	-1.09104	1.760387	1.760387	1.760387	1.760387	1.760387	1.760387	0.03763766
4530	-54.91532	-55.53426	0.6189465	0.4498098	0.4498098	0.4498098	0.4498098	0.4498098	0.4498098	0.0278767
4540	-55.39477	-54.02844	-1.366325	1.842866	1.842866	1.842866	1.842866	1.842866	1.842866	0.04154742
4550	-54.51682	-55.15887	0.6420511	0.8613863	0.8613863	0.8613863	0.8613863	0.8613863	0.8613863	0.03523926
4560	-54.59951	-55.83724	1.237733	0.892782	0.892782	0.892782	0.892782	0.892782	0.892782	0.01875731
4570	-56.21075	-55.11772	-1.093034	1.553615	1.553615	1.553615	1.553615	1.553615	1.553615	0.05848966
4580	-57.1311	-53.80288	-3.328217	2.794784	2.794784	2.794784	2.794784	2.794784	2.794784	0.04040477
4590	-55.66864	-54.51376	-1.154879	1.650344	1.650344	1.650344	1.650344	1.650344	1.650344	0.05072179
4600	-54.08676	-55.05535	0.9685887	0.8168107	0.8168107	0.8168107	0.8168107	0.8168107	0.8168107	0.02652177
4610	-54.84538	-54.24301	-0.6023704	1.599169	1.599169	1.599169	1.599169	1.599169	1.599169	0.03253239
4620	-58.20637	-54.25877	-3.947597	2.783046	2.783046	2.783046	2.783046	2.783046	2.783046	0.07685395
4630	-54.53986	-54.5965	0.05663633	1.214285	1.214285	1.214285	1.214285	1.214285	1.214285	0.036659
4640	-54.124	-54.92011	0.796104	0.9554791	0.9554791	0.9554791	0.9554791	0.9554791	0.9554791	0.02692307
4650	-54.35767	-55.47659	1.118917	0.9062357	0.9062357	0.9062357	0.9062357	0.9062357	0.9062357	0.02078647
4660	-54.43549	-54.68085	0.2453655	1.132825	1.132825	1.132825	1.132825	1.132825	1.132825	0.03521163
4670	-54.16955	-54.83518	0.6656317	0.9805255	0.9805255	0.9805255	0.9805255	0.9805255	0.9805255	0.02960718
4680	-54.0887	-55.16059	1.071897	0.7949435	0.7949435	0.7949435	0.7949435	0.7949435	0.7949435	0.02433525
4690	-54.71928	-54.37534	-0.3439347	1.403327	1.403327	1.403327	1.403327	1.403327	1.403327	0.03774887
4700	-54.61794	-55.42161	0.8036698	0.6814014	0.6814014	0.6814014	0.6814014	0.6814014	0.6814014	0.0331935
4710	-55.3633	-56.00823	0.6449214	0.5873814	0.5873814	0.5873814	0.5873814	0.5873814	0.5873814	0.03703642
4720	-54.40366	-55.09006	0.6864041	0.8600477	0.8600477	0.8600477	0.8600477	0.8600477	0.8600477	0.03375766
4730	-55.16915	-55.82963	0.6604783	0.6875413	0.6875413	0.6875413	0.6875413	0.6875413	0.6875413	0.03830933
4740	-55.97327	-56.12415	0.1508782	1.520515	1.520515	1.520515	1.520515	1.520515	1.520515	0.01807024
4750	-55.84855	-55.45038	-0.3981676	1.256587	1.256587	1.256587	1.256587	1.256587	1.256587	0.05331185
4760	-54.48991	-54.44034	-0.0495681	1.321571	1.321571	1.321571	1.321571	1.321571	1.321571	0.03314115
4770	-56.78353	-53.85239	-2.931142	2.63069	2.63069	2.63069	2.63069	2.63069	2.63069	0.03786645
4780	-55.52967	-54.33184	-1.197831	1.697136	1.697136	1.697136	1.697136	1.697136	1.697136	0.04793189
4790	-54.40085	-55.33416	0.9333084	0.5601475	0.5601475	0.5601475	0.5601475	0.5601475	0.5601475	0.02682081
4800	-54.93553	-55.40537	0.4698411	1.28848	1.28848	1.28848	1.28848	1.28848	1.28848	0.02103944
4810	-56.82004	-56.82986	0.009820311	0.9721589	0.9721589	0.9721589	0.9721589	0.9721589	0.9721589	0.05773486
4820	-54.32921	-55.16257	0.8333576	0.7676775	0.7676775	0.7676775	0.7676775	0.7676775	0.7676775	0.03144825
4830	-55.38423	-54.04779	-1.336443	1.919617	1.919617	1.919617	1.919617	1.919617	1.919617	0.0342142
4840	-55.66568	-57.18735	1.521674	0.8827853	0.8827853	0.8827853	0.8827853	0.8827853	0.8827853	0.01428444
4850	-55.64758	-55.38106	-0.2665163	1.211731	1.211731	1.211731	1.211731	1.211731	1.211731	0.05088651
4860	-55.80673	-54.77813	-1.028602	1.567313	1.567313	1.567313	1.567313	1.567313	1.567313	0.05328353
4870	-54.5425	-54.60656	0.06405354	1.354158	1.354158	1.354158	1.354158	1.354158	1.354158	0.02772303
4880	-54.85794	-54.22545	-0.6324847	1.607018	1.607018	1.607018	1.607018	1.607018	1.607018	0.03297545
4890	-54.85756	-54.30064	-0.5569244	1.49039	1.49039	1.49039	1.49039	1.49039	1.49039	0.03904941
4900	-54.79731	-55.60908	0.8117662	1.133511	1.133511	1.133511	1.133511	1.133511	1.133511	0.01996071
4910	-57.89187	-54.40848	-3.483392	2.562451	2.562451	2.562451	2.562451	2.562451	2.562451	0.07564416
4920	-55.01152	-55.62345	0.6119299	0.7785017	0.7785017	0.7785017	0.7785017	0.7785017	0.7785017	0.03898527
4930	-55.30096	-54.177	-1.123962	1.70769	1.70769	1.70769	1.70769	1.70769	1.70769	0.04352865
4940	-54.57941	-55.08986	0.5104487	0.9350146	0.9350146	0.9350146	0.9350146	0.9350146	0.9350146	0.03682707
4950	-56.6121	-54.05742	-2.554681	2.516961	2.516961	2.516961	2.516961	2.516961	2.516961	0.0328179
4960	-56.71951	-54.48274	-2.236779	2.061698	2.061698	2.061698	2.061698	2.061698	2.061698	0.06214156
4970	-55.29536	-56.85233	1.556972	0.5777967	0.5777967	0.5777967	0.5777967	0.5777967	0.5777967	0.01471654
4980	-56.36151	-55.03285	-1.32866	1.650762	1.650762	1.650762	1.650762	1.650762	1.650762	0.06029502
4990	-54.46995	-54.57261	0.102659	1.318212	1.318212	1.318212	1.318212	1.318212	1.318212	0.02865109
5000	-55.89566	-53.92623	-1.969432	2.192152	2.192152	2.192152	2.192152	2.192152	2.192152	0.03605133
5010	-54.79036	-54.3056	-0.4847568	1.469435	1.469435	1.469435	1.469435	1.469435	1.469435	0.03794353
5020	-54.28721	-55.3786	1.091385	0.9013411	0.9013411	0.9013411	0.9013411	0.9013411	0.9013411	0.02149382
5030	-56.57611	-53.88891	-2.687203	2.367766	2.367766	2.367766	2.367766	2.367766	2.367766	0.05107528
5040	-54.35584	-55.18352	0.8276802	0.7620282	0.7620282	0.7620282	0.7620282	0.7620282	0.7620282	0.03172737
5050	-57.14047	-53.80659	-3.333877	2.799622	2.799622	2.799622	2.799622	2.799622	2.799622	0.04024142
5060	-54.29354	-54.63506	0.3415231	1.165934	1.165934	1.165934	1.165934	1.165934	1.165934	0.03014372
5070	-54.12784	-55.0017	0.8738554	0.842281	0.842281	0.842281	0.842281	0.842281	0.842281	0.02849154
5080	-54.94898	-54.58272	-0.366264	1.577235	1.577235	1.577235	1.577235	1.577235	1.577235	0.02690733
5090	-54.23604	-54.89308	0.6570376	0.9406748	0.9406748	0.9406748	0.9406748	0.9406748	0.9406748	0.03156789
5100	-54.5595	-55.41858	0.8590731	0.4722485	0.4722485	0.4722485	0.4722485	0.4722485	0.4722485	0.02369997
5110	-54.50184	-54.44463	-0.05720577	1.354429	1.354429	1.354429	1.354429	1.354429	1.354429	0.03127999
5120	-54.13352	-55.2665	1.132973	0.6709268	0.6709268	0.6709268	0.6709268	0.6709268	0.6709268	0.02385606
5130	-54.31356	-55.28916	0.9756075	0.5967642	0.5967642	0.5967642	0.5967642	0.5967642	0.5967642	0.02686088
5140	-56.24201	-56.8007	0.5586864	0.3304181	0.3304181	0.3304181	0.3304181	0.3304181	0.3304181	0.01450765
5150	-54.62745	-55.44236	0.8149186	0.6562157	0.6562157	0.6562157	0.6562157	0.6562157	0.6562157	0.03268684
5160	-54.08374	-55.06445	0.9807099	0.8424449	0.8424449	0.8424449	0.8424449	0.8424449	0.8424449	0.02560005
5170	-54.82011	-54.38972	-0.4303874	1.562394	1.562394	1.562394	1.562394	1.562394	1.562394	0.0295995
5180	-56.6895	-56.19091	-0.4985941	1.235017	1.235017	1.235017	1.235017	1.235017	1.235017	0.0614225
5190	-54.2461	-55.24559	0.999496	0.9372061	0.9372061	0.9372061	0.9372061	0.9372061	0.9372061	0.02251749
5200	-56.55336	-53.81358	-2.739771	2.426698	2.426698	2.426698	2.426698	2.426698	2.426698	0.04760892
5210	-56.091	-55.39248	-0.6985227	1.377914	1.377914	1.377914	1.377914	1.377914	1.377914	0.05665936
5220	-64.39188	-55.67876	-8.713119	4.592359	4.592359	4.592359	4.592359	4.592359	4.592359	0.331589
5230	-56.54428	-54.19162	-2.35266	2.156232	2.156232	2.156232	2.156232	2.156232	2.156232	0.0570699
5240	-55.52826	-55.21203	-0.3162255	1.248885	1.248885	1.248885	1.248885	1.248885	1.248885	0.04984805
5250	-54.82365	-54.21884	-0.6048108	1.578927	1.578927	1.578927	1.578927	1.578927	1.578927	0.03403477
5260	-56.80548	-57.14601	0.3405286	0.7531211	0.7531211	0.7531211	0.7531211	0.7531211	0.7531211	0.05187877
5270	-54.10277	-55.05193	0.9491593	0.887722	0.887722	0.887722	0.887722	0.887722	0.887722	0.02517974
5280	-56.12173	-55.93599	-0.1857367	1.128169	1.128169	1.128169	1.128169	1.128169	1.128169	0.05463517
5290	-54.67919	-54.30833	-0.370858	1.483694	1.483694	1.483694	1.483694	1.483694	1.483694	0.03287336
5300	-56.05229	-54.83701	-1.215281	1.629919	1.629919	1.629919	1.629919	1.629919	1.629919	0.05626569
5310	-56.25903	-56.44909	0.1900555	0.9149784	0.9149784	0.9149784	0.9149784	0.9149784	0.9149784	0.05205799
5320	-57.57546	-54.05341	-3.522051	2.654525	2.654525	2.654525	2.654525	2.654525	2.654525	0.06512994
5330	-55.37712	-56.01005	0.6329239	0.5627146	0.5627146	0.5627146	0.5627146	0.5627146	0.5627146	0.03635246
5340	-54.783	-54.23585	-0.547156	1.535717	1.535717	1.535717	1.535717	1.535717	1.535717	0.03518096
5350	-57.39695	-54.25132	-3.145625	2.837814	2.837814	2.837814	2.837814	2.837814	2.837814	0.03088147
5360	-55.57195	-55.92921	0.3572628	0.8818238	0.8818238	0.8818238	0.8818238	0.8818238	0.8818238	0.04581773
5370	-54.55353	-55.09287	0.5393391	0.922185	0.922185	0.922185	0.922185	0.922185	0.922185	0.03637828
5380	-54.87774	-55.59508	0.7173418	0.7018767	0.7018767	0.7018767	0.7018767	0.7018767	0.7018767	0.0361598
5390	-54.39149	-55.21395	0.8224638	0.7528128	0.7528128	0.7528128	0.7528128	0.7528128	0.7528128	0.03204445
5400	-54.34479	-55.41795	1.07316	0.5379103	0.5379103	0.5379103	0.5379103	0.5379103	0.5379103	0.02248616
5410	-55.55172	-54.41551	-1.136212	1.659506	1.659506	1.659506	1.659506	1.659506	1.659506	0.04882433
5420	-54.96357	-54.21624	-0.747338	1.577916	1.577916	1.577916	1.577916	1.577916	1.577916	0.03933199
5430	-58.03204	-56.30688	-1.725159	1.689341	1.689341	1.689341	1.689341	1.689341	1.689341	0.08257545
5440	-54.42956	-54.54187	0.1123058	1.225291	1.225291	1.225291	1.225291	1.225291	1.225291	0.0339635
5450	-54.35914	-55.46647	1.107334	0.538043	0.538043	0.538043	0.538043	0.538043	0.538043	0.02173595
5460	-54.18101	-55.22549	1.044474	0.6513558	0.6513558	0.6513558	0.6513558	0.6513558	0.6513558	0.02594374
5470	-55.43536	-55.93069	0.4953318	0.8020537	0.8020537	0.8020537	0.8020537	0.8020537	0.8020537	0.04308388
5480	-55.64368	-57.08616	1.442485	0.4909839	0.4909839	0.4909839	0.4909839	0.4909839	0.4909839	0.01397726
5490	-54.09279	-54.99732	0.9045297	0.8710176	0.8710176	0.8710176	0.8710176	0.8710176	0.8710176	0.02682656
5500	-54.86647	-54.31639	-0.5500767	1.482517	1.482517	1.482517	1.482517	1.482517	1.482517	0.03942191
5510	-54.21832	-54.74715	0.5288312	1.089934	1.089934	1.089934	1.089934	1.089934	1.089934	0.02856217
5520	-54.31746	-54.88329	0.5658324	0.9696082	0.9696082	0.9696082	0.9696082	0.9696082	0.9696082	0.03323087
5530	-54.17469	-55.20967	1.034976	0.6644339	0.6644339	0.6644339	0.6644339	0.6644339	0.6644339	0.02628265
5540	-54.2846	-54.70358	0.4189831	1.159835	1.159835	1.159835	1.159835	1.159835	1.159835	0.0282064
5550	-57.34168	-54.12775	-3.213931	2.510159	2.510159	2.510159	2.510159	2.510159	2.510159	0.06434506
5560	-54.2076	-55.20537	0.9977665	0.669611	0.669611	0.669611	0.669611	0.669611	0.669611	0.02730439
5570	-55.93017	-57.54562	1.615447	0.8522664	0.8522664	0.8522664	0.8522664	0.8522664	0.8522664	0.01343887
5580	-54.08871	-55.11843	1.029718	0.7661959	0.7661959	0.7661959	0.7661959	0.7661959	0.7661959	0.02586343
5590	-54.32244	-54.63218	0.3097402	1.200322	1.200322	1.200322	1.200322	1.200322	1.200322	0.02921316
5600	-57.19281	-53.74846	-3.444345	2.76622	2.76622	2.76622	2.76622	2.76622	2.76622	0.04806263
5610	-55.77867	-56.29759	0.5189232	0.516973	0.516973	0.516973	0.516973	0.516973	0.516973	0.03752724
5620	-58.25844	-56.26578	-1.992666	1.789791	1.789791	1.789791	1.789791	1.789791	1.789791	0.08707421
5630	-54.699	-54.46178	-0.237218	1.479211	1.479211	1.479211	1.479211	1.479211	1.479211	0.02902966
5640	-54.81642	-54.24567	-0.5707451	1.522117	1.522117	1.522117	1.522117	1.522117	1.522117	0.03706018
5650	-54.88999	-55.6801	0.790114	1.155465	1.155465	1.155465	1.155465	1.155465	1.155465	0.01961494
5660	-54.13189	-55.30785	1.175959	0.7371134	0.7371134	0.7371134	0.7371134	0.7371134	0.7371134	0.02265582
5670	-54.61199	-55.9997	1.387715	0.5965468	0.5965468	0.5965468	0.5965468	0.5965468	0.5965468	0.01778503
5680	-54.45693	-54.57218	0.1152503	1.208397	1.208397	1.208397	1.208397	1.208397	1.208397	0.03495511
5690	-55.12338	-54.0746	-1.048775	1.74655	1.74655	1.74655	1.74655	1.74655	1.74655	0.03716259
5700	-54.20917	-55.46026	1.251092	0.6995938	0.6995938	0.6995938	0.6995938	0.6995938	0.6995938	0.02120951
5710	-55.14595	-55.71154	0.5655848	1.277897	1.277897	1.277897	1.277897	1.277897	1.277897	0.01951635
5720	-54.98203	-54.89978	-0.08224996	1.492469	1.492469	1.492469	1.492469	1.492469	1.492469	0.02418744
5730	-55.08006	-55.42698	0.3469215	1.353515	1.353515	1.353515	1.353515	1.353515	1.353515	0.0209195
5740	-56.15228	-53.83223	-2.320057	2.269202	2.269202	2.269202	2.269202	2.269202	2.269202	0.04350654
5750	-55.8859	-53.964	-1.921904	2.185137	2.185137	2.185137	2.185137	2.185137	2.185137	0.03489225
5760	-54.32948	-55.27811	0.9486353	0.9862077	0.9862077	0.9862077	0.9862077	0.9862077	0.9862077	0.02212556
5770	-54.26539	-55.5504	1.28501	0.673961	0.673961	0.673961	0.673961	0.673961	0.673961	0.02049938
5780	-54.60448	-54.83397	0.2294864	1.320133	1.320133	1.320133	1.320133	1.320133	1.320133	0.02514268
5790	-54.88914	-55.64292	0.7537787	0.6049686	0.6049686	0.6049686	0.6049686	0.6049686	0.6049686	0.03377905
5800	-54.9737	-54.46708	-0.5066229	1.427362	1.427362	1.427362	1.427362	1.427362	1.427362	0.04229105
5810	-54.13487	-54.983	0.8481244	0.9542067	0.9542067	0.9542067	0.9542067	0.9542067	0.9542067	0.02560315
5820	-55.91313	-54.33383	-1.579302	1.836678	1.836678	1.836678	1.836678	1.836678	1.836678	0.05209449
5830	-54.1866	-54.78291	0.5963017	1.046116	1.046116	1.046116	1.046116	1.046116	1.046116	0.02870091
5840	-54.97117	-55.5538	0.5826281	0.8103761	0.8103761	0.8103761	0.8103761	0.8103761	0.8103761	0.039223
5850	-54.42058	-55.76736	1.346781	0.742445	0.742445	0.742445	0.742445	0.742445	0.742445	0.01905775
5860	-54.15888	-55.33292	1.174034	0.6573182	0.6573182	0.6573182	0.6573182	0.6573182	0.6573182	0.02283198
5870	-55.82013	-53.98515	-1.834985	2.150105	2.150105	2.150105	2.150105	2.150105	2.150105	0.03445316
5880	-55.71071	-55.43058	-0.2801291	1.212147	1.212147	1.212147	1.212147	1.212147	1.212147	0.05154379
5890	-54.93057	-55.63871	0.7081382	0.6966998	0.6966998	0.6966998	0.6966998	0.6966998	0.6966998	0.03651284
5900	-54.83135	-54.21082	-0.6205282	1.562936	1.562936	1.562936	1.562936	1.562936	1.562936	0.03575746
5910	-55.13847	-54.92322	-0.215249	1.245577	1.245577	1.245577	1.245577	1.245577	1.245577	0.04534614
5920	-54.46146	-54.9144	0.4529397	0.9981782	0.9981782	0.9981782	0.9981782	0.9981782	0.9981782	0.0356843
5930	-54.5659	-54.64384	0.07793598	1.357389	1.357389	1.357389	1.357389	1.357389	1.357389	0.02716429
5940	-55.66992	-55.51611	-0.1538113	1.153281	1.153281	1.153281	1.153281	1.153281	1.153281	0.05060956
5950	-58.73414	-58.94288	0.208735	0.6335874	0.6335874	0.6335874	0.6335874	0.6335874	0.6335874	0.05939434
5960	-56.50491	-54.68474	-1.820169	1.875548	1.875548	1.875548	1.875548	1.875548	1.875548	0.06098987
5970	-54.19288	-54.78479	0.5919094	1.058694	1.058694	1.058694	1.058694	1.058694	1.058694	0.028246
5980	-54.51758	-54.80327	0.2856948	1.084426	1.084426	1.084426	1.084426	1.084426	1.084426	0.03676379
5990	-54.20317	-54.83528	0.6321051	0.9779013	0.9779013	0.9779013	0.9779013	0.9779013	0.9779013	0.03073303
6000	-54.10898	-54.94727	0.838286	0.9239504	0.9239504	0.9239504	0.9239504	0.9239504	0.9239504	0.02691729
6010	-56.45474	-55.6406	-0.8141391	1.400336	1.400336	1.400336	1.400336	1.400336	1.400336	0.06077892
6020	-55.31053	-54.04071	-1.269821	1.877943	1.877943	1.877943	1.877943	1.877943	1.877943	0.03499594
6030	-57.38352	-53.79177	-3.59175	2.912185	2.912185	2.912185	2.912185	2.912185	2.912185	0.04160445
6040	-55.6556	-53.95124	-1.704363	2.066207	2.066207	2.066207	2.066207	2.066207	2.066207	0.0361396
6050	-55.56196	-55.02921	-0.5327551	1.351978	1.351978	1.351978	1.351978	1.351978	1.351978	0.05057393
6060	-55.62065	-55.39995	-0.2206999	1.623083	1.623083	1.623083	1.623083	1.623083	1.623083	0.02111504
6070	-54.45534	-54.75789	0.3025536	1.091279	1.091279	1.091279	1.091279	1.091279	1.091279	0.03573326
6080	-55.49515	-55.80898	0.3138304	0.3325379	0.3325379	0.3325379	0.3325379	0.3325379	0.3325379	0.01888155
6090	-54.51743	-54.58677	0.06934283	1.214019	1.214019	1.214019	1.214019	1.214019	1.214019	0.0362142
6100	-57.22907	-53.86499	-3.364081	2.649733	2.649733	2.649733	2.649733	2.649733	2.649733	0.05615833
6110	-54.59706	-54.35423	-0.2428222	1.409787	1.409787	1.409787	1.409787	1.409787	1.409787	0.03367268
6120	-55.70392	-57.3191	1.615176	0.8172167	0.8172167	0.8172167	0.8172167	0.8172167	0.8172167	0.01388813
6130	-54.94652	-54.72422	-0.2223096	1.53237	1.53237	1.53237	1.53237	1.53237	1.53237	0.02560187
6140	-54.35835	-54.61614	0.2577839	1.232163	1.232163	1.232163	1.232163	1.232163	1.232163	0.02898592
6150	-54.22917	-55.22955	1.00038	0.6479844	0.6479844	0.6479844	0.6479844	0.6479844	0.6479844	0.02708165
6160	-56.29008	-56.75171	0.461621	0.6963054	0.6963054	0.6963054	0.6963054	0.6963054	0.6963054	0.04672182
6170	-56.91458	-55.01747	-1.897113	2.357313	2.357313	2.357313	2.357313	2.357313	2.357313	0.0236902
6180	-54.39719	-55.54004	1.142848	0.9028783	0.9028783	0.9028783	0.9028783	0.9028783	0.9028783	0.02037785
6190	-54.78294	-55.53766	0.7547246	0.6833697	0.6833697	0.6833697	0.6833697	0.6833697	0.6833697	0.03486146
6200	-55.34905	-54.7821	-0.5669449	1.395606	1.395606	1.395606	1.395606	1.395606	1.395606	0.047926
6210	-56.21577	-55.67135	-0.5444201	0.2647452	0.2647452	0.2647452	0.2647452	0.2647452	0.2647452	0.02070569
6220	-54.24029	-54.72598	0.4856869	1.067984	1.067984	1.067984	1.067984	1.067984	1.067984	0.03093608
6230	-61.21464	-56.95898	-4.255663	2.545314	2.545314	2.545314	2.545314	2.545314	2.545314	0.1696169
6240	-54.08594	-55.15575	1.069813	0.7589741	0.7589741	0.7589741	0.7589741	0.7589741	0.7589741	0.02494499
6250	-54.116	-55.01698	0.9009779	0.919795	0.919795	0.919795	0.919795	0.919795	0.919795	0.02541581
6260	-54.45132	-54.5412	0.08988476	1.228941	1.228941	1.228941	1.228941	1.228941	1.228941	0.03449486
6270	-55.01183	-55.57432	0.562497	0.4387054	0.4387054	0.4387054	0.4387054	0.4387054	0.4387054	0.02823617
6280	-54.29011	-54.9515	0.6613934	0.9148148	0.9148148	0.9148148	0.9148148	0.9148148	0.9148148	0.03249952
6290	-55.61365	-56.21264	0.5989935	0.6304977	0.6304977	0.6304977	0.6304977	0.6304977	0.6304977	0.04013713
6300	-55.814	-57.44404	1.630045	0.8228292	0.8228292	0.8228292	0.8228292	0.8228292	0.8228292	0.01361717
6310	-55.19991	-54.21235	-0.9875601	1.652047	1.652047	1.652047	1.652047	1.652047	1.652047	0.04275226
6320	-54.88177	-54.22084	-0.6609283	1.555078	1.555078	1.555078	1.555078	1.555078	1.555078	0.03785152
6330	-58.71248	-54.27912	-4.433358	2.986581	2.986581	2.986581	2.986581	2.986581	2.986581	0.08333338
6340	-55.67554	-53.96118	-1.714356	1.984712	1.984712	1.984712	1.984712	1.984712	1.984712	0.04343728
6350	-54.83854	-54.72092	-0.1176223	1.479094	1.479094	1.479094	1.479094	1.479094	1.479094	0.02576369
6360	-54.40317	-55.32856	0.925387	0.584513	0.584513	0.584513	0.584513	0.584513	0.584513	0.02789123
6370	-57.90479	-57.59516	-0.3096266	1.066195	1.066195	1.066195	1.066195	1.066195	1.066195	0.06873007
6380	-57.17023	-53.88233	-3.287902	2.611274	2.611274	2.611274	2.611274	2.611274	2.611274	0.0562884
6390	-56.58657	-54.65571	-1.930856	1.921133	1.921133	1.921133	1.921133	1.921133	1.921133	0.06179425
6400	-55.19429	-55.65467	0.4603737	0.8628401	0.8628401	0.8628401	0.8628401	0.8628401	0.8628401	0.04219532
6410	-55.48847	-54.17998	-1.308486	1.77008	1.77008	1.77008	1.77008	1.77008	1.77008	0.04582052
6420	-54.58943	-54.85845	0.2690143	1.303849	1.303849	1.303849	1.303849	1.303849	1.303849	0.02495657
6430	-56.68134	-56.75128	0.06994661	0.949291	0.949291	0.949291	0.949291	0.949291	0.949291	0.05612711
6440	-56.34747	-55.26065	-1.086825	1.537278	1.537278	1.537278	1.537278	1.537278	1.537278	0.06015368
6450	-54.92687	-54.56607	-0.3607985	1.571029	1.571029	1.571029	1.571029	1.571029	1.571029	0.02711273
6460	-54.41315	-55.35244	0.9392938	0.5295214	0.5295214	0.5295214	0.5295214	0.5295214	0.5295214	0.02530151
6470	-54.8974	-54.3702	-0.5272014	1.45834	1.45834	1.45834	1.45834	1.45834	1.45834	0.04050667
6480	-54.11894	-54.91533	0.7963925	0.9409634	0.9409634	0.9409634	0.9409634	0.9409634	0.9409634	0.02745094
6490	-58.82604	-53.84482	-4.981223	3.579054	3.579054	3.579054	3.579054	3.579054	3.579054	0.04660668
6500	-55.76453	-56.29872	0.5341933	0.7084273	0.7084273	0.7084273	0.7084273	0.7084273	0.7084273	0.04338629
6510	-54.97966	-54.23037	-0.7492894	1.572311	1.572311	1.572311	1.572311	1.572311	1.572311	0.03987679
6520	-55.08267	-54.95008	-0.1325906	1.21072	1.21072	1.21072	1.21072	1.21072	1.21072	0.04459237
6530	-54.8293	-54.56433	-0.2649731	1.521729	1.521729	1.521729	1.521729	1.521729	1.521729	0.02731898
6540	-54.10042	-54.98351	0.8830896	0.8703022	0.8703022	0.8703022	0.8703022	0.8703022	0.8703022	0.02742925
6550	-57.36323	-58.47227	1.109043	1.240099	1.240099	1.240099	1.240099	1.240099	1.240099	0.01218831
6560	-54.37133	-54.82789	0.4565611	1.021946	1.021946	1.021946	1.021946	1.021946	1.021946	0.03429005
6570	-54.75615	-55.5464	0.7902436	0.5935062	0.5935062	0.5935062	0.5935062	0.5935062	0.5935062	0.0322295
6580	-55.10711	-54.16502	-0.9420853	1.654641	1.654641	1.654641	1.654641	1.654641	1.654641	0.04062716
6590	-57.16217	-54.72928	-2.432891	2.102401	2.102401	2.102401	2.102401	2.102401	2.102401	0.06932865
6600	-54.14677	-54.86282	0.7160491	0.9936598	0.9936598	0.9936598	0.9936598	0.9936598	0.9936598	0.02761427
6610	-54.24734	-54.79994	0.5526003	1.109412	1.109412	1.109412	1.109412	1.109412	1.109412	0.02697782
6620	-55.47681	-56.09542	0.6186066	0.5739491	0.5739491	0.5739491	0.5739491	0.5739491	0.5739491	0.03743518
6630	-57.74205	-54.9009	-2.841157	2.236585	2.236585	2.236585	2.236585	2.236585	2.236585	0.07847375
6640	-54.32676	-54.7275	0.4007353	1.075373	1.075373	1.075373	1.075373	1.075373	1.075373	0.03326892
6650	-54.35974	-55.51027	1.150527	0.5473982	0.5473982	0.5473982	0.5473982	0.5473982	0.5473982	0.02115891
6660	-54.51872	-55.39026	0.8715314	0.5828026	0.5828026	0.5828026	0.5828026	0.5828026	0.5828026	0.02937818
6670	-54.68656	-54.60251	-0.0840439	1.435604	1.435604	1.435604	1.435604	1.435604	1.435604	0.02725123
6680	-55.26034	-54.83757	-0.4227646	1.334699	1.334699	1.334699	1.334699	1.334699	1.334699	0.04689574
6690	-54.90221	-54.17176	-0.7304437	1.614909	1.614909	1.614909	1.614909	1.614909	1.614909	0.03576725
6700	-54.42442	-54.51865	0.09422381	1.29197	1.29197	1.29197	1.29197	1.29197	1.29197	0.03042308
6710	-54.7722	-55.87471	1.102517	0.4688877	0.4688877	0.4688877	0.4688877	0.4688877	0.4688877	0.01837899
6720	-54.68052	-54.46582	-0.2146947	1.334717	1.334717	1.334717	1.334717	1.334717	1.334717	0.038085
6730	-56.16723	-53.82259	-2.344639	2.305833	2.305833	2.305833	2.305833	2.305833	2.305833	0.0412839
6740	-54.32142	-55.13138	0.8099594	1.044724	1.044724	1.044724	1.044724	1.044724	1.044724	0.02323141
6750	-56.89954	-55.8723	-1.027239	2.039589	2.039589	2.039589	2.039589	2.039589	2.039589	0.0194339
6760	-54.92131	-54.37815	-0.5431599	1.461155	1.461155	1.461155	1.461155	1.461155	1.461155	0.04091984
6770	-54.74699	-55.45759	0.7105964	0.4622895	0.4622895	0.4622895	0.4622895	0.4622895	0.4622895	0.02660368
6780	-54.82652	-55.4109	0.5843765	1.229389	1.229389	1.229389	1.229389	1.229389	1.229389	0.02101993
6790	-54.47354	-55.80124	1.327694	0.7913886	0.7913886	0.7913886	0.7913886	0.7913886	0.7913886	0.01889122
6800	-55.22627	-55.04642	-0.1798442	1.215792	1.215792	1.215792	1.215792	1.215792	1.215792	0.04630791
6810	-54.54604	-54.39385	-0.1521909	1.367396	1.367396	1.367396	1.367396	1.367396	1.367396	0.03351283
6820	-55.76319	-54.41644	-1.346757	2.019202	2.019202	2.019202	2.019202	2.019202	2.019202	0.02793959
6830	-54.10232	-54.96877	0.866452	0.9087155	0.9087155	0.9087155	0.9087155	0.9087155	0.9087155	0.02667506
6840	-54.98385	-55.92454	0.9406823	1.103241	1.103241	1.103241	1.103241	1.103241	1.103241	0.018496
6850	-54.48755	-54.53148	0.04393376	1.242718	1.242718	1.242718	1.242718	1.242718	1.242718	0.03518419
6860	-57.00496	-57.38953	0.3845688	0.6654231	0.6654231	0.6654231	0.6654231	0.6654231	0.6654231	0.05037588
6870	-55.21584	-54.80821	-0.4076242	1.636608	1.636608	1.636608	1.636608	1.636608	1.636608	0.02473572
6880	-54.69421	-54.594	-0.1002056	1.263239	1.263239	1.263239	1.263239	1.263239	1.263239	0.03907162
6890	-56.61295	-54.6955	-1.917452	2.327523	2.327523	2.327523	2.327523	2.327523	2.327523	0.02573307
6900	-55.06774	-54.22818	-0.839559	1.599882	1.599882	1.599882	1.599882	1.599882	1.599882	0.04117854
6910	-54.46623	-54.65181	0.1855876	1.159439	1.159439	1.159439	1.159439	1.159439	1.159439	0.03564683
6920	-56.2409	-54.23288	-2.008018	2.016186	2.016186	2.016186	2.016186	2.016186	2.016186	0.05447516
6930	-54.55344	-54.88661	0.3331758	1.04798	1.04798	1.04798	1.04798	1.04798	1.04798	0.03722781
6940	-54.67686	-54.95993	0.2830723	1.316418	1.316418	1.316418	1.316418	1.316418	1.316418	0.02400646
6950	-54.75629	-54.25398	-0.5023093	1.532321	1.532321	1.532321	1.532321	1.532321	1.532321	0.03387809
6960	-55.38772	-54.01099	-1.376729	1.856906	1.856906	1.856906	1.856906	1.856906	1.856906	0.04073875
6970	-55.05882	-55.06848	0.009667743	1.472418	1.472418	1.472418	1.472418	1.472418	1.472418	0.02300021
6980	-55.65258	-54.48843	-1.164145	1.657683	1.657683	1.657683	1.657683	1.657683	1.657683	0.05040217
6990	-54.16096	-54.82616	0.6651961	0.9993166	0.9993166	0.9993166	0.9993166	0.9993166	0.9993166	0.02881081
7000	-57.45778	-59.29234	1.834559	0.5210027	0.5210027	0.5210027	0.5210027	0.5210027	0.5210027	0.01015691
7010	-54.90017	-54.56266	-0.3375093	1.558507	1.558507	1.558507	1.558507	1.558507	1.558507	0.02719545
7020	-54.11185	-55.1681	1.056257	0.7150437	0.7150437	0.7150437	0.7150437	0.7150437	0.7150437	0.02570745
7030	-54.10877	-55.13828	1.029504	0.7355892	0.7355892	0.7355892	0.7355892	0.7355892	0.7355892	0.02624415
7040	-54.47816	-54.4474	-0.03075539	1.319593	1.319593	1.319593	1.319593	1.319593	1.319593	0.03265099
7050	-58.26544	-53.9337	-4.331737	3.039946	3.039946	3.039946	3.039946	3.039946	3.039946	0.0677974
7060	-54.18877	-55.29943	1.110655	0.6198081	0.6198081	0.6198081	0.6198081	0.6198081	0.6198081	0.02390664
7070	-55.14397	-54.29507	-0.8488986	1.583177	1.583177	1.583177	1.583177	1.583177	1.583177	0.04305647
7080	-54.2743	-54.76272	0.488415	1.139652	1.139652	1.139652	1.139652	1.139652	1.139652	0.02728252
7090	-55.02778	-55.28565	0.2578706	1.009406	1.009406	1.009406	1.009406	1.009406	1.009406	0.04264174
7100	-54.64903	-54.73235	0.08331861	1.376682	1.376682	1.376682	1.376682	1.376682	1.376682	0.02598979
7110	-56.43829	-55.14435	-1.293943	1.626362	1.626362	1.626362	1.626362	1.626362	1.626362	0.06133081
7120	-55.02523	-54.54866	-0.4765676	1.400303	1.400303	1.400303	1.400303	1.400303	1.400303	0.04336868
7130	-54.22663	-54.77174	0.5451159	1.097552	1.097552	1.097552	1.097552	1.097552	1.097552	0.02773939
7140	-57.30198	-57.48229	0.180312	0.8312114	0.8312114	0.8312114	0.8312114	0.8312114	0.8312114	0.05760227
7150	-54.43004	-54.87392	0.443885	1.208028	1.208028	1.208028	1.208028	1.208028	1.208028	0.02518172
7160	-57.19756	-53.89882	-3.298739	2.8233	2.8233	2.8233	2.8233	2.8233	2.8233	0.03705126
7170	-56.56149	-53.88746	-2.674034	2.363229	2.363229	2.363229	2.363229	2.363229	2.363229	0.05088737
7180	-54.42132	-54.49852	0.0772005	1.271825	1.271825	1.271825	1.271825	1.271825	1.271825	0.03218198
7190	-57.56667	-55.68474	-1.881926	1.796062	1.796062	1.796062	1.796062	1.796062	1.796062	0.07690776
7200	-56.06803	-54.90874	-1.159292	1.600736	1.600736	1.600736	1.600736	1.600736	1.600736	0.05659087
7210	-56.61599	-55.56087	-1.055122	1.49842	1.49842	1.49842	1.49842	1.49842	1.49842	0.06320166
7220	-54.42106	-55.61274	1.191683	0.8794372	0.8794372	0.8794372	0.8794372	0.8794372	0.8794372	0.01994419
7230	-54.62164	-55.13776	0.5161116	1.222899	1.222899	1.222899	1.222899	1.222899	1.222899	0.02278249
7240	-55.68071	-55.07115	-0.6095584	1.376306	1.376306	1.376306	1.376306	1.376306	1.376306	0.05200498
7250	-56.60917	-54.9189	-1.690273	2.249677	2.249677	2.249677	2.249677	2.249677	2.249677	0.02414954
7260	-54.09883	-55.02544	0.9266061	0.83069	0.83069	0.83069	0.83069	0.83069	0.83069	0.02732342
7270	-55.54129	-56.53604	0.9947532	1.142317	1.142317	1.142317	1.142317	1.142317	1.142317	0.01636544
7280	-55.51189	-54.70333	-0.8085588	1.495474	1.495474	1.495474	1.495474	1.495474	1.495474	0.04969451
7290	-55.65741	-54.37734	-1.280074	1.718645	1.718645	1.718645	1.718645	1.718645	1.718645	0.04970816
7300	-54.59442	-55.4349	0.840471	0.4618256	0.4618256	0.4618256	0.4618256	0.4618256	0.4618256	0.02332628
7310	-54.31821	-55.4522	1.133998	0.5563713	0.5563713	0.5563713	0.5563713	0.5563713	0.5563713	0.02182076
7320	-54.32937	-55.4007	1.071335	0.543462	0.543462	0.543462	0.543462	0.543462	0.543462	0.02275032
7330	-54.11773	-54.96764	0.8499141	0.9378465	0.9378465	0.9378465	0.9378465	0.9378465	0.9378465	0.02612849
7340	-54.14877	-54.85834	0.7095736	0.9966525	0.9966525	0.9966525	0.9966525	0.9966525	0.9966525	0.02767019
7350	-54.72675	-54.58166	-0.1450897	1.280844	1.280844	1.280844	1.280844	1.280844	1.280844	0.0394961
7360	-56.71306	-54.81125	-1.901812	1.89076	1.89076	1.89076	1.89076	1.89076	1.89076	0.06405756
7370	-54.71651	-54.5226	-0.1939134	1.473712	1.473712	1.473712	1.473712	1.473712	1.473712	0.02811785
7380	-56.2326	-54.46018	-1.772418	1.888592	1.888592	1.888592	1.888592	1.888592	1.888592	0.05654462
7390	-54.13754	-54.92547	0.7879265	0.9741594	0.9741594	0.9741594	0.9741594	0.9741594	0.9741594	0.02644045
7400	-54.24028	-54.73591	0.4956346	1.058959	1.058959	1.058959	1.058959	1.058959	1.058959	0.03108716
7410	-56.59382	-54.5329	-2.060922	1.987255	1.987255	1.987255	1.987255	1.987255	1.987255	0.06109619
7420	-56.17727	-53.83151	-2.345764	2.324326	2.324326	2.324326	2.324326	2.324326	2.324326	0.03975725
7430	-54.99548	-56.05088	1.055395	1.052596	1.052596	1.052596	1.052596	1.052596	1.052596	0.01794627
7440	-55.71018	-56.29157	0.5813928	1.330254	1.330254	1.330254	1.330254	1.330254	1.330254	0.01733283
7450	-54.81705	-55.39704	0.5799838	1.229732	1.229732	1.229732	1.229732	1.229732	1.229732	0.02109877
7460	-54.38355	-54.74107	0.3575269	1.080556	1.080556	1.080556	1.080556	1.080556	1.080556	0.03443853
7470	-54.14127	-55.13063	0.9893559	0.8976979	0.8976979	0.8976979	0.8976979	0.8976979	0.8976979	0.0239066
7480	-54.75743	-54.72	-0.0374377	1.214116	1.214116	1.214116	1.214116	1.214116	1.214116	0.04028785
7490	-55.92135	-54.10737	-1.813974	1.9704	1.9704	1.9704	1.9704	1.9704	1.9704	0.04947816
7500	-54.1175	-55.2628	1.145299	0.7645337	0.7645337	0.7645337	0.7645337	0.7645337	0.7645337	0.02306194
7510	-54.75657	-54.58264	-0.1739342	1.478547	1.478547	1.478547	1.478547	1.478547	1.478547	0.02728703
7520	-55.83692	-54.41544	-1.421481	2.054223	2.054223	2.054223	2.054223	2.054223	2.054223	0.02793977
7530	-54.19009	-54.78419	0.594094	1.025545	1.025545	1.025545	1.025545	1.025545	1.025545	0.02971702
7540	-54.65853	-55.04391	0.3853787	1.277118	1.277118	1.277118	1.277118	1.277118	1.277118	0.02340546
7550	-57.17053	-54.12074	-3.049798	2.445661	2.445661	2.445661	2.445661	2.445661	2.445661	0.06240502
7560	-57.18356	-55.76493	-1.418628	2.209959	2.209959	2.209959	2.209959	2.209959	2.209959	0.02001485
7570	-54.12735	-55.12149	0.9941441	0.7422294	0.7422294	0.7422294	0.7422294	0.7422294	0.7422294	0.02711806
7580	-54.80918	-55.51664	0.707464	0.4840345	0.4840345	0.4840345	0.4840345	0.4840345	0.4840345	0.02858461
7590	-56.14429	-54.04863	-2.09566	2.090432	2.090432	2.090432	2.090432	2.090432	2.090432	0.05075929
7600	-55.02732	-54.2269	-0.8004124	1.588493	1.588493	1.588493	1.588493	1.588493	1.588493	0.04056127
7610	-54.24521	-54.72396	0.4787432	1.120989	1.120989	1.120989	1.120989	1.120989	1.120989	0.02846777
7620	-54.76792	-54.2482	-0.5197186	1.540961	1.540961	1.540961	1.540961	1.540961	1.540961	0.03385482
7630	-54.7605	-54.40204	-0.3584627	1.397412	1.397412	1.397412	1.397412	1.397412	1.397412	0.03876466
7640	-54.99106	-55.1928	0.2017477	1.394968	1.394968	1.394968	1.394968	1.394968	1.394968	0.0222482
7650	-55.85525	-54.04716	-1.808093	1.984458	1.984458	1.984458	1.984458	1.984458	1.984458	0.0477318
7660	-55.86759	-56.4237	0.5561092	0.5956252	0.5956252	0.5956252	0.5956252	0.5956252	0.5956252	0.04081635
7670	-54.08286	-55.14132	1.058457	0.7760333	0.7760333	0.7760333	0.7760333	0.7760333	0.7760333	0.02498359
7680	-57.09356	-57.23202	0.1384551	0.4295961	0.4295961	0.4295961	0.4295961	0.4295961	0.4295961	0.04151631
7690	-55.04991	-54.78832	-0.2615888	1.562733	1.562733	1.562733	1.562733	1.562733	1.562733	0.02498426
7700	-55.93669	-53.93492	-2.001765	2.212745	2.212745	2.212745	2.212745	2.212745	2.212745	0.03564901
7710	-54.77969	-54.43066	-0.3490331	1.385558	1.385558	1.385558	1.385558	1.385558	1.385558	0.03933498
7720	-56.1256	-55.1198	-1.005801	1.520611	1.520611	1.520611	1.520611	1.520611	1.520611	0.05744018
7730	-54.65037	-55.44244	0.7920721	0.4495957	0.4495957	0.4495957	0.4495957	0.4495957	0.4495957	0.02342627
7740	-57.52133	-53.75674	-3.764592	2.88696	2.88696	2.88696	2.88696	2.88696	2.88696	0.0519948
7750	-55.17756	-54.56856	-0.6089939	1.69419	1.69419	1.69419	1.69419	1.69419	1.69419	0.0267683
7760	-56.23555	-55.96103	-0.2745194	0.2735324	0.2735324	0.2735324	0.2735324	0.2735324	0.2735324	0.01786734
7770	-54.17667	-55.24115	1.064479	0.6428232	0.6428232	0.6428232	0.6428232	0.6428232	0.6428232	0.02534916
7780	-55.262	-54.46054	-0.801459	1.767236	1.767236	1.767236	1.767236	1.767236	1.767236	0.02776523
7790	-56.91094	-55.92294	-0.9879981	1.443984	1.443984	1.443984	1.443984	1.443984	1.443984	0.0661442
7800	-54.43022	-54.91243	0.4822051	1.195111	1.195111	1.195111	1.195111	1.195111	1.195111	0.02482421
7810	-54.58946	-54.964	0.3745473	1.267904	1.267904	1.267904	1.267904	1.267904	1.267904	0.0240863
7820	-54.442	-54.63159	0.1895945	1.165791	1.165791	1.165791	1.165791	1.165791	1.165791	0.0350987
7830	-56.52483	-54.6633	-1.861529	2.297129	2.297129	2.297129	2.297129	2.297129	2.297129	0.0259363
7840	-54.62446	-55.42681	0.8023495	0.4584999	0.4584999	0.4584999	0.4584999	0.4584999	0.4584999	0.02395325
7850	-55.18863	-54.87304	-0.3155917	1.60205	1.60205	1.60205	1.60205	1.60205	1.60205	0.02427311
7860	-54.72553	-54.2969	-0.4286264	1.463662	1.463662	1.463662	1.463662	1.463662	1.463662	0.03630311
7870	-55.1939	-54.40395	-0.7899442	1.538083	1.538083	1.538083	1.538083	1.538083	1.538083	0.04462687
7880	-54.31081	-55.48343	1.172612	0.8589815	0.8589815	0.8589815	0.8589815	0.8589815	0.8589815	0.02078244
7890	-54.58066	-55.37447	0.7938156	0.7108469	0.7108469	0.7108469	0.7108469	0.7108469	0.7108469	0.0334511
7900	-55.21219	-56.38306	1.170865	0.4493338	0.4493338	0.4493338	0.4493338	0.4493338	0.4493338	0.01602381
7910	-55.91086	-53.88963	-2.021232	2.125858	2.125858	2.125858	2.125858	2.125858	2.125858	0.04369925
7920	-54.99466	-54.24454	-0.7501161	1.567062	1.567062	1.567062	1.567062	1.567062	1.567062	0.04035315
7930	-59.9093	-58.91492	-0.9943847	1.271752	1.271752	1.271752	1.271752	1.271752	1.271752	0.09398493
7940	-55.89836	-56.40683	0.5084734	0.5256217	0.5256217	0.5256217	0.5256217	0.5256217	0.5256217	0.03862364
7950	-54.62943	-54.56179	-0.06764288	1.415486	1.415486	1.415486	1.415486	1.415486	1.415486	0.02793498
7960	-54.55865	-54.94468	0.3860336	1.257637	1.257637	1.257637	1.257637	1.257637	1.257637	0.02428696
7970	-54.54338	-55.77387	1.230488	0.5320863	0.5320863	0.5320863	0.5320863	0.5320863	0.5320863	0.01900428
7980	-54.2297	-55.30271	1.073013	0.5962107	0.5962107	0.5962107	0.5962107	0.5962107	0.5962107	0.02435505
7990	-54.91589	-54.76826	-0.1476309	1.502979	1.502979	1.502979	1.502979	1.502979	1.502979	0.02526322
8000	-54.11542	-55.16394	1.048517	0.7150899	0.7150899	0.7150899	0.7150899	0.7150899	0.7150899	0.02590693
8010	-54.32313	-55.14063	0.8174972	1.042071	1.042071	1.042071	1.042071	1.042071	1.042071	0.02315506
8020	-54.70835	-54.93226	0.2239159	1.342546	1.342546	1.342546	1.342546	1.342546	1.342546	0.02418213
8030	-60.38998	-56.2634	-4.126581	2.575204	2.575204	2.575204	2.575204	2.575204	2.575204	0.140197
8040	-54.34765	-55.38817	1.040524	0.9460452	0.9460452	0.9460452	0.9460452	0.9460452	0.9460452	0.02135834
8050	-54.33032	-54.87604	0.5457272	0.9783128	0.9783128	0.9783128	0.9783128	0.9783128	0.9783128	0.03348582
8060	-55.67672	-55.57855	-0.09817459	0.3077775	0.3077775	0.3077775	0.3077775	0.3077775	0.3077775	0.02249996
8070	-57.59434	-55.9105	-1.683836	0.198617	0.198617	0.198617	0.198617	0.198617	0.198617	0.01831967
8080	-54.13222	-54.92291	0.790681	0.9678339	0.9678339	0.9678339	0.9678339	0.9678339	0.9678339	0.02660623
8090	-54.25097	-54.69305	0.4420805	1.099885	1.099885	1.099885	1.099885	1.099885	1.099885	0.03062773
8100	-54.61987	-55.31034	0.690463	1.155547	1.155547	1.155547	1.155547	1.155547	1.155547	0.0216671
8110	-55.78978	-54.70298	-1.086804	1.598511	1.598511	1.598511	1.598511	1.598511	1.598511	0.05288178
8120	-54.59018	-55.40907	0.8188945	0.4735592	0.4735592	0.4735592	0.4735592	0.4735592	0.4735592	0.02477406
8130	-54.48818	-54.48901	0.0008221929	1.343886	1.343886	1.343886	1.343886	1.343886	1.343886	0.03014545
8140	-56.33737	-54.99519	-1.342177	1.659812	1.659812	1.659812	1.659812	1.659812	1.659812	0.05995201
8150	-54.57267	-55.5655	0.992829	0.4735975	0.4735975	0.4735975	0.4735975	0.4735975	0.4735975	0.02082144
8160	-54.81133	-55.57625	0.7649195	0.5557603	0.5557603	0.5557603	0.5557603	0.5557603	0.5557603	0.03153221
8170	-54.89781	-54.3195	-0.5783062	1.489725	1.489725	1.489725	1.489725	1.489725	1.489725	0.03994848
8180	-54.17232	-55.19672	1.024397	0.6753463	0.6753463	0.6753463	0.6753463	0.6753463	0.6753463	0.02660663
8190	-54.10586	-54.96585	0.8599854	0.9178087	0.9178087	0.9178087	0.9178087	0.9178087	0.9178087	0.02654587
8200	-55.23708	-55.50924	0.2721514	0.9737688	0.9737688	0.9737688	0.9737688	0.9737688	0.9737688	0.04431085
8210	-57.00273	-54.1728	-2.829922	2.672642	2.672642	2.672642	2.672642	2.672642	2.672642	0.03141855
8220	-58.3245	-54.09325	-4.23125	2.944559	2.944559	2.944559	2.944559	2.944559	2.944559	0.07396642
8230	-54.40557	-55.06211	0.6565447	1.126277	1.126277	1.126277	1.126277	1.126277	1.126277	0.02361115
8240	-55.36089	-53.99457	-1.366316	1.873819	1.873819	1.873819	1.873819	1.873819	1.873819	0.03888297
8250	-55.65548	-54.27452	-1.380958	1.774745	1.774745	1.774745	1.774745	1.774745	1.774745	0.04877567
8260	-54.83172	-54.86258	0.03085756	1.163224	1.163224	1.163224	1.163224	1.163224	1.163224	0.04132843
8270	-58.59423	-54.46009	-4.134141	2.820918	2.820918	2.820918	2.820918	2.820918	2.820918	0.08583885
8280	-54.77984	-55.56312	0.7832808	0.5924728	0.5924728	0.5924728	0.5924728	0.5924728	0.5924728	0.03242132
8290	-54.66648	-54.51723	-0.1492531	1.447631	1.447631	1.447631	1.447631	1.447631	1.447631	0.02837725
8300	-56.03031	-55.70086	-0.3294521	0.301345	0.301345	0.301345	0.301345	0.301345	0.301345	0.02647034
8310	-54.08959	-55.01299	0.9234073	0.8695524	0.8695524	0.8695524	0.8695524	0.8695524	0.8695524	0.02636678
8320	-54.99697	-55.53208	0.5351137	0.8414109	0.8414109	0.8414109	0.8414109	0.8414109	0.8414109	0.04001233
8330	-56.66976	-54.12213	-2.547629	2.246583	2.246583	2.246583	2.246583	2.246583	2.246583	0.0572911
8340	-55.06484	-56.32929	1.264455	0.9565817	0.9565817	0.9565817	0.9565817	0.9565817	0.9565817	0.01682911
8350	-54.34059	-54.87334	0.5327505	0.9832532	0.9832532	0.9832532	0.9832532	0.9832532	0.9832532	0.033681
8360	-54.09242	-55.16869	1.076268	0.7384268	0.7384268	0.7384268	0.7384268	0.7384268	0.7384268	0.02501819
8370	-54.74206	-54.34852	-0.3935379	1.526144	1.526144	1.526144	1.526144	1.526144	1.526144	0.03078166
8380	-58.65972	-60.79293	2.133206	0.7360931	0.7360931	0.7360931	0.7360931	0.7360931	0.7360931	0.00870201
8390	-54.14665	-54.89737	0.7507177	0.9288538	0.9288538	0.9288538	0.9288538	0.9288538	0.9288538	0.02919555
8400	-56.06665	-54.55792	-1.508727	1.775324	1.775324	1.775324	1.775324	1.775324	1.775324	0.05535466
8410	-55.46511	-56.36483	0.8997256	1.175846	1.175846	1.175846	1.175846	1.175846	1.175846	0.01694096
8420	-56.19315	-54.49451	-1.698636	1.855687	1.855687	1.855687	1.855687	1.855687	1.855687	0.05635647
8430	-58.33585	-54.90997	-3.425878	2.462067	2.462067	2.462067	2.462067	2.462067	2.462067	0.08785538
8440	-55.04032	-54.83458	-0.2057429	1.254901	1.254901	1.254901	1.254901	1.254901	1.254901	0.0441225
8450	-54.25424	-55.39145	1.137213	0.8621607	0.8621607	0.8621607	0.8621607	0.8621607	0.8621607	0.02145988
8460	-54.20244	-55.24937	1.046923	0.6301571	0.6301571	0.6301571	0.6301571	0.6301571	0.6301571	0.02564082
8470	-55.62586	-54.26691	-1.358945	1.99627	1.99627	1.99627	1.99627	1.99627	1.99627	0.02970184
8480	-55.60317	-57.28634	1.683174	0.6826515	0.6826515	0.6826515	0.6826515	0.6826515	0.6826515	0.0137757
8490	-54.73241	-55.49655	0.7641423	0.6900793	0.6900793	0.6900793	0.6900793	0.6900793	0.6900793	0.03453581
8500	-54.41079	-55.27865	0.8678639	0.6941948	0.6941948	0.6941948	0.6941948	0.6941948	0.6941948	0.03112802
8510	-56.71129	-56.56471	-0.146578	1.062481	1.062481	1.062481	1.062481	1.062481	1.062481	0.05874724
8520	-56.81432	-57.60385	0.7895306	1.336019	1.336019	1.336019	1.336019	1.336019	1.336019	0.01391552
8530	-55.0447	-55.17946	0.1347535	1.075012	1.075012	1.075012	1.075012	1.075012	1.075012	0.04343246
8540	-54.33116	-55.62395	1.292788	0.6251125	0.6251125	0.6251125	0.6251125	0.6251125	0.6251125	0.01999337
8550	-55.65438	-53.93977	-1.714614	1.998383	1.998383	1.998383	1.998383	1.998383	1.998383	0.04219764
8560	-54.87228	-55.06884	0.1965602	1.066408	1.066408	1.066408	1.066408	1.066408	1.066408	0.04141531
8570	-54.09025	-55.0101	0.919849	0.8721156	0.8721156	0.8721156	0.8721156	0.8721156	0.8721156	0.02638713
8580	-54.72692	-55.15622	0.4292952	1.272877	1.272877	1.272877	1.272877	1.272877	1.272877	0.02258477
8590	-54.18509	-55.30509	1.120002	0.8434586	0.8434586	0.8434586	0.8434586	0.8434586	0.8434586	0.02224952
8600	-57.0302	-57.691	0.660799	1.403681	1.403681	1.403681	1.403681	1.403681	1.403681	0.01381149
8610	-58.90813	-53.8276	-5.08053	3.453348	3.453348	3.453348	3.453348	3.453348	3.453348	0.06500655
8620	-54.76626	-54.92514	0.1588836	1.375116	1.375116	1.375116	1.375116	1.375116	1.375116	0.02417452
8630	-54.15119	-55.27312	1.121932	0.651193	0.651193	0.651193	0.651193	0.651193	0.651193	0.02400876
8640	-54.16916	-54.89415	0.7249954	0.9298083	0.9298083	0.9298083	0.9298083	0.9298083	0.9298083	0.02991915
8650	-55.30796	-55.72599	0.41803	0.4178134	0.4178134	0.4178134	0.4178134	0.4178134	0.4178134	0.02974588
8660	-54.8423	-54.27158	-0.5707166	1.506695	1.506695	1.506695	1.506695	1.506695	1.506695	0.0382711
8670	-55.20827	-55.07411	-0.1341525	1.54297	1.54297	1.54297	1.54297	1.54297	1.54297	0.02292672
8680	-55.55891	-56.16254	0.6036224	0.6496978	0.6496978	0.6496978	0.6496978	0.6496978	0.6496978	0.04029478
8690	-54.30161	-55.07551	0.7739019	1.053779	1.053779	1.053779	1.053779	1.053779	1.053779	0.02373516
8700	-56.32836	-53.83517	-2.493187	2.322002	2.322002	2.322002	2.322002	2.322002	2.322002	0.04629754
8710	-54.52607	-55.04893	0.5228618	0.9389464	0.9389464	0.9389464	0.9389464	0.9389464	0.9389464	0.03618405
8720	-54.42215	-54.74858	0.3264269	1.086887	1.086887	1.086887	1.086887	1.086887	1.086887	0.03515034
8730	-54.14354	-55.01899	0.8754522	0.8279122	0.8279122	0.8279122	0.8279122	0.8279122	0.8279122	0.02882995
8740	-54.18084	-54.80066	0.6198121	1.042426	1.042426	1.042426	1.042426	1.042426	1.042426	0.02820024
8750	-54.41627	-54.5072	0.09093718	1.280062	1.280062	1.280062	1.280062	1.280062	1.280062	0.03123987
8760	-60.46067	-55.11617	-5.344496	4.07614	4.07614	4.07614	4.07614	4.07614	4.07614	0.02746182
8770	-54.71514	-54.94154	0.2264028	1.076374	1.076374	1.076374	1.076374	1.076374	1.076374	0.03953906
8780	-56.3113	-55.21603	-1.095272	2.007879	2.007879	2.007879	2.007879	2.007879	2.007879	0.02225881
8790	-54.34191	-55.30457	0.962659	0.5843586	0.5843586	0.5843586	0.5843586	0.5843586	0.5843586	0.0268662
8800	-56.86365	-56.39441	-0.4692347	1.828232	1.828232	1.828232	1.828232	1.828232	1.828232	0.01748027
8810	-54.48632	-54.62145	0.1351371	1.183882	1.183882	1.183882	1.183882	1.183882	1.183882	0.03585923
8820	-57.74897	-54.04894	-3.700032	3.057753	3.057753	3.057753	3.057753	3.057753	3.057753	0.03481383
8830	-56.01441	-53.86517	-2.14924	2.247748	2.247748	2.247748	2.247748	2.247748	2.247748	0.03837089
8840	-60.07781	-58.78631	-1.291505	1.386702	1.386702	1.386702	1.386702	1.386702	1.386702	0.1007125
8850	-57.34584	-56.41406	-0.9317837	2.040507	2.040507	2.040507	2.040507	2.040507	2.040507	0.01763006
8860	-55.82723	-54.47265	-1.354579	1.73042	1.73042	1.73042	1.73042	1.73042	1.73042	0.05222436
8870	-55.09927	-54.87988	-0.2193913	1.556562	1.556562	1.556562	1.556562	1.556562	1.556562	0.02426457
8880	-56.32812	-56.37999	0.05186525	1.588551	1.588551	1.588551	1.588551	1.588551	1.588551	0.01729496
8890	-55.50084	-54.04574	-1.455103	1.98142	1.98142	1.98142	1.98142	1.98142	1.98142	0.03375412
8900	-54.31776	-54.86974	0.5519738	0.9786833	0.9786833	0.9786833	0.9786833	0.9786833	0.9786833	0.0332595
8910	-55.90438	-54.07687	-1.827507	1.983218	1.983218	1.983218	1.983218	1.983218	1.983218	0.04879668
8920	-54.32628	-55.63824	1.311967	0.6535779	0.6535779	0.6535779	0.6535779	0.6535779	0.6535779	0.01986872
8930	-54.20448	-55.05277	0.8482819	0.9910223	0.9910223	0.9910223	0.9910223	0.9910223	0.9910223	0.02428854
8940	-54.93712	-54.73682	-0.2003051	1.523671	1.523671	1.523671	1.523671	1.523671	1.523671	0.02550451
8950	-54.1362	-54.98345	0.8472565	0.8570084	0.8570084	0.8570084	0.8570084	0.8570084	0.8570084	0.02883256
8960	-54.29168	-55.24035	0.9486679	0.9758442	0.9758442	0.9758442	0.9758442	0.9758442	0.9758442	0.02246002
8970	-54.10763	-54.96544	0.8578141	0.9216044	0.9216044	0.9216044	0.9216044	0.9216044	0.9216044	0.02647595
8980	-54.36367	-55.58205	1.218375	0.5684255	0.5684255	0.5684255	0.5684255	0.5684255	0.5684255	0.02040305
8990	-55.24807	-55.70144	0.4533673	0.4244865	0.4244865	0.4244865	0.4244865	0.4244865	0.4244865	0.02961845
9000	-54.28857	-55.29164	1.003076	0.587946	0.587946	0.587946	0.587946	0.587946	0.587946	0.02590275
9010	-54.12258	-54.97301	0.850436	0.8674281	0.8674281	0.8674281	0.8674281	0.8674281	0.8674281	0.02842774
9020	-54.7131	-54.32124	-0.3918623	1.441121	1.441121	1.441121	1.441121	1.441121	1.441121	0.03665634
9030	-55.65306	-56.13839	0.485327	0.7776304	0.7776304	0.7776304	0.7776304	0.7776304	0.7776304	0.04427156
9040	-54.38269	-55.4341	1.051409	0.9492874	0.9492874	0.9492874	0.9492874	0.9492874	0.9492874	0.02103446
9050	-56.92039	-56.44544	-0.4749429	1.207462	1.207462	1.207462	1.207462	1.207462	1.207462	0.06318097
9060	-56.20077	-57.99505	1.794281	0.6721998	0.6721998	0.6721998	0.6721998	0.6721998	0.6721998	0.01231607
9070	-54.28033	-54.64884	0.3685153	1.143945	1.143945	1.143945	1.143945	1.143945	1.143945	0.03052392
9080	-54.77676	-55.92902	1.152266	0.9733535	0.9733535	0.9733535	0.9733535	0.9733535	0.9733535	0.0183882
9090	-54.15046	-55.10865	0.9581957	0.9181319	0.9181319	0.9181319	0.9181319	0.9181319	0.9181319	0.02405292
9100	-54.37525	-55.37346	0.9982109	0.5272107	0.5272107	0.5272107	0.5272107	0.5272107	0.5272107	0.0237444
9110	-56.72182	-55.90235	-0.8194667	1.381429	1.381429	1.381429	1.381429	1.381429	1.381429	0.06349107
9120	-58.79006	-55.27284	-3.517217	2.451803	2.451803	2.451803	2.451803	2.451803	2.451803	0.09832895
9130	-54.21	-55.1884	0.9784023	0.6880373	0.6880373	0.6880373	0.6880373	0.6880373	0.6880373	0.02787603
9140	-54.78358	-55.71755	0.9339708	0.4386146	0.4386146	0.4386146	0.4386146	0.4386146	0.4386146	0.01946773
9150	-54.25374	-55.03228	0.7785365	0.8439706	0.8439706	0.8439706	0.8439706	0.8439706	0.8439706	0.03128967
9160	-55.07149	-55.16219	0.09070668	1.095062	1.095062	1.095062	1.095062	1.095062	1.095062	0.04388207
9170	-54.75608	-54.27298	-0.4831014	1.489268	1.489268	1.489268	1.489268	1.489268	1.489268	0.03635512
9180	-55.6968	-54.29515	-1.40165	1.778233	1.778233	1.778233	1.778233	1.778233	1.778233	0.04942547
9190	-54.56299	-54.64294	0.07995355	1.193291	1.193291	1.193291	1.193291	1.193291	1.193291	0.03724211
9200	-54.88123	-54.19198	-0.6892557	1.617661	1.617661	1.617661	1.617661	1.617661	1.617661	0.03412465
9210	-55.20207	-56.63477	1.432699	0.5239956	0.5239956	0.5239956	0.5239956	0.5239956	0.5239956	0.0152762
9220	-54.815	-55.25557	0.4405688	1.282421	1.282421	1.282421	1.282421	1.282421	1.282421	0.02192168
9230	-54.32791	-55.58151	1.253597	0.8033369	0.8033369	0.8033369	0.8033369	0.8033369	0.8033369	0.02016384
9240	-56.66129	-56.57645	-0.08483676	1.034468	1.034468	1.034468	1.034468	1.034468	1.034468	0.0577793
9250	-54.31582	-55.53568	1.219862	0.5849719	0.5849719	0.5849719	0.5849719	0.5849719	0.5849719	0.02078735
9260	-58.36587	-53.81121	-4.554655	3.2037	3.2037	3.2037	3.2037	3.2037	3.2037	0.06167621
9270	-55.013	-54.12142	-0.8915791	1.6924	1.6924	1.6924	1.6924	1.6924	1.6924	0.03564527
9280	-54.20316	-55.18272	0.979556	0.6921682	0.6921682	0.6921682	0.6921682	0.6921682	0.6921682	0.02784117
9290	-54.65019	-54.61124	-0.03895273	1.413415	1.413415	1.413415	1.413415	1.413415	1.413415	0.02725994
9300	-55.14807	-54.64144	-0.5066241	1.394588	1.394588	1.394588	1.394588	1.394588	1.394588	0.04521382
9310	-55.42432	-54.58647	-0.8378568	1.523154	1.523154	1.523154	1.523154	1.523154	1.523154	0.04830272
9320	-55.0822	-55.77031	0.6881063	0.6728254	0.6728254	0.6728254	0.6728254	0.6728254	0.6728254	0.03723171
9330	-57.36267	-53.81875	-3.543926	2.905192	2.905192	2.905192	2.905192	2.905192	2.905192	0.04021567
9340	-55.58675	-55.76782	0.1810661	0.9854631	0.9854631	0.9854631	0.9854631	0.9854631	0.9854631	0.047722
9350	-54.83971	-54.36466	-0.4750436	1.444032	1.444032	1.444032	1.444032	1.444032	1.444032	0.03959821
9360	-55.86022	-57.47195	1.611732	0.5394728	0.5394728	0.5394728	0.5394728	0.5394728	0.5394728	0.01315964
9370	-54.88797	-54.27314	-0.6148305	1.622039	1.622039	1.622039	1.622039	1.622039	1.622039	0.0313849
9380	-55.14058	-56.3681	1.227527	0.9866416	0.9866416	0.9866416	0.9866416	0.9866416	0.9866416	0.01673004
9390	-54.16523	-55.26212	1.096892	0.6410517	0.6410517	0.6410517	0.6410517	0.6410517	0.6410517	0.0245222
9400	-54.31232	-54.9001	0.587782	0.9568366	0.9568366	0.9568366	0.9568366	0.9568366	0.9568366	0.03309659
9410	-55.12455	-54.09914	-1.025411	1.77013	1.77013	1.77013	1.77013	1.77013	1.77013	0.03452041
9420	-56.88747	-54.66476	-2.222701	2.466245	2.466245	2.466245	2.466245	2.466245	2.466245	0.02615014
9430	-55.89078	-56.42679	0.536008	0.5558397	0.5558397	0.5558397	0.5558397	0.5558397	0.5558397	0.03964807
9440	-54.64439	-54.51361	-0.1307842	1.294998	1.294998	1.294998	1.294998	1.294998	1.294998	0.0378749
9450	-55.04071	-54.15435	-0.886358	1.721324	1.721324	1.721324	1.721324	1.721324	1.721324	0.0333393
9460	-54.73603	-56.20331	1.467281	0.6427473	0.6427473	0.6427473	0.6427473	0.6427473	0.6427473	0.01694397
9470	-54.22412	-54.84216	0.6180461	1.079588	1.079588	1.079588	1.079588	1.079588	1.079588	0.02658316
9480	-54.67591	-54.32101	-0.3549053	1.436605	1.436605	1.436605	1.436605	1.436605	1.436605	0.03565557
9490	-57.39669	-54.39095	-3.005739	2.375008	2.375008	2.375008	2.375008	2.375008	2.375008	0.06917971
9500	-54.92161	-54.56507	-0.3565383	1.568666	1.568666	1.568666	1.568666	1.568666	1.568666	0.02713206
9510	-54.27287	-54.76244	0.4895771	1.138606	1.138606	1.138606	1.138606	1.138606	1.138606	0.02730142
9520	-54.45484	-54.5004	0.04555718	1.261219	1.261219	1.261219	1.261219	1.261219	1.261219	0.03390374
9530	-60.8601	-56.98623	-3.87387	2.407984	2.407984	2.407984	2.407984	2.407984	2.407984	0.1538631
9540	-55.19304	-54.76717	-0.4258742	1.345828	1.345828	1.345828	1.345828	1.345828	1.345828	0.04600977
9550	-55.37275	-54.41026	-0.962485	1.597793	1.597793	1.597793	1.597793	1.597793	1.597793	0.0467707
9560	-56.01671	-55.89038	-0.1263328	0.3332392	0.3332392	0.3332392	0.3332392	0.3332392	0.3332392	0.02950198
9570	-54.17502	-54.89679	0.7217665	1.02149	1.02149	1.02149	1.02149	1.02149	1.02149	0.02632074
9580	-54.75348	-54.95898	0.2054978	1.081158	1.081158	1.081158	1.081158	1.081158	1.081158	0.04005275
9590	-54.60831	-56.04058	1.432275	0.7031851	0.7031851	0.7031851	0.7031851	0.7031851	0.7031851	0.01768738
9600	-54.73137	-55.09957	0.3681989	0.9921853	0.9921853	0.9921853	0.9921853	0.9921853	0.9921853	0.03918791
9610	-54.25815	-54.67875	0.4206041	1.128995	1.128995	1.128995	1.128995	1.128995	1.128995	0.02975164
9620	-55.88375	-54.06859	-1.815154	1.980933	1.980933	1.980933	1.980933	1.980933	1.980933	0.04843358
9630	-54.3674	-55.06941	0.70201	0.8597664	0.8597664	0.8597664	0.8597664	0.8597664	0.8597664	0.03324468
9640	-54.25815	-55.05191	0.7937614	1.032479	1.032479	1.032479	1.032479	1.032479	1.032479	0.02407497
9650	-55.32137	-54.17327	-1.148092	1.716861	1.716861	1.716861	1.716861	1.716861	1.716861	0.04372816
9660	-55.30274	-55.33219	0.02944821	1.098551	1.098551	1.098551	1.098551	1.098551	1.098551	0.04637763
9670	-56.35292	-57.79512	1.442201	1.005199	1.005199	1.005199	1.005199	1.005199	1.005199	0.01312986
9680	-54.46039	-55.30431	0.8439114	0.7001408	0.7001408	0.7001408	0.7001408	0.7001408	0.7001408	0.0318671
9690	-55.62906	-57.29381	1.664747	0.6117017	0.6117017	0.6117017	0.6117017	0.6117017	0.6117017	0.01365732
9700	-54.66862	-55.65676	0.9881401	1.036316	1.036316	1.036316	1.036316	1.036316	1.036316	0.01970217
9710	-57.44828	-55.01282	-2.435466	2.068826	2.068826	2.068826	2.068826	2.068826	2.068826	0.07465762
9720	-54.23127	-54.72295	0.4916795	1.074202	1.074202	1.074202	1.074202	1.074202	1.074202	0.03043608
9730	-55.70233	-54.7542	-0.948135	1.540398	1.540398	1.540398	1.540398	1.540398	1.540398	0.05202256
9740	-54.80204	-55.4939	0.6918612	0.4685887	0.4685887	0.4685887	0.4685887	0.4685887	0.4685887	0.0276849
9750	-57.34017	-55.68882	-1.651355	2.310756	2.310756	2.310756	2.310756	2.310756	2.310756	0.02042687
9760	-54.37859	-55.06793	0.6893443	1.107257	1.107257	1.107257	1.107257	1.107257	1.107257	0.02361747
9770	-55.54646	-54.04184	-1.504616	1.880022	1.880022	1.880022	1.880022	1.880022	1.880022	0.04406105
9780	-55.37964	-55.02178	-0.3578531	1.286661	1.286661	1.286661	1.286661	1.286661	1.286661	0.04831014
9790	-55.07435	-54.3899	-0.6844539	1.50485	1.50485	1.50485	1.50485	1.50485	1.50485	0.04304631
9800	-54.13453	-55.11968	0.985148	0.8957845	0.8957845	0.8957845	0.8957845	0.8957845	0.8957845	0.02406197
9810	-54.88069	-55.55589	0.6751986	0.4029932	0.4029932	0.4029932	0.4029932	0.4029932	0.4029932	0.02134916
9820	-55.14456	-54.06855	-1.076008	1.752852	1.752852	1.752852	1.752852	1.752852	1.752852	0.03767786
9830	-57.61406	-55.99189	-1.62217	0.19977	0.19977	0.19977	0.19977	0.19977	0.19977	0.01772515
9840	-55.41871	-54.25411	-1.164603	1.899465	1.899465	1.899465	1.899465	1.899465	1.899465	0.03008229
9850	-55.69399	-54.45952	-1.234476	1.973664	1.973664	1.973664	1.973664	1.973664	1.973664	0.02752387
9860	-54.23762	-54.93702	0.6993947	1.060245	1.060245	1.060245	1.060245	1.060245	1.060245	0.02530323
9870	-56.52043	-53.98648	-2.533951	2.488381	2.488381	2.488381	2.488381	2.488381	2.488381	0.0340993
9880	-55.92998	-53.88314	-2.046836	2.20618	2.20618	2.20618	2.20618	2.20618	2.20618	0.03781367
9890	-55.14656	-54.4401	-0.7064647	1.716661	1.716661	1.716661	1.716661	1.716661	1.716661	0.02812871
9900	-56.32733	-54.90018	-1.427143	1.702055	1.702055	1.702055	1.702055	1.702055	1.702055	0.05965695
9910	-56.68228	-54.04078	-2.6415	2.302628	2.302628	2.302628	2.302628	2.302628	2.302628	0.05592789
9920	-55.27851	-54.07792	-1.200592	1.769227	1.769227	1.769227	1.769227	1.769227	1.769227	0.04120924
9930	-55.17092	-55.83656	0.6656409	0.5444244	0.5444244	0.5444244	0.5444244	0.5444244	0.5444244	0.03418985
9940	-54.32092	-54.67278	0.3518596	1.194331	1.194331	1.194331	1.194331	1.194331	1.194331	0.02832116
9950	-54.28094	-55.32408	1.043135	0.5699705	0.5699705	0.5699705	0.5699705	0.5699705	0.5699705	0.02436071
9960	-54.21499	-54.78276	0.5677765	1.084589	1.084589	1.084589	1.084589	1.084589	1.084589	0.02772006
9970	-56.26116	-55.15511	-1.10605	1.554757	1.554757	1.554757	1.554757	1.554757	1.554757	0.05911398
9980	-58.57731	-55.13648	-3.440835	2.438665	2.438665	2.438665	2.438665	2.438665	2.438665	0.09361691
9990	-58.13525	-54.00011	-4.135145	2.930079	2.930079	2.930079	2.930079	2.930079	2.930079	0.0691409
10000	-56.15053	-54.13514	-2.015398	2.039154	2.039154	2.039154	2.039154	2.039154	2.039154	0.05225346
10010	-54.8543	-54.20318	-0.6511204	1.599111	1.599111	1.599111	1.599111	1.599111	1.599111	0.03416183
10020	-55.24219	-55.79414	0.5519506	0.7869663	0.7869663	0.7869663	0.7869663	0.7869663	0.7869663	0.04116296
10030	-55.05889	-54.11813	-0.9407629	1.681901	1.681901	1.681901	1.681901	1.681901	1.681901	0.03828866
10040	-54.96761	-54.14026	-0.8273469	1.656818	1.656818	1.656818	1.656818	1.656818	1.656818	0.03605608
10050	-55.27198	-55.21416	-0.05782356	1.147588	1.147588	1.147588	1.147588	1.147588	1.147588	0.04644882
10060	-56.24764	-54.30914	-1.938501	1.97587	1.97587	1.97587	1.97587	1.97587	1.97587	0.05538805
10070	-54.59062	-54.45134	-0.1392794	1.32041	1.32041	1.32041	1.32041	1.32041	1.32041	0.03633511
10080	-54.25242	-55.53225	1.279832	0.6894437	0.6894437	0.6894437	0.6894437	0.6894437	0.6894437	0.02062122
10090	-54.69342	-54.5582	-0.135219	1.451656	1.451656	1.451656	1.451656	1.451656	1.451656	0.0277508
10100	-54.42448	-54.52016	0.0956791	1.243134	1.243134	1.243134	1.243134	1.243134	1.243134	0.03338338
10110	-54.2388	-54.93276	0.6939591	0.9129512	0.9129512	0.9129512	0.9129512	0.9129512	0.9129512	0.03153139
10120	-54.25297	-55.40612	1.153149	0.8510389	0.8510389	0.8510389	0.8510389	0.8510389	0.8510389	0.02136353
10130	-54.39805	-55.37178	0.973724	0.9912064	0.9912064	0.9912064	0.9912064	0.9912064	0.9912064	0.02141926
10140	-57.76909	-55.11973	-2.649359	2.137535	2.137535	2.137535	2.137535	2.137535	2.137535	0.07989026
10150	-55.96623	-53.864	-2.10223	2.172634	2.172634	2.172634	2.172634	2.172634	2.172634	0.04290875
10160	-55.53641	-54.02923	-1.50718	1.885913	1.885913	1.885913	1.885913	1.885913	1.885913	0.04362042
10170	-56.06098	-54.42267	-1.638309	1.843954	1.843954	1.843954	1.843954	1.843954	1.843954	0.05440686
10180	-55.3836	-54.39842	-0.985175	1.608115	1.608115	1.608115	1.608115	1.608115	1.608115	0.04681169
10190	-54.16469	-55.0802	0.915508	0.7793648	0.7793648	0.7793648	0.7793648	0.7793648	0.7793648	0.02876188
10200	-54.33607	-54.92446	0.5883909	1.132653	1.132653	1.132653	1.132653	1.132653	1.132653	0.02499451
10210	-56.03453	-53.98355	-2.05098	2.2558	2.2558	2.2558	2.2558	2.2558	2.2558	0.03419451
10220	-55.90988	-53.88471	-2.025172	2.195435	2.195435	2.195435	2.195435	2.195435	2.195435	0.03785395
10230	-59.19169	-54.4711	-4.72059	3.072016	3.072016	3.072016	3.072016	3.072016	3.072016	0.09394811
10240	-55.09801	-54.13974	-0.9582688	1.755494	1.755494	1.755494	1.755494	1.755494	1.755494	0.03330443
10250	-54.30749	-54.61752	0.3100323	1.167166	1.167166	1.167166	1.167166	1.167166	1.167166	0.03103865
10260	-55.56168	-54.12302	-1.438661	1.830984	1.830984	1.830984	1.830984	1.830984	1.830984	0.04581486
10270	-56.11446	-53.83955	-2.274914	2.247583	2.247583	2.247583	2.247583	2.247583	2.247583	0.04352438
10280	-56.31328	-54.18891	-2.124371	2.069116	2.069116	2.069116	2.069116	2.069116	2.069116	0.05466367
10290	-54.53678	-54.49882	-0.0379629	1.275794	1.275794	1.275794	1.275794	1.275794	1.275794	0.03583338
10300	-54.41997	-55.40116	0.9811916	0.9926162	0.9926162	0.9926162	0.9926162	0.9926162	0.9926162	0.02121561
10310	-55.67222	-57.34506	1.67284	0.7464381	0.7464381	0.7464381	0.7464381	0.7464381	0.7464381	0.01373162
10320	-55.10369	-54.20161	-0.9020795	1.628418	1.628418	1.628418	1.628418	1.628418	1.628418	0.04126699
10330	-55.28671	-54.90983	-0.3768768	1.636684	1.636684	1.636684	1.636684	1.636684	1.636684	0.02398284
10340	-55.3289	-54.36318	-0.965721	1.608063	1.608063	1.608063	1.608063	1.608063	1.608063	0.04591488
10350	-54.6813	-54.88022	0.1989209	1.345928	1.345928	1.345928	1.345928	1.345928	1.345928	0.02462734
10360	-54.40618	-55.42881	1.022627	0.9694042	0.9694042	0.9694042	0.9694042	0.9694042	0.9694042	0.02105154
10370	-54.64362	-54.9654	0.3217784	1.296786	1.296786	1.296786	1.296786	1.296786	1.296786	0.02400413
10380	-55.73224	-57.32601	1.593772	0.5431487	0.5431487	0.5431487	0.5431487	0.5431487	0.5431487	0.0134853
10390	-55.45999	-54.39729	-1.062697	1.636138	1.636138	1.636138	1.636138	1.636138	1.636138	0.04767063
10400	-54.62578	-54.39584	-0.2299426	1.36737	1.36737	1.36737	1.36737	1.36737	1.36737	0.03622437
10410	-56.55315	-53.95289	-2.600261	2.311279	2.311279	2.311279	2.311279	2.311279	2.311279	0.05270233
10420	-56.65588	-55.21752	-1.438363	1.673311	1.673311	1.673311	1.673311	1.673311	1.673311	0.06413771
10430	-56.00511	-54.14163	-1.863475	1.980665	1.980665	1.980665	1.980665	1.980665	1.980665	0.05086053
10440	-55.29556	-54.76676	-0.5287966	1.383682	1.383682	1.383682	1.383682	1.383682	1.383682	0.04726048
10450	-54.61089	-54.38219	-0.228702	1.438306	1.438306	1.438306	1.438306	1.438306	1.438306	0.03131851
10460	-54.62415	-55.10443	0.4802735	0.944675	0.944675	0.944675	0.944675	0.944675	0.944675	0.03747003
10470	-54.57034	-54.44293	-0.1274029	1.405769	1.405769	1.405769	1.405769	1.405769	1.405769	0.03024868
10480	-54.26425	-54.80049	0.5362417	1.1224	1.1224	1.1224	1.1224	1.1224	1.1224	0.02681092
10490	-55.38941	-55.0595	-0.3299169	1.634395	1.634395	1.634395	1.634395	1.634395	1.634395	0.02299399
10500	-55.63526	-55.0453	-0.589963	1.371766	1.371766	1.371766	1.371766	1.371766	1.371766	0.05146485
10510	-55.11647	-56.44356	1.327082	0.928478	0.928478	0.928478	0.928478	0.928478	0.928478	0.01641408
10520	-55.40659	-54.31359	-1.093008	1.878254	1.878254	1.878254	1.878254	1.878254	1.878254	0.02930484
10530	-55.08212	-54.20404	-0.8780833	1.620233	1.620233	1.620233	1.620233	1.620233	1.620233	0.04099306
10540	-54.59104	-55.26141	0.6703644	0.8222958	0.8222958	0.8222958	0.8222958	0.8222958	0.8222958	0.03556914
10550	-58.74561	-53.94939	-4.796223	3.546736	3.546736	3.546736	3.546736	3.546736	3.546736	0.04111822
10560	-55.1409	-56.71706	1.576163	0.6424489	0.6424489	0.6424489	0.6424489	0.6424489	0.6424489	0.01519407
10570	-55.17917	-54.35012	-0.8290529	1.563194	1.563194	1.563194	1.563194	1.563194	1.563194	0.04402423
10580	-55.75861	-56.07503	0.3164223	0.8867301	0.8867301	0.8867301	0.8867301	0.8867301	0.8867301	0.04746148
10590	-54.27419	-55.23385	0.9596622	0.6596989	0.6596989	0.6596989	0.6596989	0.6596989	0.6596989	0.02830823
10600	-54.9609	-55.46225	0.5013462	0.8709348	0.8709348	0.8709348	0.8709348	0.8709348	0.8709348	0.04015175
10610	-54.85492	-56.2037	1.348775	0.5300359	0.5300359	0.5300359	0.5300359	0.5300359	0.5300359	0.01681707
10620	-55.39274	-56.00291	0.6101739	0.6954944	0.6954944	0.6954944	0.6954944	0.6954944	0.6954944	0.04027442
10630	-56.06418	-54.21374	-1.850436	1.960444	1.960444	1.960444	1.960444	1.960444	1.960444	0.05241979
10640	-54.73295	-54.75127	0.01832704	1.188343	1.188343	1.188343	1.188343	1.188343	1.188343	0.03997289
10650	-57.10747	-56.56986	-0.5376097	1.224053	1.224053	1.224053	1.224053	1.224053	1.224053	0.06520512
10660	-56.17976	-54.64492	-1.534844	1.773312	1.773312	1.773312	1.773312	1.773312	1.773312	0.05706438
10670	-54.79499	-55.08219	0.2872017	1.335224	1.335224	1.335224	1.335224	1.335224	1.335224	0.02303271
10680	-54.86652	-56.12383	1.257309	0.9305292	0.9305292	0.9305292	0.9305292	0.9305292	0.9305292	0.0175534
10690	-55.3989	-56.9132	1.514297	0.5390198	0.5390198	0.5390198	0.5390198	0.5390198	0.5390198	0.01449458
10700	-54.70225	-55.08886	0.3866059	0.9865658	0.9865658	0.9865658	0.9865658	0.9865658	0.9865658	0.03879293
10710	-54.52138	-55.32925	0.8078778	0.7174545	0.7174545	0.7174545	0.7174545	0.7174545	0.7174545	0.03293724
10720	-56.22184	-53.8525	-2.369341	2.266684	2.266684	2.266684	2.266684	2.266684	2.266684	0.04594745
10730	-54.94924	-54.67634	-0.2729022	1.305176	1.305176	1.305176	1.305176	1.305176	1.305176	0.04279608
10740	-56.2668	-53.83298	-2.43382	2.303239	2.303239	2.303239	2.303239	2.303239	2.303239	0.04538125
10750	-54.21363	-55.08752	0.8738903	0.7857241	0.7857241	0.7857241	0.7857241	0.7857241	0.7857241	0.02985791
10760	-54.25478	-55.36779	1.113018	0.5791594	0.5791594	0.5791594	0.5791594	0.5791594	0.5791594	0.02297831
10770	-54.57903	-54.39323	-0.1858002	1.362864	1.362864	1.362864	1.362864	1.362864	1.362864	0.03497559
10780	-56.4902	-55.84614	-0.6440537	1.318264	1.318264	1.318264	1.318264	1.318264	1.318264	0.06044906
10790	-54.55951	-55.91964	1.360123	0.7900281	0.7900281	0.7900281	0.7900281	0.7900281	0.7900281	0.01830606
10800	-55.00008	-54.12934	-0.8707362	1.687416	1.687416	1.687416	1.687416	1.687416	1.687416	0.03528255
10810	-54.88421	-54.43391	-0.4503023	1.5858	1.5858	1.5858	1.5858	1.5858	1.5858	0.02874272
10820	-54.80826	-54.42119	-0.3870663	1.548719	1.548719	1.548719	1.548719	1.548719	1.548719	0.02917054
10830	-54.08167	-55.10786	1.026199	0.8122969	0.8122969	0.8122969	0.8122969	0.8122969	0.8122969	0.02513148
10840	-55.35992	-54.44538	-0.9145457	1.574222	1.574222	1.574222	1.574222	1.574222	1.574222	0.04685358
10850	-55.14486	-54.10045	-1.044407	1.715482	1.715482	1.715482	1.715482	1.715482	1.715482	0.03953741
10860	-54.80667	-54.48935	-0.3173221	1.359498	1.359498	1.359498	1.359498	1.359498	1.359498	0.04016236
10870	-54.99566	-54.15711	-0.8385434	1.693301	1.693301	1.693301	1.693301	1.693301	1.693301	0.03373924
10880	-56.33883	-56.82414	0.4853123	0.6233136	0.6233136	0.6233136	0.6233136	0.6233136	0.6233136	0.04478024
10890	-56.9524	-53.75395	-3.198443	2.67243	2.67243	2.67243	2.67243	2.67243	2.67243	0.04543814
10900	-54.51458	-55.03229	0.5177127	0.9448725	0.9448725	0.9448725	0.9448725	0.9448725	0.9448725	0.03608352
10910	-56.68469	-53.94678	-2.737906	2.367184	2.367184	2.367184	2.367184	2.367184	2.367184	0.05379704
10920	-54.6397	-54.38922	-0.250489	1.457443	1.457443	1.457443	1.457443	1.457443	1.457443	0.03077199
10930	-56.56859	-55.04585	-1.522737	1.722167	1.722167	1.722167	1.722167	1.722167	1.722167	0.06288569
10940	-54.88087	-55.28774	0.4068643	1.304571	1.304571	1.304571	1.304571	1.304571	1.304571	0.02171207
10950	-57.57537	-55.4935	-2.081871	2.493356	2.493356	2.493356	2.493356	2.493356	2.493356	0.02147547
10960	-59.14591	-53.81082	-5.335093	3.61437	3.61437	3.61437	3.61437	3.61437	3.61437	0.06221606
10970	-54.78694	-54.82902	0.04207271	1.417919	1.417919	1.417919	1.417919	1.417919	1.417919	0.02490816
10980	-55.00174	-54.32655	-0.6751903	1.517731	1.517731	1.517731	1.517731	1.517731	1.517731	0.04151891
10990	-54.2561	-55.26853	1.012436	0.6097113	0.6097113	0.6097113	0.6097113	0.6097113	0.6097113	0.02618133
11000	-54.4039	-54.91519	0.5112863	1.178326	1.178326	1.178326	1.178326	1.178326	1.178326	0.02486941
11010	-56.32649	-54.47717	-1.849326	1.91509	1.91509	1.91509	1.91509	1.91509	1.91509	0.05769742
11020	-54.62906	-54.38729	-0.2417677	1.374415	1.374415	1.374415	1.374415	1.374415	1.374415	0.03613869
11030	-54.57801	-55.62169	1.04368	0.9941971	0.9941971	0.9941971	0.9941971	0.9941971	0.9941971	0.01988378
11040	-57.98634	-54.1569	-3.829443	3.14557	3.14557	3.14557	3.14557	3.14557	3.14557	0.03340691
11050	-56.48211	-55.96495	-0.5171683	1.814472	1.814472	1.814472	1.814472	1.814472	1.814472	0.01888667
11060	-54.492	-54.64412	0.152122	1.171445	1.171445	1.171445	1.171445	1.171445	1.171445	0.03606653
11070	-55.34414	-56.92588	1.581741	0.5886029	0.5886029	0.5886029	0.5886029	0.5886029	0.5886029	0.01453238
11080	-54.51521	-55.3823	0.8670852	0.5202976	0.5202976	0.5202976	0.5202976	0.5202976	0.5202976	0.02668561
11090	-56.23839	-56.73766	0.4992689	0.5987634	0.5987634	0.5987634	0.5987634	0.5987634	0.5987634	0.04333135
11100	-55.42744	-53.97831	-1.449129	1.903499	1.903499	1.903499	1.903499	1.903499	1.903499	0.03963954
11110	-55.8377	-53.91506	-1.922643	2.16143	2.16143	2.16143	2.16143	2.16143	2.16143	0.03671688
11120	-56.41794	-57.89517	1.477232	0.4587391	0.4587391	0.4587391	0.4587391	0.4587391	0.4587391	0.01220769
11130	-55.13987	-54.44528	-0.6945885	1.711906	1.711906	1.711906	1.711906	1.711906	1.711906	0.02807994
11140	-54.46046	-54.77197	0.3115084	1.084364	1.084364	1.084364	1.084364	1.084364	1.084364	0.03583066
11150	-55.06891	-54.79557	-0.2733411	1.285687	1.285687	1.285687	1.285687	1.285687	1.285687	0.04447942
11160	-54.89258	-54.69785	-0.1947237	1.513686	1.513686	1.513686	1.513686	1.513686	1.513686	0.02589696
11170	-54.91693	-55.18416	0.2672223	1.020133	1.020133	1.020133	1.020133	1.020133	1.020133	0.04155452
11180	-54.56138	-55.42111	0.8597298	0.4712573	0.4712573	0.4712573	0.4712573	0.4712573	0.4712573	0.02360962
11190	-54.19428	-55.30567	1.111383	0.6157084	0.6157084	0.6157084	0.6157084	0.6157084	0.6157084	0.02382169
11200	-54.80609	-55.48483	0.6787452	0.4593492	0.4593492	0.4593492	0.4593492	0.4593492	0.4593492	0.02718589
11210	-54.8427	-54.79804	-0.04465831	1.202004	1.202004	1.202004	1.202004	1.202004	1.202004	0.04150817
11220	-56.62961	-54.21188	-2.41773	2.177406	2.177406	2.177406	2.177406	2.177406	2.177406	0.05823373
11230	-57.58197	-59.47486	1.89289	0.5403359	0.5403359	0.5403359	0.5403359	0.5403359	0.5403359	0.009949673
11240	-54.89918	-55.61527	0.7160964	0.5207091	0.5207091	0.5207091	0.5207091	0.5207091	0.5207091	0.03106222
11250	-54.92473	-54.16678	-0.7579515	1.615562	1.615562	1.615562	1.615562	1.615562	1.615562	0.03671401
11260	-55.9086	-54.12941	-1.779188	1.952209	1.952209	1.952209	1.952209	1.952209	1.952209	0.04968232
11270	-55.80977	-54.51121	-1.298555	2.0123	2.0123	2.0123	2.0123	2.0123	2.0123	0.02702006
11280	-60.40922	-55.29891	-5.110305	3.097543	3.097543	3.097543	3.097543	3.097543	3.097543	0.1319944
11290	-61.69834	-56.42276	-5.275573	2.97907	2.97907	2.97907	2.97907	2.97907	2.97907	0.1963399
11300	-65.16164	-57.4452	-7.716439	3.037862	3.037862	3.037862	3.037862	3.037862	3.037862	2.008822
11310	-65.90541	-59.60448	-6.300935	2.410472	2.410472	2.410472	2.410472	2.410472	2.410472	1.733585
11320	-59.42433	-54.65747	-4.766863	3.056595	3.056595	3.056595	3.056595	3.056595	3.056595	0.1014036
11330	-54.08723	-55.17149	1.084255	0.7600333	0.7600333	0.7600333	0.7600333	0.7600333	0.7600333	0.02457362
11340	-54.19127	-55.4284	1.23713	0.7095899	0.7095899	0.7095899	0.7095899	0.7095899	0.7095899	0.02147744
11350	-56.11267	-56.62304	0.5103746	1.393863	1.393863	1.393863	1.393863	1.393863	1.393863	0.01637696
11360	-54.62662	-55.43638	0.8097598	0.6667059	0.6667059	0.6667059	0.6667059	0.6667059	0.6667059	0.0329359
11370	-55.25551	-54.80876	-0.4467581	1.347561	1.347561	1.347561	1.347561	1.347561	1.347561	0.04681833
11380	-54.8698	-54.89317	0.0233725	1.160849	1.160849	1.160849	1.160849	1.160849	1.160849	0.04181809
11390	-56.7977	-55.76035	-1.037352	1.475308	1.475308	1.475308	1.475308	1.475308	1.475308	0.06514003
11400	-54.08097	-55.11984	1.038865	0.7928664	0.7928664	0.7928664	0.7928664	0.7928664	0.7928664	0.02519049
11410	-55.59896	-53.92942	-1.669533	2.001406	2.001406	2.001406	2.001406	2.001406	2.001406	0.04007789
11420	-58.64429	-54.88895	-3.755341	3.232232	3.232232	3.232232	3.232232	3.232232	3.232232	0.02625441
11430	-64.53993	-61.71712	-2.822812	3.270493	3.270493	3.270493	3.270493	3.270493	3.270493	0.009603748
11440	-54.83524	-55.28422	0.4489859	1.282268	1.282268	1.282268	1.282268	1.282268	1.282268	0.02174441
11450	-55.98304	-53.96288	-2.020162	2.23339	2.23339	2.23339	2.23339	2.23339	2.23339	0.03476159
11460	-54.22096	-54.74293	0.5219756	1.056306	1.056306	1.056306	1.056306	1.056306	1.056306	0.03041022
11470	-56.24808	-55.51201	-0.7360706	1.872962	1.872962	1.872962	1.872962	1.872962	1.872962	0.02074168
11480	-56.43969	-53.86753	-2.572153	2.332758	2.332758	2.332758	2.332758	2.332758	2.332758	0.04898459
11490	-58.92317	-56.69449	-2.228685	2.665175	2.665175	2.665175	2.665175	2.665175	2.665175	0.01748501
11500	-55.0062	-54.14779	-0.8584046	1.643582	1.643582	1.643582	1.643582	1.643582	1.643582	0.03825345
11510	-55.70591	-54.18359	-1.522319	2.055914	2.055914	2.055914	2.055914	2.055914	2.055914	0.03079287
11520	-57.33977	-54.90231	-2.437465	2.597476	2.597476	2.597476	2.597476	2.597476	2.597476	0.02473657
11530	-54.41843	-54.86871	0.4502802	1.011478	1.011478	1.011478	1.011478	1.011478	1.011478	0.03506706
11540	-54.44201	-54.58781	0.1457928	1.19459	1.19459	1.19459	1.19459	1.19459	1.19459	0.03478535
11550	-56.49015	-54.33619	-2.153958	2.053269	2.053269	2.053269	2.053269	2.053269	2.053269	0.05823939
11560	-56.55609	-53.7801	-2.775999	2.482111	2.482111	2.482111	2.482111	2.482111	2.482111	0.04400468
11570	-55.83525	-54.08171	-1.753541	2.141363	2.141363	2.141363	2.141363	2.141363	2.141363	0.03235311
11580	-54.67927	-54.66828	-0.0109899	1.41246	1.41246	1.41246	1.41246	1.41246	1.41246	0.02655994
11590	-55.19356	-54.68197	-0.5115894	1.666702	1.666702	1.666702	1.666702	1.666702	1.666702	0.02574684
11600	-55.99106	-55.03221	-0.9588475	1.512074	1.512074	1.512074	1.512074	1.512074	1.512074	0.05579088
11610	-54.74827	-54.42773	-0.3205427	1.377919	1.377919	1.377919	1.377919	1.377919	1.377919	0.03882512
11620	-54.08605	-55.0633	0.9772517	0.8505245	0.8505245	0.8505245	0.8505245	0.8505245	0.8505245	0.02548522
11630	-54.21775	-55.4486	1.230852	0.644228	0.644228	0.644228	0.644228	0.644228	0.644228	0.02147623
11640	-55.6104	-54.0834	-1.527002	1.873507	1.873507	1.873507	1.873507	1.873507	1.873507	0.04569139
11650	-55.89059	-54.22854	-1.662046	1.887199	1.887199	1.887199	1.887199	1.887199	1.887199	0.05078698
11660	-54.17621	-54.95977	0.7835598	0.8790983	0.8790983	0.8790983	0.8790983	0.8790983	0.8790983	0.03000731
11670	-54.16888	-55.28353	1.114644	0.6354408	0.6354408	0.6354408	0.6354408	0.6354408	0.6354408	0.0240281
11680	-56.02921	-56.28075	0.2515406	0.899277	0.899277	0.899277	0.899277	0.899277	0.899277	0.04990325
11690	-56.09189	-54.05403	-2.037857	2.067299	2.067299	2.067299	2.067299	2.067299	2.067299	0.05032772
11700	-54.93612	-54.50891	-0.4272181	1.592191	1.592191	1.592191	1.592191	1.592191	1.592191	0.02771068
11710	-54.45279	-54.62693	0.1741411	1.294925	1.294925	1.294925	1.294925	1.294925	1.294925	0.02792454
11720	-55.48178	-54.1537	-1.328078	1.953645	1.953645	1.953645	1.953645	1.953645	1.953645	0.0315466
11730	-55.14452	-54.15947	-0.9850482	1.779722	1.779722	1.779722	1.779722	1.779722	1.779722	0.03248175
11740	-57.32937	-53.74366	-3.585716	2.856192	2.856192	2.856192	2.856192	2.856192	2.856192	0.04622625
11750	-54.3467	-54.81743	0.4707279	1.021313	1.021313	1.021313	1.021313	1.021313	1.021313	0.03384094
11760	-54.35772	-55.21776	0.8600411	0.7292512	0.7292512	0.7292512	0.7292512	0.7292512	0.7292512	0.03115911
11770	-54.44454	-55.3225	0.8779587	0.6587989	0.6587989	0.6587989	0.6587989	0.6587989	0.6587989	0.03071123
11780	-55.14573	-54.07296	-1.072769	1.776837	1.776837	1.776837	1.776837	1.776837	1.776837	0.03567923
11790	-56.25887	-53.87753	-2.381338	2.375293	2.375293	2.375293	2.375293	2.375293	2.375293	0.03702933
11800	-55.86102	-53.89111	-1.969913	2.169746	2.169746	2.169746	2.169746	2.169746	2.169746	0.03782154
11810	-54.63878	-55.92126	1.282482	0.5349662	0.5349662	0.5349662	0.5349662	0.5349662	0.5349662	0.01814033
11820	-54.78305	-54.40534	-0.3777129	1.538659	1.538659	1.538659	1.538659	1.538659	1.538659	0.02951499
11830	-54.17931	-54.80142	0.6221056	1.039945	1.039945	1.039945	1.039945	1.039945	1.039945	0.02824725
11840	-54.36273	-55.58655	1.223826	0.8403999	0.8403999	0.8403999	0.8403999	0.8403999	0.8403999	0.02011459
11850	-55.64825	-54.84826	-0.7999916	1.47354	1.47354	1.47354	1.47354	1.47354	1.47354	0.05156478
11860	-54.41775	-54.97402	0.5562713	0.9446167	0.9446167	0.9446167	0.9446167	0.9446167	0.9446167	0.03473064
11870	-54.94219	-54.17136	-0.7708379	1.658818	1.658818	1.658818	1.658818	1.658818	1.658818	0.0339306
11880	-56.63847	-56.02265	-0.6158251	1.293646	1.293646	1.293646	1.293646	1.293646	1.293646	0.06168093
11890	-54.83078	-55.30613	0.4753547	0.9096657	0.9096657	0.9096657	0.9096657	0.9096657	0.9096657	0.0393957
11900	-54.7858	-54.65448	-0.1313209	1.472606	1.472606	1.472606	1.472606	1.472606	1.472606	0.02647238
11910	-55.01722	-54.33692	-0.6802963	1.516542	1.516542	1.516542	1.516542	1.516542	1.516542	0.04183514
11920	-54.22823	-55.27204	1.043808	0.907872	0.907872	0.907872	0.907872	0.907872	0.907872	0.02236303
11930	-54.15519	-55.34523	1.190043	0.7562157	0.7562157	0.7562157	0.7562157	0.7562157	0.7562157	0.02215053
11940	-54.20972	-54.76874	0.5590194	1.03359	1.03359	1.03359	1.03359	1.03359	1.03359	0.03039149
11950	-54.88118	-55.35165	0.4704703	0.9043341	0.9043341	0.9043341	0.9043341	0.9043341	0.9043341	0.03984764
11960	-55.69409	-55.60135	-0.09274435	1.120015	1.120015	1.120015	1.120015	1.120015	1.120015	0.05049931
11970	-55.70344	-55.55988	-0.1435613	1.144832	1.144832	1.144832	1.144832	1.144832	1.144832	0.05085649
11980	-61.61914	-56.83034	-4.788801	2.745951	2.745951	2.745951	2.745951	2.745951	2.745951	0.1920618
11990	-54.96182	-54.1943	-0.7675185	1.594112	1.594112	1.594112	1.594112	1.594112	1.594112	0.03878614
12000	-54.79703	-54.6213	-0.1757246	1.488376	1.488376	1.488376	1.488376	1.488376	1.488376	0.02678417
12010	-56.19179	-54.36404	-1.827746	1.924652	1.924652	1.924652	1.924652	1.924652	1.924652	0.05532186
12020	-55.15733	-54.17286	-0.9844767	1.784743	1.784743	1.784743	1.784743	1.784743	1.784743	0.0321165
12030	-54.37744	-54.71226	0.3348106	1.09744	1.09744	1.09744	1.09744	1.09744	1.09744	0.03423849
12040	-54.46137	-55.2529	0.7915307	0.7566468	0.7566468	0.7566468	0.7566468	0.7566468	0.7566468	0.03298837
12050	-54.50611	-54.81879	0.3126793	1.071374	1.071374	1.071374	1.071374	1.071374	1.071374	0.03657352
12060	-54.35796	-54.56178	0.2038175	1.214907	1.214907	1.214907	1.214907	1.214907	1.214907	0.03160493
12070	-54.10028	-55.00752	0.9072345	0.8461049	0.8461049	0.8461049	0.8461049	0.8461049	0.8461049	0.02745375
12080	-54.1017	-55.16615	1.064445	0.8227076	0.8227076	0.8227076	0.8227076	0.8227076	0.8227076	0.02397564
12090	-56.3608	-56.23671	-0.1240905	1.077686	1.077686	1.077686	1.077686	1.077686	1.077686	0.05601357
12100	-54.9836	-55.30204	0.3184373	1.351517	1.351517	1.351517	1.351517	1.351517	1.351517	0.02161025
12110	-55.7283	-54.35493	-1.37337	1.756814	1.756814	1.756814	1.756814	1.756814	1.756814	0.05029823
12120	-54.16238	-55.19231	1.029927	0.6799203	0.6799203	0.6799203	0.6799203	0.6799203	0.6799203	0.02647001
12130	-55.59582	-55.93384	0.3380154	0.8913681	0.8913681	0.8913681	0.8913681	0.8913681	0.8913681	0.04619882
12140	-54.91164	-55.69645	0.7848113	0.4085623	0.4085623	0.4085623	0.4085623	0.4085623	0.4085623	0.01969431
12150	-55.02324	-54.30143	-0.7218017	1.539828	1.539828	1.539828	1.539828	1.539828	1.539828	0.04153506
12160	-55.0792	-55.76829	0.68909	0.6722459	0.6722459	0.6722459	0.6722459	0.6722459	0.6722459	0.03719233
12170	-59.06383	-54.95399	-4.109836	2.729937	2.729937	2.729937	2.729937	2.729937	2.729937	0.1006037
12180	-54.9009	-54.17307	-0.7278327	1.611437	1.611437	1.611437	1.611437	1.611437	1.611437	0.03593693
12190	-56.41784	-53.79829	-2.619554	2.437337	2.437337	2.437337	2.437337	2.437337	2.437337	0.04129289
12200	-54.16053	-54.91221	0.7516845	0.915116	0.915116	0.915116	0.915116	0.915116	0.915116	0.02968249
12210	-54.3943	-54.63678	0.24248	1.254565	1.254565	1.254565	1.254565	1.254565	1.254565	0.02820199
12220	-54.11893	-55.20569	1.086751	0.6926196	0.6926196	0.6926196	0.6926196	0.6926196	0.6926196	0.02501064
12230	-54.0997	-55.21488	1.115184	0.7698162	0.7698162	0.7698162	0.7698162	0.7698162	0.7698162	0.02369515
12240	-54.9345	-54.92081	-0.01369368	1.170283	1.170283	1.170283	1.170283	1.170283	1.170283	0.04266139
12250	-54.83942	-54.38011	-0.4593038	1.575006	1.575006	1.575006	1.575006	1.575006	1.575006	0.02966994
12260	-55.02267	-55.988	0.9653342	1.097244	1.097244	1.097244	1.097244	1.097244	1.097244	0.0182317
12270	-55.48098	-55.01427	-0.466713	1.328762	1.328762	1.328762	1.328762	1.328762	1.328762	0.04958411
12280	-54.15288	-54.9343	0.7814182	0.9888739	0.9888739	0.9888739	0.9888739	0.9888739	0.9888739	0.02605048
12290	-54.96076	-54.36894	-0.5918269	1.479282	1.479282	1.479282	1.479282	1.479282	1.479282	0.04137925
12300	-55.52666	-54.47633	-1.050335	1.889438	1.889438	1.889438	1.889438	1.889438	1.889438	0.02741624
12310	-54.23834	-55.32607	1.087728	0.5880668	0.5880668	0.5880668	0.5880668	0.5880668	0.5880668	0.02380332
12320	-54.52009	-55.38643	0.8663429	0.5342677	0.5342677	0.5342677	0.5342677	0.5342677	0.5342677	0.02746642
12330	-55.99191	-56.26073	0.2688153	0.4187635	0.4187635	0.4187635	0.4187635	0.4187635	0.4187635	0.03468883
12340	-54.17434	-55.32411	1.149771	0.8151558	0.8151558	0.8151558	0.8151558	0.8151558	0.8151558	0.02215751
12350	-54.42161	-54.50008	0.0784729	1.282736	1.282736	1.282736	1.282736	1.282736	1.282736	0.0314676
12360	-54.94499	-54.19505	-0.7499434	1.589679	1.589679	1.589679	1.589679	1.589679	1.589679	0.03846865
12370	-55.25561	-56.76992	1.514308	0.5563966	0.5563966	0.5563966	0.5563966	0.5563966	0.5563966	0.01491832
12380	-54.494	-55.36594	0.8719422	0.6300847	0.6300847	0.6300847	0.6300847	0.6300847	0.6300847	0.03054272
12390	-54.17316	-54.80707	0.6339189	1.010975	1.010975	1.010975	1.010975	1.010975	1.010975	0.02920654
12400	-54.0967	-55.20746	1.110766	0.7675029	0.7675029	0.7675029	0.7675029	0.7675029	0.7675029	0.02383215
12410	-55.53669	-55.8319	0.295213	0.9246487	0.9246487	0.9246487	0.9246487	0.9246487	0.9246487	0.04629094
12420	-58.71939	-55.24707	-3.472324	2.437446	2.437446	2.437446	2.437446	2.437446	2.437446	0.0968568
12430	-56.08451	-53.96003	-2.124471	2.283442	2.283442	2.283442	2.283442	2.283442	2.283442	0.03472148
12440	-54.13703	-54.96688	0.8298509	0.8707195	0.8707195	0.8707195	0.8707195	0.8707195	0.8707195	0.02891601
12450	-54.11695	-55.22909	1.112144	0.6910406	0.6910406	0.6910406	0.6910406	0.6910406	0.6910406	0.02438501
12460	-54.562	-54.70809	0.1460815	1.154784	1.154784	1.154784	1.154784	1.154784	1.154784	0.03739542
12470	-58.69362	-54.32354	-4.370089	3.44363	3.44363	3.44363	3.44363	3.44363	3.44363	0.03253209
12480	-54.43919	-54.48516	0.04597496	1.279761	1.279761	1.279761	1.279761	1.279761	1.279761	0.03269564
12490	-55.46384	-54.09946	-1.364376	1.812577	1.812577	1.812577	1.812577	1.812577	1.812577	0.04424393
12500	-54.27923	-54.6612	0.3819674	1.155906	1.155906	1.155906	1.155906	1.155906	1.155906	0.02947804
12510	-54.77794	-54.24255	-0.5353865	1.5245	1.5245	1.5245	1.5245	1.5245	1.5245	0.03559493
12520	-55.04329	-54.41355	-0.6297387	1.480948	1.480948	1.480948	1.480948	1.480948	1.480948	0.04282994
12530	-55.12079	-54.33236	-0.7884253	1.732495	1.732495	1.732495	1.732495	1.732495	1.732495	0.02951695
12540	-55.47744	-56.2028	0.725354	1.249846	1.249846	1.249846	1.249846	1.249846	1.249846	0.0175589
12550	-55.12771	-54.90016	-0.2275473	1.253404	1.253404	1.253404	1.253404	1.253404	1.253404	0.04522483
12560	-55.26099	-55.30114	0.04015425	1.488066	1.488066	1.488066	1.488066	1.488066	1.488066	0.02159745
12570	-54.37055	-55.40785	1.0373	0.9535168	0.9535168	0.9535168	0.9535168	0.9535168	0.9535168	0.02121032
12580	-54.45061	-55.026	0.5753932	0.9233942	0.9233942	0.9233942	0.9233942	0.9233942	0.9233942	0.03503591
12590	-54.31014	-55.28283	0.9726914	0.6054448	0.6054448	0.6054448	0.6054448	0.6054448	0.6054448	0.02714867
12600	-58.28981	-53.75753	-4.53228	3.251951	3.251951	3.251951	3.251951	3.251951	3.251951	0.05498359
12610	-54.56337	-55.40536	0.8419922	0.6425644	0.6425644	0.6425644	0.6425644	0.6425644	0.6425644	0.03166223
12620	-54.87445	-56.37965	1.505202	0.7219986	0.7219986	0.7219986	0.7219986	0.7219986	0.7219986	0.0163809
12630	-54.0929	-55.14688	1.053981	0.8184939	0.8184939	0.8184939	0.8184939	0.8184939	0.8184939	0.02431622
12640	-54.37089	-55.37217	1.001275	0.5287978	0.5287978	0.5287978	0.5287978	0.5287978	0.5287978	0.02374691
12650	-58.04997	-54.27097	-3.778996	2.710078	2.710078	2.710078	2.710078	2.710078	2.710078	0.07522811
12660	-56.21625	-54.70725	-1.508997	1.755618	1.755618	1.755618	1.755618	1.755618	1.755618	0.05775176
12670	-56.29488	-53.83954	-2.455343	2.305599	2.305599	2.305599	2.305599	2.305599	2.305599	0.04613939
12680	-58.3836	-54.4517	-3.931908	2.737976	2.737976	2.737976	2.737976	2.737976	2.737976	0.0828492
12690	-57.70712	-54.00947	-3.697651	2.740009	2.740009	2.740009	2.740009	2.740009	2.740009	0.06527834
12700	-54.6476	-54.77123	0.1236299	1.147442	1.147442	1.147442	1.147442	1.147442	1.147442	0.03875106
12710	-55.88531	-55.17668	-0.7086337	1.402677	1.402677	1.402677	1.402677	1.402677	1.402677	0.05443332
12720	-55.66266	-54.08353	-1.57913	1.891772	1.891772	1.891772	1.891772	1.891772	1.891772	0.04629027
12730	-55.79899	-56.26312	0.4641352	0.774418	0.774418	0.774418	0.774418	0.774418	0.774418	0.04531077
12740	-56.75446	-54.70434	-2.050124	1.960027	1.960027	1.960027	1.960027	1.960027	1.960027	0.06406281
12750	-55.3242	-55.66063	0.3364354	1.386187	1.386187	1.386187	1.386187	1.386187	1.386187	0.01979388
12760	-54.9928	-54.55874	-0.4340552	1.383559	1.383559	1.383559	1.383559	1.383559	1.383559	0.04299916
12770	-54.7583	-55.45215	0.693854	0.4308541	0.4308541	0.4308541	0.4308541	0.4308541	0.4308541	0.02395475
12780	-54.1962	-55.04411	0.8479029	0.8168536	0.8168536	0.8168536	0.8168536	0.8168536	0.8168536	0.02992264
12790	-54.11851	-55.11349	0.9949725	0.8798511	0.8798511	0.8798511	0.8798511	0.8798511	0.8798511	0.02426862
12800	-58.13119	-58.36606	0.234866	0.7009999	0.7009999	0.7009999	0.7009999	0.7009999	0.7009999	0.05858775
12810	-54.95173	-55.49295	0.5412199	0.3937575	0.3937575	0.3937575	0.3937575	0.3937575	0.3937575	0.02320597
12820	-54.22837	-55.15683	0.9284583	0.7270154	0.7270154	0.7270154	0.7270154	0.7270154	0.7270154	0.02911922
12830	-56.43588	-54.59452	-1.841359	1.895428	1.895428	1.895428	1.895428	1.895428	1.895428	0.05970023
12840	-54.27404	-54.82299	0.5489451	0.9985153	0.9985153	0.9985153	0.9985153	0.9985153	0.9985153	0.03240139
12850	-54.17194	-55.03499	0.863047	0.9706134	0.9706134	0.9706134	0.9706134	0.9706134	0.9706134	0.02465146
12860	-55.01224	-55.72845	0.7162066	0.6455342	0.6455342	0.6455342	0.6455342	0.6455342	0.6455342	0.03594926
12870	-54.31778	-54.79379	0.476004	1.028874	1.028874	1.028874	1.028874	1.028874	1.028874	0.03326815
12880	-54.84572	-55.47067	0.6249554	0.4310397	0.4310397	0.4310397	0.4310397	0.4310397	0.4310397	0.02568402
12890	-54.33506	-54.60296	0.2679024	1.211861	1.211861	1.211861	1.211861	1.211861	1.211861	0.02981274
12900	-55.7599	-54.00529	-1.754612	2.11762	2.11762	2.11762	2.11762	2.11762	2.11762	0.03406315
12910	-55.21238	-56.09836	0.8859773	0.401535	0.401535	0.401535	0.401535	0.401535	0.401535	0.01715804
12920	-54.76227	-55.8144	1.052132	1.021028	1.021028	1.021028	1.021028	1.021028	1.021028	0.01892928
12930	-54.51327	-55.30496	0.7916914	0.7382196	0.7382196	0.7382196	0.7382196	0.7382196	0.7382196	0.03325683
12940	-54.32683	-54.69799	0.3711548	1.193794	1.193794	1.193794	1.193794	1.193794	1.193794	0.02780757
12950	-57.94365	-55.72343	-2.220221	1.917438	1.917438	1.917438	1.917438	1.917438	1.917438	0.08318618
12960	-55.25681	-54.88734	-0.3694687	1.308139	1.308139	1.308139	1.308139	1.308139	1.308139	0.04686096
12970	-56.42189	-56.77617	0.3542864	0.7865832	0.7865832	0.7865832	0.7865832	0.7865832	0.7865832	0.05017246
12980	-55.78317	-53.97885	-1.804318	2.00647	2.00647	2.00647	2.00647	2.00647	2.00647	0.04536732
12990	-55.59705	-55.06305	-0.534001	1.348611	1.348611	1.348611	1.348611	1.348611	1.348611	0.05097918
13000	-54.71308	-54.27673	-0.4363533	1.497581	1.497581	1.497581	1.497581	1.497581	1.497581	0.03410036
13010	-55.42882	-55.86979	0.440967	1.357512	1.357512	1.357512	1.357512	1.357512	1.357512	0.01888988
13020	-55.60809	-54.88314	-0.7249516	1.441308	1.441308	1.441308	1.441308	1.441308	1.441308	0.05112595
13030	-57.75043	-53.75136	-3.999073	2.998962	2.998962	2.998962	2.998962	2.998962	2.998962	0.05267907
13040	-57.28185	-57.56242	0.2805703	0.7537618	0.7537618	0.7537618	0.7537618	0.7537618	0.7537618	0.05506726
13050	-55.29473	-54.12768	-1.167048	1.863849	1.863849	1.863849	1.863849	1.863849	1.863849	0.03254533
13060	-56.24063	-54.17307	-2.067556	2.312874	2.312874	2.312874	2.312874	2.312874	2.312874	0.03083364
13070	-57.41949	-57.35586	-0.06362821	0.9698803	0.9698803	0.9698803	0.9698803	0.9698803	0.9698803	0.0623369
13080	-61.66123	-56.464	-5.197228	2.944199	2.944199	2.944199	2.944199	2.944199	2.944199	0.1944742
13090	-64.76249	-56.57153	-8.190958	3.508209	3.508209	3.508209	3.508209	3.508209	3.508209	1.31638
13100	-67.35556	-56.09978	-11.25578	3.946777	3.946777	3.946777	3.946777	3.946777	3.946777	12.72915
13110	-65.515	-55.70743	-9.807572	5.228694	5.228694	5.228694	5.228694	5.228694	5.228694	0.3573626
13120	-61.81148	-54.98548	-6.82599	3.96893	3.96893	3.96893	3.96893	3.96893	3.96893	0.1458621
13130	-55.04225	-55.97676	0.93451	1.113345	1.113345	1.113345	1.113345	1.113345	1.113345	0.01828905
13140	-55.22491	-55.57844	0.3535302	0.9271701	0.9271701	0.9271701	0.9271701	0.9271701	0.9271701	0.04352706
13150	-55.43064	-53.98985	-1.440788	1.888975	1.888975	1.888975	1.888975	1.888975	1.888975	0.04055175
13160	-54.63318	-55.19131	0.5581363	0.8927726	0.8927726	0.8927726	0.8927726	0.8927726	0.8927726	0.0370101
13170	-55.13075	-55.56669	0.4359385	1.326175	1.326175	1.326175	1.326175	1.326175	1.326175	0.02020944
13180	-54.35858	-55.23437	0.8757827	0.7114961	0.7114961	0.7114961	0.7114961	0.7114961	0.7114961	0.03081474
13190	-55.57867	-54.38736	-1.191301	1.940347	1.940347	1.940347	1.940347	1.940347	1.940347	0.02830782
13200	-56.08789	-54.3002	-1.787696	1.920541	1.920541	1.920541	1.920541	1.920541	1.920541	0.05361963
13210	-56.86386	-54.03352	-2.830348	2.379106	2.379106	2.379106	2.379106	2.379106	2.379106	0.05755605
13220	-59.1006	-59.03682	-0.06378072	0.8645587	0.8645587	0.8645587	0.8645587	0.8645587	0.8645587	0.07113969
13230	-55.99954	-53.86081	-2.138724	2.237574	2.237574	2.237574	2.237574	2.237574	2.237574	0.03879315
13240	-54.32503	-54.74251	0.4174715	1.181746	1.181746	1.181746	1.181746	1.181746	1.181746	0.02714483
13250	-56.04475	-54.18786	-1.856881	2.216379	2.216379	2.216379	2.216379	2.216379	2.216379	0.03060482
13260	-55.08975	-55.77575	0.6859948	0.6736236	0.6736236	0.6736236	0.6736236	0.6736236	0.6736236	0.03731407
13270	-55.84982	-56.34219	0.492365	0.7399664	0.7399664	0.7399664	0.7399664	0.7399664	0.7399664	0.04483098
13280	-58.93412	-54.00801	-4.926107	3.630086	3.630086	3.630086	3.630086	3.630086	3.630086	0.04015633
13290	-55.5711	-53.93541	-1.635693	2.006432	2.006432	2.006432	2.006432	2.006432	2.006432	0.03833062
13300	-54.78034	-55.96101	1.180674	0.4858831	0.4858831	0.4858831	0.4858831	0.4858831	0.4858831	0.01790312
13310	-55.06034	-54.18654	-0.8738017	1.62589	1.62589	1.62589	1.62589	1.62589	1.62589	0.04033187
13320	-54.4622	-55.23547	0.7732684	1.092733	1.092733	1.092733	1.092733	1.092733	1.092733	0.02226246
13330	-65.72397	-55.8177	-9.906275	4.478205	4.478205	4.478205	4.478205	4.478205	4.478205	1.322169
13340	-67.3533	-57.38953	-9.963776	3.061443	3.061443	3.061443	3.061443	3.061443	3.061443	18.15235
13350	-66.64102	-58.6624	-7.978613	2.633516	2.633516	2.633516	2.633516	2.633516	2.633516	5.859202
13360	-64.98972	-56.50007	-8.489652	3.560988	3.560988	3.560988	3.560988	3.560988	3.560988	1.609252
13370	-59.61748	-54.52497	-5.092512	3.228582	3.228582	3.228582	3.228582	3.228582	3.228582	0.1006853
13380	-55.54646	-54.26201	-1.284446	1.959406	1.959406	1.959406	1.959406	1.959406	1.959406	0.02982995
13390	-54.87586	-54.2314	-0.6444651	1.54517	1.54517	1.54517	1.54517	1.54517	1.54517	0.03801583
13400	-57.71843	-53.98683	-3.731602	3.055777	3.055777	3.055777	3.055777	3.055777	3.055777	0.03606934
13410	-56.09411	-54.20802	-1.886095	2.234438	2.234438	2.234438	2.234438	2.234438	2.234438	0.0303329
13420	-55.90895	-53.91951	-1.989444	2.097046	2.097046	2.097046	2.097046	2.097046	2.097046	0.04500638
13430	-54.10628	-55.23325	1.126963	0.7139644	0.7139644	0.7139644	0.7139644	0.7139644	0.7139644	0.02395817
13440	-58.35427	-53.84606	-4.508211	3.36614	3.36614	3.36614	3.36614	3.36614	3.36614	0.04320793
13450	-56.83213	-54.19423	-2.637905	2.266702	2.266702	2.266702	2.266702	2.266702	2.266702	0.06010084
13460	-55.77063	-56.73423	0.963599	1.1781	1.1781	1.1781	1.1781	1.1781	1.1781	0.01582736
13470	-54.84265	-54.27904	-0.5636027	1.594991	1.594991	1.594991	1.594991	1.594991	1.594991	0.03157262
13480	-58.39494	-54.9156	-3.479337	2.482333	2.482333	2.482333	2.482333	2.482333	2.482333	0.08887004
13490	-57.53099	-59.26456	1.733579	0.4807649	0.4807649	0.4807649	0.4807649	0.4807649	0.4807649	0.01014678
13500	-54.09031	-55.18105	1.090735	0.7766755	0.7766755	0.7766755	0.7766755	0.7766755	0.7766755	0.02418031
13510	-55.82573	-55.31162	-0.5141114	1.314932	1.314932	1.314932	1.314932	1.314932	1.314932	0.05343356
13520	-54.22047	-55.47672	1.256245	0.679384	0.679384	0.679384	0.679384	0.679384	0.679384	0.02110816
13530	-55.65096	-53.97084	-1.680118	2.064509	2.064509	2.064509	2.064509	2.064509	2.064509	0.03540184
13540	-54.49195	-55.88524	1.39329	0.6827218	0.6827218	0.6827218	0.6827218	0.6827218	0.6827218	0.01840815
13550	-54.41076	-54.747	0.3362384	1.236366	1.236366	1.236366	1.236366	1.236366	1.236366	0.02658592
13560	-55.11949	-54.93411	-0.1853707	1.548132	1.548132	1.548132	1.548132	1.548132	1.548132	0.02387174
13570	-54.24322	-54.89169	0.6484732	1.079592	1.079592	1.079592	1.079592	1.079592	1.079592	0.02578632
13580	-54.3058	-55.05389	0.7480888	0.8465403	0.8465403	0.8465403	0.8465403	0.8465403	0.8465403	0.03217597
13590	-54.81283	-54.22662	-0.5862164	1.572923	1.572923	1.572923	1.572923	1.572923	1.572923	0.0338329
13600	-56.89904	-56.83618	-0.06286358	1.005534	1.005534	1.005534	1.005534	1.005534	1.005534	0.05911273
13610	-55.85888	-53.87645	-1.982429	2.129577	2.129577	2.129577	2.129577	2.129577	2.129577	0.04170517
13620	-54.15317	-55.17255	1.019388	0.6971195	0.6971195	0.6971195	0.6971195	0.6971195	0.6971195	0.02674588
13630	-55.63106	-55.21088	-0.4201833	1.289097	1.289097	1.289097	1.289097	1.289097	1.289097	0.05117341
13640	-54.82543	-55.84658	1.021152	1.045139	1.045139	1.045139	1.045139	1.045139	1.045139	0.01879603
13650	-54.51122	-54.81125	0.300029	1.077568	1.077568	1.077568	1.077568	1.077568	1.077568	0.03665942
13660	-56.54523	-56.17812	-0.3671168	1.764074	1.764074	1.764074	1.764074	1.764074	1.764074	0.01810526
13670	-55.2365	-56.83166	1.595162	0.6347463	0.6347463	0.6347463	0.6347463	0.6347463	0.6347463	0.01485535
13680	-54.44668	-55.35245	0.9057659	0.5643199	0.5643199	0.5643199	0.5643199	0.5643199	0.5643199	0.02773465
13690	-56.58625	-54.88322	-1.70303	1.80754	1.80754	1.80754	1.80754	1.80754	1.80754	0.06274962
13700	-55.64091	-54.49258	-1.148335	1.651226	1.651226	1.651226	1.651226	1.651226	1.651226	0.05029673
13710	-55.77301	-56.30309	0.5300781	0.5258688	0.5258688	0.5258688	0.5258688	0.5258688	0.5258688	0.03781718
13720	-54.82159	-54.8507	0.02910567	1.165924	1.165924	1.165924	1.165924	1.165924	1.165924	0.04119893
13730	-54.66715	-55.82421	1.157066	0.9522421	0.9522421	0.9522421	0.9522421	0.9522421	0.9522421	0.0188492
13740	-54.66096	-55.46726	0.8063056	0.5379439	0.5379439	0.5379439	0.5379439	0.5379439	0.5379439	0.02936535
13750	-55.20445	-55.84769	0.6432349	0.5266114	0.5266114	0.5266114	0.5266114	0.5266114	0.5266114	0.03382208
13760	-55.62936	-54.16167	-1.467695	1.831087	1.831087	1.831087	1.831087	1.831087	1.831087	0.04715402
13770	-54.35237	-55.658	1.305629	0.7598248	0.7598248	0.7598248	0.7598248	0.7598248	0.7598248	0.01969588
13780	-55.44988	-54.55202	-0.8978644	1.829949	1.829949	1.829949	1.829949	1.829949	1.829949	0.0267364
13790	-55.72378	-54.33121	-1.392566	1.768137	1.768137	1.768137	1.768137	1.768137	1.768137	0.0500472
13800	-57.13499	-56.18405	-0.9509385	1.41071	1.41071	1.41071	1.41071	1.41071	1.41071	0.06823253
13810	-55.33408	-54.79248	-0.5416024	1.698268	1.698268	1.698268	1.698268	1.698268	1.698268	0.02480736
13820	-55.03457	-54.16744	-0.8671237	1.71729	1.71729	1.71729	1.71729	1.71729	1.71729	0.03298683
13830	-56.8914	-56.30224	-0.589153	1.262813	1.262813	1.262813	1.262813	1.262813	1.262813	0.06376248
13840	-54.93914	-54.15992	-0.7792264	1.652073	1.652073	1.652073	1.652073	1.652073	1.652073	0.03471016
13850	-57.58609	-54.515	-3.07109	2.38022	2.38022	2.38022	2.38022	2.38022	2.38022	0.07305227
13860	-55.25427	-56.29961	1.045333	1.088894	1.088894	1.088894	1.088894	1.088894	1.088894	0.01707029
13870	-55.05551	-55.60183	0.5463249	0.3767864	0.3767864	0.3767864	0.3767864	0.3767864	0.3767864	0.02084805
13880	-56.45813	-56.67204	0.2139058	0.4256193	0.4256193	0.4256193	0.4256193	0.4256193	0.4256193	0.03782544
13890	-54.25236	-55.15808	0.9057207	0.7355752	0.7355752	0.7355752	0.7355752	0.7355752	0.7355752	0.0297025
13900	-54.54238	-55.39539	0.8530139	0.5257663	0.5257663	0.5257663	0.5257663	0.5257663	0.5257663	0.02737469
13910	-54.87076	-55.15159	0.2808256	1.349218	1.349218	1.349218	1.349218	1.349218	1.349218	0.02254194
13920	-54.35771	-54.86975	0.5120377	0.9909523	0.9909523	0.9909523	0.9909523	0.9909523	0.9909523	0.03399972
13930	-55.16275	-55.79506	0.6323072	0.5074193	0.5074193	0.5074193	0.5074193	0.5074193	0.5074193	0.03277743
13940	-54.11686	-54.94784	0.8309729	0.8927292	0.8927292	0.8927292	0.8927292	0.8927292	0.8927292	0.02817416
13950	-55.53598	-54.12464	-1.411338	1.986405	1.986405	1.986405	1.986405	1.986405	1.986405	0.03196631
13960	-54.49821	-55.1992	0.7009883	0.8225289	0.8225289	0.8225289	0.8225289	0.8225289	0.8225289	0.03448937
13970	-57.30168	-53.81526	-3.486423	2.876357	2.876357	2.876357	2.876357	2.876357	2.876357	0.04020814
13980	-54.66813	-56.05085	1.382719	0.8025924	0.8025924	0.8025924	0.8025924	0.8025924	0.8025924	0.01773155
13990	-54.36803	-55.56719	1.199169	0.8594517	0.8594517	0.8594517	0.8594517	0.8594517	0.8594517	0.0202279
14000	-55.53142	-53.94419	-1.587229	1.982214	1.982214	1.982214	1.982214	1.982214	1.982214	0.03845661
14010	-54.34749	-55.35627	1.008783	0.9620046	0.9620046	0.9620046	0.9620046	0.9620046	0.9620046	0.02156868
14020	-56.85391	-55.91352	-0.9403935	0.2328246	0.2328246	0.2328246	0.2328246	0.2328246	0.2328246	0.01823027
14030	-55.85297	-56.06605	0.2130818	0.3956156	0.3956156	0.3956156	0.3956156	0.3956156	0.3956156	0.032557
14040	-55.15336	-54.06489	-1.088465	1.77652	1.77652	1.77652	1.77652	1.77652	1.77652	0.03626828
14050	-54.10799	-55.06589	0.9578962	0.7919743	0.7919743	0.7919743	0.7919743	0.7919743	0.7919743	0.02733249
14060	-56.26869	-55.77348	-0.4952145	1.266085	1.266085	1.266085	1.266085	1.266085	1.266085	0.05768041
14070	-55.19091	-54.41351	-0.7774005	1.745896	1.745896	1.745896	1.745896	1.745896	1.745896	0.02836982
14080	-54.86597	-54.33982	-0.5261417	1.598027	1.598027	1.598027	1.598027	1.598027	1.598027	0.03021741
14090	-55.43934	-56.00946	0.5701166	0.5068006	0.5068006	0.5068006	0.5068006	0.5068006	0.5068006	0.03482889
14100	-56.82826	-54.89174	-1.936524	1.894432	1.894432	1.894432	1.894432	1.894432	1.894432	0.0658008
14110	-54.09173	-55.17981	1.088077	0.7850713	0.7850713	0.7850713	0.7850713	0.7850713	0.7850713	0.02411194
14120	-54.34891	-54.61525	0.2663406	1.159987	1.159987	1.159987	1.159987	1.159987	1.159987	0.03284887
14130	-54.33173	-55.612	1.280269	0.6139475	0.6139475	0.6139475	0.6139475	0.6139475	0.6139475	0.02009428
14140	-54.87351	-54.44475	-0.4287624	1.577428	1.577428	1.577428	1.577428	1.577428	1.577428	0.02863102
14150	-54.55216	-54.44209	-0.1100731	1.319345	1.319345	1.319345	1.319345	1.319345	1.319345	0.0353636
14160	-54.64377	-54.78113	0.1373645	1.35846	1.35846	1.35846	1.35846	1.35846	1.35846	0.0255421
14170	-54.32397	-54.90667	0.5826942	1.130876	1.130876	1.130876	1.130876	1.130876	1.130876	0.02521617
14180	-54.64967	-54.69834	0.0486709	1.189293	1.189293	1.189293	1.189293	1.189293	1.189293	0.03871027
14190	-54.74686	-55.99253	1.245675	0.9167782	0.9167782	0.9167782	0.9167782	0.9167782	0.9167782	0.01807414
14200	-56.59615	-54.65191	-1.944236	2.334183	2.334183	2.334183	2.334183	2.334183	2.334183	0.02606526
14210	-56.66337	-57.01663	0.3532657	0.495902	0.495902	0.495902	0.495902	0.495902	0.495902	0.0420922
14220	-54.82534	-54.43791	-0.3874227	1.395388	1.395388	1.395388	1.395388	1.395388	1.395388	0.04006798
14230	-56.85025	-58.63973	1.789485	0.8381716	0.8381716	0.8381716	0.8381716	0.8381716	0.8381716	0.01144906
14240	-55.37456	-56.66499	1.290422	0.9829454	0.9829454	0.9829454	0.9829454	0.9829454	0.9829454	0.01579527
14250	-55.85118	-55.67556	-0.1756219	0.2918657	0.2918657	0.2918657	0.2918657	0.2918657	0.2918657	0.02038382
14260	-55.59478	-56.16713	0.5723533	0.5362823	0.5362823	0.5362823	0.5362823	0.5362823	0.5362823	0.03699256
14270	-54.3456	-54.99841	0.6528084	0.9015305	0.9015305	0.9015305	0.9015305	0.9015305	0.9015305	0.03331855
14280	-54.91831	-55.62408	0.705771	0.7039554	0.7039554	0.7039554	0.7039554	0.7039554	0.7039554	0.0365709
14290	-55.83841	-56.34084	0.5024236	0.7313206	0.7313206	0.7313206	0.7313206	0.7313206	0.7313206	0.04452436
14300	-54.2969	-55.16929	0.8723884	0.7453179	0.7453179	0.7453179	0.7453179	0.7453179	0.7453179	0.0305891
14310	-54.82298	-55.02493	0.2019424	1.071317	1.071317	1.071317	1.071317	1.071317	1.071317	0.04086017
14320	-55.72052	-53.93177	-1.788754	2.02541	2.02541	2.02541	2.02541	2.02541	2.02541	0.04289639
14330	-56.58185	-54.21862	-2.363224	2.461458	2.461458	2.461458	2.461458	2.461458	2.461458	0.03039569
14340	-54.08594	-55.16126	1.075324	0.7608401	0.7608401	0.7608401	0.7608401	0.7608401	0.7608401	0.02478344
14350	-56.06973	-54.04201	-2.027723	2.066764	2.066764	2.066764	2.066764	2.066764	2.066764	0.04987715
14360	-55.26498	-55.31536	0.05037698	1.484874	1.484874	1.484874	1.484874	1.484874	1.484874	0.02151992
14370	-56.53644	-56.95715	0.4207109	0.7048646	0.7048646	0.7048646	0.7048646	0.7048646	0.7048646	0.04862734
14380	-55.36792	-55.63125	0.2633277	0.9629956	0.9629956	0.9629956	0.9629956	0.9629956	0.9629956	0.04539085
14390	-54.37333	-55.03427	0.6609371	0.8872093	0.8872093	0.8872093	0.8872093	0.8872093	0.8872093	0.03361097
14400	-54.43646	-55.3474	0.9109379	0.5667922	0.5667922	0.5667922	0.5667922	0.5667922	0.5667922	0.02768579
14410	-54.14684	-55.34052	1.193682	0.6979057	0.6979057	0.6979057	0.6979057	0.6979057	0.6979057	0.02246638
14420	-54.2146	-55.46639	1.251791	0.7213847	0.7213847	0.7213847	0.7213847	0.7213847	0.7213847	0.02110885
14430	-55.13715	-56.55454	1.41739	0.8748821	0.8748821	0.8748821	0.8748821	0.8748821	0.8748821	0.01599535
14440	-55.61797	-54.51879	-1.099183	1.919749	1.919749	1.919749	1.919749	1.919749	1.919749	0.02698006
14450	-54.31758	-55.27034	0.9527605	0.6316645	0.6316645	0.6316645	0.6316645	0.6316645	0.6316645	0.0281956
14460	-54.09368	-55.18652	1.092843	0.7347229	0.7347229	0.7347229	0.7347229	0.7347229	0.7347229	0.02464123
14470	-55.98858	-55.69308	-0.2954949	1.193777	1.193777	1.193777	1.193777	1.193777	1.193777	0.05416252
14480	-57.23984	-54.15485	-3.084994	2.452152	2.452152	2.452152	2.452152	2.452152	2.452152	0.06377564
14490	-55.04621	-54.14901	-0.897204	1.650733	1.650733	1.650733	1.650733	1.650733	1.650733	0.03916778
14500	-56.59109	-54.40601	-2.185079	2.053733	2.053733	2.053733	2.053733	2.053733	2.053733	0.06002105
14510	-55.53198	-54.03861	-1.493362	1.998257	1.998257	1.998257	1.998257	1.998257	1.998257	0.03383107
14520	-55.39712	-54.12827	-1.268855	1.916299	1.916299	1.916299	1.916299	1.916299	1.916299	0.03220606
14530	-55.87638	-56.42297	0.5465906	0.6573975	0.6573975	0.6573975	0.6573975	0.6573975	0.6573975	0.04276102
14540	-54.73026	-55.45056	0.720295	0.743154	0.743154	0.743154	0.743154	0.743154	0.743154	0.03564692
14550	-55.13554	-54.70793	-0.4276076	1.630373	1.630373	1.630373	1.630373	1.630373	1.630373	0.02557072
14560	-54.49224	-55.56465	1.072407	0.5002153	0.5002153	0.5002153	0.5002153	0.5002153	0.5002153	0.02073612
14570	-54.70104	-55.48214	0.7811024	0.6776391	0.6776391	0.6776391	0.6776391	0.6776391	0.6776391	0.03394256
14580	-54.37545	-54.80828	0.432832	1.195867	1.195867	1.195867	1.195867	1.195867	1.195867	0.02604412
14590	-57.56946	-57.36954	-0.1999115	1.031704	1.031704	1.031704	1.031704	1.031704	1.031704	0.06510925
14600	-54.90334	-54.27649	-0.6268434	1.519366	1.519366	1.519366	1.519366	1.519366	1.519366	0.03942453
14610	-54.95878	-54.70819	-0.2505918	1.291638	1.291638	1.291638	1.291638	1.291638	1.291638	0.04297704
14620	-55.53146	-54.33355	-1.19791	1.93301	1.93301	1.93301	1.93301	1.93301	1.93301	0.02894639
14630	-54.19375	-55.02264	0.8288846	0.9942916	0.9942916	0.9942916	0.9942916	0.9942916	0.9942916	0.02464463
14640	-54.27734	-54.70012	0.4227783	1.088227	1.088227	1.088227	1.088227	1.088227	1.088227	0.03184952
14650	-54.29364	-54.89313	0.5994915	0.9559178	0.9559178	0.9559178	0.9559178	0.9559178	0.9559178	0.03275287
14660	-55.35573	-54.36591	-0.9898162	1.616045	1.616045	1.616045	1.616045	1.616045	1.616045	0.04624717
14670	-55.62006	-54.23009	-1.389968	1.787298	1.787298	1.787298	1.787298	1.787298	1.787298	0.04791343
14680	-55.18197	-55.81239	0.6304255	0.7234627	0.7234627	0.7234627	0.7234627	0.7234627	0.7234627	0.03927092
14690	-54.11204	-55.06708	0.9550348	0.7898314	0.7898314	0.7898314	0.7898314	0.7898314	0.7898314	0.02745256
14700	-54.90161	-55.58484	0.6832271	0.735271	0.735271	0.735271	0.735271	0.735271	0.735271	0.03710815
14710	-54.17659	-55.40048	1.22389	0.7191754	0.7191754	0.7191754	0.7191754	0.7191754	0.7191754	0.0217186
14720	-55.08191	-54.18217	-0.899747	1.742701	1.742701	1.742701	1.742701	1.742701	1.742701	0.03228157
14730	-54.45109	-54.82113	0.3700411	1.237792	1.237792	1.237792	1.237792	1.237792	1.237792	0.02563271
14740	-54.1791	-55.02987	0.8507647	0.9789814	0.9789814	0.9789814	0.9789814	0.9789814	0.9789814	0.02465843
14750	-54.41723	-54.53849	0.121268	1.226926	1.226926	1.226926	1.226926	1.226926	1.226926	0.03355668
14760	-54.18289	-54.8439	0.6610187	1.041926	1.041926	1.041926	1.041926	1.041926	1.041926	0.02708348
14770	-54.6521	-54.89627	0.244174	1.078419	1.078419	1.078419	1.078419	1.078419	1.078419	0.03871023
14780	-58.56221	-54.42935	-4.132859	2.826231	2.826231	2.826231	2.826231	2.826231	2.826231	0.08482217
14790	-57.16197	-59.1075	1.94553	0.692098	0.692098	0.692098	0.692098	0.692098	0.692098	0.01059672
14800	-54.81204	-55.45975	0.6477051	0.4328478	0.4328478	0.4328478	0.4328478	0.4328478	0.4328478	0.02530233
14810	-54.1651	-54.8318	0.6666995	0.9860748	0.9860748	0.9860748	0.9860748	0.9860748	0.9860748	0.02933742
14820	-54.95977	-54.15906	-0.8007127	1.668719	1.668719	1.668719	1.668719	1.668719	1.668719	0.0342315
14830	-54.12226	-55.21731	1.095052	0.6861603	0.6861603	0.6861603	0.6861603	0.6861603	0.6861603	0.02480671
14840	-56.10141	-55.85909	-0.2423224	0.2788935	0.2788935	0.2788935	0.2788935	0.2788935	0.2788935	0.01857017
14850	-54.50011	-55.26123	0.7611192	0.7720266	0.7720266	0.7720266	0.7720266	0.7720266	0.7720266	0.03371754
14860	-56.25374	-56.6564	0.402665	0.4903911	0.4903911	0.4903911	0.4903911	0.4903911	0.4903911	0.03947329
14870	-54.24411	-54.69552	0.4514062	1.109993	1.109993	1.109993	1.109993	1.109993	1.109993	0.02982079
14880	-55.58097	-54.30641	-1.274553	1.964163	1.964163	1.964163	1.964163	1.964163	1.964163	0.02923734
14890	-54.52965	-55.01593	0.4862761	0.9611413	0.9611413	0.9611413	0.9611413	0.9611413	0.9611413	0.03641406
14900	-54.0977	-55.07016	0.9724615	0.8716881	0.8716881	0.8716881	0.8716881	0.8716881	0.8716881	0.02504641
14910	-57.56373	-53.79757	-3.766163	2.854095	2.854095	2.854095	2.854095	2.854095	2.854095	0.05559977
14920	-55.82459	-53.87798	-1.946605	2.132961	2.132961	2.132961	2.132961	2.132961	2.132961	0.03994946
14930	-55.38415	-54.03444	-1.349715	1.834776	1.834776	1.834776	1.834776	1.834776	1.834776	0.04157686
14940	-58.03756	-54.6617	-3.375863	2.477754	2.477754	2.477754	2.477754	2.477754	2.477754	0.08089716
14950	-55.04308	-55.07603	0.03295084	1.462064	1.462064	1.462064	1.462064	1.462064	1.462064	0.02295707
14960	-56.31313	-54.48233	-1.830796	1.907319	1.907319	1.907319	1.907319	1.907319	1.907319	0.05758818
14970	-55.23199	-55.83976	0.6077658	0.7369578	0.7369578	0.7369578	0.7369578	0.7369578	0.7369578	0.03999158
14980	-54.21487	-55.0514	0.8365298	0.999907	0.999907	0.999907	0.999907	0.999907	0.999907	0.02425279
14990	-54.63424	-54.63319	-0.001047476	1.221423	1.221423	1.221423	1.221423	1.221423	1.221423	0.03831847
15000	-54.56015	-55.71538	1.155222	0.9329174	0.9329174	0.9329174	0.9329174	0.9329174	0.9329174	0.01937947
15010	-54.29199	-54.65494	0.3629509	1.127144	1.127144	1.127144	1.127144	1.127144	1.127144	0.03162004
15020	-54.09603	-55.08994	0.9939129	0.77861	0.77861	0.77861	0.77861	0.77861	0.77861	0.02660586
15030	-54.53952	-55.1946	0.6550771	1.155064	1.155064	1.155064	1.155064	1.155064	1.155064	0.02246704
15040	-54.31452	-55.45054	1.136014	0.5580851	0.5580851	0.5580851	0.5580851	0.5580851	0.5580851	0.0218331
15050	-54.37936	-55.69367	1.314313	0.6202495	0.6202495	0.6202495	0.6202495	0.6202495	0.6202495	0.01950736
15060	-55.04264	-55.72766	0.6850203	0.5298153	0.5298153	0.5298153	0.5298153	0.5298153	0.5298153	0.03264578
15070	-54.22983	-55.01855	0.7887154	0.846795	0.846795	0.846795	0.846795	0.846795	0.846795	0.03088722
15080	-54.85024	-55.67916	0.8289222	1.133751	1.133751	1.133751	1.133751	1.133751	1.133751	0.01961287
15090	-54.95731	-54.20713	-0.7501791	1.583069	1.583069	1.583069	1.583069	1.583069	1.583069	0.03901784
15100	-55.40626	-55.10077	-0.3054826	1.628063	1.628063	1.628063	1.628063	1.628063	1.628063	0.02274213
15110	-59.0462	-56.46829	-2.577909	1.985844	1.985844	1.985844	1.985844	1.985844	1.985844	0.1027658
15120	-57.82388	-54.89027	-2.93361	2.273436	2.273436	2.273436	2.273436	2.273436	2.273436	0.07964283
15130	-54.33248	-55.29829	0.9658071	0.5906901	0.5906901	0.5906901	0.5906901	0.5906901	0.5906901	0.02696345
15140	-58.07039	-57.69833	-0.3720605	0.3456095	0.3456095	0.3456095	0.3456095	0.3456095	0.3456095	0.04180723
15150	-56.85489	-55.1838	-1.671093	1.763708	1.763708	1.763708	1.763708	1.763708	1.763708	0.06675036
15160	-56.00842	-54.80597	-1.202459	2.009516	2.009516	2.009516	2.009516	2.009516	2.009516	0.02469073
15170	-54.40185	-55.38365	0.9818022	0.9882418	0.9882418	0.9882418	0.9882418	0.9882418	0.9882418	0.02133997
15180	-54.29706	-54.69087	0.3938162	1.096694	1.096694	1.096694	1.096694	1.096694	1.096694	0.03231776
15190	-54.65772	-54.54057	-0.1171455	1.436787	1.436787	1.436787	1.436787	1.436787	1.436787	0.02810009
15200	-55.30852	-55.56711	0.2585868	0.3663015	0.3663015	0.3663015	0.3663015	0.3663015	0.3663015	0.02593393
15210	-54.87664	-56.15113	1.274489	0.5017863	0.5017863	0.5017863	0.5017863	0.5017863	0.5017863	0.0170093
15220	-56.28148	-54.45759	-1.823884	2.249696	2.249696	2.249696	2.249696	2.249696	2.249696	0.02760059
15230	-55.41247	-55.80129	0.3888239	0.8809038	0.8809038	0.8809038	0.8809038	0.8809038	0.8809038	0.04444038
15240	-56.5492	-54.84238	-1.706813	1.813654	1.813654	1.813654	1.813654	1.813654	1.813654	0.06216866
15250	-54.09689	-55.13677	1.039872	0.8338137	0.8338137	0.8338137	0.8338137	0.8338137	0.8338137	0.02432744
15260	-56.3856	-56.53973	0.1541362	0.4053643	0.4053643	0.4053643	0.4053643	0.4053643	0.4053643	0.0363987
15270	-54.51005	-54.79038	0.2803346	1.281746	1.281746	1.281746	1.281746	1.281746	1.281746	0.02576517
15280	-55.21499	-56.29595	1.080967	0.4318278	0.4318278	0.4318278	0.4318278	0.4318278	0.4318278	0.01633418
15290	-54.65723	-56.10512	1.447886	0.704386	0.704386	0.704386	0.704386	0.704386	0.704386	0.01741059
15300	-54.21064	-54.98442	0.7737797	0.867469	0.867469	0.867469	0.867469	0.867469	0.867469	0.03069125
15310	-54.75247	-55.2438	0.4913324	0.9132248	0.9132248	0.9132248	0.9132248	0.9132248	0.9132248	0.03860068
15320	-54.91305	-54.28659	-0.6264592	1.515423	1.515423	1.515423	1.515423	1.515423	1.515423	0.0397351
15330	-54.39463	-55.68328	1.288651	0.5940726	0.5940726	0.5940726	0.5940726	0.5940726	0.5940726	0.01959026
15340	-56.83301	-53.76086	-3.07215	2.610122	2.610122	2.610122	2.610122	2.610122	2.610122	0.04547174
15350	-54.11953	-55.1017	0.9821687	0.759745	0.759745	0.759745	0.759745	0.759745	0.759745	0.02721892
15360	-57.45155	-55.95123	-1.500316	1.633374	1.633374	1.633374	1.633374	1.633374	1.633374	0.07427662
15370	-55.32343	-55.00141	-0.3220202	1.623076	1.623076	1.623076	1.623076	1.623076	1.623076	0.02336691
15380	-54.34155	-54.81215	0.4706031	1.172938	1.172938	1.172938	1.172938	1.172938	1.172938	0.02615822
15390	-54.44811	-55.76661	1.318494	0.7907897	0.7907897	0.7907897	0.7907897	0.7907897	0.7907897	0.01907393
15400	-54.61538	-55.22215	0.6067646	0.8633404	0.8633404	0.8633404	0.8633404	0.8633404	0.8633404	0.03642992
15410	-58.56489	-58.42725	-0.1376416	0.3997485	0.3997485	0.3997485	0.3997485	0.3997485	0.3997485	0.0472976
15420	-54.74277	-54.6235	-0.1192683	1.459422	1.459422	1.459422	1.459422	1.459422	1.459422	0.02687779
15430	-56.8418	-54.88354	-1.958261	1.903566	1.903566	1.903566	1.903566	1.903566	1.903566	0.06594459
15440	-54.12476	-55.20487	1.08011	0.687848	0.687848	0.687848	0.687848	0.687848	0.687848	0.02518028
15450	-57.40247	-54.08194	-3.320527	2.564389	2.564389	2.564389	2.564389	2.564389	2.564389	0.06401992
15460	-57.32619	-53.76858	-3.557615	2.878874	2.878874	2.878874	2.878874	2.878874	2.878874	0.0429592
15470	-55.23026	-54.50113	-0.7291352	1.498065	1.498065	1.498065	1.498065	1.498065	1.498065	0.04565356
15480	-54.25888	-55.22504	0.9661691	0.6636519	0.6636519	0.6636519	0.6636519	0.6636519	0.6636519	0.02815017
15490	-54.93741	-54.42788	-0.509533	1.437409	1.437409	1.437409	1.437409	1.437409	1.437409	0.04154938
15500	-55.06116	-56.62298	1.561816	0.6591746	0.6591746	0.6591746	0.6591746	0.6591746	0.6591746	0.01550043
15510	-57.09277	-54.64632	-2.446454	2.118663	2.118663	2.118663	2.118663	2.118663	2.118663	0.0678868
15520	-55.68587	-54.62878	-1.05709	1.597487	1.597487	1.597487	1.597487	1.597487	1.597487	0.05144475
15530	-56.45232	-53.84425	-2.608069	2.35822	2.35822	2.35822	2.35822	2.35822	2.35822	0.0481404
15540	-59.08965	-54.0097	-5.079948	3.35923	3.35923	3.35923	3.35923	3.35923	3.35923	0.07754136
15550	-54.13394	-55.03776	0.903824	0.9325174	0.9325174	0.9325174	0.9325174	0.9325174	0.9325174	0.02493161
15560	-56.17354	-54.6163	-1.557249	1.785509	1.785509	1.785509	1.785509	1.785509	1.785509	0.05685496
15570	-59.99388	-56.01645	-3.97743	2.545709	2.545709	2.545709	2.545709	2.545709	2.545709	0.1283161
15580	-56.24047	-54.01529	-2.225179	2.148479	2.148479	2.148479	2.148479	2.148479	2.148479	0.05107238
15590	-54.21599	-54.75108	0.535089	1.049509	1.049509	1.049509	1.049509	1.049509	1.049509	0.03034646
15600	-54.92141	-55.48905	0.5676435	0.4193798	0.4193798	0.4193798	0.4193798	0.4193798	0.4193798	0.02580322
15610	-54.28495	-54.71023	0.4252804	1.080767	1.080767	1.080767	1.080767	1.080767	1.080767	0.03217114
15620	-55.77438	-56.33902	0.5646405	0.6541517	0.6541517	0.6541517	0.6541517	0.6541517	0.6541517	0.0419571
15630	-54.66477	-54.42602	-0.2387472	1.355613	1.355613	1.355613	1.355613	1.355613	1.355613	0.03741785
15640	-54.66857	-54.6736	0.005036438	1.405131	1.405131	1.405131	1.405131	1.405131	1.405131	0.02653093
15650	-54.68479	-54.32596	-0.358824	1.432856	1.432856	1.432856	1.432856	1.432856	1.432856	0.03607202
15660	-56.98737	-54.18675	-2.800627	2.661602	2.661602	2.661602	2.661602	2.661602	2.661602	0.0312043
15670	-54.08998	-55.04155	0.9515714	0.824562	0.824562	0.824562	0.824562	0.824562	0.824562	0.02679679
15680	-54.55988	-55.70744	1.147565	0.937083	0.937083	0.937083	0.937083	0.937083	0.937083	0.01942162
15690	-54.44996	-55.16874	0.7187844	1.112112	1.112112	1.112112	1.112112	1.112112	1.112112	0.02274085
15700	-54.20946	-55.42447	1.215005	0.6379733	0.6379733	0.6379733	0.6379733	0.6379733	0.6379733	0.02176012
15710	-54.2111	-54.916	0.7048992	1.046799	1.046799	1.046799	1.046799	1.046799	1.046799	0.0257191
15720	-54.16215	-55.13734	0.9751854	0.7283083	0.7283083	0.7283083	0.7283083	0.7283083	0.7283083	0.02777859
15730	-55.26265	-56.36156	1.098915	1.065035	1.065035	1.065035	1.065035	1.065035	1.065035	0.0168366
15740	-54.48696	-55.15771	0.67075	0.8482931	0.8482931	0.8482931	0.8482931	0.8482931	0.8482931	0.03470299
15750	-55.91669	-56.02796	0.1112653	0.9915158	0.9915158	0.9915158	0.9915158	0.9915158	0.9915158	0.05071857
15760	-54.28583	-55.44584	1.160007	0.5746006	0.5746006	0.5746006	0.5746006	0.5746006	0.5746006	0.02180252
15770	-55.41542	-54.2244	-1.191015	1.717881	1.717881	1.717881	1.717881	1.717881	1.717881	0.04554678
15780	-55.44121	-56.0225	0.5812956	0.5161352	0.5161352	0.5161352	0.5161352	0.5161352	0.5161352	0.03519281
15790	-56.27245	-57.83791	1.565468	0.927592	0.927592	0.927592	0.927592	0.927592	0.927592	0.01294746
15800	-55.61241	-54.21624	-1.39617	1.792593	1.792593	1.792593	1.792593	1.792593	1.792593	0.04766855
15810	-54.95984	-54.24368	-0.7161564	1.666786	1.666786	1.666786	1.666786	1.666786	1.666786	0.03158556
15820	-54.69802	-55.24143	0.5434134	0.88951	0.88951	0.88951	0.88951	0.88951	0.88951	0.03770218
15830	-54.79864	-54.24042	-0.5582157	1.565851	1.565851	1.565851	1.565851	1.565851	1.565851	0.033392
15840	-54.58318	-54.58246	-0.0007165775	1.235418	1.235418	1.235418	1.235418	1.235418	1.235418	0.03730536
15850	-54.30345	-54.73532	0.4318733	1.06528	1.06528	1.06528	1.06528	1.06528	1.06528	0.03279231
15860	-56.1661	-57.47514	1.309041	1.055761	1.055761	1.055761	1.055761	1.055761	1.055761	0.01385437
15870	-56.10831	-54.08047	-2.027846	2.056738	2.056738	2.056738	2.056738	2.056738	2.056738	0.05096067
15880	-56.50154	-53.99742	-2.504117	2.260568	2.260568	2.260568	2.260568	2.260568	2.260568	0.05325843
15890	-55.159	-54.56563	-0.5933674	1.438394	1.438394	1.438394	1.438394	1.438394	1.438394	0.04509157
15900	-57.85955	-54.14782	-3.711734	2.709617	2.709617	2.709617	2.709617	2.709617	2.709617	0.07040018
15910	-58.77215	-57.61291	-1.15924	1.399697	1.399697	1.399697	1.399697	1.399697	1.399697	0.08593946
15920	-54.29428	-55.22317	0.9288931	0.9857292	0.9857292	0.9857292	0.9857292	0.9857292	0.9857292	0.02258252
15930	-54.61258	-55.23655	0.6239696	0.8517401	0.8517401	0.8517401	0.8517401	0.8517401	0.8517401	0.03623986
15940	-55.4961	-54.72814	-0.7679625	1.477117	1.477117	1.477117	1.477117	1.477117	1.477117	0.04957083
15950	-55.2506	-55.22958	-0.02102671	1.508663	1.508663	1.508663	1.508663	1.508663	1.508663	0.02199691
15960	-55.81759	-53.9322	-1.885389	2.05556	2.05556	2.05556	2.05556	2.05556	2.05556	0.04430551
15970	-54.14608	-55.2672	1.121115	0.6562441	0.6562441	0.6562441	0.6562441	0.6562441	0.6562441	0.02406561
15980	-54.76819	-56.25179	1.483602	0.6633983	0.6633983	0.6633983	0.6633983	0.6633983	0.6633983	0.01677797
15990	-57.26384	-55.69015	-1.573687	1.681515	1.681515	1.681515	1.681515	1.681515	1.681515	0.07216108
16000	-54.30804	-55.23277	0.9247275	0.9914769	0.9914769	0.9914769	0.9914769	0.9914769	0.9914769	0.02248588
16010	-55.14245	-55.16113	0.01867763	1.123876	1.123876	1.123876	1.123876	1.123876	1.123876	0.04487101
16020	-56.33779	-56.57645	0.2386583	0.8776158	0.8776158	0.8776158	0.8776158	0.8776158	0.8776158	0.05183153
16030	-54.46747	-54.65827	0.1908026	1.295912	1.295912	1.295912	1.295912	1.295912	1.295912	0.02741012
16040	-54.68478	-54.88382	0.1990352	1.09748	1.09748	1.09748	1.09748	1.09748	1.09748	0.03921495
16050	-54.1646	-54.84898	0.6843773	1.020496	1.020496	1.020496	1.020496	1.020496	1.020496	0.02736563
16060	-55.16657	-54.34693	-0.819647	1.751721	1.751721	1.751721	1.751721	1.751721	1.751721	0.02922806
16070	-55.0088	-56.47049	1.461685	0.562307	0.562307	0.562307	0.562307	0.562307	0.562307	0.01586191
16080	-55.55132	-54.67944	-0.8718814	1.522106	1.522106	1.522106	1.522106	1.522106	1.522106	0.05008399
16090	-55.55589	-54.526	-1.029891	1.888204	1.888204	1.888204	1.888204	1.888204	1.888204	0.02693248
16100	-55.23241	-54.03386	-1.198557	1.815875	1.815875	1.815875	1.815875	1.815875	1.815875	0.03721983
16110	-55.15512	-55.75092	0.5958044	0.480154	0.480154	0.480154	0.480154	0.480154	0.480154	0.03159852
16120	-54.45761	-55.04813	0.5905179	0.9115971	0.9115971	0.9115971	0.9115971	0.9115971	0.9115971	0.03502655
16130	-54.70244	-55.50847	0.8060255	0.6076593	0.6076593	0.6076593	0.6076593	0.6076593	0.6076593	0.03213093
16140	-58.61975	-56.58578	-2.033972	1.7811	1.7811	1.7811	1.7811	1.7811	1.7811	0.09244881
16150	-54.58389	-54.62023	0.03633213	1.213147	1.213147	1.213147	1.213147	1.213147	1.213147	0.03749084
16160	-55.04351	-54.50775	-0.5357576	1.428852	1.428852	1.428852	1.428852	1.428852	1.428852	0.04340862
16170	-55.00528	-54.86721	-0.1380751	1.22492	1.22492	1.22492	1.22492	1.22492	1.22492	0.04365714
16180	-56.42726	-54.01885	-2.408402	2.217599	2.217599	2.217599	2.217599	2.217599	2.217599	0.05298986
16190	-54.77233	-55.10964	0.3373099	1.003109	1.003109	1.003109	1.003109	1.003109	1.003109	0.03976301
16200	-57.31781	-54.91912	-2.398687	2.065815	2.065815	2.065815	2.065815	2.065815	2.065815	0.07242488
16210	-54.74708	-54.25791	-0.4891698	1.524437	1.524437	1.524437	1.524437	1.524437	1.524437	0.03399179
16220	-58.67155	-54.47122	-4.200335	2.846762	2.846762	2.846762	2.846762	2.846762	2.846762	0.08709414
16230	-55.74462	-56.05419	0.3095673	0.8926181	0.8926181	0.8926181	0.8926181	0.8926181	0.8926181	0.04746255
16240	-55.45338	-57.0641	1.610714	0.5929873	0.5929873	0.5929873	0.5929873	0.5929873	0.5929873	0.01418091
16250	-54.39152	-55.3149	0.9233817	0.6103803	0.6103803	0.6103803	0.6103803	0.6103803	0.6103803	0.02863483
16260	-56.7416	-54.42443	-2.317171	2.101485	2.101485	2.101485	2.101485	2.101485	2.101485	0.06187311
16270	-54.8465	-55.07881	0.2323103	1.050626	1.050626	1.050626	1.050626	1.050626	1.050626	0.0410034
16280	-54.52784	-55.80538	1.277541	0.8495267	0.8495267	0.8495267	0.8495267	0.8495267	0.8495267	0.0188933
16290	-54.42483	-54.77752	0.3526875	1.069838	1.069838	1.069838	1.069838	1.069838	1.069838	0.03522865
16300	-57.98031	-55.19316	-2.787147	2.797248	2.797248	2.797248	2.797248	2.797248	2.797248	0.02340457
16310	-54.78733	-55.83555	1.04822	0.4567948	0.4567948	0.4567948	0.4567948	0.4567948	0.4567948	0.01861883
16320	-54.35651	-54.56354	0.2070332	1.212977	1.212977	1.212977	1.212977	1.212977	1.212977	0.03161762
16330	-55.01277	-55.70284	0.6900643	0.5267541	0.5267541	0.5267541	0.5267541	0.5267541	0.5267541	0.03228404
16340	-55.1141	-55.15699	0.04289402	1.468345	1.468345	1.468345	1.468345	1.468345	1.468345	0.02243683
16350	-56.43003	-54.2058	-2.224228	2.103959	2.103959	2.103959	2.103959	2.103959	2.103959	0.05608568
16360	-55.31587	-54.07671	-1.239163	1.880862	1.880862	1.880862	1.880862	1.880862	1.880862	0.03372784
16370	-57.93521	-56.60632	-1.32889	1.523258	1.523258	1.523258	1.523258	1.523258	1.523258	0.07890962
16380	-54.8959	-56.40505	1.509153	0.7259586	0.7259586	0.7259586	0.7259586	0.7259586	0.7259586	0.01629775
16390	-54.44054	-54.48164	0.04109691	1.2972	1.2972	1.2972	1.2972	1.2972	1.2972	0.03175646
16400	-55.71937	-56.08742	0.3680467	0.8572821	0.8572821	0.8572821	0.8572821	0.8572821	0.8572821	0.04654562
16410	-54.28709	-54.67496	0.3878727	1.109255	1.109255	1.109255	1.109255	1.109255	1.109255	0.03181739
16420	-54.89797	-55.86194	0.9639703	1.0815	1.0815	1.0815	1.0815	1.0815	1.0815	0.01874919
16430	-56.83694	-56.61431	-0.2226317	1.091657	1.091657	1.091657	1.091657	1.091657	1.091657	0.06037815
16440	-54.14644	-55.33494	1.188498	0.6880556	0.6880556	0.6880556	0.6880556	0.6880556	0.6880556	0.0225937
16450	-54.51015	-54.87204	0.3618915	1.041141	1.041141	1.041141	1.041141	1.041141	1.041141	0.03657277
16460	-55.00086	-55.5398	0.5389471	0.8379815	0.8379815	0.8379815	0.8379815	0.8379815	0.8379815	0.03998987
16470	-54.63131	-55.40455	0.7732411	0.7165796	0.7165796	0.7165796	0.7165796	0.7165796	0.7165796	0.03410512
16480	-55.92479	-55.23347	-0.6913233	1.390393	1.390393	1.390393	1.390393	1.390393	1.390393	0.05485044
16490	-55.23684	-54.66204	-0.574794	1.41593	1.41593	1.41593	1.41593	1.41593	1.41593	0.04634552
16500	-54.637	-54.99288	0.3558832	1.017057	1.017057	1.017057	1.017057	1.017057	1.017057	0.03821002
16510	-55.71746	-55.72731	0.009848181	1.064814	1.064814	1.064814	1.064814	1.064814	1.064814	0.05004818
16520	-58.2422	-54.63361	-3.608589	2.574959	2.574959	2.574959	2.574959	2.574959	2.574959	0.08355946
16530	-55.42192	-55.81866	0.3967334	0.3418104	0.3418104	0.3418104	0.3418104	0.3418104	0.3418104	0.01879586
16540	-55.58333	-56.18933	0.6059978	0.6171954	0.6171954	0.6171954	0.6171954	0.6171954	0.6171954	0.03952889
16550	-54.51308	-55.1005	0.5874217	0.899922	0.899922	0.899922	0.899922	0.899922	0.899922	0.03563873
16560	-55.32338	-54.10674	-1.216643	1.881755	1.881755	1.881755	1.881755	1.881755	1.881755	0.03291378
16570	-54.40524	-54.73599	0.3307429	1.089825	1.089825	1.089825	1.089825	1.089825	1.089825	0.03482571
16580	-55.47717	-54.93603	-0.5411378	1.366141	1.366141	1.366141	1.366141	1.366141	1.366141	0.04957066
16590	-55.15469	-55.77301	0.6183166	0.4951005	0.4951005	0.4951005	0.4951005	0.4951005	0.4951005	0.03222345
16600	-54.27949	-55.39163	1.112134	0.886731	0.886731	0.886731	0.886731	0.886731	0.886731	0.02141744
16610	-54.79163	-55.31166	0.5200267	0.8874675	0.8874675	0.8874675	0.8874675	0.8874675	0.8874675	0.03868553
16620	-55.97747	-54.01732	-1.960153	2.048884	2.048884	2.048884	2.048884	2.048884	2.048884	0.04842938
16630	-56.58425	-53.81161	-2.77264	2.440347	2.440347	2.440347	2.440347	2.440347	2.440347	0.04782378
16640	-56.58282	-54.31222	-2.270601	2.435099	2.435099	2.435099	2.435099	2.435099	2.435099	0.02926485
16650	-60.27516	-57.00074	-3.274418	2.193354	2.193354	2.193354	2.193354	2.193354	2.193354	0.1326066
16660	-64.27103	-56.43827	-7.832761	3.605668	3.605668	3.605668	3.605668	3.605668	3.605668	0.7683716
16670	-64.60579	-55.43549	-9.170295	5.152249	5.152249	5.152249	5.152249	5.152249	5.152249	0.2128493
16680	-58.65344	-56.54233	-2.111117	1.812034	1.812034	1.812034	1.812034	1.812034	1.812034	0.0934683
16690	-55.77962	-54.10166	-1.677965	2.110258	2.110258	2.110258	2.110258	2.110258	2.110258	0.03204754
16700	-56.5637	-54.33791	-2.225782	2.080498	2.080498	2.080498	2.080498	2.080498	2.080498	0.0590489
16710	-54.78901	-54.84943	0.06042567	1.15468	1.15468	1.15468	1.15468	1.15468	1.15468	0.04074733
16720	-54.6097	-56.031	1.421306	0.6340279	0.6340279	0.6340279	0.6340279	0.6340279	0.6340279	0.01766974
16730	-54.6931	-54.58073	-0.1123756	1.270492	1.270492	1.270492	1.270492	1.270492	1.270492	0.039
16740	-55.42599	-54.85507	-0.5709181	1.721096	1.721096	1.721096	1.721096	1.721096	1.721096	0.02433182
16750	-54.77856	-54.72362	-0.05493499	1.447517	1.447517	1.447517	1.447517	1.447517	1.447517	0.0258292
16760	-55.41156	-55.48538	0.07381772	1.06275	1.06275	1.06275	1.06275	1.06275	1.06275	0.04710627
16770	-57.99708	-56.54336	-1.453722	2.290122	2.290122	2.290122	2.290122	2.290122	2.290122	0.01750634
16780	-54.70309	-55.50838	0.8052857	0.5810916	0.5810916	0.5810916	0.5810916	0.5810916	0.5810916	0.0313289
16790	-54.28203	-55.26123	0.9792026	0.9584992	0.9584992	0.9584992	0.9584992	0.9584992	0.9584992	0.02232498
16800	-56.80709	-54.40908	-2.398015	2.135045	2.135045	2.135045	2.135045	2.135045	2.135045	0.06246452
16810	-55.55886	-55.19514	-0.3637255	1.6669	1.6669	1.6669	1.6669	1.6669	1.6669	0.02219855
16820	-55.50347	-54.1639	-1.339573	1.785151	1.785151	1.785151	1.785151	1.785151	1.785151	0.04576831
16830	-54.24103	-54.96201	0.7209823	0.8923968	0.8923968	0.8923968	0.8923968	0.8923968	0.8923968	0.03146215
16840	-55.8857	-54.19014	-1.695555	2.140274	2.140274	2.140274	2.140274	2.140274	2.140274	0.03060107
16850	-54.47488	-54.65698	0.1820927	1.300739	1.300739	1.300739	1.300739	1.300739	1.300739	0.02738958
16860	-54.45368	-54.84596	0.3922806	1.037331	1.037331	1.037331	1.037331	1.037331	1.037331	0.03569387
16870	-54.40984	-54.70414	0.2943019	1.111158	1.111158	1.111158	1.111158	1.111158	1.111158	0.03482365
16880	-54.23075	-55.20068	0.969926	0.9465425	0.9465425	0.9465425	0.9465425	0.9465425	0.9465425	0.0229053
16890	-54.39996	-55.34854	0.9485801	1.003402	1.003402	1.003402	1.003402	1.003402	1.003402	0.0215683
16900	-54.81409	-54.4659	-0.3481845	1.375443	1.375443	1.375443	1.375443	1.375443	1.375443	0.04011323
16910	-54.16133	-54.92011	0.7587775	1.001579	1.001579	1.001579	1.001579	1.001579	1.001579	0.026148
16920	-55.38249	-55.84522	0.4627275	0.8343431	0.8343431	0.8343431	0.8343431	0.8343431	0.8343431	0.04330457
16930	-54.16503	-54.82129	0.6562509	1.018181	1.018181	1.018181	1.018181	1.018181	1.018181	0.02824723
16940	-55.26767	-54.13293	-1.13474	1.725795	1.725795	1.725795	1.725795	1.725795	1.725795	0.04233359
16950	-54.3193	-54.69351	0.374209	1.097603	1.097603	1.097603	1.097603	1.097603	1.097603	0.03290662
16960	-55.16039	-54.56668	-0.5937072	1.438331	1.438331	1.438331	1.438331	1.438331	1.438331	0.04511266
16970	-54.35212	-54.64786	0.2957313	1.135628	1.135628	1.135628	1.135628	1.135628	1.135628	0.03331675
16980	-54.60784	-54.62738	0.01953567	1.385539	1.385539	1.385539	1.385539	1.385539	1.385539	0.02721
16990	-54.54924	-55.56344	1.014198	1.003139	1.003139	1.003139	1.003139	1.003139	1.003139	0.02020648
17000	-54.20256	-54.85849	0.655935	1.056954	1.056954	1.056954	1.056954	1.056954	1.056954	0.0265695
17010	-56.95299	-54.1389	-2.814085	2.658092	2.658092	2.658092	2.658092	2.658092	2.658092	0.03185381
17020	-54.68146	-56.13604	1.454579	0.7077529	0.7077529	0.7077529	0.7077529	0.7077529	0.7077529	0.01728556
17030	-54.86161	-55.21455	0.3529392	1.321683	1.321683	1.321683	1.321683	1.321683	1.321683	0.02215463
17040	-56.02521	-55.05466	-0.9705515	1.514093	1.514093	1.514093	1.514093	1.514093	1.514093	0.05621051
17050	-56.94887	-53.78675	-3.162114	2.608985	2.608985	2.608985	2.608985	2.608985	2.608985	0.04986805
17060	-56.42296	-55.21744	-1.205513	1.58602	1.58602	1.58602	1.58602	1.58602	1.58602	0.06113787
17070	-54.77142	-55.28855	0.5171344	0.8930482	0.8930482	0.8930482	0.8930482	0.8930482	0.8930482	0.03854667
17080	-54.71142	-54.29953	-0.4118853	1.45982	1.45982	1.45982	1.45982	1.45982	1.45982	0.03598475
17090	-55.07911	-55.74884	0.6697327	0.5230508	0.5230508	0.5230508	0.5230508	0.5230508	0.5230508	0.03269747
17100	-54.90995	-55.46564	0.5556923	1.252122	1.252122	1.252122	1.252122	1.252122	1.252122	0.02071511
17110	-54.4417	-55.03309	0.5913838	0.9151718	0.9151718	0.9151718	0.9151718	0.9151718	0.9151718	0.03484076
17120	-55.09677	-54.63857	-0.458199	1.63334	1.63334	1.63334	1.63334	1.63334	1.63334	0.02619977
17130	-56.72009	-55.49424	-1.225844	1.568345	1.568345	1.568345	1.568345	1.568345	1.568345	0.06476058
17140	-54.41135	-55.27094	0.8595907	0.7043334	0.7043334	0.7043334	0.7043334	0.7043334	0.7043334	0.03135523
17150	-54.3565	-54.73891	0.3824122	1.204042	1.204042	1.204042	1.204042	1.204042	1.204042	0.02697812
17160	-54.2907	-55.57904	1.288337	0.6483797	0.6483797	0.6483797	0.6483797	0.6483797	0.6483797	0.02030855
17170	-55.14218	-55.03832	-0.1038558	1.52348	1.52348	1.52348	1.52348	1.52348	1.52348	0.02316875
17180	-55.30546	-54.08459	-1.220861	1.874629	1.874629	1.874629	1.874629	1.874629	1.874629	0.03356109
17190	-55.87644	-54.04865	-1.827787	1.991175	1.991175	1.991175	1.991175	1.991175	1.991175	0.0479873
17200	-57.22624	-55.84441	-1.381821	1.597733	1.597733	1.597733	1.597733	1.597733	1.597733	0.07114492
17210	-54.6043	-54.43931	-0.1649822	1.3318	1.3318	1.3318	1.3318	1.3318	1.3318	0.03644872
17220	-54.12301	-55.10156	0.978556	0.7592657	0.7592657	0.7592657	0.7592657	0.7592657	0.7592657	0.02732432
17230	-55.55815	-56.76579	1.207637	1.045731	1.045731	1.045731	1.045731	1.045731	1.045731	0.01558348
17240	-54.18803	-55.04305	0.8550189	0.9813336	0.9813336	0.9813336	0.9813336	0.9813336	0.9813336	0.02447023
17250	-54.96124	-54.65401	-0.3072358	1.321333	1.321333	1.321333	1.321333	1.321333	1.321333	0.0429018
17260	-56.74145	-53.92498	-2.816466	2.405392	2.405392	2.405392	2.405392	2.405392	2.405392	0.05373462
17270	-57.23091	-56.37097	-0.8599408	1.363007	1.363007	1.363007	1.363007	1.363007	1.363007	0.0686144
17280	-54.18995	-54.92429	0.734341	0.9084905	0.9084905	0.9084905	0.9084905	0.9084905	0.9084905	0.03045093
17290	-55.02621	-54.12243	-0.9037799	1.706555	1.706555	1.706555	1.706555	1.706555	1.706555	0.03501079
17300	-54.31237	-55.43167	1.1193	0.8929409	0.8929409	0.8929409	0.8929409	0.8929409	0.8929409	0.02111175
17310	-54.55267	-55.31826	0.7655871	0.751214	0.751214	0.751214	0.751214	0.751214	0.751214	0.03394583
17320	-54.93447	-56.26599	1.33152	0.8972761	0.8972761	0.8972761	0.8972761	0.8972761	0.8972761	0.01698775
17330	-54.38805	-54.94872	0.5606702	0.9501861	0.9501861	0.9501861	0.9501861	0.9501861	0.9501861	0.03431821
17340	-56.56575	-56.56949	0.003747372	0.2822749	0.2822749	0.2822749	0.2822749	0.2822749	0.2822749	0.01516021
17350	-54.52387	-55.38619	0.8623292	0.5224843	0.5224843	0.5224843	0.5224843	0.5224843	0.5224843	0.02693739
17360	-55.72953	-56.02705	0.2975154	0.9018197	0.9018197	0.9018197	0.9018197	0.9018197	0.9018197	0.04751565
17370	-54.85787	-54.19641	-0.6614606	1.597205	1.597205	1.597205	1.597205	1.597205	1.597205	0.03465607
17380	-54.26846	-55.34734	1.078873	0.571378	0.571378	0.571378	0.571378	0.571378	0.571378	0.02354862
17390	-54.20702	-55.03831	0.8312894	0.8245056	0.8245056	0.8245056	0.8245056	0.8245056	0.8245056	0.03022332
17400	-54.13163	-54.93994	0.8083172	0.9633436	0.9633436	0.9633436	0.9633436	0.9633436	0.9633436	0.02630695
17410	-54.43871	-55.3417	0.9029877	1.032575	1.032575	1.032575	1.032575	1.032575	1.032575	0.02158061
17420	-56.01954	-55.74852	-0.271023	1.179069	1.179069	1.179069	1.179069	1.179069	1.179069	0.05430347
17430	-54.6073	-55.6106	1.003306	1.018835	1.018835	1.018835	1.018835	1.018835	1.018835	0.01994403
17440	-55.12209	-55.48577	0.363682	0.934749	0.934749	0.934749	0.934749	0.934749	0.934749	0.04266375
17450	-56.52345	-54.61095	-1.912493	2.313728	2.313728	2.313728	2.313728	2.313728	2.313728	0.0263575
17460	-54.26629	-54.67254	0.406246	1.116975	1.116975	1.116975	1.116975	1.116975	1.116975	0.03082312
17470	-55.2326	-55.21596	-0.01663909	1.131015	1.131015	1.131015	1.131015	1.131015	1.131015	0.04590498
17480	-56.35465	-54.25542	-2.099229	2.344219	2.344219	2.344219	2.344219	2.344219	2.344219	0.02980204
17490	-55.1532	-54.33153	-0.8216647	1.74897	1.74897	1.74897	1.74897	1.74897	1.74897	0.02945969
17500	-55.25672	-54.23984	-1.016881	1.654062	1.654062	1.654062	1.654062	1.654062	1.654062	0.04383631
17510	-54.20737	-55.42143	1.214056	0.7763487	0.7763487	0.7763487	0.7763487	0.7763487	0.7763487	0.0213793
17520	-54.62801	-54.80587	0.1778619	1.342024	1.342024	1.342024	1.342024	1.342024	1.342024	0.02534824
17530	-54.90269	-54.17849	-0.7241962	1.629838	1.629838	1.629838	1.629838	1.629838	1.629838	0.03443831
17540	-55.73405	-56.16772	0.4336633	0.8082429	0.8082429	0.8082429	0.8082429	0.8082429	0.8082429	0.04560198
17550	-54.3071	-55.58336	1.27626	0.7697488	0.7697488	0.7697488	0.7697488	0.7697488	0.7697488	0.02017076
17560	-55.2266	-56.43726	1.210652	1.006279	1.006279	1.006279	1.006279	1.006279	1.006279	0.01652382
17570	-54.28503	-55.23388	0.9488446	0.6656053	0.6656053	0.6656053	0.6656053	0.6656053	0.6656053	0.0286534
17580	-55.04194	-54.13954	-0.9023966	1.657996	1.657996	1.657996	1.657996	1.657996	1.657996	0.03876904
17590	-55.01066	-54.79792	-0.2127374	1.263146	1.263146	1.263146	1.263146	1.263146	1.263146	0.04373325
17600	-55.47535	-53.95849	-1.516866	1.946683	1.946683	1.946683	1.946683	1.946683	1.946683	0.03867321
17610	-55.29627	-54.49786	-0.7984126	1.772855	1.772855	1.772855	1.772855	1.772855	1.772855	0.02735027
17620	-56.08771	-56.60888	0.5211681	0.5948507	0.5948507	0.5948507	0.5948507	0.5948507	0.5948507	0.0422361
17630	-55.81435	-53.88076	-1.933597	2.117324	2.117324	2.117324	2.117324	2.117324	2.117324	0.04076526
17640	-54.3472	-55.59171	1.24451	0.8188926	0.8188926	0.8188926	0.8188926	0.8188926	0.8188926	0.02009104
17650	-54.75421	-54.58086	-0.1733487	1.2903	1.2903	1.2903	1.2903	1.2903	1.2903	0.03988646
17660	-54.85434	-54.63366	-0.2206858	1.294924	1.294924	1.294924	1.294924	1.294924	1.294924	0.04144364
17670	-54.75014	-55.99335	1.243213	0.9188131	0.9188131	0.9188131	0.9188131	0.9188131	0.9188131	0.01807227
17680	-54.34252	-54.76699	0.4244681	1.186932	1.186932	1.186932	1.186932	1.186932	1.186932	0.02669989
17690	-55.52088	-54.71671	-0.8041695	1.811363	1.811363	1.811363	1.811363	1.811363	1.811363	0.02533309
17700	-54.92047	-56.1112	1.190735	0.9753454	0.9753454	0.9753454	0.9753454	0.9753454	0.9753454	0.01764383
17710	-54.25255	-54.85218	0.5996285	0.9733643	0.9733643	0.9733643	0.9733643	0.9733643	0.9733643	0.03195508
17720	-55.41311	-54.67677	-0.7363416	1.773309	1.773309	1.773309	1.773309	1.773309	1.773309	0.02567929
17730	-55.09377	-54.63564	-0.4581243	1.378169	1.378169	1.378169	1.378169	1.378169	1.378169	0.04452913
17740	-56.43632	-53.94856	-2.487758	2.454772	2.454772	2.454772	2.454772	2.454772	2.454772	0.03490741
17750	-54.91231	-55.65348	0.7411725	0.5669511	0.5669511	0.5669511	0.5669511	0.5669511	0.5669511	0.03281549
17760	-54.33108	-55.59259	1.261518	0.6011298	0.6011298	0.6011298	0.6011298	0.6011298	0.6011298	0.0202625
17770	-54.17827	-55.38938	1.211113	0.6653729	0.6653729	0.6653729	0.6653729	0.6653729	0.6653729	0.02204219
17780	-55.35247	-54.00213	-1.350343	1.86054	1.86054	1.86054	1.86054	1.86054	1.86054	0.03937043
17790	-60.75398	-53.99458	-6.759403	4.338108	4.338108	4.338108	4.338108	4.338108	4.338108	0.07198209
17800	-57.92773	-54.25953	-3.668206	2.666697	2.666697	2.666697	2.666697	2.666697	2.666697	0.07353569
17810	-54.2546	-55.53511	1.280507	0.6838032	0.6838032	0.6838032	0.6838032	0.6838032	0.6838032	0.02060663
17820	-56.3214	-54.62447	-1.696928	1.836923	1.836923	1.836923	1.836923	1.836923	1.836923	0.05856633
17830	-56.67164	-58.21729	1.545643	0.978578	0.978578	0.978578	0.978578	0.978578	0.978578	0.01231507
17840	-55.21513	-55.01146	-0.2036774	1.229384	1.229384	1.229384	1.229384	1.229384	1.229384	0.04622562
17850	-54.40119	-55.42453	1.023346	0.9678903	0.9678903	0.9678903	0.9678903	0.9678903	0.9678903	0.0210816
17860	-54.58176	-54.42049	-0.1612741	1.415851	1.415851	1.415851	1.415851	1.415851	1.415851	0.03065413
17870	-54.70822	-55.31735	0.6091209	0.8417884	0.8417884	0.8417884	0.8417884	0.8417884	0.8417884	0.03714455
17880	-54.50465	-55.22664	0.7219876	0.8040869	0.8040869	0.8040869	0.8040869	0.8040869	0.8040869	0.03429215
17890	-56.50517	-56.93226	0.4270902	0.7021008	0.7021008	0.7021008	0.7021008	0.7021008	0.7021008	0.04833581
17900	-55.40379	-55.95431	0.550526	0.4882239	0.4882239	0.4882239	0.4882239	0.4882239	0.4882239	0.0338434
17910	-54.1098	-55.03918	0.9293825	0.8137733	0.8137733	0.8137733	0.8137733	0.8137733	0.8137733	0.02765253
17920	-54.76162	-54.3364	-0.4252275	1.539546	1.539546	1.539546	1.539546	1.539546	1.539546	0.03089381
17930	-55.69413	-56.09686	0.4027241	0.8362448	0.8362448	0.8362448	0.8362448	0.8362448	0.8362448	0.04590094
17940	-54.08152	-55.07595	0.994432	0.8276309	0.8276309	0.8276309	0.8276309	0.8276309	0.8276309	0.02560244
17950	-54.17876	-55.12998	0.9512225	0.7378256	0.7378256	0.7378256	0.7378256	0.7378256	0.7378256	0.0283572
17960	-54.66464	-55.21011	0.5454674	0.8947588	0.8947588	0.8947588	0.8947588	0.8947588	0.8947588	0.03739454
17970	-54.24482	-55.4996	1.254786	0.7538958	0.7538958	0.7538958	0.7538958	0.7538958	0.7538958	0.02078587
17980	-54.11417	-55.26636	1.152194	0.7380249	0.7380249	0.7380249	0.7380249	0.7380249	0.7380249	0.02319258
17990	-54.08376	-55.08783	1.004069	0.8327119	0.8327119	0.8327119	0.8327119	0.8327119	0.8327119	0.02523992
18000	-54.94106	-54.85935	-0.0817088	1.485679	1.485679	1.485679	1.485679	1.485679	1.485679	0.02451765
18010	-54.33019	-55.21913	0.8889466	0.7112113	0.7112113	0.7112113	0.7112113	0.7112113	0.7112113	0.03041343
18020	-54.46388	-55.27827	0.8143867	0.7327852	0.7327852	0.7327852	0.7327852	0.7327852	0.7327852	0.03257576
18030	-54.17604	-54.84415	0.6681015	1.03461	1.03461	1.03461	1.03461	1.03461	1.03461	0.02720682
18040	-55.69326	-54.76018	-0.93308	1.534042	1.534042	1.534042	1.534042	1.534042	1.534042	0.05193203
18050	-55.91605	-53.96724	-1.948802	2.061758	2.061758	2.061758	2.061758	2.061758	2.061758	0.04658644
18060	-55.57125	-53.95577	-1.615478	1.959454	1.959454	1.959454	1.959454	1.959454	1.959454	0.04153111
18070	-54.16848	-55.3842	1.215716	0.6921173	0.6921173	0.6921173	0.6921173	0.6921173	0.6921173	0.02198496
18080	-54.24045	-55.11465	0.8742076	0.9933927	0.9933927	0.9933927	0.9933927	0.9933927	0.9933927	0.02358405
18090	-54.18051	-55.03112	0.8506091	0.8235848	0.8235848	0.8235848	0.8235848	0.8235848	0.8235848	0.02966907
18100	-57.52636	-55.07212	-2.454231	2.0692	2.0692	2.0692	2.0692	2.0692	2.0692	0.07601127
18110	-57.01449	-55.02747	-1.987013	1.898297	1.898297	1.898297	1.898297	1.898297	1.898297	0.06863807
18120	-55.44015	-54.01864	-1.421502	1.864225	1.864225	1.864225	1.864225	1.864225	1.864225	0.04194185
18130	-55.3811	-54.36747	-1.013632	1.851285	1.851285	1.851285	1.851285	1.851285	1.851285	0.02867762
18140	-54.34198	-55.56414	1.222163	0.8345458	0.8345458	0.8345458	0.8345458	0.8345458	0.8345458	0.02025971
18150	-54.10553	-55.15572	1.05019	0.7267987	0.7267987	0.7267987	0.7267987	0.7267987	0.7267987	0.02578347
18160	-54.22276	-54.72566	0.5029045	1.087275	1.087275	1.087275	1.087275	1.087275	1.087275	0.02944439
18170	-55.48895	-57.07303	1.584082	0.5666771	0.5666771	0.5666771	0.5666771	0.5666771	0.5666771	0.01412037
18180	-54.7948	-56.06832	1.273527	0.5105395	0.5105395	0.5105395	0.5105395	0.5105395	0.5105395	0.01738983
18190	-54.36798	-54.6007	0.2327164	1.241594	1.241594	1.241594	1.241594	1.241594	1.241594	0.02919385
18200	-54.19565	-55.23519	1.039543	0.8974565	0.8974565	0.8974565	0.8974565	0.8974565	0.8974565	0.02274294
18210	-54.53055	-55.10277	0.5722213	0.90592	0.90592	0.90592	0.90592	0.90592	0.90592	0.03592317
18220	-54.86473	-54.90625	0.04152646	1.431751	1.431751	1.431751	1.431751	1.431751	1.431751	0.02422612
18230	-54.65623	-54.38601	-0.2702182	1.380842	1.380842	1.380842	1.380842	1.380842	1.380842	0.03670228
18240	-54.74074	-54.47996	-0.2607775	1.344171	1.344171	1.344171	1.344171	1.344171	1.344171	0.03913686
18250	-55.97433	-53.85094	-2.123389	2.206558	2.206558	2.206558	2.206558	2.206558	2.206558	0.04078952
18260	-55.50974	-53.98651	-1.523231	1.988153	1.988153	1.988153	1.988153	1.988153	1.988153	0.03561761
18270	-55.11123	-54.16613	-0.9451056	1.655045	1.655045	1.655045	1.655045	1.655045	1.655045	0.04071511
18280	-57.73916	-57.16806	-0.5710969	1.199704	1.199704	1.199704	1.199704	1.199704	1.199704	0.07056993
18290	-54.90358	-54.43541	-0.4681669	1.595483	1.595483	1.595483	1.595483	1.595483	1.595483	0.028669
18300	-55.04577	-54.24291	-0.8028581	1.583566	1.583566	1.583566	1.583566	1.583566	1.583566	0.04108533
18310	-55.76052	-55.71931	-0.04120411	1.087204	1.087204	1.087204	1.087204	1.087204	1.087204	0.05074082
18320	-54.53846	-54.73439	0.1959249	1.131786	1.131786	1.131786	1.131786	1.131786	1.131786	0.03706419
18330	-54.39788	-54.58819	0.1903139	1.186076	1.186076	1.186076	1.186076	1.186076	1.186076	0.03379761
18340	-54.41075	-55.76109	1.350339	0.7281881	0.7281881	0.7281881	0.7281881	0.7281881	0.7281881	0.01908972
18350	-55.0388	-54.61443	-0.4243729	1.36984	1.36984	1.36984	1.36984	1.36984	1.36984	0.04378058
18360	-54.88238	-55.16732	0.2849371	1.015354	1.015354	1.015354	1.015354	1.015354	1.015354	0.04112697
18370	-54.54123	-54.99511	0.4538783	1.230219	1.230219	1.230219	1.230219	1.230219	1.230219	0.02391242
18380	-56.77877	-54.38562	-2.393146	2.136964	2.136964	2.136964	2.136964	2.136964	2.136964	0.06190827
18390	-54.11613	-55.14962	1.033492	0.7240403	0.7240403	0.7240403	0.7240403	0.7240403	0.7240403	0.02623915
18400	-54.4078	-54.8888	0.4809934	1.189676	1.189676	1.189676	1.189676	1.189676	1.189676	0.02510524
18410	-54.70026	-55.41784	0.7175826	0.75422	0.75422	0.75422	0.75422	0.75422	0.75422	0.03556343
18420	-55.03749	-55.54959	0.5121002	0.8510737	0.8510737	0.8510737	0.8510737	0.8510737	0.8510737	0.04055663
18430	-54.44615	-54.86357	0.4174172	1.024031	1.024031	1.024031	1.024031	1.024031	1.024031	0.03554351
18440	-55.42982	-54.10696	-1.322859	1.936536	1.936536	1.936536	1.936536	1.936536	1.936536	0.03255234
18450	-54.80229	-56.29081	1.488512	0.645989	0.645989	0.645989	0.645989	0.645989	0.645989	0.01660957
18460	-54.38915	-55.144	0.7548513	1.084135	1.084135	1.084135	1.084135	1.084135	1.084135	0.02300806
18470	-63.18849	-56.09585	-7.092643	3.691628	3.691628	3.691628	3.691628	3.691628	3.691628	0.3131989
18480	-64.74628	-55.98354	-8.762744	4.109449	4.109449	4.109449	4.109449	4.109449	4.109449	0.7907331
18490	-66.37162	-57.97019	-8.401433	2.841233	2.841233	2.841233	2.841233	2.841233	2.841233	5.878938
18500	-65.63268	-56.36618	-9.266494	3.66999	3.66999	3.66999	3.66999	3.66999	3.66999	2.864505
18510	-60.06265	-53.90207	-6.160573	4.112303	4.112303	4.112303	4.112303	4.112303	4.112303	0.05831286
18520	-60.02657	-62.10905	2.082483	0.9305886	0.9305886	0.9305886	0.9305886	0.9305886	0.9305886	0.00769058
18530	-55.03541	-54.11831	-0.9170993	1.712004	1.712004	1.712004	1.712004	1.712004	1.712004	0.03507043
18540	-58.61092	-53.82594	-4.784981	3.478994	3.478994	3.478994	3.478994	3.478994	3.478994	0.04611102
18550	-56.50281	-54.89322	-1.609589	2.209158	2.209158	2.209158	2.209158	2.209158	2.209158	0.02426727
18560	-55.31122	-56.80594	1.494719	0.8484574	0.8484574	0.8484574	0.8484574	0.8484574	0.8484574	0.01522127
18570	-54.65287	-55.43007	0.7771992	0.7036774	0.7036774	0.7036774	0.7036774	0.7036774	0.7036774	0.0340511
18580	-56.52682	-53.78703	-2.739796	2.454594	2.454594	2.454594	2.454594	2.454594	2.454594	0.04493007
18590	-54.78371	-55.19742	0.413711	0.9559452	0.9559452	0.9559452	0.9559452	0.9559452	0.9559452	0.03943813
18600	-54.19747	-55.23866	1.041195	0.638688	0.638688	0.638688	0.638688	0.638688	0.638688	0.0258994
18610	-54.43533	-54.76919	0.3338627	1.244691	1.244691	1.244691	1.244691	1.244691	1.244691	0.02623005
18620	-55.29009	-54.8408	-0.4492929	1.344094	1.344094	1.344094	1.344094	1.344094	1.344094	0.04726329
18630	-54.72929	-54.70333	-0.02596249	1.213566	1.213566	1.213566	1.213566	1.213566	1.213566	0.0398693
18640	-54.69269	-54.79789	0.1052056	1.148331	1.148331	1.148331	1.148331	1.148331	1.148331	0.03940898
18650	-56.58506	-54.5622	-2.022857	1.968645	1.968645	1.968645	1.968645	1.968645	1.968645	0.06120125
18660	-54.92338	-54.45015	-0.4732352	1.60183	1.60183	1.60183	1.60183	1.60183	1.60183	0.02843096
18670	-54.3875	-54.53104	0.1435415	1.250277	1.250277	1.250277	1.250277	1.250277	1.250277	0.03139184
18680	-56.73294	-54.23903	-2.493907	2.201748	2.201748	2.201748	2.201748	2.201748	2.201748	0.05968699
18690	-55.19284	-54.38916	-0.8036764	1.545935	1.545935	1.545935	1.545935	1.545935	1.545935	0.04450538
18700	-56.66285	-54.30569	-2.357167	2.136617	2.136617	2.136617	2.136617	2.136617	2.136617	0.05976447
18710	-54.16808	-54.89194	0.723851	1.016036	1.016036	1.016036	1.016036	1.016036	1.016036	0.02648827
18720	-54.18925	-55.31895	1.129704	0.8387954	0.8387954	0.8387954	0.8387954	0.8387954	0.8387954	0.02213362
18730	-54.34342	-55.37713	1.033713	0.5376867	0.5376867	0.5376867	0.5376867	0.5376867	0.5376867	0.02338134
18740	-54.48128	-55.46015	0.9788727	0.4905902	0.4905902	0.4905902	0.4905902	0.4905902	0.4905902	0.02219716
18750	-54.49266	-55.17096	0.6782938	1.136874	1.136874	1.136874	1.136874	1.136874	1.136874	0.02267566
18760	-55.42828	-54.43203	-0.9962535	1.605955	1.605955	1.605955	1.605955	1.605955	1.605955	0.04754987
18770	-55.57354	-54.76786	-0.8056864	1.819416	1.819416	1.819416	1.819416	1.819416	1.819416	0.02493804
18780	-57.03365	-56.78563	-0.2480207	1.090645	1.090645	1.090645	1.090645	1.090645	1.090645	0.06203705
18790	-54.46196	-54.52168	0.05971713	1.24505	1.24505	1.24505	1.24505	1.24505	1.24505	0.03447954
18800	-57.08283	-54.69583	-2.387002	2.089272	2.089272	2.089272	2.089272	2.089272	2.089272	0.06809519
18810	-58.35811	-54.23289	-4.12522	3.305075	3.305075	3.305075	3.305075	3.305075	3.305075	0.03307272
18820	-54.68386	-54.65712	-0.02674522	1.418249	1.418249	1.418249	1.418249	1.418249	1.418249	0.02666469
18830	-54.36856	-55.43797	1.069413	0.5296237	0.5296237	0.5296237	0.5296237	0.5296237	0.5296237	0.02221896
18840	-55.63707	-56.03171	0.3946377	0.3327964	0.3327964	0.3327964	0.3327964	0.3327964	0.3327964	0.01745513
18850	-55.58527	-53.93825	-1.647019	2.020665	2.020665	2.020665	2.020665	2.020665	2.020665	0.0376067
18860	-55.50613	-55.83339	0.3272624	0.9085722	0.9085722	0.9085722	0.9085722	0.9085722	0.9085722	0.04574556
18870	-54.33366	-55.28957	0.9559057	0.6084196	0.6084196	0.6084196	0.6084196	0.6084196	0.6084196	0.02767562
18880	-54.57772	-55.86867	1.290958	0.5489816	0.5489816	0.5489816	0.5489816	0.5489816	0.5489816	0.01843484
18890	-56.36511	-55.65947	-0.7056467	0.2655853	0.2655853	0.2655853	0.2655853	0.2655853	0.2655853	0.02462359
18900	-54.23673	-54.70985	0.4731247	1.107688	1.107688	1.107688	1.107688	1.107688	1.107688	0.02929637
18910	-54.23929	-54.82959	0.5902961	1.095231	1.095231	1.095231	1.095231	1.095231	1.095231	0.0266191
18920	-55.34367	-55.56101	0.217335	0.3396987	0.3396987	0.3396987	0.3396987	0.3396987	0.3396987	0.02210145
18930	-55.06875	-55.14133	0.07258819	1.451703	1.451703	1.451703	1.451703	1.451703	1.451703	0.02254156
18940	-56.43439	-53.97383	-2.46056	2.449705	2.449705	2.449705	2.449705	2.449705	2.449705	0.03432981
18950	-55.21348	-54.5431	-0.6703733	1.719313	1.719313	1.719313	1.719313	1.719313	1.719313	0.02697856
18960	-54.23583	-55.48934	1.253506	0.6523213	0.6523213	0.6523213	0.6523213	0.6523213	0.6523213	0.02105657
18970	-55.00504	-55.72921	0.7241687	0.5933281	0.5933281	0.5933281	0.5933281	0.5933281	0.5933281	0.03442492
18980	-54.09937	-55.13355	1.034181	0.8403958	0.8403958	0.8403958	0.8403958	0.8403958	0.8403958	0.02431503
18990	-56.2645	-54.32269	-1.941803	1.974768	1.974768	1.974768	1.974768	1.974768	1.974768	0.05570231
19000	-54.79371	-54.34246	-0.4512532	1.445003	1.445003	1.445003	1.445003	1.445003	1.445003	0.03859015
19010	-56.28841	-56.12881	-0.1595976	1.664801	1.664801	1.664801	1.664801	1.664801	1.664801	0.0181807
19020	-54.49692	-55.31558	0.8186606	0.7147921	0.7147921	0.7147921	0.7147921	0.7147921	0.7147921	0.03260392
19030	-54.20412	-55.06063	0.85651	0.9874946	0.9874946	0.9874946	0.9874946	0.9874946	0.9874946	0.02421499
19040	-55.28837	-54.43097	-0.8573978	1.556497	1.556497	1.556497	1.556497	1.556497	1.556497	0.04593198
19050	-54.515	-54.97281	0.4578091	1.223314	1.223314	1.223314	1.223314	1.223314	1.223314	0.02413136
19060	-55.05077	-55.57187	0.5211014	0.4256791	0.4256791	0.4256791	0.4256791	0.4256791	0.4256791	0.02782835
19070	-54.31859	-54.91966	0.6010701	0.9456988	0.9456988	0.9456988	0.9456988	0.9456988	0.9456988	0.03316066
19080	-54.96102	-54.28386	-0.6771641	1.660592	1.660592	1.660592	1.660592	1.660592	1.660592	0.03078024
19090	-54.93266	-55.16754	0.2348795	1.374811	1.374811	1.374811	1.374811	1.374811	1.374811	0.0224192
19100	-54.6986	-54.75865	0.06005324	1.172237	1.172237	1.172237	1.172237	1.172237	1.172237	0.03948776
19110	-55.52709	-54.39773	-1.129358	1.912788	1.912788	1.912788	1.912788	1.912788	1.912788	0.02822401
19120	-54.74986	-55.03241	0.2825526	1.03843	1.03843	1.03843	1.03843	1.03843	1.03843	0.03976391
19130	-54.60823	-54.43926	-0.1689729	1.430583	1.430583	1.430583	1.430583	1.430583	1.430583	0.02997391
19140	-54.34383	-55.6672	1.323367	0.6580644	0.6580644	0.6580644	0.6580644	0.6580644	0.6580644	0.0196687
19150	-55.57229	-56.7633	1.191013	1.055287	1.055287	1.055287	1.055287	1.055287	1.055287	0.01560199
19160	-54.21109	-55.15956	0.9484762	0.7181359	0.7181359	0.7181359	0.7181359	0.7181359	0.7181359	0.02861242
19170	-54.42288	-54.99654	0.5736626	1.161069	1.161069	1.161069	1.161069	1.161069	1.161069	0.02411038
19180	-54.55869	-54.53325	-0.02544077	1.381763	1.381763	1.381763	1.381763	1.381763	1.381763	0.02867998
19190	-54.72551	-54.35096	-0.3745505	1.515842	1.515842	1.515842	1.515842	1.515842	1.515842	0.03085972
19200	-55.95381	-53.98521	-1.968592	2.216152	2.216152	2.216152	2.216152	2.216152	2.216152	0.03423844
19210	-58.633	-54.26605	-4.366944	3.429964	3.429964	3.429964	3.429964	3.429964	3.429964	0.03327091
19220	-56.76211	-57.48556	0.7234512	1.359185	1.359185	1.359185	1.359185	1.359185	1.359185	0.01419353
19230	-55.49728	-56.57606	1.078779	1.100101	1.100101	1.100101	1.100101	1.100101	1.100101	0.01619716
19240	-54.84498	-56.04749	1.202514	0.484902	0.484902	0.484902	0.484902	0.484902	0.484902	0.01746717
19250	-56.93516	-57.29867	0.3635149	0.5293621	0.5293621	0.5293621	0.5293621	0.5293621	0.5293621	0.04498499
19260	-54.63431	-55.04433	0.4100184	1.263913	1.263913	1.263913	1.263913	1.263913	1.263913	0.02342664
19270	-56.70456	-58.33876	1.634202	0.9301574	0.9301574	0.9301574	0.9301574	0.9301574	0.9301574	0.01204727
19280	-56.63831	-56.1959	-0.4424073	1.212244	1.212244	1.212244	1.212244	1.212244	1.212244	0.06061412
19290	-54.83782	-54.20509	-0.6327222	1.580559	1.580559	1.580559	1.580559	1.580559	1.580559	0.03487791
19300	-54.75933	-54.27333	-0.4860038	1.541626	1.541626	1.541626	1.541626	1.541626	1.541626	0.03268686
19310	-55.50317	-56.08176	0.5785935	0.7101443	0.7101443	0.7101443	0.7101443	0.7101443	0.7101443	0.04148941
19320	-59.5891	-54.39699	-5.192115	3.302801	3.302801	3.302801	3.302801	3.302801	3.302801	0.09653685
19330	-55.81977	-55.90719	0.08742195	1.013693	1.013693	1.013693	1.013693	1.013693	1.013693	0.05023588
19340	-54.72891	-54.77693	0.04802061	1.404827	1.404827	1.404827	1.404827	1.404827	1.404827	0.02543044
19350	-54.50654	-54.72542	0.218875	1.126841	1.126841	1.126841	1.126841	1.126841	1.126841	0.03653967
19360	-54.82856	-54.8102	-0.01835444	1.190335	1.190335	1.190335	1.190335	1.190335	1.190335	0.0413143
19370	-55.76853	-56.33977	0.5712436	0.3439533	0.3439533	0.3439533	0.3439533	0.3439533	0.3439533	0.01606286
19380	-54.97399	-54.32524	-0.6487508	1.509667	1.509667	1.509667	1.509667	1.509667	1.509667	0.04112165
19390	-59.2648	-54.61869	-4.646116	3.010846	3.010846	3.010846	3.010846	3.010846	3.010846	0.09829011
19400	-54.6377	-55.44032	0.8026179	0.6732042	0.6732042	0.6732042	0.6732042	0.6732042	0.6732042	0.03320487
19410	-55.80682	-53.88776	-1.919067	2.134891	2.134891	2.134891	2.134891	2.134891	2.134891	0.03870535
19420	-54.25785	-54.68525	0.4273979	1.132578	1.132578	1.132578	1.132578	1.132578	1.132578	0.02936432
19430	-54.84192	-54.21136	-0.6305609	1.592026	1.592026	1.592026	1.592026	1.592026	1.592026	0.033971
19440	-55.51837	-53.95797	-1.560399	1.94521	1.94521	1.94521	1.94521	1.94521	1.94521	0.04052145
19450	-54.59106	-54.45435	-0.1367141	1.417362	1.417362	1.417362	1.417362	1.417362	1.417362	0.02981824
19460	-54.61395	-54.35262	-0.261327	1.437399	1.437399	1.437399	1.437399	1.437399	1.437399	0.03241746
19470	-57.87491	-54.78405	-3.090865	2.348317	2.348317	2.348317	2.348317	2.348317	2.348317	0.07964953
19480	-57.56641	-54.63242	-2.933984	2.308726	2.308726	2.308726	2.308726	2.308726	2.308726	0.07397615
19490	-57.28338	-56.78379	-0.4995839	1.194798	1.194798	1.194798	1.194798	1.194798	1.194798	0.06629994
19500	-54.90252	-54.17306	-0.7294622	1.624549	1.624549	1.624549	1.624549	1.624549	1.624549	0.03501026
19510	-56.38575	-55.36762	-1.018129	1.988135	1.988135	1.988135	1.988135	1.988135	1.988135	0.02149407
19520	-56.98204	-53.77492	-3.20712	2.716588	2.716588	2.716588	2.716588	2.716588	2.716588	0.04190774
19530	-54.39441	-54.52757	0.1331656	1.260799	1.260799	1.260799	1.260799	1.260799	1.260799	0.03108499
19540	-56.31327	-55.60662	-0.7066536	1.362057	1.362057	1.362057	1.362057	1.362057	1.362057	0.05897569
19550	-54.68907	-55.02256	0.3334941	1.300992	1.300992	1.300992	1.300992	1.300992	1.300992	0.02352977
19560	-58.32282	-55.38508	-2.937735	2.217371	2.217371	2.217371	2.217371	2.217371	2.217371	0.09000945
19570	-58.14724	-55.35618	-2.791066	2.81656	2.81656	2.81656	2.81656	2.81656	2.81656	0.02260399
19580	-55.46948	-55.00473	-0.4647464	1.329146	1.329146	1.329146	1.329146	1.329146	1.329146	0.049449
19590	-58.76818	-54.62691	-4.141267	2.794116	2.794116	2.794116	2.794116	2.794116	2.794116	0.09122588
19600	-54.25559	-54.73847	0.4828783	1.129304	1.129304	1.129304	1.129304	1.129304	1.129304	0.02794025
19610	-54.74998	-54.41607	-0.3339093	1.517992	1.517992	1.517992	1.517992	1.517992	1.517992	0.02949798
19620	-55.00752	-54.59994	-0.4075812	1.366534	1.366534	1.366534	1.366534	1.366534	1.366534	0.04333898
19630	-54.38486	-54.53499	0.1501274	1.237161	1.237161	1.237161	1.237161	1.237161	1.237161	0.03197587
19640	-55.08166	-56.32976	1.248101	0.9678216	0.9678216	0.9678216	0.9678216	0.9678216	0.9678216	0.01683975
19650	-55.4013	-54.35074	-1.050556	1.640645	1.640645	1.640645	1.640645	1.640645	1.640645	0.04664741
19660	-55.54656	-54.12472	-1.421839	1.824622	1.824622	1.824622	1.824622	1.824622	1.824622	0.04566827
19670	-54.13267	-55.01252	0.8798525	0.9411171	0.9411171	0.9411171	0.9411171	0.9411171	0.9411171	0.0252477
19680	-57.77151	-56.99996	-0.7715464	1.288607	1.288607	1.288607	1.288607	1.288607	1.288607	0.07278711
19690	-59.10372	-53.82322	-5.280495	3.688685	3.688685	3.688685	3.688685	3.688685	3.688685	0.05142128
19700	-56.09869	-54.36649	-1.732206	2.191776	2.191776	2.191776	2.191776	2.191776	2.191776	0.02846043
19710	-55.78247	-54.98099	-0.801482	1.458577	1.458577	1.458577	1.458577	1.458577	1.458577	0.05326391
19720	-57.46127	-54.36477	-3.096493	2.83475	2.83475	2.83475	2.83475	2.83475	2.83475	0.02958149
19730	-54.15647	-55.06512	0.9086448	0.9437542	0.9437542	0.9437542	0.9437542	0.9437542	0.9437542	0.02444459
19740	-55.2648	-54.26383	-1.000973	1.642499	1.642499	1.642499	1.642499	1.642499	1.642499	0.04421663
19750	-54.31425	-54.81772	0.5034618	1.153085	1.153085	1.153085	1.153085	1.153085	1.153085	0.02623828
19760	-54.30689	-54.63697	0.3300716	1.185015	1.185015	1.185015	1.185015	1.185015	1.185015	0.02944677
19770	-55.59157	-53.94743	-1.644137	2.028847	2.028847	2.028847	2.028847	2.028847	2.028847	0.03684928
19780	-54.49476	-54.60113	0.106377	1.198894	1.198894	1.198894	1.198894	1.198894	1.198894	0.03589632
19790	-54.80775	-56.1895	1.381746	0.8383875	0.8383875	0.8383875	0.8383875	0.8383875	0.8383875	0.01720918
19800	-59.46146	-58.59586	-0.8655973	2.15661	2.15661	2.15661	2.15661	2.15661	2.15661	0.01288949
19810	-54.17405	-54.84928	0.6752273	1.031566	1.031566	1.031566	1.031566	1.031566	1.031566	0.02714372
19820	-54.3203	-55.04377	0.7234663	0.8596914	0.8596914	0.8596914	0.8596914	0.8596914	0.8596914	0.03254151
19830	-54.72821	-54.39506	-0.3331548	1.392731	1.392731	1.392731	1.392731	1.392731	1.392731	0.0381567
19840	-55.55933	-54.22125	-1.338086	1.770629	1.770629	1.770629	1.770629	1.770629	1.770629	0.04714178
19850	-54.09564	-55.12889	1.033245	0.751485	0.751485	0.751485	0.751485	0.751485	0.751485	0.02597096
19860	-55.16772	-55.71447	0.5467469	0.3676393	0.3676393	0.3676393	0.3676393	0.3676393	0.3676393	0.01961985
19870	-55.68544	-54.46299	-1.222446	1.683148	1.683148	1.683148	1.683148	1.683148	1.683148	0.05061174
19880	-54.70855	-55.55996	0.8514111	0.4376113	0.4376113	0.4376113	0.4376113	0.4376113	0.4376113	0.02105617
19890	-58.05321	-54.84551	-3.207695	2.38542	2.38542	2.38542	2.38542	2.38542	2.38542	0.08284147
19900	-54.97071	-54.74278	-0.2279256	1.277617	1.277617	1.277617	1.277617	1.277617	1.277617	0.0431769
19910	-54.41273	-55.52291	1.110176	0.5243468	0.5243468	0.5243468	0.5243468	0.5243468	0.5243468	0.02110574
19920	-55.19251	-54.09264	-1.099871	1.733843	1.733843	1.733843	1.733843	1.733843	1.733843	0.04018656
19930	-54.75365	-54.25994	-0.4937069	1.533567	1.533567	1.533567	1.533567	1.533567	1.533567	0.03350038
19940	-55.10458	-54.42897	-0.6756034	1.493258	1.493258	1.493258	1.493258	1.493258	1.493258	0.04370866
19950	-59.00583	-54.61296	-4.392877	3.508193	3.508193	3.508193	3.508193	3.508193	3.508193	0.0295059
19960	-54.15102	-54.93173	0.7807154	0.9876918	0.9876918	0.9876918	0.9876918	0.9876918	0.9876918	0.02611413
19970	-54.11739	-55.25557	1.138188	0.7742288	0.7742288	0.7742288	0.7742288	0.7742288	0.7742288	0.02309483
19980	-54.45021	-54.55641	0.1062074	1.308249	1.308249	1.308249	1.308249	1.308249	1.308249	0.02911615
19990	-54.10228	-55.07637	0.9740873	0.7856497	0.7856497	0.7856497	0.7856497	0.7856497	0.7856497	0.0270126
20000	-54.60619	-54.53721	-0.06897828	1.26953	1.26953	1.26953	1.26953	1.26953	1.26953	0.0374133
