Iteration	Posterior	Likelihood	Prior	er[1][1]	er[2][2]	er[3][3]	er[4][4]	er[5][5]	extirpation_rate	rate_bg
0	-57.64319	-59.57055	1.927355	0.8354647	0.8354647	0.8354647	0.8354647	0.8354647	0.8354647	0.01
10	-57.72569	-57.69575	-0.02994438	0.39275	0.39275	0.39275	0.39275	0.39275	0.39275	0.04084778
20	-54.24559	-55.10711	0.8615195	0.9562592	0.9562592	0.9562592	0.9562592	0.9562592	0.9562592	0.02519111
30	-54.34931	-55.38577	1.036459	0.9316219	0.9316219	0.9316219	0.9316219	0.9316219	0.9316219	0.0218603
40	-54.38891	-54.88714	0.4982328	1.059483	1.059483	1.059483	1.059483	1.059483	1.059483	0.03097997
50	-54.24441	-55.2012	0.9567936	0.8028162	0.8028162	0.8028162	0.8028162	0.8028162	0.8028162	0.02714244
60	-56.26744	-55.96675	-0.3006912	1.199021	1.199021	1.199021	1.199021	1.199021	1.199021	0.05391816
70	-55.72377	-54.4085	-1.315278	1.996246	1.996246	1.996246	1.996246	1.996246	1.996246	0.02843424
80	-59.54033	-54.3687	-5.171636	3.848749	3.848749	3.848749	3.848749	3.848749	3.848749	0.03453884
90	-54.39172	-54.97395	0.5822317	1.125636	1.125636	1.125636	1.125636	1.125636	1.125636	0.02546119
100	-54.33243	-55.22794	0.8955105	0.7967762	0.7967762	0.7967762	0.7967762	0.7967762	0.7967762	0.02899029
110	-54.88374	-54.58457	-0.299171	1.377142	1.377142	1.377142	1.377142	1.377142	1.377142	0.03806386
120	-55.80206	-54.09494	-1.707121	2.09966	2.09966	2.09966	2.09966	2.09966	2.09966	0.0337479
130	-55.15556	-54.49548	-0.6600878	1.515612	1.515612	1.515612	1.515612	1.515612	1.515612	0.04107784
140	-55.81335	-54.01877	-1.794585	2.067461	2.067461	2.067461	2.067461	2.067461	2.067461	0.03944626
150	-54.25915	-55.29877	1.039622	0.7182285	0.7182285	0.7182285	0.7182285	0.7182285	0.7182285	0.02611925
160	-54.84421	-55.35147	0.507253	0.9304961	0.9304961	0.9304961	0.9304961	0.9304961	0.9304961	0.03716422
170	-54.21709	-55.17803	0.9609367	0.8293783	0.8293783	0.8293783	0.8293783	0.8293783	0.8293783	0.02643283
180	-56.00091	-55.81374	-0.1871741	1.652047	1.652047	1.652047	1.652047	1.652047	1.652047	0.01920241
190	-57.39688	-55.65534	-1.741538	1.768915	1.768915	1.768915	1.768915	1.768915	1.768915	0.07082948
200	-55.00622	-54.57711	-0.4291175	1.420059	1.420059	1.420059	1.420059	1.420059	1.420059	0.03972632
210	-56.28161	-55.98366	-0.2979486	1.196514	1.196514	1.196514	1.196514	1.196514	1.196514	0.05402111
220	-54.65345	-55.57712	0.9236706	1.058317	1.058317	1.058317	1.058317	1.058317	1.058317	0.02028346
230	-54.96519	-56.47185	1.506663	0.7639818	0.7639818	0.7639818	0.7639818	0.7639818	0.7639818	0.01607278
240	-54.34021	-54.93374	0.5935286	1.020302	1.020302	1.020302	1.020302	1.020302	1.020302	0.02997721
250	-55.03768	-54.53507	-0.5026012	1.622573	1.622573	1.622573	1.622573	1.622573	1.622573	0.0280213
260	-65.18109	-56.03538	-9.145708	6.4308	6.4308	6.4308	6.4308	6.4308	6.4308	0.0315509
270	-64.83624	-57.66009	-7.176145	2.95215	2.95215	2.95215	2.95215	2.95215	2.95215	1.385073
280	-64.91258	-55.4037	-9.508877	5.492434	5.492434	5.492434	5.492434	5.492434	5.492434	0.1769368
290	-55.62213	-54.66662	-0.9555185	1.87189	1.87189	1.87189	1.87189	1.87189	1.87189	0.02589081
300	-56.0136	-56.52993	0.5163291	0.5038287	0.5038287	0.5038287	0.5038287	0.5038287	0.5038287	0.03648856
310	-55.6391	-55.03177	-0.6073256	1.409314	1.409314	1.409314	1.409314	1.409314	1.409314	0.04852857
320	-54.78291	-55.34169	0.5587854	0.909398	0.909398	0.909398	0.909398	0.909398	0.909398	0.03625422
330	-54.48831	-55.30221	0.8139014	0.7999096	0.7999096	0.7999096	0.7999096	0.7999096	0.7999096	0.0313815
340	-56.89594	-53.86194	-3.033996	2.619657	2.619657	2.619657	2.619657	2.619657	2.619657	0.04292473
350	-54.55819	-54.61503	0.05684088	1.298834	1.298834	1.298834	1.298834	1.298834	1.298834	0.03116051
360	-56.66412	-54.62059	-2.043531	2.376556	2.376556	2.376556	2.376556	2.376556	2.376556	0.02634469
370	-55.16207	-56.71206	1.54999	0.5921828	0.5921828	0.5921828	0.5921828	0.5921828	0.5921828	0.0150566
380	-55.22745	-55.91047	0.6830223	0.7225237	0.7225237	0.7225237	0.7225237	0.7225237	0.7225237	0.03726858
390	-54.67513	-56.12692	1.451795	0.6993497	0.6993497	0.6993497	0.6993497	0.6993497	0.6993497	0.01735311
400	-54.90271	-55.1018	0.1990895	1.37822	1.37822	1.37822	1.37822	1.37822	1.37822	0.02307678
410	-55.63266	-55.51944	-0.1132162	1.165932	1.165932	1.165932	1.165932	1.165932	1.165932	0.04749955
420	-55.39008	-54.23574	-1.15434	1.752538	1.752538	1.752538	1.752538	1.752538	1.752538	0.04077533
430	-54.59293	-55.31956	0.7266346	0.8366722	0.8366722	0.8366722	0.8366722	0.8366722	0.8366722	0.03318751
440	-56.34401	-55.90167	-0.4423404	1.778313	1.778313	1.778313	1.778313	1.778313	1.778313	0.01893447
450	-54.60663	-55.73703	1.130392	0.9505036	0.9505036	0.9505036	0.9505036	0.9505036	0.9505036	0.01940482
460	-55.58418	-55.44337	-0.1408066	1.184978	1.184978	1.184978	1.184978	1.184978	1.184978	0.04715925
470	-54.62852	-54.55214	-0.07638198	1.356429	1.356429	1.356429	1.356429	1.356429	1.356429	0.03175807
480	-58.23919	-53.85718	-4.382013	3.274321	3.274321	3.274321	3.274321	3.274321	3.274321	0.04533378
490	-54.878	-54.54711	-0.330893	1.533999	1.533999	1.533999	1.533999	1.533999	1.533999	0.0284412
500	-54.44066	-55.79576	1.355093	0.7044919	0.7044919	0.7044919	0.7044919	0.7044919	0.7044919	0.01910321
510	-57.89487	-56.05659	-1.838283	1.77016	1.77016	1.77016	1.77016	1.77016	1.77016	0.07781689
520	-55.65433	-54.35341	-1.300924	1.768556	1.768556	1.768556	1.768556	1.768556	1.768556	0.04562376
530	-58.112	-54.13661	-3.97539	2.854464	2.854464	2.854464	2.854464	2.854464	2.854464	0.06848877
540	-61.82597	-55.82448	-6.001484	3.387313	3.387313	3.387313	3.387313	3.387313	3.387313	0.1848179
550	-64.31346	-55.94584	-8.367616	4.140008	4.140008	4.140008	4.140008	4.140008	4.140008	0.5050852
560	-62.5384	-58.02805	-4.510348	2.509846	2.509846	2.509846	2.509846	2.509846	2.509846	0.2354083
570	-65.32025	-58.8636	-6.456643	2.581006	2.581006	2.581006	2.581006	2.581006	2.581006	1.423977
580	-64.87188	-55.89423	-8.977653	4.274443	4.274443	4.274443	4.274443	4.274443	4.274443	0.7374421
590	-64.68381	-56.66222	-8.021591	3.445729	3.445729	3.445729	3.445729	3.445729	3.445729	1.248629
600	-62.50747	-56.0542	-6.45327	3.499331	3.499331	3.499331	3.499331	3.499331	3.499331	0.2354414
610	-55.60224	-54.88671	-0.7155295	1.467778	1.467778	1.467778	1.467778	1.467778	1.467778	0.04795675
620	-54.39298	-54.79748	0.4044976	1.142085	1.142085	1.142085	1.142085	1.142085	1.142085	0.02954281
630	-54.45987	-54.71627	0.2564064	1.21532	1.21532	1.21532	1.21532	1.21532	1.21532	0.02996255
640	-54.26199	-55.01284	0.7508475	0.991851	0.991851	0.991851	0.991851	0.991851	0.991851	0.02674143
650	-54.22383	-55.21507	0.9912386	0.8892402	0.8892402	0.8892402	0.8892402	0.8892402	0.8892402	0.02409984
660	-54.21557	-55.1336	0.9180233	0.8758517	0.8758517	0.8758517	0.8758517	0.8758517	0.8758517	0.02632695
670	-58.74198	-56.48997	-2.252009	1.884885	1.884885	1.884885	1.884885	1.884885	1.884885	0.09207072
680	-57.18543	-55.50967	-1.675761	1.757968	1.757968	1.757968	1.757968	1.757968	1.757968	0.06789053
690	-57.51785	-54.07763	-3.440221	2.932307	2.932307	2.932307	2.932307	2.932307	2.932307	0.03435723
700	-55.1413	-56.69133	1.55003	0.7671587	0.7671587	0.7671587	0.7671587	0.7671587	0.7671587	0.01536312
710	-55.30793	-55.36963	0.06169993	1.11333	1.11333	1.11333	1.11333	1.11333	1.11333	0.04377832
720	-55.09215	-54.45638	-0.6357634	1.670209	1.670209	1.670209	1.670209	1.670209	1.670209	0.02893436
730	-55.56734	-54.18677	-1.380571	1.968531	1.968531	1.968531	1.968531	1.968531	1.968531	0.03220506
740	-54.34124	-54.90841	0.5671773	1.04095	1.04095	1.04095	1.04095	1.04095	1.04095	0.02979446
750	-54.73558	-55.79308	1.057501	1.011562	1.011562	1.011562	1.011562	1.011562	1.011562	0.0191043
760	-55.66901	-54.71684	-0.9521757	1.578128	1.578128	1.578128	1.578128	1.578128	1.578128	0.0482516
770	-55.16533	-54.24745	-0.9178827	1.738283	1.738283	1.738283	1.738283	1.738283	1.738283	0.03318395
780	-56.96326	-58.54535	1.582093	0.9926923	0.9926923	0.9926923	0.9926923	0.9926923	0.9926923	0.01163157
790	-54.69166	-55.48746	0.7958062	0.7500928	0.7500928	0.7500928	0.7500928	0.7500928	0.7500928	0.03295272
800	-54.84565	-55.99759	1.151939	0.9834659	0.9834659	0.9834659	0.9834659	0.9834659	0.9834659	0.0181276
810	-56.55888	-54.03991	-2.518969	2.299505	2.299505	2.299505	2.299505	2.299505	2.299505	0.04980379
820	-60.41072	-56.05905	-4.35167	2.700074	2.700074	2.700074	2.700074	2.700074	2.700074	0.1361102
830	-64.35548	-56.60459	-7.75089	3.483841	3.483841	3.483841	3.483841	3.483841	3.483841	0.8870709
840	-66.08451	-59.29463	-6.789886	2.477947	2.477947	2.477947	2.477947	2.477947	2.477947	2.457262
850	-65.39142	-56.35419	-9.037229	3.680514	3.680514	3.680514	3.680514	3.680514	3.680514	2.234293
860	-56.20937	-53.95269	-2.256684	2.250955	2.250955	2.250955	2.250955	2.250955	2.250955	0.04243536
870	-55.85366	-54.27444	-1.579216	1.886199	1.886199	1.886199	1.886199	1.886199	1.886199	0.04685
880	-54.80386	-55.14689	0.343035	1.310777	1.310777	1.310777	1.310777	1.310777	1.310777	0.02286224
890	-55.07437	-56.63471	1.560349	0.7258636	0.7258636	0.7258636	0.7258636	0.7258636	0.7258636	0.0154848
900	-56.90854	-54.73665	-2.171886	2.028931	2.028931	2.028931	2.028931	2.028931	2.028931	0.06245251
910	-54.37633	-54.87949	0.5031564	1.06414	1.06414	1.06414	1.06414	1.06414	1.06414	0.03059346
920	-54.23822	-55.36776	1.129536	0.8208441	0.8208441	0.8208441	0.8208441	0.8208441	0.8208441	0.0225012
930	-55.69102	-55.00961	-0.6814006	1.79271	1.79271	1.79271	1.79271	1.79271	1.79271	0.02331861
940	-55.5438	-56.54976	1.005958	0.4026517	0.4026517	0.4026517	0.4026517	0.4026517	0.4026517	0.01530901
950	-58.98906	-54.2335	-4.755559	3.16647	3.16647	3.16647	3.16647	3.16647	3.16647	0.08100425
960	-54.29754	-55.07069	0.7731574	0.9118643	0.9118643	0.9118643	0.9118643	0.9118643	0.9118643	0.02916984
970	-55.39935	-55.99914	0.5997962	0.4813855	0.4813855	0.4813855	0.4813855	0.4813855	0.4813855	0.03158809
980	-54.6683	-55.26508	0.596781	0.9087324	0.9087324	0.9087324	0.9087324	0.9087324	0.9087324	0.03493116
990	-55.32028	-56.40676	1.086481	1.07985	1.07985	1.07985	1.07985	1.07985	1.07985	0.01663326
1000	-54.31286	-55.5258	1.212943	0.8051699	0.8051699	0.8051699	0.8051699	0.8051699	0.8051699	0.02097041
1010	-54.26943	-55.0321	0.7626663	0.9431328	0.9431328	0.9431328	0.9431328	0.9431328	0.9431328	0.0283102
1020	-54.57087	-54.74713	0.1762618	1.306529	1.306529	1.306529	1.306529	1.306529	1.306529	0.02723822
1030	-57.54854	-55.13486	-2.413685	2.617368	2.617368	2.617368	2.617368	2.617368	2.617368	0.02319217
1040	-55.05318	-54.49304	-0.5601385	1.48387	1.48387	1.48387	1.48387	1.48387	1.48387	0.03970899
1050	-55.01261	-55.16203	0.14942	1.107434	1.107434	1.107434	1.107434	1.107434	1.107434	0.04051237
1060	-57.01397	-56.07002	-0.943946	2.023342	2.023342	2.023342	2.023342	2.023342	2.023342	0.01851155
1070	-59.44519	-56.01539	-3.429808	3.202292	3.202292	3.202292	3.202292	3.202292	3.202292	0.02008069
1080	-54.92766	-55.63082	0.7031613	0.7735386	0.7735386	0.7735386	0.7735386	0.7735386	0.7735386	0.03569671
1090	-54.29559	-54.99909	0.7035035	0.9680434	0.9680434	0.9680434	0.9680434	0.9680434	0.9680434	0.02902119
1100	-54.68474	-54.92703	0.2422903	1.117266	1.117266	1.117266	1.117266	1.117266	1.117266	0.03629622
1110	-55.54942	-57.10856	1.559143	0.5396033	0.5396033	0.5396033	0.5396033	0.5396033	0.5396033	0.01387346
1120	-54.71248	-54.86859	0.1561066	1.159891	1.159891	1.159891	1.159891	1.159891	1.159891	0.03668344
1130	-54.26722	-55.13203	0.8648054	0.9718158	0.9718158	0.9718158	0.9718158	0.9718158	0.9718158	0.02456605
1140	-54.72235	-55.08888	0.3665258	1.037702	1.037702	1.037702	1.037702	1.037702	1.037702	0.03660353
1150	-55.46359	-54.12034	-1.34325	1.907663	1.907663	1.907663	1.907663	1.907663	1.907663	0.03534064
1160	-54.90083	-56.16389	1.26306	0.4967912	0.4967912	0.4967912	0.4967912	0.4967912	0.4967912	0.01698619
1170	-55.50523	-55.66514	0.1599098	0.3362506	0.3362506	0.3362506	0.3362506	0.3362506	0.3362506	0.02273947
1180	-55.16061	-54.41869	-0.7419249	1.562459	1.562459	1.562459	1.562459	1.562459	1.562459	0.04041331
1190	-55.79401	-55.81012	0.01610371	1.083769	1.083769	1.083769	1.083769	1.083769	1.083769	0.04819273
1200	-56.07459	-57.85357	1.778984	0.7112092	0.7112092	0.7112092	0.7112092	0.7112092	0.7112092	0.01248898
1210	-54.63005	-55.22392	0.5938643	0.9193985	0.9193985	0.9193985	0.9193985	0.9193985	0.9193985	0.03457003
1220	-56.4981	-54.88532	-1.612776	1.800375	1.800375	1.800375	1.800375	1.800375	1.800375	0.05822007
1230	-55.26332	-54.21846	-1.044864	1.730899	1.730899	1.730899	1.730899	1.730899	1.730899	0.03827551
1240	-56.62942	-53.88806	-2.74136	2.500912	2.500912	2.500912	2.500912	2.500912	2.500912	0.04088589
1250	-59.23594	-53.88416	-5.351777	3.613027	3.613027	3.613027	3.613027	3.613027	3.613027	0.06341909
1260	-56.79652	-54.05479	-2.741723	2.380202	2.380202	2.380202	2.380202	2.380202	2.380202	0.0525543
1270	-55.95048	-54.07838	-1.872096	2.049515	2.049515	2.049515	2.049515	2.049515	2.049515	0.04428762
1280	-54.30591	-54.92653	0.6206238	1.037329	1.037329	1.037329	1.037329	1.037329	1.037329	0.02840706
1290	-54.36174	-54.90685	0.5451089	1.042189	1.042189	1.042189	1.042189	1.042189	1.042189	0.03039908
1300	-56.04135	-56.75345	0.7120972	0.349394	0.349394	0.349394	0.349394	0.349394	0.349394	0.01456499
1310	-55.13454	-54.98517	-0.1493719	1.246263	1.246263	1.246263	1.246263	1.246263	1.246263	0.0423996
1320	-54.56345	-55.82813	1.264673	0.8612604	0.8612604	0.8612604	0.8612604	0.8612604	0.8612604	0.01890963
1330	-55.44471	-54.13825	-1.306462	1.847158	1.847158	1.847158	1.847158	1.847158	1.847158	0.03877534
1340	-55.82246	-55.50679	-0.3156695	1.680468	1.680468	1.680468	1.680468	1.680468	1.680468	0.02055515
1350	-59.13707	-58.29854	-0.8385243	1.262911	1.262911	1.262911	1.262911	1.262911	1.262911	0.08180576
1360	-54.70428	-55.00829	0.3040072	1.077511	1.077511	1.077511	1.077511	1.077511	1.077511	0.03651735
1370	-54.83254	-54.73297	-0.0995729	1.275716	1.275716	1.275716	1.275716	1.275716	1.275716	0.03811632
1380	-56.04227	-55.86211	-0.1801605	1.65347	1.65347	1.65347	1.65347	1.65347	1.65347	0.01901065
1390	-54.42277	-55.3396	0.916832	1.010203	1.010203	1.010203	1.010203	1.010203	1.010203	0.02203556
1400	-57.04629	-54.51967	-2.526612	2.195954	2.195954	2.195954	2.195954	2.195954	2.195954	0.06243203
1410	-55.68823	-55.99372	0.3054913	0.9361629	0.9361629	0.9361629	0.9361629	0.9361629	0.9361629	0.04513583
1420	-55.55832	-55.87495	0.3166289	0.9442548	0.9442548	0.9442548	0.9442548	0.9442548	0.9442548	0.04415702
1430	-54.78026	-56.001	1.220739	0.4990899	0.4990899	0.4990899	0.4990899	0.4990899	0.4990899	0.01782626
1440	-54.62061	-55.14467	0.5240619	0.9658219	0.9658219	0.9658219	0.9658219	0.9658219	0.9658219	0.03483439
1450	-54.27702	-54.99014	0.7131285	1.016204	1.016204	1.016204	1.016204	1.016204	1.016204	0.0267669
1460	-58.94898	-54.38408	-4.564893	3.551091	3.551091	3.551091	3.551091	3.551091	3.551091	0.03236453
1470	-54.3422	-55.06342	0.7212199	1.060356	1.060356	1.060356	1.060356	1.060356	1.060356	0.02475249
1480	-55.22339	-55.66664	0.4432449	0.9101346	0.9101346	0.9101346	0.9101346	0.9101346	0.9101346	0.04065769
1490	-57.23031	-54.13651	-3.093802	2.495163	2.495163	2.495163	2.495163	2.495163	2.495163	0.05885671
1500	-58.89363	-56.96993	-1.923708	1.733119	1.733119	1.733119	1.733119	1.733119	1.733119	0.09173617
1510	-55.40625	-55.13371	-0.2725374	1.271665	1.271665	1.271665	1.271665	1.271665	1.271665	0.04567056
1520	-54.9483	-54.81976	-0.1285411	1.266944	1.266944	1.266944	1.266944	1.266944	1.266944	0.03990835
1530	-54.76431	-54.46684	-0.2974682	1.473747	1.473747	1.473747	1.473747	1.473747	1.473747	0.03118345
1540	-54.99443	-54.3083	-0.6861343	1.620373	1.620373	1.620373	1.620373	1.620373	1.620373	0.03382358
1550	-54.39802	-55.20718	0.8091596	1.048004	1.048004	1.048004	1.048004	1.048004	1.048004	0.02312778
1560	-54.98511	-56.14996	1.164851	0.4645191	0.4645191	0.4645191	0.4645191	0.4645191	0.4645191	0.01701986
1570	-58.59831	-60.01681	1.418498	1.190619	1.190619	1.190619	1.190619	1.190619	1.190619	0.009814214
1580	-55.43008	-54.64251	-0.7875726	1.787326	1.787326	1.787326	1.787326	1.787326	1.787326	0.02623099
1590	-56.06334	-54.24394	-1.819398	2.201671	2.201671	2.201671	2.201671	2.201671	2.201671	0.03040992
1600	-54.5926	-54.69699	0.1043889	1.331655	1.331655	1.331655	1.331655	1.331655	1.331655	0.02784974
1610	-54.57497	-54.63722	0.06225129	1.327885	1.327885	1.327885	1.327885	1.327885	1.327885	0.02926658
1620	-54.3944	-55.62923	1.234834	0.5880287	0.5880287	0.5880287	0.5880287	0.5880287	0.5880287	0.02054626
1630	-54.20091	-55.19409	0.9931759	0.8417788	0.8417788	0.8417788	0.8417788	0.8417788	0.8417788	0.02529916
1640	-54.54129	-54.64644	0.1051515	1.260583	1.260583	1.260583	1.260583	1.260583	1.260583	0.03198146
1650	-56.2767	-54.13692	-2.139783	2.126801	2.126801	2.126801	2.126801	2.126801	2.126801	0.04910082
1660	-54.45557	-54.73393	0.2783603	1.186213	1.186213	1.186213	1.186213	1.186213	1.186213	0.03094127
1670	-55.57699	-54.1662	-1.410796	1.86067	1.86067	1.86067	1.86067	1.86067	1.86067	0.04181223
1680	-54.58598	-55.71818	1.132205	0.9451141	0.9451141	0.9451141	0.9451141	0.9451141	0.9451141	0.01951178
1690	-55.69478	-54.05566	-1.639123	1.99286	1.99286	1.99286	1.99286	1.99286	1.99286	0.03959385
1700	-56.49919	-54.91173	-1.587462	1.787747	1.787747	1.787747	1.787747	1.787747	1.787747	0.05831907
1710	-54.96899	-55.68833	0.7193437	0.7483229	0.7483229	0.7483229	0.7483229	0.7483229	0.7483229	0.0356002
1720	-54.34655	-54.86407	0.5175176	1.102908	1.102908	1.102908	1.102908	1.102908	1.102908	0.02825555
1730	-56.55509	-54.0252	-2.52989	2.480962	2.480962	2.480962	2.480962	2.480962	2.480962	0.03448647
1740	-56.49835	-55.00627	-1.492074	2.170103	2.170103	2.170103	2.170103	2.170103	2.170103	0.02343623
1750	-58.41291	-55.52863	-2.884281	2.885604	2.885604	2.885604	2.885604	2.885604	2.885604	0.02161805
1760	-54.22254	-55.12509	0.902554	0.9172406	0.9172406	0.9172406	0.9172406	0.9172406	0.9172406	0.02545778
1770	-56.88867	-54.15658	-2.732094	2.615928	2.615928	2.615928	2.615928	2.615928	2.615928	0.03198176
1780	-54.82694	-54.45661	-0.370325	1.445429	1.445429	1.445429	1.445429	1.445429	1.445429	0.03555896
1790	-55.19606	-55.87476	0.6787013	0.7349794	0.7349794	0.7349794	0.7349794	0.7349794	0.7349794	0.03728046
1800	-55.07028	-55.95895	0.8886662	1.136999	1.136999	1.136999	1.136999	1.136999	1.136999	0.01836963
1810	-54.65406	-55.53348	0.8794182	0.5051165	0.5051165	0.5051165	0.5051165	0.5051165	0.5051165	0.02545895
1820	-54.71634	-55.91499	1.19865	0.9357919	0.9357919	0.9357919	0.9357919	0.9357919	0.9357919	0.01848589
1830	-55.23101	-56.6873	1.456297	0.8678126	0.8678126	0.8678126	0.8678126	0.8678126	0.8678126	0.0155039
1840	-55.97999	-55.51073	-0.4692594	1.752366	1.752366	1.752366	1.752366	1.752366	1.752366	0.02056034
1850	-55.25712	-54.32253	-0.934586	1.653006	1.653006	1.653006	1.653006	1.653006	1.653006	0.04046393
1860	-55.02096	-54.33676	-0.6842009	1.578319	1.578319	1.578319	1.578319	1.578319	1.578319	0.03689417
1870	-55.02866	-55.25169	0.2230321	1.065038	1.065038	1.065038	1.065038	1.065038	1.065038	0.04042437
1880	-56.35667	-55.02179	-1.33488	1.680927	1.680927	1.680927	1.680927	1.680927	1.680927	0.05690273
1890	-55.20274	-54.85929	-0.343458	1.336203	1.336203	1.336203	1.336203	1.336203	1.336203	0.04319076
1900	-56.8787	-54.79944	-2.079261	1.985688	1.985688	1.985688	1.985688	1.985688	1.985688	0.06243578
1910	-54.5644	-54.72396	0.1595632	1.307546	1.307546	1.307546	1.307546	1.307546	1.307546	0.02764155
1920	-56.94477	-53.86725	-3.077521	2.60877	2.60877	2.60877	2.60877	2.60877	2.60877	0.04584327
1930	-54.83046	-54.87625	0.04578826	1.195488	1.195488	1.195488	1.195488	1.195488	1.195488	0.03838007
1940	-54.51204	-55.31636	0.8043205	0.7997711	0.7997711	0.7997711	0.7997711	0.7997711	0.7997711	0.03168693
1950	-54.2832	-54.99414	0.7109398	1.024963	1.024963	1.024963	1.024963	1.024963	1.024963	0.02646392
1960	-54.5829	-54.63902	0.05611466	1.33397	1.33397	1.33397	1.33397	1.33397	1.33397	0.02909297
1970	-55.00392	-54.49881	-0.5051097	1.613645	1.613645	1.613645	1.613645	1.613645	1.613645	0.02862762
1980	-54.54165	-55.11548	0.5738295	0.9543772	0.9543772	0.9543772	0.9543772	0.9543772	0.9543772	0.03367568
1990	-55.42228	-55.72723	0.3049446	1.409737	1.409737	1.409737	1.409737	1.409737	1.409737	0.01947287
2000	-54.57297	-55.90904	1.336067	0.8098834	0.8098834	0.8098834	0.8098834	0.8098834	0.8098834	0.01847141
2010	-54.32564	-55.51764	1.192001	0.6072747	0.6072747	0.6072747	0.6072747	0.6072747	0.6072747	0.02183537
2020	-54.28958	-54.97974	0.6901584	0.9860377	0.9860377	0.9860377	0.9860377	0.9860377	0.9860377	0.02865876
2030	-55.09881	-55.37807	0.2792576	1.023741	1.023741	1.023741	1.023741	1.023741	1.023741	0.04082797
2040	-58.97705	-53.85063	-5.126421	3.548344	3.548344	3.548344	3.548344	3.548344	3.548344	0.05703542
2050	-54.35634	-54.98913	0.6327873	0.9813272	0.9813272	0.9813272	0.9813272	0.9813272	0.9813272	0.03056019
2060	-54.20936	-55.15463	0.9452739	0.8811885	0.8811885	0.8811885	0.8811885	0.8811885	0.8811885	0.02546685
2070	-54.58381	-55.5109	0.9270845	0.5681961	0.5681961	0.5681961	0.5681961	0.5681961	0.5681961	0.02729403
2080	-56.14065	-56.69563	0.5549827	0.6682623	0.6682623	0.6682623	0.6682623	0.6682623	0.6682623	0.04250463
2090	-54.97178	-55.21629	0.2445026	1.061979	1.061979	1.061979	1.061979	1.061979	1.061979	0.03976494
2100	-56.18641	-53.98177	-2.204639	2.211111	2.211111	2.211111	2.211111	2.211111	2.211111	0.04381822
2110	-54.67702	-55.56386	0.8868449	0.5671147	0.5671147	0.5671147	0.5671147	0.5671147	0.5671147	0.02837335
2120	-54.693	-55.37098	0.6779883	1.167005	1.167005	1.167005	1.167005	1.167005	1.167005	0.02148961
2130	-54.94782	-54.92268	-0.02514146	1.211515	1.211515	1.211515	1.211515	1.211515	1.211515	0.03998991
2140	-56.20649	-54.05395	-2.152539	2.307364	2.307364	2.307364	2.307364	2.307364	2.307364	0.03395914
2150	-55.00827	-55.75279	0.7445244	0.5134654	0.5134654	0.5134654	0.5134654	0.5134654	0.5134654	0.029714
2160	-55.43446	-56.03934	0.604872	0.3598328	0.3598328	0.3598328	0.3598328	0.3598328	0.3598328	0.0175277
2170	-54.78353	-54.603	-0.1805247	1.467966	1.467966	1.467966	1.467966	1.467966	1.467966	0.02807576
2180	-56.6118	-53.91145	-2.700348	2.507404	2.507404	2.507404	2.507404	2.507404	2.507404	0.0387203
2190	-59.46866	-55.30315	-4.165511	2.722395	2.722395	2.722395	2.722395	2.722395	2.722395	0.1079979
2200	-55.11089	-54.31467	-0.7962204	1.616335	1.616335	1.616335	1.616335	1.616335	1.616335	0.03808386
2210	-55.98972	-54.23884	-1.750881	2.167469	2.167469	2.167469	2.167469	2.167469	2.167469	0.03052886
2220	-54.28633	-55.45104	1.164708	0.6302116	0.6302116	0.6302116	0.6302116	0.6302116	0.6302116	0.02279247
2230	-55.89276	-55.06173	-0.8310364	1.488972	1.488972	1.488972	1.488972	1.488972	1.488972	0.05151564
2240	-56.11304	-55.53782	-0.5752176	1.343706	1.343706	1.343706	1.343706	1.343706	1.343706	0.05364736
2250	-55.57579	-54.26892	-1.30687	1.958332	1.958332	1.958332	1.958332	1.958332	1.958332	0.03057654
2260	-55.56858	-55.02204	-0.5465355	1.730808	1.730808	1.730808	1.730808	1.730808	1.730808	0.02325863
2270	-55.41281	-54.45245	-0.9603681	1.627372	1.627372	1.627372	1.627372	1.627372	1.627372	0.04384092
2280	-55.09305	-54.89202	-0.2010224	1.279727	1.279727	1.279727	1.279727	1.279727	1.279727	0.04185893
2290	-55.4497	-55.79706	0.3473586	0.9389588	0.9389588	0.9389588	0.9389588	0.9389588	0.9389588	0.0431251
2300	-55.97565	-55.74249	-0.2331553	1.191736	1.191736	1.191736	1.191736	1.191736	1.191736	0.05108148
2310	-54.80291	-54.80196	-0.0009475753	1.424185	1.424185	1.424185	1.424185	1.424185	1.424185	0.0256721
2320	-56.75118	-55.7665	-0.9846821	1.478831	1.478831	1.478831	1.478831	1.478831	1.478831	0.06134841
2330	-54.88788	-56.39109	1.503216	0.6240206	0.6240206	0.6240206	0.6240206	0.6240206	0.6240206	0.01618855
2340	-54.38511	-55.28307	0.89796	0.7685667	0.7685667	0.7685667	0.7685667	0.7685667	0.7685667	0.02946567
2350	-55.35436	-54.18274	-1.171619	1.85167	1.85167	1.85167	1.85167	1.85167	1.85167	0.03355817
2360	-54.28323	-55.09903	0.8158027	0.8882776	0.8882776	0.8882776	0.8882776	0.8882776	0.8882776	0.02875337
2370	-55.03291	-55.28078	0.2478686	1.050752	1.050752	1.050752	1.050752	1.050752	1.050752	0.04036214
2380	-56.36259	-56.88285	0.5202603	0.6710118	0.6710118	0.6710118	0.6710118	0.6710118	0.6710118	0.04402522
2390	-56.44959	-55.04368	-1.405911	2.134521	2.134521	2.134521	2.134521	2.134521	2.134521	0.02318735
2400	-55.54896	-54.52702	-1.021938	1.634322	1.634322	1.634322	1.634322	1.634322	1.634322	0.0459433
2410	-54.76116	-54.55612	-0.2050388	1.360512	1.360512	1.360512	1.360512	1.360512	1.360512	0.03582377
2420	-54.36638	-54.83786	0.4714795	1.126633	1.126633	1.126633	1.126633	1.126633	1.126633	0.02839347
2430	-54.32232	-55.24049	0.9181723	0.7827992	0.7827992	0.7827992	0.7827992	0.7827992	0.7827992	0.02862089
2440	-55.34097	-55.66927	0.3282976	0.9636318	0.9636318	0.9636318	0.9636318	0.9636318	0.9636318	0.04249764
2450	-54.4025	-54.99451	0.5920168	1.127036	1.127036	1.127036	1.127036	1.127036	1.127036	0.02515143
2460	-57.79378	-54.5872	-3.206578	2.447362	2.447362	2.447362	2.447362	2.447362	2.447362	0.07274028
2470	-61.0804	-54.10335	-6.977057	4.426455	4.426455	4.426455	4.426455	4.426455	4.426455	0.07706721
2480	-55.96477	-54.92295	-1.041826	1.58362	1.58362	1.58362	1.58362	1.58362	1.58362	0.05216982
2490	-54.69648	-55.39649	0.7000131	0.8301917	0.8301917	0.8301917	0.8301917	0.8301917	0.8301917	0.03428786
2500	-54.43222	-55.63154	1.199317	0.5616445	0.5616445	0.5616445	0.5616445	0.5616445	0.5616445	0.02060098
2510	-56.57532	-55.7576	-0.8177255	1.416629	1.416629	1.416629	1.416629	1.416629	1.416629	0.05900538
2520	-54.82959	-54.48974	-0.3398467	1.517124	1.517124	1.517124	1.517124	1.517124	1.517124	0.0297275
2530	-56.41623	-55.85643	-0.5598002	0.2792724	0.2792724	0.2792724	0.2792724	0.2792724	0.2792724	0.02563421
2540	-54.86105	-56.35574	1.494694	0.7390016	0.7390016	0.7390016	0.7390016	0.7390016	0.7390016	0.01646032
2550	-56.21866	-56.47891	0.2602441	0.4122897	0.4122897	0.4122897	0.4122897	0.4122897	0.4122897	0.03390718
2560	-55.15134	-55.7483	0.5969565	0.3771927	0.3771927	0.3771927	0.3771927	0.3771927	0.3771927	0.01987013
2570	-54.367	-55.425	1.058002	0.5995742	0.5995742	0.5995742	0.5995742	0.5995742	0.5995742	0.02480105
2580	-55.06088	-54.47667	-0.5842062	1.49603	1.49603	1.49603	1.49603	1.49603	1.49603	0.0396617
2590	-55.67268	-55.16748	-0.5051976	1.355143	1.355143	1.355143	1.355143	1.355143	1.355143	0.04888843
2600	-56.88574	-58.80227	1.916537	0.6436222	0.6436222	0.6436222	0.6436222	0.6436222	0.6436222	0.01081589
2610	-55.01538	-54.35887	-0.6565157	1.559797	1.559797	1.559797	1.559797	1.559797	1.559797	0.03731307
2620	-55.64849	-54.64446	-1.004035	1.60801	1.60801	1.60801	1.60801	1.60801	1.60801	0.04771354
2630	-55.40921	-54.18723	-1.221988	1.883654	1.883654	1.883654	1.883654	1.883654	1.883654	0.03295593
2640	-57.33158	-56.23895	-1.092626	2.105764	2.105764	2.105764	2.105764	2.105764	2.105764	0.01801921
2650	-54.65959	-55.04746	0.3878664	1.266941	1.266941	1.266941	1.266941	1.266941	1.266941	0.02381185
2660	-57.27013	-58.10665	0.8365265	1.354607	1.354607	1.354607	1.354607	1.354607	1.354607	0.0127929
2670	-55.04409	-55.30904	0.264942	1.039645	1.039645	1.039645	1.039645	1.039645	1.039645	0.04039227
2680	-54.50395	-54.67161	0.1676586	1.243767	1.243767	1.243767	1.243767	1.243767	1.243767	0.03102742
2690	-55.16681	-54.32785	-0.8389594	1.62227	1.62227	1.62227	1.62227	1.62227	1.62227	0.0392506
2700	-55.6541	-54.73382	-0.9202843	1.865953	1.865953	1.865953	1.865953	1.865953	1.865953	0.02531422
2710	-56.67343	-57.12248	0.4490475	0.5290075	0.5290075	0.5290075	0.5290075	0.5290075	0.5290075	0.04126834
2720	-55.15925	-54.37528	-0.7839747	1.723004	1.723004	1.723004	1.723004	1.723004	1.723004	0.02998719
2730	-54.77319	-54.90362	0.1304382	1.376604	1.376604	1.376604	1.376604	1.376604	1.376604	0.02479745
2740	-54.71905	-54.51826	-0.2007964	1.379684	1.379684	1.379684	1.379684	1.379684	1.379684	0.03432097
2750	-54.73197	-54.80166	0.06969792	1.385789	1.385789	1.385789	1.385789	1.385789	1.385789	0.02586565
2760	-54.49578	-55.45851	0.9627338	1.008151	1.008151	1.008151	1.008151	1.008151	1.008151	0.02111281
2770	-54.69688	-54.64422	-0.05265556	1.287403	1.287403	1.287403	1.287403	1.287403	1.287403	0.03555201
2780	-55.31077	-55.43718	0.1264111	1.078867	1.078867	1.078867	1.078867	1.078867	1.078867	0.0435156
2790	-55.42532	-57.04275	1.617429	0.765964	0.765964	0.765964	0.765964	0.765964	0.765964	0.01437156
2800	-56.19919	-55.66722	-0.5319671	1.31534	1.31534	1.31534	1.31534	1.31534	1.31534	0.0543525
2810	-54.84293	-54.45131	-0.3916187	1.452533	1.452533	1.452533	1.452533	1.452533	1.452533	0.03579676
2820	-56.34069	-55.41541	-0.9252855	1.487587	1.487587	1.487587	1.487587	1.487587	1.487587	0.05677013
2830	-54.60192	-54.75882	0.1568941	1.322969	1.322969	1.322969	1.322969	1.322969	1.322969	0.02688438
2840	-55.8804	-55.06385	-0.8165593	1.48334	1.48334	1.48334	1.48334	1.48334	1.48334	0.0513722
2850	-55.26577	-54.52399	-0.7417761	1.536668	1.536668	1.536668	1.536668	1.536668	1.536668	0.04265453
2860	-55.6554	-56.43009	0.774687	0.3683646	0.3683646	0.3683646	0.3683646	0.3683646	0.3683646	0.01569789
2870	-55.42169	-55.58838	0.1666872	1.461032	1.461032	1.461032	1.461032	1.461032	1.461032	0.02012616
2880	-55.34454	-55.41586	0.07132169	1.103799	1.103799	1.103799	1.103799	1.103799	1.103799	0.04407783
2890	-54.60862	-55.35652	0.7478938	0.8160232	0.8160232	0.8160232	0.8160232	0.8160232	0.8160232	0.03309311
2900	-57.23793	-54.01072	-3.227212	2.586716	2.586716	2.586716	2.586716	2.586716	2.586716	0.05570511
2910	-54.80355	-54.55612	-0.2474306	1.48978	1.48978	1.48978	1.48978	1.48978	1.48978	0.02869149
2920	-57.38753	-54.34142	-3.046104	2.804958	2.804958	2.804958	2.804958	2.804958	2.804958	0.02985699
2930	-55.84559	-54.53304	-1.312558	1.738403	1.738403	1.738403	1.738403	1.738403	1.738403	0.04922913
2940	-55.67652	-54.07394	-1.602572	2.030426	2.030426	2.030426	2.030426	2.030426	2.030426	0.03523012
2950	-55.73742	-54.89802	-0.8394011	1.511898	1.511898	1.511898	1.511898	1.511898	1.511898	0.04952767
2960	-57.11808	-56.8925	-0.2255755	1.099017	1.099017	1.099017	1.099017	1.099017	1.099017	0.05980236
2970	-54.37711	-55.02244	0.6453266	0.9625943	0.9625943	0.9625943	0.9625943	0.9625943	0.9625943	0.03099648
2980	-56.92599	-54.35076	-2.575237	2.582761	2.582761	2.582761	2.582761	2.582761	2.582761	0.0292595
2990	-55.01192	-54.48462	-0.5273024	1.621193	1.621193	1.621193	1.621193	1.621193	1.621193	0.02880616
3000	-55.35108	-54.7509	-0.6001739	1.715738	1.715738	1.715738	1.715738	1.715738	1.715738	0.02534216
3010	-54.31421	-55.14289	0.8286846	1.009857	1.009857	1.009857	1.009857	1.009857	1.009857	0.02407881
3020	-55.92703	-55.83584	-0.09118683	1.609492	1.609492	1.609492	1.609492	1.609492	1.609492	0.01909131
3030	-54.59344	-55.19019	0.5967517	0.926331	0.926331	0.926331	0.926331	0.926331	0.926331	0.03416645
3040	-54.72338	-56.01151	1.288128	0.8843251	0.8843251	0.8843251	0.8843251	0.8843251	0.8843251	0.01801069
3050	-57.22277	-54.09185	-3.130928	2.522296	2.522296	2.522296	2.522296	2.522296	2.522296	0.0577554
3060	-54.43785	-54.89047	0.4526182	1.182024	1.182024	1.182024	1.182024	1.182024	1.182024	0.026194
3070	-54.42454	-54.75889	0.3343441	1.172058	1.172058	1.172058	1.172058	1.172058	1.172058	0.03002486
3080	-54.33363	-55.40837	1.074743	0.6173048	0.6173048	0.6173048	0.6173048	0.6173048	0.6173048	0.02473855
3090	-55.0476	-55.76497	0.7173666	0.7301023	0.7301023	0.7301023	0.7301023	0.7301023	0.7301023	0.03592746
3100	-54.83399	-55.80656	0.9725703	1.066988	1.066988	1.066988	1.066988	1.066988	1.066988	0.01904271
3110	-55.81599	-57.22924	1.413253	0.9726065	0.9726065	0.9726065	0.9726065	0.9726065	0.9726065	0.01417939
3120	-54.67971	-54.69025	0.0105341	1.38687	1.38687	1.38687	1.38687	1.38687	1.38687	0.02738214
3130	-54.37291	-55.63631	1.2634	0.7928195	0.7928195	0.7928195	0.7928195	0.7928195	0.7928195	0.02012505
3140	-56.87906	-57.37936	0.500297	1.462284	1.462284	1.462284	1.462284	1.462284	1.462284	0.01437983
3150	-57.43728	-56.27313	-1.164142	1.506645	1.506645	1.506645	1.506645	1.506645	1.506645	0.06928475
3160	-54.44772	-55.28933	0.8416096	0.7914479	0.7914479	0.7914479	0.7914479	0.7914479	0.7914479	0.03071463
3170	-56.25581	-55.1168	-1.139002	1.597555	1.597555	1.597555	1.597555	1.597555	1.597555	0.05582807
3180	-54.42168	-55.23374	0.8120591	0.8254761	0.8254761	0.8254761	0.8254761	0.8254761	0.8254761	0.03078368
3190	-54.69156	-54.66555	-0.02601434	1.272662	1.272662	1.272662	1.272662	1.272662	1.272662	0.03562337
3200	-55.74253	-57.46508	1.722557	0.6704555	0.6704555	0.6704555	0.6704555	0.6704555	0.6704555	0.01322866
3210	-56.07214	-54.22751	-1.844627	2.209788	2.209788	2.209788	2.209788	2.209788	2.209788	0.03065615
3220	-56.01676	-54.65278	-1.363975	1.738674	1.738674	1.738674	1.738674	1.738674	1.738674	0.05179652
3230	-54.69036	-54.59914	-0.09122145	1.315133	1.315133	1.315133	1.315133	1.315133	1.315133	0.03499318
3240	-56.40073	-54.00531	-2.395424	2.407603	2.407603	2.407603	2.407603	2.407603	2.407603	0.03510737
3250	-54.79521	-56.15444	1.35923	0.8520793	0.8520793	0.8520793	0.8520793	0.8520793	0.8520793	0.01736674
3260	-54.97589	-55.69704	0.7211479	0.4033317	0.4033317	0.4033317	0.4033317	0.4033317	0.4033317	0.02042694
3270	-57.04398	-54.68445	-2.359533	2.107121	2.107121	2.107121	2.107121	2.107121	2.107121	0.06378127
3280	-57.03443	-54.34703	-2.687393	2.288531	2.288531	2.288531	2.288531	2.288531	2.288531	0.06031487
3290	-55.69302	-55.52202	-0.171004	1.188548	1.188548	1.188548	1.188548	1.188548	1.188548	0.04828663
3300	-55.40556	-54.17014	-1.235417	1.881489	1.881489	1.881489	1.881489	1.881489	1.881489	0.03355669
3310	-57.17186	-55.57483	-1.597035	2.279867	2.279867	2.279867	2.279867	2.279867	2.279867	0.02064439
3320	-54.25576	-55.11264	0.8568766	0.8763082	0.8763082	0.8763082	0.8763082	0.8763082	0.8763082	0.02797283
3330	-54.42077	-55.65441	1.233634	0.8383824	0.8383824	0.8383824	0.8383824	0.8383824	0.8383824	0.01995659
3340	-54.64608	-54.98524	0.3391579	1.280324	1.280324	1.280324	1.280324	1.280324	1.280324	0.02436053
3350	-55.23022	-54.49148	-0.73874	1.542818	1.542818	1.542818	1.542818	1.542818	1.542818	0.04198068
3360	-56.47014	-57.16967	0.6995274	1.351773	1.351773	1.351773	1.351773	1.351773	1.351773	0.01475473
3370	-56.51277	-54.35521	-2.157559	2.084127	2.084127	2.084127	2.084127	2.084127	2.084127	0.05473021
3380	-54.72797	-56.14546	1.417492	0.5908777	0.5908777	0.5908777	0.5908777	0.5908777	0.5908777	0.01716702
3390	-55.04667	-54.28279	-0.7638828	1.638251	1.638251	1.638251	1.638251	1.638251	1.638251	0.03519916
3400	-55.51235	-54.22447	-1.287877	1.934563	1.934563	1.934563	1.934563	1.934563	1.934563	0.03156631
3410	-55.90434	-56.81845	0.91411	1.215468	1.215468	1.215468	1.215468	1.215468	1.215468	0.01551748
3420	-58.02414	-58.16141	0.137276	0.4491334	0.4491334	0.4491334	0.4491334	0.4491334	0.4491334	0.04501093
3430	-57.48723	-59.00865	1.521414	1.066537	1.066537	1.066537	1.066537	1.066537	1.066537	0.01100758
3440	-55.47749	-56.77172	1.294225	0.9971282	0.9971282	0.9971282	0.9971282	0.9971282	0.9971282	0.01540966
3450	-54.20059	-55.30166	1.101076	0.7625192	0.7625192	0.7625192	0.7625192	0.7625192	0.7625192	0.02413148
3460	-55.34375	-54.2569	-1.08685	1.723616	1.723616	1.723616	1.723616	1.723616	1.723616	0.0405421
3470	-54.79729	-54.54452	-0.25277	1.48841	1.48841	1.48841	1.48841	1.48841	1.48841	0.02892727
3480	-54.30585	-54.92413	0.6182781	1.047406	1.047406	1.047406	1.047406	1.047406	1.047406	0.02801886
3490	-54.39081	-54.94657	0.5557577	1.017832	1.017832	1.017832	1.017832	1.017832	1.017832	0.03125026
3500	-54.31468	-55.02679	0.7121127	1.04937	1.04937	1.04937	1.04937	1.04937	1.04937	0.02542871
3510	-56.9009	-57.16189	0.2609907	0.8457968	0.8457968	0.8457968	0.8457968	0.8457968	0.8457968	0.05240746
3520	-55.08315	-54.2698	-0.8133511	1.682778	1.682778	1.682778	1.682778	1.682778	1.682778	0.0336454
3530	-58.33392	-54.96172	-3.372202	2.455289	2.455289	2.455289	2.455289	2.455289	2.455289	0.08444245
3540	-56.62713	-54.86684	-1.760288	1.857684	1.857684	1.857684	1.857684	1.857684	1.857684	0.05968459
3550	-57.59071	-55.52149	-2.069217	1.901757	1.901757	1.901757	1.901757	1.901757	1.901757	0.07396884
3560	-54.53957	-55.86528	1.32571	0.5835727	0.5835727	0.5835727	0.5835727	0.5835727	0.5835727	0.01867043
3570	-57.66946	-57.09427	-0.5751877	1.228387	1.228387	1.228387	1.228387	1.228387	1.228387	0.06715012
3580	-55.34684	-55.07511	-0.2717257	1.607203	1.607203	1.607203	1.607203	1.607203	1.607203	0.02297976
3590	-55.33281	-56.15929	0.8264802	1.194767	1.194767	1.194767	1.194767	1.194767	1.194767	0.01760498
3600	-54.26645	-55.40737	1.140918	0.6492125	0.6492125	0.6492125	0.6492125	0.6492125	0.6492125	0.02354132
3610	-54.64084	-56.0683	1.427461	0.6352123	0.6352123	0.6352123	0.6352123	0.6352123	0.6352123	0.01757177
3620	-56.02329	-54.40718	-1.616116	1.871973	1.871973	1.871973	1.871973	1.871973	1.871973	0.05011438
3630	-62.02619	-58.32147	-3.704724	2.240333	2.240333	2.240333	2.240333	2.240333	2.240333	0.184643
3640	-62.34731	-57.10906	-5.238243	2.858668	2.858668	2.858668	2.858668	2.858668	2.858668	0.2401195
3650	-57.30405	-55.30338	-2.000672	2.440939	2.440939	2.440939	2.440939	2.440939	2.440939	0.02207236
3660	-54.39667	-54.81744	0.4207731	1.115297	1.115297	1.115297	1.115297	1.115297	1.115297	0.03046727
3670	-55.34019	-54.87561	-0.4645789	1.377559	1.377559	1.377559	1.377559	1.377559	1.377559	0.0448727
3680	-54.9601	-55.15479	0.1946865	1.091155	1.091155	1.091155	1.091155	1.091155	1.091155	0.03981167
3690	-55.92605	-54.01894	-1.907109	2.092502	2.092502	2.092502	2.092502	2.092502	2.092502	0.04185196
3700	-54.8442	-54.83675	-0.007450012	1.43539	1.43539	1.43539	1.43539	1.43539	1.43539	0.02525301
3710	-54.2664	-55.3502	1.083803	0.6751289	0.6751289	0.6751289	0.6751289	0.6751289	0.6751289	0.02507149
3720	-55.32397	-55.85137	0.5274036	1.313803	1.313803	1.313803	1.313803	1.313803	1.313803	0.01889982
3730	-55.73958	-54.30496	-1.434623	1.827185	1.827185	1.827185	1.827185	1.827185	1.827185	0.04600275
3740	-54.88346	-54.39051	-0.4929557	1.510008	1.510008	1.510008	1.510008	1.510008	1.510008	0.03516419
3750	-58.91725	-54.02793	-4.889324	3.605869	3.605869	3.605869	3.605869	3.605869	3.605869	0.04046621
3760	-57.21867	-54.86745	-2.351218	2.079079	2.079079	2.079079	2.079079	2.079079	2.079079	0.06714289
3770	-55.03751	-55.15829	0.1207762	1.11901	1.11901	1.11901	1.11901	1.11901	1.11901	0.04086162
3780	-54.9324	-55.67826	0.7458626	0.7303779	0.7303779	0.7303779	0.7303779	0.7303779	0.7303779	0.03491493
3790	-54.45373	-55.28634	0.8326074	1.05421	1.05421	1.05421	1.05421	1.05421	1.05421	0.02236623
3800	-54.7377	-55.3753	0.6375986	1.190581	1.190581	1.190581	1.190581	1.190581	1.190581	0.0214302
3810	-56.511	-53.92331	-2.587687	2.382059	2.382059	2.382059	2.382059	2.382059	2.382059	0.04487739
3820	-55.13409	-54.45829	-0.6757988	1.530262	1.530262	1.530262	1.530262	1.530262	1.530262	0.04047017
3830	-54.44422	-55.53975	1.095529	0.9301024	0.9301024	0.9301024	0.9301024	0.9301024	0.9301024	0.02064727
3840	-55.09884	-54.40582	-0.6930251	1.551163	1.551163	1.551163	1.551163	1.551163	1.551163	0.03940877
3850	-54.64705	-55.05216	0.405112	1.031517	1.031517	1.031517	1.031517	1.031517	1.031517	0.03556418
3860	-54.71575	-55.41916	0.7034137	0.8229449	0.8229449	0.8229449	0.8229449	0.8229449	0.8229449	0.0343933
3870	-55.67779	-55.68304	0.005248441	0.320642	0.320642	0.320642	0.320642	0.320642	0.320642	0.02306519
3880	-54.92046	-54.37277	-0.5476991	1.582807	1.582807	1.582807	1.582807	1.582807	1.582807	0.03188359
3890	-55.11164	-56.40529	1.293656	0.4850394	0.4850394	0.4850394	0.4850394	0.4850394	0.4850394	0.01595187
3900	-54.37478	-55.4484	1.073621	0.5821716	0.5821716	0.5821716	0.5821716	0.5821716	0.5821716	0.02398542
3910	-55.0105	-54.80692	-0.2035825	1.530323	1.530323	1.530323	1.530323	1.530323	1.530323	0.02523477
3920	-56.25663	-55.80886	-0.4477663	0.2675502	0.2675502	0.2675502	0.2675502	0.2675502	0.2675502	0.01956516
3930	-55.54441	-54.99373	-0.5506854	1.728917	1.728917	1.728917	1.728917	1.728917	1.728917	0.02344981
3940	-56.31079	-56.05584	-0.2549455	1.173258	1.173258	1.173258	1.173258	1.173258	1.173258	0.05400785
3950	-54.3196	-55.25564	0.9360404	0.9682004	0.9682004	0.9682004	0.9682004	0.9682004	0.9682004	0.02299478
3960	-56.15955	-54.50135	-1.658201	1.871111	1.871111	1.871111	1.871111	1.871111	1.871111	0.05236505
3970	-54.5437	-54.90969	0.3659969	1.244877	1.244877	1.244877	1.244877	1.244877	1.244877	0.02539155
3980	-56.34988	-56.32242	-0.0274569	1.056561	1.056561	1.056561	1.056561	1.056561	1.056561	0.0526568
3990	-54.37757	-55.06252	0.6849453	0.9349812	0.9349812	0.9349812	0.9349812	0.9349812	0.9349812	0.03093167
4000	-54.5148	-54.65758	0.1427859	1.26103	1.26103	1.26103	1.26103	1.26103	1.26103	0.03077371
4010	-56.17919	-54.2247	-1.954486	2.035286	2.035286	2.035286	2.035286	2.035286	2.035286	0.049573
4020	-54.22627	-55.37653	1.150257	0.6978011	0.6978011	0.6978011	0.6978011	0.6978011	0.6978011	0.0234637
4030	-54.87412	-54.57694	-0.297184	1.524837	1.524837	1.524837	1.524837	1.524837	1.524837	0.02803061
4040	-54.27897	-55.27374	0.9947679	0.7420205	0.7420205	0.7420205	0.7420205	0.7420205	0.7420205	0.02710349
4050	-54.30655	-55.14316	0.8366103	0.857904	0.857904	0.857904	0.857904	0.857904	0.857904	0.02911423
4060	-55.90834	-54.29049	-1.617857	1.89645	1.89645	1.89645	1.89645	1.89645	1.89645	0.04763865
4070	-55.73157	-54.06469	-1.666881	2.060964	2.060964	2.060964	2.060964	2.060964	2.060964	0.03520127
4080	-55.13608	-55.11055	-0.02552597	1.181679	1.181679	1.181679	1.181679	1.181679	1.181679	0.04227978
4090	-56.40127	-54.09723	-2.304041	2.199795	2.199795	2.199795	2.199795	2.199795	2.199795	0.04956976
4100	-54.95527	-54.3608	-0.5944723	1.546034	1.546034	1.546034	1.546034	1.546034	1.546034	0.03609659
4110	-55.16778	-55.21037	0.0425894	1.473534	1.473534	1.473534	1.473534	1.473534	1.473534	0.02220399
4120	-57.34015	-55.8121	-1.52805	1.676857	1.676857	1.676857	1.676857	1.676857	1.676857	0.06962854
4130	-56.72945	-53.87588	-2.853577	2.529589	2.529589	2.529589	2.529589	2.529589	2.529589	0.04311347
4140	-55.20968	-55.94031	0.7306322	0.5654061	0.5654061	0.5654061	0.5654061	0.5654061	0.5654061	0.03309311
4150	-54.8418	-55.58157	0.7397757	0.7611529	0.7611529	0.7611529	0.7611529	0.7611529	0.7611529	0.03465895
4160	-56.84529	-56.26416	-0.5811282	1.286349	1.286349	1.286349	1.286349	1.286349	1.286349	0.06043232
4170	-55.1187	-55.66726	0.5485675	0.4167532	0.4167532	0.4167532	0.4167532	0.4167532	0.4167532	0.02597364
4180	-54.64842	-54.5691	-0.07932561	1.330307	1.330307	1.330307	1.330307	1.330307	1.330307	0.03355602
4190	-54.92107	-54.36372	-0.5573464	1.581731	1.581731	1.581731	1.581731	1.581731	1.581731	0.03226581
4200	-54.80069	-55.73086	0.9301699	1.080598	1.080598	1.080598	1.080598	1.080598	1.080598	0.01942311
4210	-55.76793	-54.89169	-0.8762428	1.868312	1.868312	1.868312	1.868312	1.868312	1.868312	0.0241015
4220	-55.47416	-55.1142	-0.3599625	1.654681	1.654681	1.654681	1.654681	1.654681	1.654681	0.02269692
4230	-55.00934	-54.76854	-0.2407982	1.315627	1.315627	1.315627	1.315627	1.315627	1.315627	0.04059947
4240	-55.4771	-54.19931	-1.277794	1.805287	1.805287	1.805287	1.805287	1.805287	1.805287	0.04121229
4250	-54.6106	-54.84567	0.235073	1.140789	1.140789	1.140789	1.140789	1.140789	1.140789	0.03507778
4260	-54.77635	-55.5433	0.7669419	0.7530205	0.7530205	0.7530205	0.7530205	0.7530205	0.7530205	0.03387052
4270	-57.90797	-56.20378	-1.70419	2.385987	2.385987	2.385987	2.385987	2.385987	2.385987	0.01839797
4280	-54.68961	-55.55176	0.8621558	1.091451	1.091451	1.091451	1.091451	1.091451	1.091451	0.02041335
4290	-55.01073	-54.51099	-0.499742	1.614384	1.614384	1.614384	1.614384	1.614384	1.614384	0.02842989
4300	-55.69857	-56.24421	0.5456397	0.4866135	0.4866135	0.4866135	0.4866135	0.4866135	0.4866135	0.03385507
4310	-55.11631	-54.25081	-0.8655067	1.678208	1.678208	1.678208	1.678208	1.678208	1.678208	0.0357932
4320	-54.83839	-55.18376	0.3453705	1.027684	1.027684	1.027684	1.027684	1.027684	1.027684	0.03798147
4330	-54.37697	-55.49594	1.118972	0.5707027	0.5707027	0.5707027	0.5707027	0.5707027	0.5707027	0.02260323
4340	-54.91493	-55.72756	0.8126352	0.6157965	0.6157965	0.6157965	0.6157965	0.6157965	0.6157965	0.03211772
4350	-55.58081	-55.60042	0.01961738	1.103789	1.103789	1.103789	1.103789	1.103789	1.103789	0.04641759
4360	-55.71205	-55.46045	-0.2515935	1.645396	1.645396	1.645396	1.645396	1.645396	1.645396	0.02077134
4370	-55.54346	-54.13226	-1.411208	1.877225	1.877225	1.877225	1.877225	1.877225	1.877225	0.04037278
4380	-55.49895	-54.75697	-0.7419854	1.49575	1.49575	1.49575	1.49575	1.49575	1.49575	0.0464672
4390	-54.82654	-56.32906	1.502522	0.6897175	0.6897175	0.6897175	0.6897175	0.6897175	0.6897175	0.01650436
4400	-55.09727	-54.43406	-0.6632036	1.533155	1.533155	1.533155	1.533155	1.533155	1.533155	0.03972246
4410	-54.21532	-55.21464	0.9993227	0.876622	0.876622	0.876622	0.876622	0.876622	0.876622	0.02425056
4420	-55.71864	-54.35087	-1.36777	2.009036	2.009036	2.009036	2.009036	2.009036	2.009036	0.02915904
4430	-54.41612	-55.04056	0.6244437	1.121468	1.121468	1.121468	1.121468	1.121468	1.121468	0.02458747
4440	-54.87797	-54.55506	-0.3229112	1.532155	1.532155	1.532155	1.532155	1.532155	1.532155	0.02832422
4450	-54.28321	-54.96511	0.6818961	1.019729	1.019729	1.019729	1.019729	1.019729	1.019729	0.02746625
4460	-55.61065	-56.41889	0.808245	1.231715	1.231715	1.231715	1.231715	1.231715	1.231715	0.0167299
4470	-55.95225	-54.07648	-1.875777	2.051568	2.051568	2.051568	2.051568	2.051568	2.051568	0.04425677
4480	-56.10644	-55.81596	-0.290479	1.207906	1.207906	1.207906	1.207906	1.207906	1.207906	0.05249466
4490	-55.30245	-56.62963	1.327179	0.9574526	0.9574526	0.9574526	0.9574526	0.9574526	0.9574526	0.01578691
4500	-55.58741	-54.86602	-0.7213903	1.472711	1.472711	1.472711	1.472711	1.472711	1.472711	0.0477488
4510	-55.90942	-54.17613	-1.733294	2.14196	2.14196	2.14196	2.14196	2.14196	2.14196	0.0316645
4520	-58.13028	-54.34016	-3.790122	2.727274	2.727274	2.727274	2.727274	2.727274	2.727274	0.07346863
4530	-54.86905	-54.98186	0.1128127	1.151319	1.151319	1.151319	1.151319	1.151319	1.151319	0.03890165
4540	-54.28824	-55.08694	0.7987063	0.8982438	0.8982438	0.8982438	0.8982438	0.8982438	0.8982438	0.02890903
4550	-55.42662	-54.62357	-0.8030514	1.539132	1.539132	1.539132	1.539132	1.539132	1.539132	0.04511639
4560	-57.01629	-53.87303	-3.143253	2.699939	2.699939	2.699939	2.699939	2.699939	2.699939	0.04066316
4570	-55.56292	-54.23763	-1.325287	1.958061	1.958061	1.958061	1.958061	1.958061	1.958061	0.03116298
4580	-54.20204	-55.25912	1.057083	0.8273514	0.8273514	0.8273514	0.8273514	0.8273514	0.8273514	0.02405368
4590	-56.46652	-56.08723	-0.3792966	0.2633538	0.2633538	0.2633538	0.2633538	0.2633538	0.2633538	0.01720364
4600	-55.40985	-55.33575	-0.07409795	1.171033	1.171033	1.171033	1.171033	1.171033	1.171033	0.04525598
4610	-56.7451	-55.19282	-1.552278	1.74332	1.74332	1.74332	1.74332	1.74332	1.74332	0.06191148
4620	-54.72582	-55.59551	0.8696961	0.5738296	0.5738296	0.5738296	0.5738296	0.5738296	0.5738296	0.02911843
4630	-55.23509	-55.46725	0.2321618	1.414487	1.414487	1.414487	1.414487	1.414487	1.414487	0.02074106
4640	-55.01122	-54.33747	-0.6737523	1.575815	1.575815	1.575815	1.575815	1.575815	1.575815	0.03670376
4650	-55.83703	-56.09306	0.256025	0.3912864	0.3912864	0.3912864	0.3912864	0.3912864	0.3912864	0.0304321
4660	-56.24776	-56.29729	0.04953112	0.3642972	0.3642972	0.3642972	0.3642972	0.3642972	0.3642972	0.03152359
4670	-54.52456	-55.77008	1.245522	0.8633937	0.8633937	0.8633937	0.8633937	0.8633937	0.8633937	0.01923203
4680	-58.77924	-54.13728	-4.641962	3.14315	3.14315	3.14315	3.14315	3.14315	3.14315	0.07563831
4690	-56.6095	-53.88692	-2.722579	2.480316	2.480316	2.480316	2.480316	2.480316	2.480316	0.04187095
4700	-54.28351	-55.33866	1.055147	0.6818448	0.6818448	0.6818448	0.6818448	0.6818448	0.6818448	0.02581353
4710	-54.52908	-54.77313	0.2440473	1.163647	1.163647	1.163647	1.163647	1.163647	1.163647	0.03336795
4720	-54.36034	-55.17579	0.8154537	1.033136	1.033136	1.033136	1.033136	1.033136	1.033136	0.02353395
4730	-54.66424	-54.55059	-0.1136521	1.399708	1.399708	1.399708	1.399708	1.399708	1.399708	0.03020574
4740	-54.51492	-55.03578	0.5208581	1.186582	1.186582	1.186582	1.186582	1.186582	1.186582	0.02426206
4750	-54.51527	-54.9726	0.4573334	1.034708	1.034708	1.034708	1.034708	1.034708	1.034708	0.03358504
4760	-54.38284	-55.28431	0.9014678	0.7664539	0.7664539	0.7664539	0.7664539	0.7664539	0.7664539	0.02939821
4770	-54.29251	-55.02849	0.7359783	1.02848	1.02848	1.02848	1.02848	1.02848	1.02848	0.02566798
4780	-54.68581	-56.04192	1.356111	0.5630952	0.5630952	0.5630952	0.5630952	0.5630952	0.5630952	0.01764787
4790	-54.86663	-55.63563	0.769005	0.4916385	0.4916385	0.4916385	0.4916385	0.4916385	0.4916385	0.02745921
4800	-55.46801	-55.63304	0.1650251	1.039575	1.039575	1.039575	1.039575	1.039575	1.039575	0.04464158
4810	-54.32728	-55.3505	1.023222	0.9302657	0.9302657	0.9302657	0.9302657	0.9302657	0.9302657	0.0221908
4820	-55.67945	-54.07296	-1.606482	1.969281	1.969281	1.969281	1.969281	1.969281	1.969281	0.04030327
4830	-56.13531	-55.10393	-1.031382	1.558865	1.558865	1.558865	1.558865	1.558865	1.558865	0.05438943
4840	-57.73353	-54.68549	-3.048043	2.37002	2.37002	2.37002	2.37002	2.37002	2.37002	0.07292498
4850	-56.82962	-53.94282	-2.886803	2.480211	2.480211	2.480211	2.480211	2.480211	2.480211	0.04935469
4860	-55.72428	-55.01134	-0.7129414	1.80775	1.80775	1.80775	1.80775	1.80775	1.80775	0.02330375
4870	-54.91153	-54.35501	-0.5565233	1.553361	1.553361	1.553361	1.553361	1.553361	1.553361	0.03422213
4880	-54.49594	-54.82742	0.3314832	1.120593	1.120593	1.120593	1.120593	1.120593	1.120593	0.03300714
4890	-55.86258	-54.19122	-1.671359	2.116029	2.116029	2.116029	2.116029	2.116029	2.116029	0.03144829
4900	-55.45751	-55.6653	0.2077887	1.449933	1.449933	1.449933	1.449933	1.449933	1.449933	0.01976293
4910	-56.13521	-56.58408	0.4488776	1.423762	1.423762	1.423762	1.423762	1.423762	1.423762	0.01638629
4920	-54.94469	-56.27856	1.333867	0.5138457	0.5138457	0.5138457	0.5138457	0.5138457	0.5138457	0.01649633
4930	-54.67362	-55.5591	0.8854832	0.6236594	0.6236594	0.6236594	0.6236594	0.6236594	0.6236594	0.03001845
4940	-56.70586	-56.41828	-0.2875794	1.158292	1.158292	1.158292	1.158292	1.158292	1.158292	0.05733405
4950	-55.39209	-54.4972	-0.8948895	1.595199	1.595199	1.595199	1.595199	1.595199	1.595199	0.0439538
4960	-55.16178	-56.52196	1.360179	0.5001128	0.5001128	0.5001128	0.5001128	0.5001128	0.5001128	0.01554664
4970	-55.39824	-56.08467	0.6864306	0.6649723	0.6649723	0.6649723	0.6649723	0.6649723	0.6649723	0.03724666
4980	-56.28793	-54.82877	-1.459157	2.132255	2.132255	2.132255	2.132255	2.132255	2.132255	0.02457344
4990	-55.15463	-54.52644	-0.6281918	1.497665	1.497665	1.497665	1.497665	1.497665	1.497665	0.04130452
5000	-59.47923	-54.6195	-4.859733	3.125276	3.125276	3.125276	3.125276	3.125276	3.125276	0.09735332
5010	-55.52922	-54.11421	-1.415011	1.949364	1.949364	1.949364	1.949364	1.949364	1.949364	0.03472834
5020	-56.85057	-54.21297	-2.637598	2.29749	2.29749	2.29749	2.29749	2.29749	2.29749	0.05631461
5030	-56.18175	-53.99476	-2.186993	2.197333	2.197333	2.197333	2.197333	2.197333	2.197333	0.04432467
5040	-54.48014	-54.87444	0.3943018	1.086354	1.086354	1.086354	1.086354	1.086354	1.086354	0.03287326
5050	-54.70529	-54.51132	-0.1939714	1.430445	1.430445	1.430445	1.430445	1.430445	1.430445	0.0307413
5060	-59.90473	-54.60053	-5.304192	3.96849	3.96849	3.96849	3.96849	3.96849	3.96849	0.03186923
5070	-55.67655	-54.44639	-1.23016	1.724012	1.724012	1.724012	1.724012	1.724012	1.724012	0.0467496
5080	-56.27637	-53.93972	-2.336645	2.335945	2.335945	2.335945	2.335945	2.335945	2.335945	0.03844853
5090	-57.94238	-54.24582	-3.696553	2.710462	2.710462	2.710462	2.710462	2.710462	2.710462	0.06922097
5100	-54.59093	-54.81493	0.2239967	1.301194	1.301194	1.301194	1.301194	1.301194	1.301194	0.02624214
5110	-54.47793	-55.847	1.369063	0.7176045	0.7176045	0.7176045	0.7176045	0.7176045	0.7176045	0.0187911
5120	-55.19539	-54.45202	-0.7433715	1.724705	1.724705	1.724705	1.724705	1.724705	1.724705	0.02868968
5130	-54.73767	-55.61082	0.8731522	1.095038	1.095038	1.095038	1.095038	1.095038	1.095038	0.0200675
5140	-54.80366	-54.44178	-0.3618863	1.502168	1.502168	1.502168	1.502168	1.502168	1.502168	0.03135251
5150	-55.61145	-55.60404	-0.007416351	1.114446	1.114446	1.114446	1.114446	1.114446	1.114446	0.0468204
5160	-54.65794	-55.44193	0.7839902	0.7715805	0.7715805	0.7715805	0.7715805	0.7715805	0.7715805	0.03296398
5170	-55.02477	-56.49263	1.467861	0.8190138	0.8190138	0.8190138	0.8190138	0.8190138	0.8190138	0.01606782
5180	-55.00141	-55.79768	0.7962679	0.4066484	0.4066484	0.4066484	0.4066484	0.4066484	0.4066484	0.01927985
5190	-54.65078	-55.47844	0.8276635	0.7309133	0.7309133	0.7309133	0.7309133	0.7309133	0.7309133	0.03216678
5200	-54.79086	-55.54316	0.752298	0.7629648	0.7629648	0.7629648	0.7629648	0.7629648	0.7629648	0.03419405
5210	-54.31085	-55.39465	1.083804	0.6319397	0.6319397	0.6319397	0.6319397	0.6319397	0.6319397	0.02473622
5220	-54.80818	-56.28455	1.476368	0.6212677	0.6212677	0.6212677	0.6212677	0.6212677	0.6212677	0.01660003
5230	-54.96207	-54.38302	-0.5790446	1.610431	1.610431	1.610431	1.610431	1.610431	1.610431	0.03103472
5240	-54.83563	-54.72284	-0.1127862	1.282422	1.282422	1.282422	1.282422	1.282422	1.282422	0.03812343
5250	-54.32302	-54.91569	0.5926721	1.07865	1.07865	1.07865	1.07865	1.07865	1.07865	0.02730912
5260	-55.62488	-54.09382	-1.531061	1.934303	1.934303	1.934303	1.934303	1.934303	1.934303	0.04027901
5270	-55.07457	-54.60538	-0.4691899	1.426705	1.426705	1.426705	1.426705	1.426705	1.426705	0.04079209
5280	-54.63344	-55.49374	0.8602999	0.6990272	0.6990272	0.6990272	0.6990272	0.6990272	0.6990272	0.03135264
5290	-56.4349	-54.95165	-1.483258	1.744204	1.744204	1.744204	1.744204	1.744204	1.744204	0.05767339
5300	-54.84032	-55.57725	0.7369287	0.4372011	0.4372011	0.4372011	0.4372011	0.4372011	0.4372011	0.02357013
5310	-54.91257	-56.03365	1.121086	0.4618446	0.4618446	0.4618446	0.4618446	0.4618446	0.4618446	0.01761993
5320	-56.95511	-57.4082	0.4530898	0.5944705	0.5944705	0.5944705	0.5944705	0.5944705	0.5944705	0.04519486
5330	-54.57353	-55.93847	1.364939	0.7826795	0.7826795	0.7826795	0.7826795	0.7826795	0.7826795	0.01831004
5340	-58.03264	-55.98586	-2.046781	1.851717	1.851717	1.851717	1.851717	1.851717	1.851717	0.08050685
5350	-55.17302	-54.51213	-0.6608938	1.698026	1.698026	1.698026	1.698026	1.698026	1.698026	0.0279648
5360	-54.80435	-54.42016	-0.3841951	1.487462	1.487462	1.487462	1.487462	1.487462	1.487462	0.03305521
5370	-56.43297	-53.91602	-2.516947	2.367401	2.367401	2.367401	2.367401	2.367401	2.367401	0.04311225
5380	-54.84077	-56.13149	1.290725	0.5121185	0.5121185	0.5121185	0.5121185	0.5121185	0.5121185	0.01715587
5390	-54.2861	-54.96666	0.6805662	1.00205	1.00205	1.00205	1.00205	1.00205	1.00205	0.02825514
5400	-54.5962	-55.76078	1.16458	0.929835	0.929835	0.929835	0.929835	0.929835	0.929835	0.01927635
5410	-56.14608	-55.80741	-0.3386717	1.227724	1.227724	1.227724	1.227724	1.227724	1.227724	0.05307293
5420	-55.07702	-54.70722	-0.3698054	1.59439	1.59439	1.59439	1.59439	1.59439	1.59439	0.02604335
5430	-54.8634	-55.46502	0.6016189	1.224881	1.224881	1.224881	1.224881	1.224881	1.224881	0.02083735
5440	-54.54864	-55.25186	0.7032206	0.8659154	0.8659154	0.8659154	0.8659154	0.8659154	0.8659154	0.03298985
5450	-55.69653	-55.86929	0.172765	1.010515	1.010515	1.010515	1.010515	1.010515	1.010515	0.04635123
5460	-57.51849	-54.58376	-2.934727	2.342341	2.342341	2.342341	2.342341	2.342341	2.342341	0.06899318
5470	-54.83083	-54.66831	-0.1625214	1.311977	1.311977	1.311977	1.311977	1.311977	1.311977	0.03781393
5480	-54.32632	-55.06398	0.7376601	0.9216237	0.9216237	0.9216237	0.9216237	0.9216237	0.9216237	0.02985542
5490	-55.69374	-54.10965	-1.584091	1.940628	1.940628	1.940628	1.940628	1.940628	1.940628	0.04190169
5500	-56.58376	-54.00556	-2.578199	2.334641	2.334641	2.334641	2.334641	2.334641	2.334641	0.04908764
5510	-54.76069	-54.60764	-0.1530466	1.45375	1.45375	1.45375	1.45375	1.45375	1.45375	0.02812835
5520	-56.35636	-54.28264	-2.073726	2.066945	2.066945	2.066945	2.066945	2.066945	2.066945	0.05220507
5530	-55.53839	-56.60751	1.069112	1.112042	1.112042	1.112042	1.112042	1.112042	1.112042	0.01602189
5540	-54.62446	-55.66121	1.036756	1.001006	1.001006	1.001006	1.001006	1.001006	1.001006	0.01981929
5550	-55.05013	-54.43979	-0.6103392	1.515156	1.515156	1.515156	1.515156	1.515156	1.515156	0.03912153
5560	-54.28652	-54.97595	0.6894273	0.9910232	0.9910232	0.9910232	0.9910232	0.9910232	0.9910232	0.0284702
5570	-55.94024	-54.28971	-1.650532	1.90851	1.90851	1.90851	1.90851	1.90851	1.90851	0.04796655
5580	-55.2224	-56.59574	1.373349	0.9197018	0.9197018	0.9197018	0.9197018	0.9197018	0.9197018	0.01584918
5590	-56.33911	-55.64713	-0.6919848	1.869089	1.869089	1.869089	1.869089	1.869089	1.869089	0.0200124
5600	-54.98586	-55.01026	0.02439504	1.178543	1.178543	1.178543	1.178543	1.178543	1.178543	0.04045267
5610	-54.21413	-55.13091	0.9167827	0.8866619	0.8866619	0.8866619	0.8866619	0.8866619	0.8866619	0.02604007
5620	-54.66797	-54.58894	-0.07902987	1.400008	1.400008	1.400008	1.400008	1.400008	1.400008	0.02916007
5630	-54.20291	-55.22518	1.022274	0.8472086	0.8472086	0.8472086	0.8472086	0.8472086	0.8472086	0.02444377
5640	-55.83722	-54.01219	-1.825026	2.082309	2.082309	2.082309	2.082309	2.082309	2.082309	0.03939956
5650	-54.21195	-55.2132	1.001241	0.8019712	0.8019712	0.8019712	0.8019712	0.8019712	0.8019712	0.02597938
5660	-55.97207	-54.73986	-1.232205	1.677687	1.677687	1.677687	1.677687	1.677687	1.677687	0.05170547
5670	-57.89363	-54.55669	-3.336944	2.503673	2.503673	2.503673	2.503673	2.503673	2.503673	0.07374888
5680	-54.75669	-56.03407	1.27738	0.5190458	0.5190458	0.5190458	0.5190458	0.5190458	0.5190458	0.01765707
5690	-55.12444	-55.61942	0.4949801	0.8917629	0.8917629	0.8917629	0.8917629	0.8917629	0.8917629	0.03946952
5700	-55.80665	-54.05951	-1.747137	2.017905	2.017905	2.017905	2.017905	2.017905	2.017905	0.04181245
5710	-57.88028	-54.35481	-3.525469	2.61686	2.61686	2.61686	2.61686	2.61686	2.61686	0.0705722
5720	-54.49612	-54.98211	0.485991	1.192778	1.192778	1.192778	1.192778	1.192778	1.192778	0.02483742
5730	-56.43397	-53.91085	-2.523113	2.377597	2.377597	2.377597	2.377597	2.377597	2.377597	0.04246471
5740	-54.9946	-55.81147	0.8168709	1.157291	1.157291	1.157291	1.157291	1.157291	1.157291	0.0190344
5750	-55.03435	-54.44082	-0.5935309	1.509767	1.509767	1.509767	1.509767	1.509767	1.509767	0.03890434
5760	-56.24641	-53.94026	-2.306157	2.279363	2.279363	2.279363	2.279363	2.279363	2.279363	0.04199821
5770	-54.53386	-55.27909	0.7452262	0.8394534	0.8394534	0.8394534	0.8394534	0.8394534	0.8394534	0.03249055
5780	-55.9239	-56.39333	0.4694353	0.7992112	0.7992112	0.7992112	0.7992112	0.7992112	0.7992112	0.04431012
5790	-55.92497	-54.38617	-1.538799	1.847567	1.847567	1.847567	1.847567	1.847567	1.847567	0.04887392
5800	-54.56849	-55.76382	1.195326	0.9060334	0.9060334	0.9060334	0.9060334	0.9060334	0.9060334	0.01926209
5810	-56.82081	-54.0366	-2.784215	2.607195	2.607195	2.607195	2.607195	2.607195	2.607195	0.03429989
5820	-55.35588	-54.16396	-1.191922	1.803088	1.803088	1.803088	1.803088	1.803088	1.803088	0.03799945
5830	-55.84554	-57.58748	1.741938	0.6877659	0.6877659	0.6877659	0.6877659	0.6877659	0.6877659	0.01299069
5840	-55.32122	-56.33547	1.014245	1.112686	1.112686	1.112686	1.112686	1.112686	1.112686	0.01690669
5850	-55.3425	-54.21615	-1.126349	1.752915	1.752915	1.752915	1.752915	1.752915	1.752915	0.03961785
5860	-54.32586	-54.90818	0.5823168	1.044466	1.044466	1.044466	1.044466	1.044466	1.044466	0.02918227
5870	-55.81808	-55.3096	-0.50848	1.74855	1.74855	1.74855	1.74855	1.74855	1.74855	0.02155778
5880	-54.5279	-54.69774	0.1698433	1.286287	1.286287	1.286287	1.286287	1.286287	1.286287	0.02852191
5890	-54.25977	-55.0109	0.7511295	0.9837892	0.9837892	0.9837892	0.9837892	0.9837892	0.9837892	0.02705235
5900	-55.41471	-56.09084	0.6761255	0.3676392	0.3676392	0.3676392	0.3676392	0.3676392	0.3676392	0.0172388
5910	-54.78988	-56.05662	1.266736	0.9109603	0.9109603	0.9109603	0.9109603	0.9109603	0.9109603	0.01782634
5920	-54.30931	-55.3981	1.088785	0.8882422	0.8882422	0.8882422	0.8882422	0.8882422	0.8882422	0.02188527
5930	-54.76544	-54.4502	-0.3152346	1.44943	1.44943	1.44943	1.44943	1.44943	1.44943	0.03337699
5940	-54.3452	-55.03404	0.6888354	0.9471511	0.9471511	0.9471511	0.9471511	0.9471511	0.9471511	0.03031478
5950	-57.2681	-55.41762	-1.850485	2.382436	2.382436	2.382436	2.382436	2.382436	2.382436	0.02145471
5960	-54.95745	-54.77963	-0.1778114	1.291777	1.291777	1.291777	1.291777	1.291777	1.291777	0.0399494
5970	-58.49361	-56.73283	-1.76078	1.691425	1.691425	1.691425	1.691425	1.691425	1.691425	0.08519088
5980	-56.20481	-54.24333	-1.961476	2.269538	2.269538	2.269538	2.269538	2.269538	2.269538	0.03037509
5990	-56.96886	-53.92722	-3.041644	2.687113	2.687113	2.687113	2.687113	2.687113	2.687113	0.0377026
6000	-57.10519	-54.28302	-2.822173	2.35382	2.35382	2.35382	2.35382	2.35382	2.35382	0.06018529
6010	-57.75065	-53.85012	-3.900533	2.95164	2.95164	2.95164	2.95164	2.95164	2.95164	0.05239988
6020	-55.21917	-54.9374	-0.2817654	1.301872	1.301872	1.301872	1.301872	1.301872	1.301872	0.04345814
6030	-55.82084	-54.03151	-1.78933	2.105771	2.105771	2.105771	2.105771	2.105771	2.105771	0.03616629
6040	-56.65309	-53.95695	-2.696135	2.533543	2.533543	2.533543	2.533543	2.533543	2.533543	0.03653416
6050	-54.76591	-54.53283	-0.2330731	1.377385	1.377385	1.377385	1.377385	1.377385	1.377385	0.03561175
6060	-55.19282	-56.20387	1.011045	1.098865	1.098865	1.098865	1.098865	1.098865	1.098865	0.01736895
6070	-54.85839	-55.39147	0.5330869	0.911601	0.911601	0.911601	0.911601	0.911601	0.911601	0.03709686
6080	-55.40446	-54.49576	-0.9087038	1.817533	1.817533	1.817533	1.817533	1.817533	1.817533	0.02775567
6090	-54.20924	-55.17205	0.9628131	0.842285	0.842285	0.842285	0.842285	0.842285	0.842285	0.02606636
6100	-54.91969	-55.08901	0.169318	1.391368	1.391368	1.391368	1.391368	1.391368	1.391368	0.02314996
6110	-58.65107	-54.56336	-4.087709	2.805195	2.805195	2.805195	2.805195	2.805195	2.805195	0.08456727
6120	-56.96638	-54.40068	-2.565699	2.231502	2.231502	2.231502	2.231502	2.231502	2.231502	0.06022187
6130	-55.56579	-56.19562	0.6298336	0.7041844	0.7041844	0.7041844	0.7041844	0.7041844	0.7041844	0.03945492
6140	-55.24152	-54.26074	-0.9807792	1.691138	1.691138	1.691138	1.691138	1.691138	1.691138	0.03907584
6150	-55.40193	-54.62386	-0.7780604	1.779327	1.779327	1.779327	1.779327	1.779327	1.779327	0.02643095
6160	-56.05952	-56.60066	0.5411468	0.5297165	0.5297165	0.5297165	0.5297165	0.5297165	0.5297165	0.03769
6170	-55.44911	-55.20006	-0.2490505	1.613103	1.613103	1.613103	1.613103	1.613103	1.613103	0.02218595
6180	-54.33196	-55.16164	0.8296768	0.8500087	0.8500087	0.8500087	0.8500087	0.8500087	0.8500087	0.02955314
6190	-54.75083	-55.335	0.5841693	0.8993096	0.8993096	0.8993096	0.8993096	0.8993096	0.8993096	0.03578105
6200	-57.37831	-54.75715	-2.62116	2.196008	2.196008	2.196008	2.196008	2.196008	2.196008	0.0686151
6210	-55.91607	-56.52	0.6039379	0.5973181	0.5973181	0.5973181	0.5973181	0.5973181	0.5973181	0.03897276
6220	-54.33728	-55.39761	1.060332	0.6261097	0.6261097	0.6261097	0.6261097	0.6261097	0.6261097	0.02524066
6230	-54.47219	-55.83681	1.364624	0.6537815	0.6537815	0.6537815	0.6537815	0.6537815	0.6537815	0.01885073
6240	-54.28286	-55.03077	0.747912	0.9425579	0.9425579	0.9425579	0.9425579	0.9425579	0.9425579	0.02875316
6250	-54.88812	-55.64472	0.7565932	1.167135	1.167135	1.167135	1.167135	1.167135	1.167135	0.0198604
6260	-56.85098	-54.03658	-2.814397	2.621634	2.621634	2.621634	2.621634	2.621634	2.621634	0.03432277
6270	-57.36404	-54.74292	-2.621121	2.198008	2.198008	2.198008	2.198008	2.198008	2.198008	0.06832265
6280	-58.80518	-57.59832	-1.206859	2.258011	2.258011	2.258011	2.258011	2.258011	2.258011	0.0146331
6290	-56.13399	-55.97483	-0.1591588	1.141153	1.141153	1.141153	1.141153	1.141153	1.141153	0.05199534
6300	-55.62797	-57.02136	1.393395	0.474747	0.474747	0.474747	0.474747	0.474747	0.474747	0.01399943
6310	-55.16419	-54.22893	-0.935268	1.729856	1.729856	1.729856	1.729856	1.729856	1.729856	0.03437883
6320	-55.57798	-54.34099	-1.236994	1.748912	1.748912	1.748912	1.748912	1.748912	1.748912	0.04463311
6330	-54.764	-54.518	-0.2459996	1.47222	1.47222	1.47222	1.47222	1.47222	1.47222	0.02971287
6340	-57.02416	-55.57475	-1.44941	1.668373	1.668373	1.668373	1.668373	1.668373	1.668373	0.06553473
6350	-54.81003	-55.22505	0.4150251	0.9924504	0.9924504	0.9924504	0.9924504	0.9924504	0.9924504	0.03738051
6360	-55.56187	-55.62421	0.06233931	1.083636	1.083636	1.083636	1.083636	1.083636	1.083636	0.04602556
6370	-54.34379	-55.02917	0.6853781	0.9503482	0.9503482	0.9503482	0.9503482	0.9503482	0.9503482	0.03028786
6380	-55.08271	-55.15283	0.07012096	1.139222	1.139222	1.139222	1.139222	1.139222	1.139222	0.0414838
6390	-56.03435	-54.13352	-1.900829	2.040145	2.040145	2.040145	2.040145	2.040145	2.040145	0.04649864
6400	-55.30571	-54.17744	-1.128272	1.818229	1.818229	1.818229	1.818229	1.818229	1.818229	0.0345193
6410	-56.24645	-55.40047	-0.845974	1.459213	1.459213	1.459213	1.459213	1.459213	1.459213	0.05561409
6420	-55.14323	-54.29606	-0.8471607	1.638577	1.638577	1.638577	1.638577	1.638577	1.638577	0.03822948
6430	-54.93259	-54.34442	-0.588178	1.563939	1.563939	1.563939	1.563939	1.563939	1.563939	0.03454628
6440	-54.21938	-55.30768	1.088298	0.7266861	0.7266861	0.7266861	0.7266861	0.7266861	0.7266861	0.02482026
6450	-54.76076	-55.70575	0.9449854	0.4498701	0.4498701	0.4498701	0.4498701	0.4498701	0.4498701	0.02012534
6460	-55.07282	-56.58504	1.512216	0.7897308	0.7897308	0.7897308	0.7897308	0.7897308	0.7897308	0.01572652
6470	-54.65449	-54.9501	0.2956118	1.093747	1.093747	1.093747	1.093747	1.093747	1.093747	0.03583181
6480	-55.71487	-56.48867	0.7738065	1.256129	1.256129	1.256129	1.256129	1.256129	1.256129	0.01652812
6490	-56.24611	-57.20376	0.9576579	1.226906	1.226906	1.226906	1.226906	1.226906	1.226906	0.01453971
6500	-57.22513	-54.10052	-3.124618	2.788342	2.788342	2.788342	2.788342	2.788342	2.788342	0.033391
6510	-54.64807	-54.53713	-0.1109376	1.378072	1.378072	1.378072	1.378072	1.378072	1.378072	0.03147376
6520	-54.84856	-56.16346	1.314907	0.5191695	0.5191695	0.5191695	0.5191695	0.5191695	0.5191695	0.01701128
6530	-54.77735	-54.44649	-0.3308678	1.451061	1.451061	1.451061	1.451061	1.451061	1.451061	0.03378913
6540	-55.13645	-55.89138	0.7549312	0.5869854	0.5869854	0.5869854	0.5869854	0.5869854	0.5869854	0.03316408
6550	-55.32751	-54.71631	-0.6111944	1.455102	1.455102	1.455102	1.455102	1.455102	1.455102	0.04435113
6560	-54.26233	-55.03904	0.7767138	0.9924329	0.9924329	0.9924329	0.9924329	0.9924329	0.9924329	0.02603617
6570	-54.37575	-55.02498	0.6492331	0.960502	0.960502	0.960502	0.960502	0.960502	0.960502	0.030966
6580	-56.06791	-53.98546	-2.082446	2.17008	2.17008	2.17008	2.17008	2.17008	2.17008	0.04229642
6590	-58.16445	-54.83064	-3.333811	2.458995	2.458995	2.458995	2.458995	2.458995	2.458995	0.08063982
6600	-55.667	-54.16774	-1.499263	1.888891	1.888891	1.888891	1.888891	1.888891	1.888891	0.04300149
6610	-55.20628	-54.85256	-0.3537224	1.340959	1.340959	1.340959	1.340959	1.340959	1.340959	0.0432249
6620	-54.73065	-54.72504	-0.005605521	1.248189	1.248189	1.248189	1.248189	1.248189	1.248189	0.03658689
6630	-54.54353	-55.29424	0.7507109	0.8324482	0.8324482	0.8324482	0.8324482	0.8324482	0.8324482	0.03252561
6640	-56.85642	-54.47275	-2.383677	2.149168	2.149168	2.149168	2.149168	2.149168	2.149168	0.05975665
6650	-55.49647	-54.11282	-1.383654	1.885774	1.885774	1.885774	1.885774	1.885774	1.885774	0.03856318
6660	-55.3517	-55.9635	0.6117995	0.7680442	0.7680442	0.7680442	0.7680442	0.7680442	0.7680442	0.03923972
6670	-54.65661	-55.67868	1.022063	1.014147	1.014147	1.014147	1.014147	1.014147	1.014147	0.01971523
6680	-56.13248	-54.10683	-2.025651	2.093773	2.093773	2.093773	2.093773	2.093773	2.093773	0.04699194
6690	-57.82796	-54.08847	-3.739489	3.078162	3.078162	3.078162	3.078162	3.078162	3.078162	0.03480166
6700	-54.26021	-55.00996	0.7497543	0.9844454	0.9844454	0.9844454	0.9844454	0.9844454	0.9844454	0.02706365
6710	-56.34054	-56.5824	0.2418591	0.9087387	0.9087387	0.9087387	0.9087387	0.9087387	0.9087387	0.04981386
6720	-54.66924	-54.68048	0.01123108	1.383015	1.383015	1.383015	1.383015	1.383015	1.383015	0.02757738
6730	-55.57819	-54.09507	-1.483122	1.975331	1.975331	1.975331	1.975331	1.975331	1.975331	0.03516798
6740	-55.02997	-54.586	-0.4439662	1.605182	1.605182	1.605182	1.605182	1.605182	1.605182	0.02741596
6750	-56.02518	-55.06251	-0.9626696	1.930843	1.930843	1.930843	1.930843	1.930843	1.930843	0.02298502
6760	-55.16962	-56.5361	1.366486	0.9158641	0.9158641	0.9158641	0.9158641	0.9158641	0.9158641	0.01603572
6770	-54.48005	-54.90263	0.4225772	1.068288	1.068288	1.068288	1.068288	1.068288	1.068288	0.03293488
6780	-54.28763	-55.45671	1.169072	0.6295386	0.6295386	0.6295386	0.6295386	0.6295386	0.6295386	0.02268475
6790	-55.59109	-55.24351	-0.3475869	1.286949	1.286949	1.286949	1.286949	1.286949	1.286949	0.04778986
6800	-55.77079	-54.15483	-1.61596	1.932894	1.932894	1.932894	1.932894	1.932894	1.932894	0.04398043
6810	-57.70959	-56.54022	-1.169364	2.165077	2.165077	2.165077	2.165077	2.165077	2.165077	0.01715389
6820	-54.31155	-54.93894	0.6273883	1.01855	1.01855	1.01855	1.01855	1.01855	1.01855	0.02905785
6830	-54.2486	-55.4627	1.214102	0.7003818	0.7003818	0.7003818	0.7003818	0.7003818	0.7003818	0.02200695
6840	-54.49426	-54.71869	0.2244305	1.25733	1.25733	1.25733	1.25733	1.25733	1.25733	0.02856357
6850	-54.49338	-55.85876	1.365376	0.7399298	0.7399298	0.7399298	0.7399298	0.7399298	0.7399298	0.01872582
6860	-55.90721	-55.16262	-0.7445921	1.445432	1.445432	1.445432	1.445432	1.445432	1.445432	0.05169975
6870	-54.42558	-54.89743	0.4718452	1.05855	1.05855	1.05855	1.05855	1.05855	1.05855	0.03185682
6880	-54.75942	-55.55699	0.7975716	0.7262948	0.7262948	0.7262948	0.7262948	0.7262948	0.7262948	0.03319855
6890	-55.003	-56.41049	1.40749	0.5346419	0.5346419	0.5346419	0.5346419	0.5346419	0.5346419	0.01599891
6900	-54.72422	-54.70039	-0.02382943	1.410007	1.410007	1.410007	1.410007	1.410007	1.410007	0.02703803
6910	-54.67488	-55.50767	0.8327973	0.7160696	0.7160696	0.7160696	0.7160696	0.7160696	0.7160696	0.03213703
6920	-56.7276	-54.07434	-2.653256	2.339853	2.339853	2.339853	2.339853	2.339853	2.339853	0.05233928
6930	-54.26701	-55.08274	0.815731	0.9005231	0.9005231	0.9005231	0.9005231	0.9005231	0.9005231	0.02834364
6940	-55.57482	-54.37803	-1.196794	1.932193	1.932193	1.932193	1.932193	1.932193	1.932193	0.02896473
6950	-56.48475	-54.95107	-1.533684	2.182721	2.182721	2.182721	2.182721	2.182721	2.182721	0.02378754
6960	-55.2704	-54.54439	-0.7260087	1.52698	1.52698	1.52698	1.52698	1.52698	1.52698	0.04284722
6970	-57.66393	-56.63234	-1.03159	1.432308	1.432308	1.432308	1.432308	1.432308	1.432308	0.07076804
6980	-54.62555	-54.94542	0.3198761	1.281701	1.281701	1.281701	1.281701	1.281701	1.281701	0.02476839
6990	-55.24078	-55.48511	0.2443231	1.023877	1.023877	1.023877	1.023877	1.023877	1.023877	0.04227058
7000	-54.50697	-55.29321	0.7862361	0.8161083	0.8161083	0.8161083	0.8161083	0.8161083	0.8161083	0.03184598
7010	-55.38809	-55.7347	0.3466055	0.3816866	0.3816866	0.3816866	0.3816866	0.3816866	0.3816866	0.02625123
7020	-55.44744	-54.27178	-1.175659	1.746753	1.746753	1.746753	1.746753	1.746753	1.746753	0.04217187
7030	-54.31806	-55.04864	0.7305865	1.045679	1.045679	1.045679	1.045679	1.045679	1.045679	0.02511199
7040	-54.95742	-54.59671	-0.3607102	1.393136	1.393136	1.393136	1.393136	1.393136	1.393136	0.03919054
7050	-54.527	-54.64568	0.1186853	1.27005	1.27005	1.27005	1.27005	1.27005	1.27005	0.03098048
7060	-54.46119	-55.30421	0.8430233	1.051826	1.051826	1.051826	1.051826	1.051826	1.051826	0.02222019
7070	-56.06652	-57.10958	1.043059	1.174626	1.174626	1.174626	1.174626	1.174626	1.174626	0.01471148
7080	-54.42007	-55.09854	0.6784649	1.104033	1.104033	1.104033	1.104033	1.104033	1.104033	0.02400861
7090	-54.36994	-55.37258	1.002638	0.6647596	0.6647596	0.6647596	0.6647596	0.6647596	0.6647596	0.02714825
7100	-55.44969	-55.78489	0.3351966	0.9461645	0.9461645	0.9461645	0.9461645	0.9461645	0.9461645	0.04323321
7110	-56.10614	-54.6107	-1.495435	1.793542	1.793542	1.793542	1.793542	1.793542	1.793542	0.05253642
7120	-58.27504	-58.22165	-0.05338367	0.9366386	0.9366386	0.9366386	0.9366386	0.9366386	0.9366386	0.06458117
7130	-55.23466	-54.45922	-0.7754438	1.562756	1.562756	1.562756	1.562756	1.562756	1.562756	0.04176477
7140	-54.47098	-55.76106	1.290079	0.8128421	0.8128421	0.8128421	0.8128421	0.8128421	0.8128421	0.01929396
7150	-54.21785	-55.27819	1.06034	0.8480876	0.8480876	0.8480876	0.8480876	0.8480876	0.8480876	0.02351034
7160	-57.30915	-56.91644	-0.3927172	1.166636	1.166636	1.166636	1.166636	1.166636	1.166636	0.0627365
7170	-54.73987	-55.55925	0.8193773	0.4575619	0.4575619	0.4575619	0.4575619	0.4575619	0.4575619	0.02347068
7180	-54.47999	-55.82186	1.341871	0.6181428	0.6181428	0.6181428	0.6181428	0.6181428	0.6181428	0.01895019
7190	-54.82599	-56.27807	1.452076	0.5913411	0.5913411	0.5913411	0.5913411	0.5913411	0.5913411	0.01659129
7200	-54.44166	-54.75677	0.3151042	1.165826	1.165826	1.165826	1.165826	1.165826	1.165826	0.03095675
7210	-54.62607	-54.56031	-0.06575908	1.340879	1.340879	1.340879	1.340879	1.340879	1.340879	0.03241476
7220	-54.77712	-55.02102	0.2439018	1.096461	1.096461	1.096461	1.096461	1.096461	1.096461	0.03755957
7230	-54.32248	-55.60578	1.283299	0.7186715	0.7186715	0.7186715	0.7186715	0.7186715	0.7186715	0.02046848
7240	-54.27126	-55.41697	1.145715	0.6438896	0.6438896	0.6438896	0.6438896	0.6438896	0.6438896	0.02338156
7250	-54.84944	-56.25869	1.409252	0.5589232	0.5589232	0.5589232	0.5589232	0.5589232	0.5589232	0.01663376
7260	-54.86879	-54.39539	-0.473405	1.546596	1.546596	1.546596	1.546596	1.546596	1.546596	0.03194295
7270	-54.69741	-54.52907	-0.1683381	1.425244	1.425244	1.425244	1.425244	1.425244	1.425244	0.03028423
7280	-54.94324	-56.22766	1.284421	0.4984135	0.4984135	0.4984135	0.4984135	0.4984135	0.4984135	0.01669738
7290	-55.08883	-55.54755	0.4587259	0.9201817	0.9201817	0.9201817	0.9201817	0.9201817	0.9201817	0.03953289
7300	-54.79161	-54.57327	-0.218335	1.357317	1.357317	1.357317	1.357317	1.357317	1.357317	0.03653678
7310	-55.13282	-55.52503	0.3922144	0.9540556	0.9540556	0.9540556	0.9540556	0.9540556	0.9540556	0.04040014
7320	-54.81865	-54.55499	-0.2636611	1.498752	1.498752	1.498752	1.498752	1.498752	1.498752	0.02862205
7330	-56.08021	-54.12554	-1.954664	2.062078	2.062078	2.062078	2.062078	2.062078	2.062078	0.04682841
7340	-55.03717	-55.81822	0.7810465	0.6102156	0.6102156	0.6102156	0.6102156	0.6102156	0.6102156	0.03301067
7350	-54.86804	-55.60389	0.7358484	0.4625689	0.4625689	0.4625689	0.4625689	0.4625689	0.4625689	0.02596515
7360	-56.37191	-55.79666	-0.5752516	0.2595833	0.2595833	0.2595833	0.2595833	0.2595833	0.2595833	0.01979298
7370	-55.15707	-54.29897	-0.8581049	1.733374	1.733374	1.733374	1.733374	1.733374	1.733374	0.03158772
7380	-55.08783	-55.47942	0.3915936	1.33647	1.33647	1.33647	1.33647	1.33647	1.33647	0.02069815
7390	-54.52852	-54.69316	0.1646395	1.287248	1.287248	1.287248	1.287248	1.287248	1.287248	0.02861708
7400	-54.3225	-55.28522	0.9627186	0.7420408	0.7420408	0.7420408	0.7420408	0.7420408	0.7420408	0.02798597
7410	-55.88639	-54.19029	-1.696103	1.949923	1.949923	1.949923	1.949923	1.949923	1.949923	0.04594542
7420	-57.89713	-54.54934	-3.347797	2.509223	2.509223	2.509223	2.509223	2.509223	2.509223	0.07370404
7430	-54.43061	-55.3564	0.925786	1.008395	1.008395	1.008395	1.008395	1.008395	1.008395	0.02189934
7440	-55.98643	-54.64424	-1.342185	1.731881	1.731881	1.731881	1.731881	1.731881	1.731881	0.05142046
7450	-55.34133	-55.28864	-0.05268345	1.168388	1.168388	1.168388	1.168388	1.168388	1.168388	0.04451069
7460	-55.45858	-56.88369	1.425113	0.9221085	0.9221085	0.9221085	0.9221085	0.9221085	0.9221085	0.01500368
7470	-54.75226	-55.58984	0.837587	0.5189535	0.5189535	0.5189535	0.5189535	0.5189535	0.5189535	0.0274051
7480	-55.8468	-54.45022	-1.396584	2.043445	2.043445	2.043445	2.043445	2.043445	2.043445	0.02788635
7490	-54.43543	-55.17587	0.7404414	1.085748	1.085748	1.085748	1.085748	1.085748	1.085748	0.02327872
7500	-58.31256	-56.44541	-1.867142	1.750349	1.750349	1.750349	1.750349	1.750349	1.750349	0.08355917
7510	-55.95791	-56.68694	0.7290351	1.296932	1.296932	1.296932	1.296932	1.296932	1.296932	0.01596955
7520	-54.93125	-54.46223	-0.4690219	1.466443	1.466443	1.466443	1.466443	1.466443	1.466443	0.03758299
7530	-57.17953	-56.02921	-1.150318	1.519764	1.519764	1.519764	1.519764	1.519764	1.519764	0.06648866
7540	-56.79307	-55.14948	-1.643589	1.781823	1.781823	1.781823	1.781823	1.781823	1.781823	0.06247252
7550	-59.88714	-55.96389	-3.923251	2.54699	2.54699	2.54699	2.54699	2.54699	2.54699	0.1212291
7560	-54.80194	-54.47241	-0.3295336	1.428689	1.428689	1.428689	1.428689	1.428689	1.428689	0.03533124
7570	-59.02876	-55.40079	-3.627975	2.498058	2.498058	2.498058	2.498058	2.498058	2.498058	0.09981287
7580	-66.0434	-55.77018	-10.27322	5.621951	5.621951	5.621951	5.621951	5.621951	5.621951	0.3127136
7590	-55.91871	-56.37598	0.4572671	0.8093528	0.8093528	0.8093528	0.8093528	0.8093528	0.8093528	0.04449842
7600	-54.48806	-55.2252	0.7371324	0.8593335	0.8593335	0.8593335	0.8593335	0.8593335	0.8593335	0.03211178
7610	-57.82961	-57.06872	-0.7608843	1.30212	1.30212	1.30212	1.30212	1.30212	1.30212	0.07013565
7620	-55.11653	-54.25404	-0.8624875	1.673108	1.673108	1.673108	1.673108	1.673108	1.673108	0.03607453
7630	-58.07654	-53.90515	-4.171381	3.211719	3.211719	3.211719	3.211719	3.211719	3.211719	0.04139747
7640	-56.8685	-56.83026	-0.03823767	1.021971	1.021971	1.021971	1.021971	1.021971	1.021971	0.05623926
7650	-54.595	-54.63436	0.03936321	1.272451	1.272451	1.272451	1.272451	1.272451	1.272451	0.03338251
7660	-56.5042	-55.33873	-1.165465	2.056144	2.056144	2.056144	2.056144	2.056144	2.056144	0.02154058
7670	-54.52386	-54.73382	0.2099651	1.189195	1.189195	1.189195	1.189195	1.189195	1.189195	0.03295005
7680	-57.93417	-53.84757	-4.086602	3.034836	3.034836	3.034836	3.034836	3.034836	3.034836	0.05359138
7690	-54.62331	-55.89074	1.267436	0.8747757	0.8747757	0.8747757	0.8747757	0.8747757	0.8747757	0.01858526
7700	-55.31181	-55.57784	0.2660294	1.002761	1.002761	1.002761	1.002761	1.002761	1.002761	0.0427232
7710	-55.30139	-55.96182	0.6604333	0.5070515	0.5070515	0.5070515	0.5070515	0.5070515	0.5070515	0.03184031
7720	-59.30962	-56.91614	-2.393475	1.903074	1.903074	1.903074	1.903074	1.903074	1.903074	0.1020111
7730	-58.17679	-55.18235	-2.994436	2.90126	2.90126	2.90126	2.90126	2.90126	2.90126	0.02339615
7740	-55.05426	-54.38791	-0.6663523	1.663606	1.663606	1.663606	1.663606	1.663606	1.663606	0.03025484
7750	-54.3042	-55.2572	0.9529981	0.7626523	0.7626523	0.7626523	0.7626523	0.7626523	0.7626523	0.02798091
7760	-59.06363	-54.09476	-4.968867	3.669177	3.669177	3.669177	3.669177	3.669177	3.669177	0.03901743
7770	-56.41219	-55.38757	-1.02462	1.996217	1.996217	1.996217	1.996217	1.996217	1.996217	0.02126363
7780	-56.21412	-55.7356	-0.4785157	1.779312	1.779312	1.779312	1.779312	1.779312	1.779312	0.01959007
7790	-54.68475	-54.90473	0.2199779	1.130054	1.130054	1.130054	1.130054	1.130054	1.130054	0.03629388
7800	-55.14002	-56.30474	1.164717	0.4524367	0.4524367	0.4524367	0.4524367	0.4524367	0.4524367	0.0163108
7810	-57.17897	-56.00339	-1.175584	2.12406	2.12406	2.12406	2.12406	2.12406	2.12406	0.01883095
7820	-55.17042	-54.30971	-0.8607116	1.635868	1.635868	1.635868	1.635868	1.635868	1.635868	0.03897437
7830	-56.15278	-57.59229	1.439507	0.9939607	0.9939607	0.9939607	0.9939607	0.9939607	0.9939607	0.01338893
7840	-54.97942	-54.98132	0.001902777	1.191594	1.191594	1.191594	1.191594	1.191594	1.191594	0.04039181
7850	-54.30274	-55.07151	0.7687709	0.9119367	0.9119367	0.9119367	0.9119367	0.9119367	0.9119367	0.02929545
7860	-55.5969	-56.99462	1.397724	0.9557152	0.9557152	0.9557152	0.9557152	0.9557152	0.9557152	0.01474698
7870	-54.21441	-55.26878	1.054373	0.7562139	0.7562139	0.7562139	0.7562139	0.7562139	0.7562139	0.02536911
7880	-55.25306	-54.46114	-0.7919261	1.567816	1.567816	1.567816	1.567816	1.567816	1.567816	0.04200931
7890	-54.32687	-54.98988	0.6630104	1.070128	1.070128	1.070128	1.070128	1.070128	1.070128	0.02581761
7900	-55.52335	-54.40419	-1.119151	1.900288	1.900288	1.900288	1.900288	1.900288	1.900288	0.02869498
7910	-56.64739	-55.88178	-0.7656155	1.386644	1.386644	1.386644	1.386644	1.386644	1.386644	0.05953107
7920	-54.38003	-54.83941	0.4593786	1.097496	1.097496	1.097496	1.097496	1.097496	1.097496	0.03022555
7930	-54.78639	-56.21383	1.427434	0.5829641	0.5829641	0.5829641	0.5829641	0.5829641	0.5829641	0.01685306
7940	-55.18597	-55.47601	0.2900429	1.005634	1.005634	1.005634	1.005634	1.005634	1.005634	0.04152886
7950	-54.67425	-54.80986	0.1356046	1.351145	1.351145	1.351145	1.351145	1.351145	1.351145	0.02596484
7960	-55.25535	-54.86843	-0.3869194	1.350467	1.350467	1.350467	1.350467	1.350467	1.350467	0.04384345
7970	-55.29694	-54.86281	-0.4341294	1.653837	1.653837	1.653837	1.653837	1.653837	1.653837	0.02448816
7980	-54.94855	-54.52713	-0.4214174	1.431071	1.431071	1.431071	1.431071	1.431071	1.431071	0.03854287
7990	-55.07631	-54.26558	-0.8107316	1.666341	1.666341	1.666341	1.666341	1.666341	1.666341	0.03475149
8000	-54.36847	-54.83634	0.4678705	1.129578	1.129578	1.129578	1.129578	1.129578	1.129578	0.02834903
8010	-54.99278	-55.19282	0.2000411	1.083075	1.083075	1.083075	1.083075	1.083075	1.083075	0.04014259
8020	-55.71131	-54.48247	-1.228838	1.71677	1.71677	1.71677	1.71677	1.71677	1.71677	0.04741474
8030	-55.59468	-57.26133	1.666641	0.60907	0.60907	0.60907	0.60907	0.60907	0.60907	0.0136036
8040	-54.25135	-55.46445	1.213093	0.7454223	0.7454223	0.7454223	0.7454223	0.7454223	0.7454223	0.02175608
8050	-56.76464	-56.39904	-0.3655989	1.19132	1.19132	1.19132	1.19132	1.19132	1.19132	0.05836027
8060	-55.31769	-54.16372	-1.153969	1.803592	1.803592	1.803592	1.803592	1.803592	1.803592	0.03654483
8070	-54.69889	-55.15244	0.4535501	0.9913849	0.9913849	0.9913849	0.9913849	0.9913849	0.9913849	0.03602456
8080	-55.44184	-55.85619	0.4143545	1.370475	1.370475	1.370475	1.370475	1.370475	1.370475	0.01890039
8090	-54.34147	-55.52274	1.181277	0.5955367	0.5955367	0.5955367	0.5955367	0.5955367	0.5955367	0.02184188
8100	-54.45732	-55.50683	1.049512	0.9573182	0.9573182	0.9573182	0.9573182	0.9573182	0.9573182	0.02084333
8110	-57.18484	-56.37519	-0.8096515	1.366273	1.366273	1.366273	1.366273	1.366273	1.366273	0.06482213
8120	-54.95428	-54.32909	-0.6251876	1.591179	1.591179	1.591179	1.591179	1.591179	1.591179	0.03384943
8130	-55.40886	-54.45032	-0.958535	1.832001	1.832001	1.832001	1.832001	1.832001	1.832001	0.02828424
8140	-55.11599	-54.2619	-0.8540915	1.706298	1.706298	1.706298	1.706298	1.706298	1.706298	0.03333191
8150	-55.98262	-55.47416	-0.5084519	1.324224	1.324224	1.324224	1.324224	1.324224	1.324224	0.05216474
8160	-58.37852	-54.60974	-3.768781	2.666475	2.666475	2.666475	2.666475	2.666475	2.666475	0.08135284
8170	-55.199	-54.33811	-0.8608873	1.62499	1.62499	1.62499	1.62499	1.62499	1.62499	0.03989027
8180	-55.05937	-56.46905	1.409682	0.8699313	0.8699313	0.8699313	0.8699313	0.8699313	0.8699313	0.01620662
8190	-54.44397	-54.89437	0.450397	1.185238	1.185238	1.185238	1.185238	1.185238	1.185238	0.02609773
8200	-54.80961	-55.27003	0.4604128	0.9655253	0.9655253	0.9655253	0.9655253	0.9655253	0.9655253	0.03713917
8210	-54.23242	-55.29939	1.066961	0.7238528	0.7238528	0.7238528	0.7238528	0.7238528	0.7238528	0.02537687
8220	-54.45585	-54.75384	0.2979914	1.221768	1.221768	1.221768	1.221768	1.221768	1.221768	0.02839582
8230	-54.26761	-55.40684	1.139227	0.835358	0.835358	0.835358	0.835358	0.835358	0.835358	0.02199494
8240	-55.16821	-55.90869	0.7404787	0.6531755	0.6531755	0.6531755	0.6531755	0.6531755	0.6531755	0.03518113
8250	-54.68942	-55.13025	0.4408255	1.254664	1.254664	1.254664	1.254664	1.254664	1.254664	0.02312369
8260	-55.55091	-54.08414	-1.466773	1.942218	1.942218	1.942218	1.942218	1.942218	1.942218	0.03713674
8270	-54.57367	-54.60655	0.0328779	1.298775	1.298775	1.298775	1.298775	1.298775	1.298775	0.03191992
8280	-54.95357	-54.56495	-0.3886279	1.410266	1.410266	1.410266	1.410266	1.410266	1.410266	0.03892025
8290	-54.67778	-55.56168	0.8838995	0.6241554	0.6241554	0.6241554	0.6241554	0.6241554	0.6241554	0.03007528
8300	-54.55886	-55.61376	1.054899	0.5000784	0.5000784	0.5000784	0.5000784	0.5000784	0.5000784	0.02109504
8310	-55.62793	-54.19759	-1.430336	1.997986	1.997986	1.997986	1.997986	1.997986	1.997986	0.03178309
8320	-55.41184	-54.15234	-1.259497	1.883364	1.883364	1.883364	1.883364	1.883364	1.883364	0.0342368
8330	-56.32161	-54.03544	-2.286164	2.214063	2.214063	2.214063	2.214063	2.214063	2.214063	0.04724444
8340	-54.35605	-55.63768	1.281635	0.7620301	0.7620301	0.7620301	0.7620301	0.7620301	0.7620301	0.0201504
8350	-54.98676	-55.11266	0.1259009	1.417375	1.417375	1.417375	1.417375	1.417375	1.417375	0.02293077
8360	-55.00373	-55.08529	0.0815555	1.435371	1.435371	1.435371	1.435371	1.435371	1.435371	0.02310336
8370	-54.56998	-55.82117	1.251182	0.5425212	0.5425212	0.5425212	0.5425212	0.5425212	0.5425212	0.01897456
8380	-55.65718	-54.06379	-1.59339	2.014673	2.014673	2.014673	2.014673	2.014673	2.014673	0.03610195
8390	-56.60019	-54.54092	-2.059267	2.015053	2.015053	2.015053	2.015053	2.015053	2.015053	0.05747864
8400	-55.43187	-55.66416	0.232289	1.006993	1.006993	1.006993	1.006993	1.006993	1.006993	0.04390738
8410	-57.19392	-56.08971	-1.104213	1.497962	1.497962	1.497962	1.497962	1.497962	1.497962	0.066445
8420	-55.27788	-54.29055	-0.9873293	1.680554	1.680554	1.680554	1.680554	1.680554	1.680554	0.04022894
8430	-54.98266	-55.77724	0.7945735	0.6156826	0.6156826	0.6156826	0.6156826	0.6156826	0.6156826	0.03270043
8440	-54.33938	-54.94441	0.605033	1.011951	1.011951	1.011951	1.011951	1.011951	1.011951	0.03001768
8450	-54.49346	-54.84825	0.3547886	1.106518	1.106518	1.106518	1.106518	1.106518	1.106518	0.03304321
8460	-56.63205	-56.36305	-0.2689982	1.154822	1.154822	1.154822	1.154822	1.154822	1.154822	0.05663119
8470	-57.99013	-55.73542	-2.254716	2.603847	2.603847	2.603847	2.603847	2.603847	2.603847	0.02033804
8480	-54.91184	-55.53175	0.6199096	0.8429555	0.8429555	0.8429555	0.8429555	0.8429555	0.8429555	0.03670455
8490	-55.58202	-56.15054	0.5685222	0.4863798	0.4863798	0.4863798	0.4863798	0.4863798	0.4863798	0.03306722
8500	-54.27479	-55.05396	0.7791751	0.9238527	0.9238527	0.9238527	0.9238527	0.9238527	0.9238527	0.02855993
8510	-57.68261	-57.26875	-0.4138614	0.325903	0.325903	0.325903	0.325903	0.325903	0.325903	0.03683827
8520	-54.55598	-55.36577	0.8097974	0.7805444	0.7805444	0.7805444	0.7805444	0.7805444	0.7805444	0.03194439
8530	-55.06264	-54.33701	-0.7256284	1.674951	1.674951	1.674951	1.674951	1.674951	1.674951	0.03133725
8540	-54.42187	-55.72243	1.300561	0.7812577	0.7812577	0.7812577	0.7812577	0.7812577	0.7812577	0.01954592
8550	-56.80652	-58.68068	1.874152	0.7619641	0.7619641	0.7619641	0.7619641	0.7619641	0.7619641	0.01114223
8560	-56.69445	-54.147	-2.54745	2.278717	2.278717	2.278717	2.278717	2.278717	2.278717	0.05353194
8570	-56.58723	-55.485	-1.102233	1.547374	1.547374	1.547374	1.547374	1.547374	1.547374	0.05980856
8580	-55.06567	-54.42536	-0.6403108	1.528852	1.528852	1.528852	1.528852	1.528852	1.528852	0.03917454
8590	-55.99123	-56.32915	0.3379159	0.8836164	0.8836164	0.8836164	0.8836164	0.8836164	0.8836164	0.04661792
8600	-54.60218	-55.47224	0.8700642	1.071775	1.071775	1.071775	1.071775	1.071775	1.071775	0.02093191
8610	-56.74363	-56.87521	0.1315745	0.4004907	0.4004907	0.4004907	0.4004907	0.4004907	0.4004907	0.03627967
8620	-54.53697	-54.64669	0.1097246	1.26122	1.26122	1.26122	1.26122	1.26122	1.26122	0.03179652
8630	-54.95745	-54.9771	0.01965248	1.185864	1.185864	1.185864	1.185864	1.185864	1.185864	0.0401026
8640	-58.63483	-53.87429	-4.76054	3.319221	3.319221	3.319221	3.319221	3.319221	3.319221	0.06077395
8650	-55.89684	-54.33874	-1.558101	2.097961	2.097961	2.097961	2.097961	2.097961	2.097961	0.02918086
8660	-57.26108	-53.95576	-3.305313	2.826752	2.826752	2.826752	2.826752	2.826752	2.826752	0.03703885
8670	-56.03571	-55.54529	-0.4904155	1.765782	1.765782	1.765782	1.765782	1.765782	1.765782	0.0204064
8680	-55.06384	-54.28984	-0.7739966	1.62807	1.62807	1.62807	1.62807	1.62807	1.62807	0.0363327
8690	-57.65578	-53.92437	-3.731413	2.829369	2.829369	2.829369	2.829369	2.829369	2.829369	0.05642045
8700	-60.90545	-58.61527	-2.290179	1.75707	1.75707	1.75707	1.75707	1.75707	1.75707	0.1257419
8710	-57.56039	-57.32286	-0.2375301	1.076016	1.076016	1.076016	1.076016	1.076016	1.076016	0.06291718
8720	-54.6045	-55.47975	0.8752502	1.070015	1.070015	1.070015	1.070015	1.070015	1.070015	0.02088441
8730	-54.30642	-55.43668	1.130266	0.6160079	0.6160079	0.6160079	0.6160079	0.6160079	0.6160079	0.02338109
8740	-58.18115	-57.52899	-0.6521618	0.22786	0.22786	0.22786	0.22786	0.22786	0.22786	0.012436
8750	-54.28259	-55.02329	0.7407064	1.019499	1.019499	1.019499	1.019499	1.019499	1.019499	0.02590673
8760	-56.05127	-57.38922	1.337953	1.036343	1.036343	1.036343	1.036343	1.036343	1.036343	0.01388588
8770	-55.36935	-55.89484	0.5254869	0.4414661	0.4414661	0.4414661	0.4414661	0.4414661	0.4414661	0.02963037
8780	-55.20981	-54.41329	-0.7965198	1.581535	1.581535	1.581535	1.581535	1.581535	1.581535	0.04100094
8790	-54.23618	-55.35942	1.123235	0.6876276	0.6876276	0.6876276	0.6876276	0.6876276	0.6876276	0.02411746
8800	-54.75218	-54.58352	-0.1686601	1.340367	1.340367	1.340367	1.340367	1.340367	1.340367	0.03596458
8810	-58.12861	-54.51338	-3.615229	2.621935	2.621935	2.621935	2.621935	2.621935	2.621935	0.0764033
8820	-55.46004	-55.47096	0.01092103	1.121627	1.121627	1.121627	1.121627	1.121627	1.121627	0.0453986
8830	-55.08272	-56.1649	1.082182	0.4406236	0.4406236	0.4406236	0.4406236	0.4406236	0.4406236	0.0169237
8840	-54.50315	-55.86379	1.360634	0.7537341	0.7537341	0.7537341	0.7537341	0.7537341	0.7537341	0.01869967
8850	-54.29518	-55.27478	0.9796034	0.9382692	0.9382692	0.9382692	0.9382692	0.9382692	0.9382692	0.02293757
8860	-54.96797	-54.54907	-0.4189045	1.424065	1.424065	1.424065	1.424065	1.424065	1.424065	0.03900175
8870	-55.02618	-56.32471	1.298531	0.9334329	0.9334329	0.9334329	0.9334329	0.9334329	0.9334329	0.0167807
8880	-54.28584	-55.54026	1.254419	0.6902568	0.6902568	0.6902568	0.6902568	0.6902568	0.6902568	0.02115161
8890	-54.69852	-54.53682	-0.1617008	1.362038	1.362038	1.362038	1.362038	1.362038	1.362038	0.03419946
8900	-54.68301	-55.09879	0.4157814	1.017202	1.017202	1.017202	1.017202	1.017202	1.017202	0.03598045
8910	-54.34151	-55.6243	1.282793	0.6509898	0.6509898	0.6509898	0.6509898	0.6509898	0.6509898	0.02043993
8920	-56.92757	-54.56561	-2.361952	2.125827	2.125827	2.125827	2.125827	2.125827	2.125827	0.06144333
8930	-54.86575	-54.38176	-0.4839813	1.53502	1.53502	1.53502	1.53502	1.53502	1.53502	0.03307541
8940	-56.66901	-56.23664	-0.4323669	1.230018	1.230018	1.230018	1.230018	1.230018	1.230018	0.05803374
8950	-54.29002	-55.02607	0.7360545	0.9461916	0.9461916	0.9461916	0.9461916	0.9461916	0.9461916	0.02895417
8960	-55.03064	-54.62028	-0.4103628	1.403765	1.403765	1.403765	1.403765	1.403765	1.403765	0.04030566
8970	-56.42182	-54.89355	-1.52827	1.767886	1.767886	1.767886	1.767886	1.767886	1.767886	0.05735195
8980	-54.79829	-54.42425	-0.3740361	1.482526	1.482526	1.482526	1.482526	1.482526	1.482526	0.03305797
8990	-54.24263	-55.44659	1.203966	0.7439392	0.7439392	0.7439392	0.7439392	0.7439392	0.7439392	0.02196959
9000	-54.39708	-55.14345	0.746373	0.8839106	0.8839106	0.8839106	0.8839106	0.8839106	0.8839106	0.0309754
9010	-54.65888	-55.41767	0.7587946	0.7932343	0.7932343	0.7932343	0.7932343	0.7932343	0.7932343	0.03332378
9020	-55.76648	-54.99832	-0.7681533	1.473062	1.473062	1.473062	1.473062	1.473062	1.473062	0.04999835
9030	-54.23628	-55.08195	0.8456684	0.9474766	0.9474766	0.9474766	0.9474766	0.9474766	0.9474766	0.02590307
9040	-54.31637	-55.16626	0.849897	1.002664	1.002664	1.002664	1.002664	1.002664	1.002664	0.0238318
9050	-54.43416	-55.38067	0.946514	0.6917364	0.6917364	0.6917364	0.6917364	0.6917364	0.6917364	0.02877695
9060	-55.27081	-54.48164	-0.7891692	1.562126	1.562126	1.562126	1.562126	1.562126	1.562126	0.04239804
9070	-55.16695	-54.38178	-0.7851772	1.587193	1.587193	1.587193	1.587193	1.587193	1.587193	0.04005772
9080	-54.27307	-55.05929	0.7862196	0.9195486	0.9195486	0.9195486	0.9195486	0.9195486	0.9195486	0.02851533
9090	-55.05769	-55.62397	0.5662831	0.3910404	0.3910404	0.3910404	0.3910404	0.3910404	0.3910404	0.02228296
9100	-54.82708	-55.64323	0.8161561	0.6746047	0.6746047	0.6746047	0.6746047	0.6746047	0.6746047	0.03276372
9110	-55.47311	-55.87124	0.3981229	0.341436	0.341436	0.341436	0.341436	0.341436	0.341436	0.01871232
9120	-55.34185	-55.69618	0.3543309	0.3781438	0.3781438	0.3781438	0.3781438	0.3781438	0.3781438	0.0254795
9130	-56.78036	-57.02654	0.2461818	0.2940085	0.2940085	0.2940085	0.2940085	0.2940085	0.2940085	0.01370677
9140	-55.52514	-54.22879	-1.29635	1.800408	1.800408	1.800408	1.800408	1.800408	1.800408	0.04242481
9150	-55.0018	-55.49826	0.4964599	0.9101922	0.9101922	0.9101922	0.9101922	0.9101922	0.9101922	0.03854792
9160	-54.68757	-54.53428	-0.1532869	1.363105	1.363105	1.363105	1.363105	1.363105	1.363105	0.03384028
9170	-54.8609	-54.5116	-0.3493015	1.415317	1.415317	1.415317	1.415317	1.415317	1.415317	0.03703576
9180	-54.43286	-55.38483	0.9519666	0.6855092	0.6855092	0.6855092	0.6855092	0.6855092	0.6855092	0.02862247
9190	-54.37283	-54.82363	0.4507982	1.122783	1.122783	1.122783	1.122783	1.122783	1.122783	0.02918294
9200	-55.77128	-55.61017	-0.1611105	1.175696	1.175696	1.175696	1.175696	1.175696	1.175696	0.04895225
9210	-54.27542	-55.50328	1.227862	0.7588529	0.7588529	0.7588529	0.7588529	0.7588529	0.7588529	0.02129958
9220	-54.22165	-55.15953	0.9378894	0.8435042	0.8435042	0.8435042	0.8435042	0.8435042	0.8435042	0.02669266
9230	-54.54667	-54.63015	0.08347301	1.278907	1.278907	1.278907	1.278907	1.278907	1.278907	0.03154463
9240	-54.47659	-55.76361	1.28702	0.8175043	0.8175043	0.8175043	0.8175043	0.8175043	0.8175043	0.01927767
9250	-54.25457	-55.39913	1.144568	0.6609551	0.6609551	0.6609551	0.6609551	0.6609551	0.6609551	0.02353647
9260	-54.36575	-54.97162	0.6058707	1.106886	1.106886	1.106886	1.106886	1.106886	1.106886	0.02568996
9270	-54.69693	-55.57561	0.8786757	0.6182106	0.6182106	0.6182106	0.6182106	0.6182106	0.6182106	0.03011597
9280	-58.83811	-60.81309	1.974981	0.4962275	0.4962275	0.4962275	0.4962275	0.4962275	0.4962275	0.008322835
9290	-56.80847	-55.42853	-1.379945	2.164667	2.164667	2.164667	2.164667	2.164667	2.164667	0.02119311
9300	-54.34399	-54.87141	0.5274115	1.076994	1.076994	1.076994	1.076994	1.076994	1.076994	0.02923149
9310	-54.68183	-55.56843	0.8866024	0.5994238	0.5994238	0.5994238	0.5994238	0.5994238	0.5994238	0.02943394
9320	-56.17763	-56.72798	0.5503508	0.666082	0.666082	0.666082	0.666082	0.666082	0.666082	0.04268538
9330	-55.85003	-57.56864	1.718617	0.7470955	0.7470955	0.7470955	0.7470955	0.7470955	0.7470955	0.01311336
9340	-54.99491	-55.44946	0.4545562	1.300136	1.300136	1.300136	1.300136	1.300136	1.300136	0.02088192
9350	-54.66348	-54.9763	0.3128275	1.081634	1.081634	1.081634	1.081634	1.081634	1.081634	0.03594784
9360	-56.18376	-54.09458	-2.089182	2.120916	2.120916	2.120916	2.120916	2.120916	2.120916	0.04726554
9370	-54.85529	-56.24862	1.393336	0.8404645	0.8404645	0.8404645	0.8404645	0.8404645	0.8404645	0.01697724
9380	-54.26785	-55.05279	0.7849458	0.9965469	0.9965469	0.9965469	0.9965469	0.9965469	0.9965469	0.02566533
9390	-56.83095	-58.74359	1.912639	0.6651506	0.6651506	0.6651506	0.6651506	0.6651506	0.6651506	0.01092867
9400	-54.37334	-55.12605	0.7527107	1.061497	1.061497	1.061497	1.061497	1.061497	1.061497	0.02394042
9410	-56.74803	-53.99873	-2.749301	2.577177	2.577177	2.577177	2.577177	2.577177	2.577177	0.03522369
9420	-57.05715	-55.11495	-1.942194	1.896599	1.896599	1.896599	1.896599	1.896599	1.896599	0.06586874
9430	-56.77793	-53.87995	-2.897989	2.579197	2.579197	2.579197	2.579197	2.579197	2.579197	0.04070145
9440	-59.94988	-54.05444	-5.895439	4.091211	4.091211	4.091211	4.091211	4.091211	4.091211	0.04640624
9450	-54.95888	-55.60465	0.6457696	0.8144024	0.8144024	0.8144024	0.8144024	0.8144024	0.8144024	0.0367011
9460	-55.68843	-54.0467	-1.641728	2.009081	2.009081	2.009081	2.009081	2.009081	2.009081	0.03834508
9470	-56.17087	-56.07754	-0.09332809	1.105098	1.105098	1.105098	1.105098	1.105098	1.105098	0.05185107
9480	-56.60494	-54.67387	-1.931076	1.947065	1.947065	1.947065	1.947065	1.947065	1.947065	0.05847156
9490	-54.97626	-54.54527	-0.4309903	1.42889	1.42889	1.42889	1.42889	1.42889	1.42889	0.03908794
9500	-54.2348	-55.16088	0.9260747	0.9255063	0.9255063	0.9255063	0.9255063	0.9255063	0.9255063	0.02460582
9510	-57.19317	-53.89553	-3.297633	2.667727	2.667727	2.667727	2.667727	2.667727	2.667727	0.05065829
9520	-57.06604	-54.07009	-2.995954	2.475146	2.475146	2.475146	2.475146	2.475146	2.475146	0.05562702
9530	-54.43346	-54.96872	0.5352614	1.013207	1.013207	1.013207	1.013207	1.013207	1.013207	0.03212504
9540	-55.19063	-54.21471	-0.9759149	1.729394	1.729394	1.729394	1.729394	1.729394	1.729394	0.03584035
9550	-55.33151	-55.78142	0.4499036	1.344532	1.344532	1.344532	1.344532	1.344532	1.344532	0.01921445
9560	-54.95098	-54.33076	-0.6202137	1.586792	1.586792	1.586792	1.586792	1.586792	1.586792	0.0339947
9570	-55.5647	-55.70869	0.143989	1.040119	1.040119	1.040119	1.040119	1.040119	1.040119	0.04555118
9580	-55.37131	-54.5377	-0.83361	1.789567	1.789567	1.789567	1.789567	1.789567	1.789567	0.02733546
9590	-54.55901	-55.25417	0.6951639	0.8687822	0.8687822	0.8687822	0.8687822	0.8687822	0.8687822	0.03315456
9600	-55.06976	-54.88888	-0.1808857	1.273027	1.273027	1.273027	1.273027	1.273027	1.273027	0.04156117
9610	-55.97873	-56.32363	0.3448989	1.450253	1.450253	1.450253	1.450253	1.450253	1.450253	0.01721943
9620	-54.61245	-54.96295	0.3505046	1.072092	1.072092	1.072092	1.072092	1.072092	1.072092	0.03517404
9630	-54.83275	-55.40305	0.5702995	0.8922284	0.8922284	0.8922284	0.8922284	0.8922284	0.8922284	0.03658598
9640	-56.37917	-55.22053	-1.158632	2.040155	2.040155	2.040155	2.040155	2.040155	2.040155	0.02213599
9650	-58.0048	-55.55193	-2.452863	2.03986	2.03986	2.03986	2.03986	2.03986	2.03986	0.08080698
9660	-56.1526	-54.90641	-1.246183	1.661427	1.661427	1.661427	1.661427	1.661427	1.661427	0.05427801
9670	-55.65441	-54.05871	-1.595696	2.008523	2.008523	2.008523	2.008523	2.008523	2.008523	0.03666366
9680	-58.7629	-58.52245	-0.2404562	1.87557	1.87557	1.87557	1.87557	1.87557	1.87557	0.0125654
9690	-55.77721	-54.31808	-1.459121	1.832915	1.832915	1.832915	1.832915	1.832915	1.832915	0.04656897
9700	-54.2612	-55.04112	0.7799203	0.9371549	0.9371549	0.9371549	0.9371549	0.9371549	0.9371549	0.02804853
9710	-54.97428	-55.67825	0.7039722	0.4716891	0.4716891	0.4716891	0.4716891	0.4716891	0.4716891	0.02762698
9720	-54.27477	-55.04414	0.7693604	1.0063	1.0063	1.0063	1.0063	1.0063	1.0063	0.025689
9730	-55.69354	-55.41344	-0.2800976	1.242487	1.242487	1.242487	1.242487	1.242487	1.242487	0.04867028
9740	-54.92057	-55.55599	0.6354193	0.8298699	0.8298699	0.8298699	0.8298699	0.8298699	0.8298699	0.03658645
9750	-54.24449	-55.24646	1.001976	0.7642835	0.7642835	0.7642835	0.7642835	0.7642835	0.7642835	0.02661955
9760	-54.40099	-54.89179	0.490799	1.057847	1.057847	1.057847	1.057847	1.057847	1.057847	0.03129456
9770	-57.75401	-54.25804	-3.495971	3.003476	3.003476	3.003476	3.003476	3.003476	3.003476	0.03157126
9780	-55.67202	-54.36297	-1.309051	1.769326	1.769326	1.769326	1.769326	1.769326	1.769326	0.04592034
9790	-55.39492	-55.81189	0.4169712	1.364292	1.364292	1.364292	1.364292	1.364292	1.364292	0.01908704
9800	-55.61906	-54.08124	-1.537826	1.946207	1.946207	1.946207	1.946207	1.946207	1.946207	0.03953262
9810	-61.72858	-58.23484	-3.493735	2.181183	2.181183	2.181183	2.181183	2.181183	2.181183	0.169435
9820	-54.5872	-54.60113	0.01393685	1.336365	1.336365	1.336365	1.336365	1.336365	1.336365	0.03020204
9830	-54.83132	-55.22189	0.3905626	1.002893	1.002893	1.002893	1.002893	1.002893	1.002893	0.03771317
9840	-56.45537	-55.52739	-0.9279737	1.478234	1.478234	1.478234	1.478234	1.478234	1.478234	0.05803808
9850	-55.81779	-54.10041	-1.717387	2.10739	2.10739	2.10739	2.10739	2.10739	2.10739	0.03354012
9860	-56.50528	-53.94778	-2.557506	2.354376	2.354376	2.354376	2.354376	2.354376	2.354376	0.04613616
9870	-54.87696	-55.33335	0.4563968	0.9558773	0.9558773	0.9558773	0.9558773	0.9558773	0.9558773	0.03779365
9880	-54.33034	-55.24669	0.9163474	0.9809269	0.9809269	0.9809269	0.9809269	0.9809269	0.9809269	0.02302819
9890	-54.63434	-54.94207	0.3077223	1.287795	1.287795	1.287795	1.287795	1.287795	1.287795	0.02477549
9900	-54.23325	-55.2634	1.030153	0.7517373	0.7517373	0.7517373	0.7517373	0.7517373	0.7517373	0.02604828
9910	-55.30198	-54.75991	-0.5420681	1.423286	1.423286	1.423286	1.423286	1.423286	1.423286	0.04418412
9920	-57.15832	-55.66204	-1.496272	2.241421	2.241421	2.241421	2.241421	2.241421	2.241421	0.02024029
9930	-54.83714	-55.6729	0.8357593	0.5981534	0.5981534	0.5981534	0.5981534	0.5981534	0.5981534	0.03093295
9940	-54.29806	-55.55852	1.260462	0.6753291	0.6753291	0.6753291	0.6753291	0.6753291	0.6753291	0.021012
9950	-54.72186	-55.58202	0.8601627	0.5379622	0.5379622	0.5379622	0.5379622	0.5379622	0.5379622	0.02782658
9960	-54.41942	-55.04716	0.6277327	0.9574531	0.9574531	0.9574531	0.9574531	0.9574531	0.9574531	0.0317733
9970	-54.48651	-55.83139	1.344879	0.7649795	0.7649795	0.7649795	0.7649795	0.7649795	0.7649795	0.01888476
9980	-54.97656	-55.14647	0.1699089	1.101999	1.101999	1.101999	1.101999	1.101999	1.101999	0.04006316
9990	-54.47586	-54.72172	0.2458527	1.194773	1.194773	1.194773	1.194773	1.194773	1.194773	0.03146254
10000	-55.30449	-55.79652	0.4920228	1.325249	1.325249	1.325249	1.325249	1.325249	1.325249	0.0191423
10010	-55.44656	-54.64673	-0.799826	1.793989	1.793989	1.793989	1.793989	1.793989	1.793989	0.0261786
10020	-54.27399	-55.00262	0.7286284	1.011852	1.011852	1.011852	1.011852	1.011852	1.011852	0.02653175
10030	-54.98942	-54.38069	-0.6087272	1.627278	1.627278	1.627278	1.627278	1.627278	1.627278	0.03084967
10040	-56.68432	-55.51878	-1.165536	1.567931	1.567931	1.567931	1.567931	1.567931	1.567931	0.06102359
10050	-54.60379	-55.98895	1.385162	0.6042661	0.6042661	0.6042661	0.6042661	0.6042661	0.6042661	0.01795487
10060	-57.17111	-55.35777	-1.813334	1.823389	1.823389	1.823389	1.823389	1.823389	1.823389	0.06773053
10070	-57.52078	-54.74213	-2.778653	2.741872	2.741872	2.741872	2.741872	2.741872	2.741872	0.02594299
10080	-54.52171	-54.66111	0.139398	1.248854	1.248854	1.248854	1.248854	1.248854	1.248854	0.03160817
10090	-54.76887	-54.44704	-0.3218232	1.470053	1.470053	1.470053	1.470053	1.470053	1.470053	0.03219746
10100	-55.03056	-55.43758	0.4070131	0.9604099	0.9604099	0.9604099	0.9604099	0.9604099	0.9604099	0.03945805
10110	-55.19757	-54.271	-0.9265741	1.758873	1.758873	1.758873	1.758873	1.758873	1.758873	0.03203327
10120	-54.3974	-54.91881	0.5214085	1.038306	1.038306	1.038306	1.038306	1.038306	1.038306	0.03132139
10130	-56.07734	-54.19591	-1.881432	2.01547	2.01547	2.01547	2.01547	2.01547	2.01547	0.04807144
10140	-58.13605	-55.04961	-3.086443	2.930035	2.930035	2.930035	2.930035	2.930035	2.930035	0.02422857
10150	-57.6587	-53.87642	-3.782285	2.879135	2.879135	2.879135	2.879135	2.879135	2.879135	0.05375312
10160	-54.63203	-54.54938	-0.08265321	1.357797	1.357797	1.357797	1.357797	1.357797	1.357797	0.03187031
10170	-59.97546	-55.20146	-4.773993	3.796252	3.796252	3.796252	3.796252	3.796252	3.796252	0.02550068
10180	-55.35536	-56.99588	1.640521	0.6703373	0.6703373	0.6703373	0.6703373	0.6703373	0.6703373	0.01435938
10190	-55.39529	-57.01854	1.623245	0.7492402	0.7492402	0.7492402	0.7492402	0.7492402	0.7492402	0.01441155
10200	-54.84425	-54.50772	-0.3365267	1.522934	1.522934	1.522934	1.522934	1.522934	1.522934	0.02927158
10210	-55.64485	-54.5724	-1.072454	1.644516	1.644516	1.644516	1.644516	1.644516	1.644516	0.04729013
10220	-62.83552	-56.36082	-6.4747	3.4097	3.4097	3.4097	3.4097	3.4097	3.4097	0.2844258
10230	-65.73525	-55.8675	-9.867748	4.338958	4.338958	4.338958	4.338958	4.338958	4.338958	1.60892
10240	-63.61174	-56.54273	-7.069012	3.478205	3.478205	3.478205	3.478205	3.478205	3.478205	0.4533001
10250	-56.64403	-53.93048	-2.713555	2.421711	2.421711	2.421711	2.421711	2.421711	2.421711	0.04686056
10260	-54.66939	-55.10905	0.4396624	1.251019	1.251019	1.251019	1.251019	1.251019	1.251019	0.02331293
10270	-55.37636	-56.0014	0.6250369	1.281377	1.281377	1.281377	1.281377	1.281377	1.281377	0.01826595
10280	-58.75014	-54.15026	-4.599878	3.509313	3.509313	3.509313	3.509313	3.509313	3.509313	0.03621632
10290	-58.86849	-54.80339	-4.065094	2.754536	2.754536	2.754536	2.754536	2.754536	2.754536	0.09154171
10300	-57.65644	-54.13177	-3.524672	2.669584	2.669584	2.669584	2.669584	2.669584	2.669584	0.06333044
10310	-55.29651	-55.0562	-0.2403091	1.589392	1.589392	1.589392	1.589392	1.589392	1.589392	0.02312271
10320	-54.45915	-55.75764	1.298499	0.8007036	0.8007036	0.8007036	0.8007036	0.8007036	0.8007036	0.01931759
10330	-55.43855	-55.66256	0.224003	0.3481986	0.3481986	0.3481986	0.3481986	0.3481986	0.3481986	0.02350979
10340	-54.3582	-55.01768	0.6594842	1.087415	1.087415	1.087415	1.087415	1.087415	1.087415	0.02517086
10350	-54.76482	-55.5664	0.8015817	0.4502929	0.4502929	0.4502929	0.4502929	0.4502929	0.4502929	0.02326556
10360	-54.30431	-55.01313	0.7088291	0.9567868	0.9567868	0.9567868	0.9567868	0.9567868	0.9567868	0.02932535
10370	-54.23774	-55.44019	1.202448	0.7202195	0.7202195	0.7202195	0.7202195	0.7202195	0.7202195	0.02218337
10380	-57.93844	-54.85862	-3.079823	2.356814	2.356814	2.356814	2.356814	2.356814	2.356814	0.07738674
10390	-54.33629	-54.89298	0.5566853	1.09474	1.09474	1.09474	1.09474	1.09474	1.09474	0.02755197
10400	-56.8426	-53.97275	-2.869854	2.625044	2.625044	2.625044	2.625044	2.625044	2.625044	0.03602824
10410	-54.37151	-55.66048	1.288971	0.6324446	0.6324446	0.6324446	0.6324446	0.6324446	0.6324446	0.02015333
10420	-55.36489	-54.72581	-0.6390818	1.463512	1.463512	1.463512	1.463512	1.463512	1.463512	0.04482061
10430	-58.85749	-53.99043	-4.867061	3.300115	3.300115	3.300115	3.300115	3.300115	3.300115	0.07010385
10440	-56.02472	-53.98501	-2.039711	2.210337	2.210337	2.210337	2.210337	2.210337	2.210337	0.03721671
10450	-55.21749	-54.21237	-1.00512	1.729802	1.729802	1.729802	1.729802	1.729802	1.729802	0.03687035
10460	-55.51	-56.17875	0.6687456	0.5698917	0.5698917	0.5698917	0.5698917	0.5698917	0.5698917	0.03541931
10470	-57.30098	-57.59349	0.292506	0.7852329	0.7852329	0.7852329	0.7852329	0.7852329	0.7852329	0.05341909
10480	-54.29598	-55.00221	0.7062386	0.9654441	0.9654441	0.9654441	0.9654441	0.9654441	0.9654441	0.02904832
10490	-55.11647	-54.24693	-0.8695442	1.687758	1.687758	1.687758	1.687758	1.687758	1.687758	0.03521484
10500	-54.92465	-55.47938	0.5547296	1.252077	1.252077	1.252077	1.252077	1.252077	1.252077	0.02073687
10510	-56.86824	-56.85088	-0.01736492	1.011043	1.011043	1.011043	1.011043	1.011043	1.011043	0.05601237
10520	-54.42966	-55.60828	1.178613	0.5569174	0.5569174	0.5569174	0.5569174	0.5569174	0.5569174	0.02088591
10530	-54.71241	-56.00253	1.290112	0.8806662	0.8806662	0.8806662	0.8806662	0.8806662	0.8806662	0.01804968
10540	-54.24014	-55.41257	1.172434	0.6800993	0.6800993	0.6800993	0.6800993	0.6800993	0.6800993	0.02295456
10550	-54.29813	-54.94528	0.6471552	1.044791	1.044791	1.044791	1.044791	1.044791	1.044791	0.02733594
10560	-54.20802	-55.3083	1.100279	0.8081701	0.8081701	0.8081701	0.8081701	0.8081701	0.8081701	0.0234154
10570	-54.37683	-55.5526	1.175766	0.5768205	0.5768205	0.5768205	0.5768205	0.5768205	0.5768205	0.02152034
10580	-55.13939	-55.08438	-0.05500495	1.503219	1.503219	1.503219	1.503219	1.503219	1.503219	0.02301678
10590	-54.87433	-54.38608	-0.4882479	1.514722	1.514722	1.514722	1.514722	1.514722	1.514722	0.03465657
10600	-55.8058	-55.44385	-0.361946	1.69522	1.69522	1.69522	1.69522	1.69522	1.69522	0.020863
10610	-55.26021	-55.95706	0.6968485	1.239564	1.239564	1.239564	1.239564	1.239564	1.239564	0.01842467
10620	-54.35182	-55.08712	0.735297	0.9107307	0.9107307	0.9107307	0.9107307	0.9107307	0.9107307	0.03033795
10630	-54.2361	-55.42971	1.193617	0.7019293	0.7019293	0.7019293	0.7019293	0.7019293	0.7019293	0.02245844
10640	-57.87672	-58.00131	0.1245946	0.8570489	0.8570489	0.8570489	0.8570489	0.8570489	0.8570489	0.05938997
10650	-57.32643	-57.32021	-0.006225401	0.9723976	0.9723976	0.9723976	0.9723976	0.9723976	0.9723976	0.05864875
10660	-54.34414	-54.86649	0.5223418	1.099163	1.099163	1.099163	1.099163	1.099163	1.099163	0.02830045
10670	-55.83678	-54.30372	-1.533054	1.862759	1.862759	1.862759	1.862759	1.862759	1.862759	0.04703884
10680	-54.99828	-54.60539	-0.3928938	1.401435	1.401435	1.401435	1.401435	1.401435	1.401435	0.03979583
10690	-55.01476	-54.73218	-0.2825756	1.337092	1.337092	1.337092	1.337092	1.337092	1.337092	0.04056781
10700	-55.26733	-55.5769	0.3095732	1.38991	1.38991	1.38991	1.38991	1.38991	1.38991	0.02018004
10710	-54.28382	-55.51712	1.233306	0.6601902	0.6601902	0.6601902	0.6601902	0.6601902	0.6601902	0.02153391
10720	-54.7148	-55.89747	1.182669	0.4978062	0.4978062	0.4978062	0.4978062	0.4978062	0.4978062	0.0184568
10730	-55.06428	-54.3076	-0.7566809	1.67689	1.67689	1.67689	1.67689	1.67689	1.67689	0.03219259
10740	-58.10892	-53.83796	-4.270954	3.12957	3.12957	3.12957	3.12957	3.12957	3.12957	0.05358377
10750	-54.39109	-55.24281	0.8517238	0.8058168	0.8058168	0.8058168	0.8058168	0.8058168	0.8058168	0.03007884
10760	-54.97991	-54.88243	-0.09748283	1.244426	1.244426	1.244426	1.244426	1.244426	1.244426	0.04039706
10770	-55.67017	-56.20423	0.5340573	0.7824186	0.7824186	0.7824186	0.7824186	0.7824186	0.7824186	0.04203508
10780	-54.52737	-55.37991	0.8525369	0.7511749	0.7511749	0.7511749	0.7511749	0.7511749	0.7511749	0.0311195
10790	-56.05198	-55.02097	-1.03101	1.568012	1.568012	1.568012	1.568012	1.568012	1.568012	0.05333344
10800	-56.6068	-53.91354	-2.693263	2.505458	2.505458	2.505458	2.505458	2.505458	2.505458	0.03860176
10810	-54.47036	-54.80737	0.3370092	1.225171	1.225171	1.225171	1.225171	1.225171	1.225171	0.02713458
10820	-56.1146	-54.04471	-2.06989	2.132416	2.132416	2.132416	2.132416	2.132416	2.132416	0.0452434
10830	-55.59088	-54.08988	-1.500997	1.930354	1.930354	1.930354	1.930354	1.930354	1.930354	0.0394178
10840	-58.12967	-55.75943	-2.370239	1.989547	1.989547	1.989547	1.989547	1.989547	1.989547	0.08283651
10850	-54.64019	-55.5389	0.8987153	0.5489658	0.5489658	0.5489658	0.5489658	0.5489658	0.5489658	0.02728834
10860	-54.99158	-55.15416	0.1625799	1.103598	1.103598	1.103598	1.103598	1.103598	1.103598	0.04024734
10870	-55.25838	-54.49644	-0.7619449	1.745124	1.745124	1.745124	1.745124	1.745124	1.745124	0.02798083
10880	-55.02207	-56.49126	1.469185	0.5622391	0.5622391	0.5622391	0.5622391	0.5622391	0.5622391	0.01574186
10890	-56.15118	-56.02722	-0.1239572	1.122151	1.122151	1.122151	1.122151	1.122151	1.122151	0.05190656
10900	-60.52147	-54.75398	-5.767489	3.516626	3.516626	3.516626	3.516626	3.516626	3.516626	0.1148394
10910	-54.50583	-54.66683	0.1609972	1.252749	1.252749	1.252749	1.252749	1.252749	1.252749	0.03070292
10920	-55.67785	-56.16313	0.4852802	0.8199166	0.8199166	0.8199166	0.8199166	0.8199166	0.8199166	0.04288939
10930	-54.28133	-55.32209	1.040757	0.6971001	0.6971001	0.6971001	0.6971001	0.6971001	0.6971001	0.02618046
10940	-57.73984	-58.21036	0.4705166	0.2965804	0.2965804	0.2965804	0.2965804	0.2965804	0.2965804	0.0112795
10950	-54.28263	-55.36043	1.077801	0.8821547	0.8821547	0.8821547	0.8821547	0.8821547	0.8821547	0.02228155
10960	-56.14932	-54.17886	-1.970466	2.052658	2.052658	2.052658	2.052658	2.052658	2.052658	0.04853924
10970	-55.99464	-55.75366	-0.2409757	1.193825	1.193825	1.193825	1.193825	1.193825	1.193825	0.05128415
10980	-54.56749	-55.18058	0.6130934	0.9222354	0.9222354	0.9222354	0.9222354	0.9222354	0.9222354	0.03378961
10990	-54.3366	-55.63162	1.29502	0.7093729	0.7093729	0.7093729	0.7093729	0.7093729	0.7093729	0.0202702
11000	-57.69913	-56.67992	-1.019204	0.2620673	0.2620673	0.2620673	0.2620673	0.2620673	0.2620673	0.03201457
11010	-56.18746	-53.95691	-2.230547	2.239189	2.239189	2.239189	2.239189	2.239189	2.239189	0.04237924
11020	-54.62385	-55.0741	0.4502503	1.010045	1.010045	1.010045	1.010045	1.010045	1.010045	0.0351449
11030	-54.29863	-55.19138	0.8927513	0.9777373	0.9777373	0.9777373	0.9777373	0.9777373	0.9777373	0.02368705
11040	-54.90536	-54.58091	-0.3244492	1.385922	1.385922	1.385922	1.385922	1.385922	1.385922	0.0383515
11050	-60.43434	-56.28273	-4.151604	2.597847	2.597847	2.597847	2.597847	2.597847	2.597847	0.1372304
11060	-54.56198	-54.61171	0.04972978	1.300586	1.300586	1.300586	1.300586	1.300586	1.300586	0.03127521
11070	-56.14475	-55.79659	-0.3481535	1.232409	1.232409	1.232409	1.232409	1.232409	1.232409	0.05310554
11080	-55.09648	-55.03099	-0.06549525	1.208393	1.208393	1.208393	1.208393	1.208393	1.208393	0.04188037
11090	-55.46445	-55.58256	0.1181032	1.065081	1.065081	1.065081	1.065081	1.065081	1.065081	0.04489348
11100	-55.37316	-55.15054	-0.2226192	1.250718	1.250718	1.250718	1.250718	1.250718	1.250718	0.04523476
11110	-57.79934	-54.13677	-3.662565	3.054617	3.054617	3.054617	3.054617	3.054617	3.054617	0.0337396
11120	-55.18264	-54.25642	-0.9262263	1.679861	1.679861	1.679861	1.679861	1.679861	1.679861	0.03790028
11130	-56.44791	-55.01293	-1.434978	1.719177	1.719177	1.719177	1.719177	1.719177	1.719177	0.05797076
11140	-54.66	-55.8292	1.169201	0.5025119	0.5025119	0.5025119	0.5025119	0.5025119	0.5025119	0.01893216
11150	-55.3627	-54.94635	-0.4163505	1.349843	1.349843	1.349843	1.349843	1.349843	1.349843	0.04520936
11160	-54.62645	-54.63274	0.006285716	1.365759	1.365759	1.365759	1.365759	1.365759	1.365759	0.02869561
11170	-57.12492	-54.65604	-2.468882	2.152741	2.152741	2.152741	2.152741	2.152741	2.152741	0.06458006
11180	-55.92078	-54.288	-1.632784	2.12242	2.12242	2.12242	2.12242	2.12242	2.12242	0.02985004
11190	-54.49561	-54.89695	0.4013417	1.076082	1.076082	1.076082	1.076082	1.076082	1.076082	0.03320955
11200	-55.60228	-54.06964	-1.532641	1.973642	1.973642	1.973642	1.973642	1.973642	1.973642	0.03708704
11210	-54.67728	-55.54515	0.8678784	0.5102883	0.5102883	0.5102883	0.5102883	0.5102883	0.5102883	0.02607425
11220	-57.40285	-54.46166	-2.941188	2.776514	2.776514	2.776514	2.776514	2.776514	2.776514	0.02846378
11230	-56.70409	-56.60987	-0.09422346	1.062956	1.062956	1.062956	1.062956	1.062956	1.062956	0.05570723
11240	-56.93308	-55.83316	-1.099915	1.516502	1.516502	1.516502	1.516502	1.516502	1.516502	0.06365257
11250	-54.35248	-55.25395	0.9014739	0.9952994	0.9952994	0.9952994	0.9952994	0.9952994	0.9952994	0.02288476
11260	-55.74892	-55.74473	-0.00418561	1.09868	1.09868	1.09868	1.09868	1.09868	1.09868	0.04795341
11270	-56.61837	-55.71655	-0.9018198	1.451849	1.451849	1.451849	1.451849	1.451849	1.451849	0.05970814
11280	-56.12302	-54.36212	-1.760899	1.934062	1.934062	1.934062	1.934062	1.934062	1.934062	0.0507131
11290	-55.35565	-54.29934	-1.056309	1.699176	1.699176	1.699176	1.699176	1.699176	1.699176	0.04142613
11300	-56.4915	-56.74306	0.2515594	0.8889259	0.8889259	0.8889259	0.8889259	0.8889259	0.8889259	0.05051391
11310	-56.32678	-54.55994	-1.766841	1.902278	1.902278	1.902278	1.902278	1.902278	1.902278	0.05460651
11320	-55.53058	-54.09597	-1.434614	1.942645	1.942645	1.942645	1.942645	1.942645	1.942645	0.03592865
11330	-54.53136	-55.04649	0.515133	1.192924	1.192924	1.192924	1.192924	1.192924	1.192924	0.02411753
11340	-54.51532	-55.45668	0.9413643	0.640559	0.640559	0.640559	0.640559	0.640559	0.640559	0.0286425
11350	-54.49288	-55.47918	0.9862996	0.5454533	0.5454533	0.5454533	0.5454533	0.5454533	0.5454533	0.0248541
11360	-55.87681	-54.02452	-1.852289	2.072687	2.072687	2.072687	2.072687	2.072687	2.072687	0.04132673
11370	-56.63033	-56.65168	0.02134976	1.008611	1.008611	1.008611	1.008611	1.008611	1.008611	0.05408537
11380	-54.83796	-54.69459	-0.143366	1.474299	1.474299	1.474299	1.474299	1.474299	1.474299	0.02669943
11390	-54.56262	-55.11004	0.5474201	0.9655495	0.9655495	0.9655495	0.9655495	0.9655495	0.9655495	0.03404321
11400	-54.47419	-55.12753	0.6533382	1.128944	1.128944	1.128944	1.128944	1.128944	1.128944	0.02357628
11410	-55.98998	-56.11451	0.1245321	1.00781	1.00781	1.00781	1.00781	1.00781	1.00781	0.04884243
11420	-54.29786	-54.94977	0.6519038	1.013338	1.013338	1.013338	1.013338	1.013338	1.013338	0.02858242
11430	-55.4111	-56.10339	0.6922858	0.6432678	0.6432678	0.6432678	0.6432678	0.6432678	0.6432678	0.0367862
11440	-54.65816	-54.68377	0.02560578	1.375571	1.375571	1.375571	1.375571	1.375571	1.375571	0.02759567
11450	-54.41034	-55.12437	0.7140362	0.9018738	0.9018738	0.9018738	0.9018738	0.9018738	0.9018738	0.03132677
11460	-55.36893	-55.00817	-0.3607518	1.320896	1.320896	1.320896	1.320896	1.320896	1.320896	0.04529946
11470	-54.6551	-55.36169	0.7065878	0.8354558	0.8354558	0.8354558	0.8354558	0.8354558	0.8354558	0.03389816
11480	-55.09962	-54.52202	-0.5776	1.481975	1.481975	1.481975	1.481975	1.481975	1.481975	0.04056759
11490	-56.48404	-54.13053	-2.35351	2.208929	2.208929	2.208929	2.208929	2.208929	2.208929	0.05108714
11500	-55.57895	-54.43806	-1.140888	1.693776	1.693776	1.693776	1.693776	1.693776	1.693776	0.04560398
11510	-54.27124	-55.01083	0.7395972	0.9624941	0.9624941	0.9624941	0.9624941	0.9624941	0.9624941	0.02821188
11520	-56.3048	-53.99833	-2.306474	2.360305	2.360305	2.360305	2.360305	2.360305	2.360305	0.03545153
11530	-55.14076	-54.31178	-0.8289815	1.626258	1.626258	1.626258	1.626258	1.626258	1.626258	0.038534
11540	-55.0232	-56.5706	1.547402	0.6328693	0.6328693	0.6328693	0.6328693	0.6328693	0.6328693	0.01556711
11550	-55.83686	-55.73499	-0.1018645	1.139671	1.139671	1.139671	1.139671	1.139671	1.139671	0.04922945
11560	-54.35388	-55.42401	1.070136	0.6021263	0.6021263	0.6021263	0.6021263	0.6021263	0.6021263	0.02455795
11570	-55.80979	-56.40846	0.598663	0.5464686	0.5464686	0.5464686	0.5464686	0.5464686	0.5464686	0.03668514
11580	-54.52906	-55.89892	1.369863	0.7559672	0.7559672	0.7559672	0.7559672	0.7559672	0.7559672	0.01850732
11590	-54.99597	-54.51228	-0.4836889	1.606226	1.606226	1.606226	1.606226	1.606226	1.606226	0.02846401
11600	-54.49936	-55.29461	0.795256	0.8113923	0.8113923	0.8113923	0.8113923	0.8113923	0.8113923	0.03168383
11610	-54.51415	-54.81492	0.300765	1.133011	1.133011	1.133011	1.133011	1.133011	1.133011	0.03330307
11620	-54.86903	-55.62418	0.7551447	0.7384847	0.7384847	0.7384847	0.7384847	0.7384847	0.7384847	0.03449119
11630	-54.78018	-55.34423	0.5640489	0.9065299	0.9065299	0.9065299	0.9065299	0.9065299	0.9065299	0.036191
11640	-54.68412	-54.57054	-0.1135813	1.333942	1.333942	1.333942	1.333942	1.333942	1.333942	0.03447549
11650	-55.71878	-54.19974	-1.519037	2.043291	2.043291	2.043291	2.043291	2.043291	2.043291	0.03152937
11660	-56.29287	-55.04963	-1.243239	1.643712	1.643712	1.643712	1.643712	1.643712	1.643712	0.05619295
11670	-55.21803	-56.35803	1.140002	1.042322	1.042322	1.042322	1.042322	1.042322	1.042322	0.01676523
11680	-54.52332	-55.4588	0.9354743	0.6455129	0.6455129	0.6455129	0.6455129	0.6455129	0.6455129	0.02887086
11690	-55.70587	-56.71255	1.006678	1.156858	1.156858	1.156858	1.156858	1.156858	1.156858	0.015756
11700	-54.87883	-54.43484	-0.4439855	1.554218	1.554218	1.554218	1.554218	1.554218	1.554218	0.0305247
11710	-59.50376	-54.4441	-5.059658	3.810724	3.810724	3.810724	3.810724	3.810724	3.810724	0.03306026
11720	-54.95193	-55.28911	0.3371821	1.013213	1.013213	1.013213	1.013213	1.013213	1.013213	0.03916193
11730	-56.53752	-56.98086	0.4433406	0.5092763	0.5092763	0.5092763	0.5092763	0.5092763	0.5092763	0.03977003
11740	-54.78464	-54.94206	0.1574163	1.143201	1.143201	1.143201	1.143201	1.143201	1.143201	0.03774807
11750	-54.39853	-54.79081	0.3922824	1.146604	1.146604	1.146604	1.146604	1.146604	1.146604	0.02966598
11760	-54.64913	-55.85299	1.203858	0.9192388	0.9192388	0.9192388	0.9192388	0.9192388	0.9192388	0.01878758
11770	-54.79044	-56.07216	1.281721	0.9020666	0.9020666	0.9020666	0.9020666	0.9020666	0.9020666	0.01775303
11780	-56.98162	-53.9358	-3.045819	2.545516	2.545516	2.545516	2.545516	2.545516	2.545516	0.0505662
11790	-56.58411	-53.93971	-2.644395	2.498657	2.498657	2.498657	2.498657	2.498657	2.498657	0.03728084
11800	-56.14269	-54.08077	-2.061926	2.115695	2.115695	2.115695	2.115695	2.115695	2.115695	0.04650788
11810	-55.37374	-54.47833	-0.8954071	1.599307	1.599307	1.599307	1.599307	1.599307	1.599307	0.04359666
11820	-56.80721	-58.09773	1.290514	0.4042863	0.4042863	0.4042863	0.4042863	0.4042863	0.4042863	0.01161755
11830	-54.89131	-55.70881	0.8175026	0.626034	0.626034	0.626034	0.626034	0.626034	0.626034	0.03217664
11840	-55.08541	-55.02681	-0.05860183	1.496095	1.496095	1.496095	1.496095	1.496095	1.496095	0.02344475
11850	-56.89755	-56.23022	-0.6673308	1.910169	1.910169	1.910169	1.910169	1.910169	1.910169	0.01788122
11860	-54.44171	-54.83185	0.3901345	1.106667	1.106667	1.106667	1.106667	1.106667	1.106667	0.03188746
11870	-56.06824	-54.32763	-1.740609	1.93343	1.93343	1.93343	1.93343	1.93343	1.93343	0.04976175
11880	-54.21578	-55.15797	0.9421984	0.897658	0.897658	0.897658	0.897658	0.897658	0.897658	0.02506217
11890	-54.78819	-55.61302	0.8248282	0.6789702	0.6789702	0.6789702	0.6789702	0.6789702	0.6789702	0.03249373
11900	-56.38819	-56.50004	0.1118445	0.9793459	0.9793459	0.9793459	0.9793459	0.9793459	0.9793459	0.0515995
11910	-54.68816	-55.58676	0.8985936	1.075553	1.075553	1.075553	1.075553	1.075553	1.075553	0.02021582
11920	-55.36297	-55.76916	0.4061905	1.364797	1.364797	1.364797	1.364797	1.364797	1.364797	0.0192743
11930	-56.42317	-55.73428	-0.6888939	1.876064	1.876064	1.876064	1.876064	1.876064	1.876064	0.01965489
11940	-54.58566	-55.19098	0.6053244	1.173562	1.173562	1.173562	1.173562	1.173562	1.173562	0.02283522
11950	-54.73837	-56.02183	1.283458	0.8904613	0.8904613	0.8904613	0.8904613	0.8904613	0.8904613	0.01796757
11960	-54.41019	-55.7406	1.330412	0.6522257	0.6522257	0.6522257	0.6522257	0.6522257	0.6522257	0.01949731
11970	-54.75676	-55.25603	0.4992684	1.246096	1.246096	1.246096	1.246096	1.246096	1.246096	0.02217172
11980	-56.25603	-54.14135	-2.114674	2.31712	2.31712	2.31712	2.31712	2.31712	2.31712	0.03203457
11990	-54.37341	-54.82378	0.4503716	1.120303	1.120303	1.120303	1.120303	1.120303	1.120303	0.02932213
12000	-55.16697	-54.65014	-0.5168337	1.656325	1.656325	1.656325	1.656325	1.656325	1.656325	0.02645932
