Iteration	start_1	end_1	start_2	end_2	start_3	end_3	start_4	end_4	start_5	end_5	start_6	end_6	start_7	end_7	start_8	end_8	start_9	end_9	start_10	end_10	start_11	end_11	start_12	end_12	start_13	end_13	start_14	end_14	start_15	end_15	start_16	end_16	start_17	end_17	start_18	end_18	start_19	end_19	start_20	end_20	start_21	end_21	start_22	end_22	start_23	end_23	start_24	end_24	start_25	end_25	start_26	end_26	start_27	end_27	start_28	end_28	start_29	end_29	start_30	end_30	start_31	end_31	start_32	end_32	start_33	end_33	start_34	end_34	start_35	end_35
0	5	5	14	14	14	27	5	14	5	5	2	6	3	3	1	1	4	9	1	1	1	28	26	26	3	14	5	5	5	5	5	5	4	11	5	5	5	15	5	5	5	5	5	5	26	26	31	31	1	1	31	31	31	31	31	31	29	31	12	31	5	5	14	14	5	14	2	14	20	20
10	5	5	5	14	5	27	14	14	5	5	1	6	3	3	1	1	4	9	1	1	1	28	26	26	5	14	5	5	5	5	5	5	3	11	5	5	5	14	5	5	5	5	5	5	30	31	30	30	1	1	31	31	31	31	31	31	31	31	18	31	3	14	31	14	5	5	3	31	18	18
20	5	5	5	14	27	27	5	14	5	5	2	6	3	3	4	1	9	9	1	1	12	28	3	26	14	14	5	5	5	5	5	5	3	11	5	5	5	14	5	5	5	5	5	5	14	14	5	14	5	12	5	5	23	23	23	23	29	29	2	31	5	5	8	27	5	5	14	22	22	22
30	5	5	5	14	27	27	14	14	5	5	1	6	3	3	1	1	9	9	1	1	12	28	3	26	14	14	5	5	5	5	5	5	3	11	5	5	5	14	5	5	5	5	5	5	5	14	5	5	5	12	5	5	23	23	23	23	29	29	18	29	5	14	5	27	5	5	5	5	29	29
40	5	5	14	14	26	27	14	14	5	5	1	6	19	3	1	1	9	9	1	1	1	28	3	26	14	14	5	5	5	5	5	5	3	11	5	5	5	14	5	5	5	5	5	5	5	14	1	5	1	1	1	1	9	9	1	9	26	26	2	26	5	14	27	31	5	14	2	27	2	2
50	5	5	5	14	31	27	5	14	5	5	27	6	9	3	1	1	1	9	1	1	1	28	6	26	3	14	5	5	5	5	5	5	4	11	5	5	5	15	5	5	5	5	5	5	1	16	1	12	1	1	1	1	1	1	1	1	4	9	13	31	5	5	15	31	1	5	1	23	20	20
60	5	5	5	14	3	27	16	14	5	5	1	6	3	3	1	1	1	9	1	1	5	28	16	26	3	14	5	5	5	5	5	5	4	11	24	5	5	24	5	5	5	5	5	5	2	16	5	13	12	12	1	12	1	1	1	1	7	7	17	7	30	27	5	30	26	5	4	31	17	17
70	5	5	14	14	7	27	5	14	5	5	10	6	1	3	1	1	1	9	5	1	12	28	11	26	3	14	5	5	5	5	5	5	4	11	5	5	5	15	5	5	5	5	5	5	5	11	5	5	12	12	1	12	1	1	1	1	1	1	4	17	5	5	21	21	5	14	3	21	11	11
80	5	5	5	14	3	27	5	14	5	5	1	6	1	3	1	1	1	9	1	1	1	28	16	26	3	14	23	5	5	5	5	5	3	11	5	5	5	14	5	5	5	5	1	23	1	16	1	1	1	1	1	1	1	1	1	1	1	1	3	1	12	5	13	21	2	5	3	13	3	3
90	5	5	3	14	24	27	5	14	5	5	2	6	4	3	1	1	1	9	1	1	1	28	2	26	22	14	5	5	5	5	5	5	3	11	5	5	5	14	5	5	5	5	5	5	14	22	14	14	1	1	21	21	21	21	21	21	29	29	4	31	5	5	24	24	3	14	15	30	15	15
100	5	5	15	14	22	27	5	14	5	5	6	6	1	3	1	1	1	9	1	1	7	28	19	26	3	14	5	5	5	5	5	5	3	11	5	5	5	14	5	5	5	5	5	5	3	19	3	14	7	7	1	7	1	1	1	1	1	1	5	6	5	5	8	22	4	15	12	19	12	12
110	5	5	5	14	13	27	5	14	5	5	2	6	3	3	1	1	1	9	5	1	5	28	7	26	5	14	5	5	5	5	5	5	11	11	5	5	5	25	5	5	5	5	5	5	5	21	5	5	5	5	5	5	12	12	14	12	5	14	15	13	5	5	1	13	5	5	4	12	15	15
120	3	5	13	14	14	27	5	14	5	5	27	6	1	3	1	1	1	9	1	1	1	28	1	26	12	14	5	5	5	5	5	5	1	11	12	5	5	12	5	5	5	5	5	5	5	12	5	5	1	1	1	12	1	1	1	1	1	1	4	27	4	5	3	25	28	22	28	31	28	28
130	5	5	25	14	3	27	14	14	5	5	2	6	1	3	1	1	1	9	1	1	1	28	26	26	5	14	5	5	5	5	5	5	11	11	5	5	5	25	5	5	5	5	5	5	12	31	1	12	1	1	1	1	1	1	1	1	1	1	3	6	3	14	2	3	30	25	22	30	22	22
140	3	5	14	14	1	27	8	14	2	5	1	6	3	3	7	1	1	9	1	1	12	28	1	26	5	14	5	5	5	5	5	5	3	11	5	5	3	14	5	5	5	14	5	5	5	12	5	5	12	12	1	12	1	1	3	7	3	3	2	7	19	8	8	26	2	14	30	8	30	30
150	5	5	5	14	5	27	5	14	5	5	2	6	3	3	4	1	1	9	1	1	12	28	3	26	3	14	5	5	5	5	5	5	4	11	5	5	15	15	5	5	15	15	15	15	3	3	25	25	5	12	29	25	29	29	29	29	29	29	10	31	5	5	5	5	5	5	5	5	24	24
160	24	5	5	14	30	27	5	14	5	5	1	6	7	3	1	1	1	9	1	1	7	28	1	26	14	14	5	5	5	5	5	5	11	11	5	5	5	25	5	5	5	5	5	5	12	21	1	12	7	7	1	7	1	1	1	1	7	7	2	7	5	5	25	30	1	24	16	29	16	16
170	5	5	5	14	16	27	5	14	5	5	1	6	1	3	1	1	1	9	1	1	1	28	21	26	3	14	5	5	5	5	5	5	3	11	5	5	5	14	5	5	5	5	5	5	5	21	5	5	1	1	12	12	1	12	1	1	1	1	15	1	5	5	28	27	5	5	3	28	25	25
180	3	5	14	14	3	27	3	14	5	5	6	6	1	3	1	1	9	9	1	1	12	28	17	26	5	14	5	5	5	5	5	5	11	11	5	5	14	25	5	5	5	14	5	5	5	28	5	5	5	12	5	5	23	23	12	23	1	12	2	6	3	14	3	3	1	14	7	7	16	16
190	5	5	5	14	5	27	13	14	2	5	24	6	1	3	1	1	1	9	1	1	1	28	7	26	3	14	5	5	5	5	5	5	4	11	5	5	5	15	5	5	5	5	12	5	5	7	1	12	1	1	1	1	1	1	1	1	1	1	3	28	24	13	3	24	14	5	7	14	7	7
200	5	5	5	14	23	27	5	14	5	5	4	6	2	3	1	1	4	9	1	1	1	28	26	26	5	14	5	5	5	5	5	5	25	11	5	5	15	25	5	5	5	15	5	5	30	31	31	30	1	1	31	31	30	31	28	31	28	28	1	28	2	5	28	28	4	5	7	28	7	7
210	5	5	5	14	27	27	14	14	3	5	2	6	3	3	1	1	1	9	1	1	1	28	18	26	5	14	5	5	5	5	5	5	4	11	5	5	5	15	5	5	5	5	5	5	5	29	5	5	1	1	1	12	1	1	9	1	18	18	3	26	5	14	26	27	5	5	12	31	21	21
220	5	5	14	14	21	27	5	14	5	5	2	6	3	3	1	1	1	9	1	1	1	28	10	26	5	14	5	5	5	5	5	5	3	11	5	5	5	14	5	5	5	5	5	5	24	24	24	24	1	1	28	28	23	28	23	23	29	29	12	31	5	5	21	21	3	14	5	21	12	12
230	5	5	5	14	14	27	5	14	5	5	1	6	23	3	1	1	1	9	1	1	1	28	18	26	5	14	5	5	5	5	5	5	11	11	5	5	5	25	5	5	5	5	5	5	12	29	1	12	1	1	1	1	1	1	1	1	29	23	18	29	5	5	21	14	5	5	4	21	18	18
240	5	5	5	14	5	27	14	14	5	5	1	6	1	3	1	1	1	9	1	1	1	28	1	26	22	14	5	5	5	5	5	5	4	11	5	5	5	15	5	5	5	5	5	5	12	27	1	12	1	1	1	1	1	1	1	1	1	1	5	1	5	14	5	5	20	5	24	20	24	24
250	5	5	15	14	7	27	5	14	5	5	2	6	3	3	7	1	1	9	1	1	1	28	1	26	5	14	5	5	5	5	5	5	11	11	5	5	14	25	5	5	5	14	5	5	12	12	1	12	1	1	1	1	1	1	1	7	7	7	9	16	5	5	5	21	5	15	5	5	23	23
260	5	5	5	14	1	27	5	14	5	5	2	6	17	3	1	1	1	9	1	1	1	28	7	26	3	14	5	5	5	5	5	5	4	11	5	5	5	15	5	5	12	5	1	12	1	7	1	1	1	1	1	1	1	1	1	1	17	17	2	17	1	5	1	1	12	5	27	12	27	27
270	4	5	4	14	14	27	13	14	2	5	12	6	5	3	26	1	4	9	3	1	30	28	4	26	3	14	3	5	2	5	2	5	2	11	27	5	5	27	5	2	14	5	28	14	3	11	5	31	22	30	2	22	1	10	14	26	5	14	12	12	3	13	1	14	1	4	3	1	21	21
280	4	5	3	14	15	27	4	14	4	5	4	6	5	3	2	1	13	9	6	1	1	28	12	26	1	14	4	5	4	5	4	5	3	11	2	5	4	8	4	4	15	4	5	15	23	12	1	23	1	6	5	1	2	13	4	2	10	15	9	10	5	4	5	15	1	11	5	12	23	23
290	14	5	5	14	27	27	14	14	5	5	4	6	14	3	1	1	1	9	1	1	1	28	6	26	5	14	5	5	5	5	5	5	3	11	5	5	14	14	5	5	5	14	5	5	5	20	5	5	1	1	12	12	1	12	1	1	14	21	18	25	3	14	7	27	3	14	1	7	18	18
300	5	5	5	14	16	27	5	14	5	5	1	6	3	3	1	1	4	9	1	1	1	28	26	26	5	14	5	5	5	5	5	5	19	11	5	5	5	30	5	5	5	5	5	5	29	31	23	29	1	1	23	23	23	23	23	23	29	29	12	29	5	5	26	27	5	5	1	31	12	12
310	5	5	29	14	27	27	5	14	5	5	3	6	5	3	1	1	3	9	1	1	16	28	19	26	5	14	5	5	5	5	5	5	11	11	5	5	5	25	5	5	5	5	5	5	5	30	5	5	16	16	21	27	1	21	9	1	23	23	3	29	5	5	1	27	26	29	19	26	19	19
320	5	5	21	14	5	27	5	14	5	5	2	6	3	3	1	1	4	9	1	1	1	28	16	26	3	14	5	5	5	5	5	5	4	11	5	5	5	15	5	5	5	5	5	5	16	16	27	27	1	1	27	27	30	31	29	31	29	29	1	31	5	5	5	5	30	21	1	30	1	1
330	5	5	5	14	28	27	14	14	5	5	1	6	3	3	6	1	1	9	1	1	1	28	17	26	5	14	5	5	5	5	5	5	11	11	5	5	5	25	5	5	5	5	5	5	12	28	12	12	1	1	1	12	1	1	6	6	16	16	2	16	3	14	29	31	5	5	2	29	2	2
340	5	5	5	14	2	27	5	14	5	5	3	6	3	3	1	1	1	9	1	1	1	28	3	26	3	14	5	5	5	5	5	5	4	11	5	5	5	15	5	5	5	5	5	5	3	3	5	14	1	1	1	12	1	1	1	1	7	7	10	7	13	5	5	13	5	5	1	5	17	17
350	5	5	5	14	26	27	5	14	5	5	12	6	1	3	1	1	1	9	1	1	2	28	17	26	5	14	5	5	5	5	5	5	4	11	5	5	5	15	5	5	5	5	5	5	6	28	1	20	1	6	1	1	1	1	1	1	1	1	4	12	5	5	25	31	2	5	4	30	4	4
360	5	5	5	14	1	27	5	14	14	5	13	6	1	3	1	1	1	9	1	1	12	28	26	26	3	14	5	5	5	5	5	5	10	11	5	5	5	24	5	5	5	5	5	5	3	26	5	14	12	12	1	12	1	1	1	1	1	1	5	20	5	14	9	12	4	5	4	9	15	15
370	5	5	5	14	12	27	5	14	5	5	1	6	3	3	1	1	4	9	1	1	1	28	26	26	3	14	5	5	5	5	5	5	3	11	5	5	5	14	5	5	5	5	5	5	19	26	10	30	1	1	17	17	17	17	17	17	26	26	16	26	5	5	5	12	5	5	5	5	27	27
380	5	5	14	14	26	27	5	14	5	5	7	6	5	3	1	1	1	9	1	1	1	28	3	26	14	14	5	5	5	5	5	5	3	11	5	5	5	14	5	5	5	5	5	5	5	14	5	5	1	1	1	12	1	1	5	1	5	5	17	21	5	5	31	31	5	14	1	31	17	17
390	5	5	14	14	20	27	5	14	5	5	2	6	3	3	1	1	1	9	1	1	6	28	18	26	3	14	5	5	5	5	5	5	5	11	5	5	5	5	5	5	5	5	5	5	1	18	12	12	1	6	1	12	1	1	6	1	16	16	3	16	5	5	20	20	5	14	11	20	11	11
400	5	5	11	14	31	27	14	14	5	5	1	6	1	3	1	1	1	9	1	1	12	28	11	26	5	14	5	5	5	5	5	5	11	11	5	5	5	25	5	5	5	5	5	5	5	25	5	5	12	12	1	12	1	1	1	1	1	1	1	1	3	14	26	31	4	25	6	26	6	6
410	1	5	7	14	1	27	7	14	5	5	1	6	3	3	3	1	1	9	1	1	1	28	7	26	3	14	5	5	5	5	5	5	11	11	5	5	5	25	5	5	5	5	5	5	3	7	14	14	1	1	7	21	7	7	3	7	3	3	1	7	5	21	5	12	22	7	12	22	12	12
420	3	5	3	14	1	27	14	14	5	5	2	6	2	3	6	1	1	9	1	1	5	28	22	26	5	14	5	5	5	5	5	5	25	11	5	5	5	25	5	5	5	5	5	5	5	22	5	5	12	12	1	12	1	1	2	6	2	2	1	2	5	14	1	12	1	3	16	1	16	16
430	5	5	3	14	28	27	5	14	5	5	2	6	16	3	1	1	1	9	1	1	1	28	10	26	5	14	5	5	5	5	5	5	3	11	5	5	14	14	5	5	14	14	5	14	5	24	5	5	1	1	1	12	1	1	1	1	6	16	2	6	2	5	2	28	5	14	6	13	6	6
440	14	5	3	14	27	27	5	14	3	5	2	6	3	3	1	1	1	9	1	1	1	28	3	26	14	14	5	5	5	5	5	5	11	11	5	5	5	25	5	5	5	5	5	5	5	14	5	5	1	1	1	12	1	1	1	1	7	7	11	16	5	14	14	27	5	14	3	14	11	11
450	5	5	14	14	5	27	5	14	5	5	1	6	14	3	1	1	2	9	1	1	1	28	26	26	3	14	5	5	5	5	5	5	3	11	5	5	5	14	5	5	5	5	5	5	26	26	31	31	1	1	20	31	1	20	1	1	21	21	5	21	5	5	5	5	5	14	5	5	5	5
460	5	5	1	14	5	27	5	14	5	5	26	6	3	3	1	1	1	9	1	1	1	28	26	26	5	14	5	5	5	5	5	5	4	11	5	5	5	15	5	5	5	5	5	5	5	31	5	5	1	1	1	12	1	1	1	1	3	7	29	26	5	5	16	5	1	12	4	16	29	29
470	5	5	14	14	25	27	5	14	5	5	1	6	1	3	1	1	1	9	1	1	1	28	17	26	5	14	5	5	5	5	5	5	4	11	5	5	5	15	5	5	5	5	5	5	23	28	9	23	1	1	1	9	1	1	1	1	1	1	4	1	4	5	26	25	3	14	11	26	11	11
480	5	5	5	14	5	27	3	14	3	5	3	6	1	3	1	1	1	9	5	1	6	28	3	26	14	14	5	5	5	5	5	5	11	11	5	5	5	25	5	5	5	5	5	5	5	14	5	5	12	20	1	12	1	1	1	1	9	1	29	18	5	3	5	5	25	5	4	25	29	29
490	5	5	15	14	31	27	5	14	5	5	1	6	1	3	1	1	9	9	1	1	1	28	11	26	3	14	5	5	5	5	5	5	11	11	5	5	5	25	5	5	5	5	5	5	11	11	11	25	1	1	1	18	1	9	1	1	1	1	1	1	5	5	20	31	4	15	5	28	12	12
500	3	5	3	14	14	27	5	14	5	5	1	6	3	3	1	1	4	9	1	1	17	28	7	26	5	14	5	5	5	5	5	5	4	11	5	5	5	15	5	5	5	5	5	5	5	21	5	5	17	17	24	28	24	24	28	28	31	31	7	31	5	5	3	14	3	3	1	3	7	7
510	2	5	13	14	9	27	25	14	1	5	3	6	17	3	4	1	4	9	4	1	4	28	3	26	14	14	5	5	5	5	5	5	3	11	5	5	5	14	5	5	5	5	5	5	5	14	15	5	4	4	4	15	4	4	3	4	19	26	1	19	1	29	4	9	11	13	1	11	1	1
520	5	5	13	14	9	27	5	14	5	5	12	6	4	3	1	1	1	9	1	1	6	28	5	26	5	14	5	5	5	5	5	5	4	11	5	5	5	15	5	5	12	5	12	12	5	5	12	12	1	6	1	12	1	1	10	1	2	10	5	20	1	5	7	9	1	13	3	7	14	14
530	5	5	21	14	2	27	2	14	2	5	5	6	5	3	5	1	5	9	5	1	5	28	22	26	1	14	5	5	5	5	5	5	4	11	5	5	5	15	5	5	5	5	5	5	5	27	5	5	5	5	5	5	5	5	5	5	5	5	17	5	2	2	20	2	5	21	3	20	26	26
540	5	5	3	14	3	27	11	14	2	5	25	6	5	3	14	1	2	9	22	1	3	28	5	26	5	14	5	5	5	5	5	5	25	11	4	5	2	25	2	5	2	2	5	13	30	5	2	30	22	22	1	22	1	6	5	21	5	5	1	25	3	19	3	3	5	14	22	14	27	27
550	6	5	1	14	5	27	3	14	31	5	12	6	1	3	9	1	2	9	2	1	2	28	3	26	3	14	3	5	6	5	2	5	3	11	5	5	5	14	5	6	5	5	5	14	5	3	16	5	1	2	2	16	1	2	8	9	5	16	3	12	8	31	3	22	3	6	11	3	11	11
560	4	5	24	14	5	27	2	14	5	5	27	6	2	3	30	1	4	9	3	1	14	28	17	26	5	14	29	5	12	5	5	5	4	11	12	5	1	23	1	12	1	1	5	29	5	28	5	5	5	14	4	5	4	4	2	30	2	2	19	27	14	13	1	14	24	24	4	28	19	19
570	5	5	26	14	23	27	23	14	2	5	8	6	28	3	5	1	1	9	3	1	3	28	2	26	25	14	5	5	4	5	11	5	3	11	25	5	16	25	4	11	5	26	1	5	1	30	2	1	30	3	30	30	18	31	4	29	2	28	22	8	4	28	26	23	4	31	3	26	22	22
580	3	5	2	14	9	27	2	14	13	5	4	6	5	3	2	1	2	9	3	1	3	28	2	26	2	14	3	5	1	5	3	5	4	11	23	5	4	23	2	7	3	10	5	3	5	2	1	5	1	3	2	1	13	2	14	13	4	14	1	4	1	13	3	9	5	8	1	14	1	1
590	2	5	2	14	1	27	5	14	5	5	2	6	1	3	17	1	5	9	4	1	4	28	2	26	2	14	31	5	1	5	1	5	3	11	3	5	3	3	6	1	3	16	10	31	1	2	26	17	2	4	5	26	5	5	1	28	2	1	9	2	1	5	5	1	16	2	4	27	9	9
600	5	5	13	14	4	27	17	14	3	5	5	6	1	3	5	1	5	9	4	1	8	28	14	26	3	14	25	5	1	5	31	5	10	11	4	5	1	10	1	31	1	1	7	29	1	14	11	7	4	19	19	11	14	30	1	14	18	1	13	29	15	26	3	15	3	13	5	3	13	13
610	5	5	30	14	13	27	5	14	5	5	9	6	1	3	1	1	1	9	1	1	1	28	6	26	5	14	5	5	5	5	5	5	3	11	5	5	5	14	5	5	5	5	5	5	5	20	5	5	9	1	12	23	1	12	1	1	1	1	2	9	5	5	5	13	19	30	15	30	24	24
620	5	5	14	14	26	27	14	14	5	5	1	6	21	3	1	1	1	9	1	1	1	28	17	26	3	14	5	5	5	5	5	5	5	11	5	5	5	5	5	5	5	5	5	5	23	26	9	23	1	1	1	9	1	1	1	1	21	21	13	21	5	14	28	31	3	14	2	31	13	13
630	5	5	5	14	28	27	14	14	5	5	24	6	1	3	1	1	1	9	1	1	1	28	26	26	5	14	5	5	5	5	5	5	4	11	5	5	5	15	5	5	5	5	5	5	12	31	1	12	1	1	1	1	1	1	1	1	1	1	3	28	5	14	24	28	5	5	3	24	3	3
640	5	5	5	14	23	27	5	14	5	5	2	6	21	3	1	1	1	9	1	1	1	28	26	26	3	14	5	5	5	5	5	5	11	11	5	5	5	25	5	5	5	5	1	5	1	26	1	1	1	1	1	1	1	1	1	1	21	21	4	27	5	5	15	23	5	5	20	15	28	28
650	5	5	5	14	5	27	5	14	5	5	2	6	3	3	1	1	1	9	1	1	23	28	2	26	5	14	5	5	5	5	5	5	3	11	5	5	5	14	5	5	5	5	5	5	5	13	5	5	23	23	23	23	23	23	28	23	31	31	24	31	5	5	5	5	5	5	3	5	30	30
660	4	5	21	14	22	27	14	14	5	5	2	6	3	3	2	1	1	9	1	1	17	28	8	26	5	14	13	5	5	5	5	5	14	11	5	5	5	14	5	5	5	5	13	13	5	22	2	13	17	17	10	17	26	17	18	26	18	18	2	26	3	14	5	22	27	29	2	27	2	2
670	15	5	2	14	20	27	14	14	5	5	11	6	5	3	3	1	3	9	3	1	3	28	3	26	3	14	5	5	5	5	5	5	4	11	5	5	5	15	5	5	5	5	5	5	3	3	3	14	3	3	3	3	7	3	5	7	5	5	20	25	3	14	27	27	4	24	1	31	20	20
680	12	5	4	14	2	27	5	14	5	5	1	6	29	3	1	1	10	9	4	1	4	28	4	26	14	14	5	5	5	5	5	5	4	11	5	5	5	15	5	5	5	5	15	5	4	25	4	15	4	4	4	4	10	10	1	17	29	29	12	29	23	5	7	28	3	23	5	7	12	12
690	5	5	5	14	5	27	5	14	5	5	4	6	1	3	1	1	1	9	1	1	1	28	1	26	3	14	5	5	5	5	5	5	3	11	5	5	5	14	5	5	5	5	5	5	1	7	1	12	1	1	1	1	1	1	1	1	1	1	1	9	5	5	5	5	5	5	12	5	12	12
700	5	5	1	14	5	27	5	14	5	5	1	6	3	3	1	1	4	9	1	1	17	28	2	26	14	14	5	5	5	5	5	5	3	11	5	5	14	14	5	5	5	14	5	5	5	22	5	5	17	17	24	28	24	24	28	28	31	31	24	31	5	5	5	5	5	12	2	5	24	24
710	5	5	5	14	26	27	5	14	5	5	1	6	3	3	1	1	1	9	1	1	1	28	30	26	3	14	1	5	5	5	5	5	9	11	5	5	12	23	5	5	12	12	1	12	1	30	1	1	1	1	1	1	1	1	16	1	16	16	2	16	5	5	4	31	31	5	2	31	2	2
720	14	5	3	14	21	27	5	14	5	5	1	6	3	3	2	1	1	9	1	1	1	28	26	26	3	14	5	5	5	5	5	5	11	11	5	5	5	25	5	5	5	5	5	5	16	26	31	27	1	1	7	31	7	7	8	16	8	8	5	16	5	5	13	21	5	14	5	13	5	5
730	23	5	5	14	21	27	14	14	5	5	1	6	1	3	1	1	1	9	1	1	1	28	16	26	5	14	5	5	5	5	5	5	4	11	5	5	5	15	5	5	5	5	5	5	5	27	5	5	1	1	1	12	1	1	1	1	6	1	3	6	3	14	1	21	26	23	21	26	21	21
740	5	5	14	14	27	27	5	14	5	5	6	6	1	3	1	1	1	9	1	1	1	28	16	26	3	14	5	5	5	5	5	5	11	11	5	5	14	25	5	5	5	14	5	5	1	16	1	12	1	1	1	1	1	1	1	1	1	1	12	6	5	5	1	27	3	14	5	7	12	12
750	1	5	25	14	27	27	5	14	5	5	1	6	1	3	1	1	1	9	1	1	1	28	1	26	5	14	5	5	5	5	5	5	3	11	5	5	5	14	5	5	5	5	5	5	12	12	1	12	1	1	1	1	1	1	1	1	1	1	1	1	5	5	27	27	3	29	20	27	20	20
760	3	5	3	14	16	27	5	14	5	5	1	6	1	3	23	1	3	9	1	1	22	28	31	26	5	14	5	5	5	5	5	5	4	11	5	5	5	15	5	5	5	5	5	5	5	31	5	5	27	27	7	27	3	7	29	29	25	29	4	29	5	5	13	27	3	3	3	22	11	11
770	5	5	5	14	5	27	5	14	5	5	2	6	18	3	1	1	1	9	1	1	1	28	7	26	3	14	5	5	5	5	5	5	4	11	5	5	5	15	5	5	5	5	5	5	12	7	1	12	1	1	1	1	1	1	1	1	18	18	6	26	5	5	5	5	5	5	2	5	6	6
780	5	5	14	14	27	27	5	14	5	5	2	6	3	3	1	1	1	9	1	1	1	28	16	26	3	14	5	5	5	5	5	5	25	11	5	5	5	25	5	5	5	5	5	5	16	16	27	27	1	1	16	27	16	16	16	16	27	16	3	27	5	5	16	27	5	14	13	27	22	22
790	5	5	5	14	31	27	25	14	5	5	2	6	4	3	1	1	1	9	1	1	1	28	5	26	14	14	5	5	5	5	5	5	11	11	5	5	5	25	5	5	5	5	5	5	5	14	5	5	1	1	1	12	1	1	1	1	9	9	1	17	4	25	31	31	5	5	22	31	27	27
800	5	5	5	14	22	27	14	14	5	5	2	6	3	3	1	1	9	9	1	1	1	28	26	26	3	14	5	5	5	5	5	5	4	11	5	5	5	15	5	5	5	5	5	5	1	26	1	12	1	1	1	1	9	9	9	9	29	18	27	31	5	14	27	22	5	5	3	27	27	27
810	5	5	5	14	4	27	3	14	3	5	1	6	4	3	4	1	4	9	5	1	5	28	8	26	3	14	5	5	5	5	5	5	11	11	5	5	5	25	5	5	5	5	5	5	3	8	14	14	5	5	4	14	4	4	4	4	4	4	2	9	1	3	7	9	3	5	31	7	31	31
820	1	5	9	14	2	27	3	14	3	5	5	6	3	3	4	1	20	9	2	1	15	28	27	26	5	14	14	5	14	5	5	5	11	11	5	5	5	25	5	14	5	5	3	14	3	27	2	3	2	24	2	2	20	20	30	28	30	30	2	30	2	3	5	2	5	9	2	5	2	2
830	2	5	2	14	23	27	5	14	5	5	19	6	13	3	5	1	5	9	1	1	1	28	4	26	4	14	7	5	3	5	3	5	1	11	8	5	2	16	3	3	1	8	1	7	27	4	5	27	14	1	12	14	27	12	5	27	2	13	3	19	1	5	18	23	3	2	29	18	29	29
840	1	5	1	14	3	27	5	14	6	5	1	6	5	3	4	1	5	9	6	1	3	28	24	26	3	14	1	5	3	5	3	5	4	11	15	5	10	15	4	3	1	10	1	1	22	30	27	27	2	16	13	27	15	13	13	15	1	13	4	1	7	20	3	7	26	1	5	26	15	15
850	4	5	4	14	17	27	2	14	11	5	1	6	3	3	6	1	13	9	3	1	3	28	5	26	5	14	15	5	4	5	8	5	4	11	16	5	22	26	2	19	4	22	3	15	5	5	16	14	1	3	4	16	2	24	1	6	7	7	2	7	1	19	5	17	5	4	13	5	13	13
860	2	5	5	14	1	27	5	14	5	5	3	6	3	3	1	1	1	9	1	1	1	28	5	26	5	14	5	5	5	5	5	5	18	11	5	5	14	29	5	5	5	14	5	5	5	5	5	5	1	1	1	12	1	1	18	1	3	18	16	3	1	5	1	1	1	13	4	1	26	26
870	1	5	3	14	21	27	5	14	15	5	1	6	5	3	5	1	4	9	1	1	15	28	5	26	5	14	5	5	5	5	5	5	3	11	5	5	5	14	5	5	5	5	5	5	5	5	5	5	5	23	5	5	15	15	5	15	5	5	4	12	5	15	3	21	20	7	17	27	17	17
880	5	5	14	14	6	27	5	14	5	5	2	6	3	3	7	1	4	9	1	1	1	28	18	26	5	14	5	5	5	5	5	5	3	11	5	5	5	14	5	5	5	5	5	5	23	29	9	23	1	1	4	9	4	4	18	18	18	18	3	26	5	5	5	20	27	14	2	27	8	8
890	5	5	14	14	14	27	5	14	5	5	2	6	3	3	1	1	1	9	1	1	20	28	3	26	14	14	5	5	5	5	5	5	11	11	5	5	5	25	5	5	5	5	5	5	14	14	5	14	20	20	20	20	20	20	17	20	26	26	14	26	5	5	14	14	5	14	5	14	14	14
900	5	5	28	14	30	27	5	14	5	5	30	6	1	3	1	1	1	9	1	1	1	28	7	26	3	14	4	5	5	5	5	5	14	11	5	5	21	14	5	5	21	21	26	29	1	7	1	26	1	1	1	1	1	1	1	1	1	1	2	31	5	5	13	30	5	28	2	13	2	2
910	5	5	14	14	5	27	5	14	5	5	1	6	8	3	1	1	4	9	1	1	9	28	18	26	3	14	5	5	5	5	5	5	11	11	5	5	5	25	5	5	5	5	5	5	9	18	15	23	4	9	4	15	4	4	4	9	19	19	30	26	5	5	5	5	31	14	4	31	30	30
920	5	5	5	14	3	27	14	14	5	5	1	6	3	3	1	1	1	9	1	1	1	28	9	26	5	14	5	5	5	5	5	5	3	11	5	5	5	14	5	5	5	5	5	5	12	23	12	12	1	1	15	12	12	23	5	12	14	14	12	21	5	14	5	14	6	5	1	20	12	12
930	5	5	5	14	5	27	5	14	5	5	1	6	1	3	1	1	1	9	1	1	12	28	3	26	25	14	5	5	5	5	5	5	5	11	5	5	5	5	5	5	5	5	5	5	5	25	5	5	12	12	1	12	1	1	1	1	1	1	1	1	5	5	5	5	5	5	1	5	1	1
940	5	5	5	14	5	27	5	14	5	5	2	6	2	3	1	1	1	9	1	1	1	28	19	26	3	14	5	5	5	5	5	5	3	11	5	5	5	14	5	5	5	5	5	5	19	19	30	30	1	1	31	31	31	31	31	31	31	31	14	31	5	5	5	5	5	5	5	5	14	14
950	6	5	5	14	1	27	5	14	5	5	5	6	5	3	1	1	5	9	4	1	15	28	16	26	5	14	5	5	5	5	5	5	5	11	5	5	5	5	5	5	5	5	5	5	5	27	5	5	14	15	5	14	5	5	5	12	5	5	2	5	2	5	9	6	2	20	20	17	20	20
960	5	5	5	14	31	27	14	14	5	5	1	6	3	3	1	1	4	9	1	1	1	28	2	26	14	14	5	5	5	5	5	5	4	11	5	5	5	15	5	5	5	5	5	5	8	22	22	22	1	1	27	27	31	31	30	31	25	30	10	29	3	14	18	31	5	5	5	29	24	24
970	5	5	14	14	31	27	14	14	5	5	1	6	1	3	1	1	1	9	1	1	1	28	4	26	14	14	5	5	5	5	5	5	11	11	5	5	5	25	5	5	5	5	5	5	5	25	5	5	1	1	1	12	1	1	1	1	1	1	5	1	3	14	27	31	5	14	12	27	12	12
980	3	5	3	14	29	27	5	14	5	5	1	6	3	3	1	1	4	9	1	1	12	28	2	26	15	14	5	5	5	5	5	5	14	11	5	5	5	14	5	5	5	5	5	5	5	24	5	5	12	12	20	12	31	28	31	31	31	31	13	31	5	5	28	29	3	3	5	31	13	13
990	5	5	5	14	27	27	5	14	5	5	2	6	3	3	1	1	4	9	1	1	1	28	26	26	5	14	5	5	5	5	5	5	15	11	5	5	5	15	5	5	5	5	5	5	30	31	30	30	1	1	28	31	28	28	31	28	28	31	2	28	5	5	30	27	5	5	9	30	17	17
1000	5	5	5	14	2	27	15	14	5	5	1	6	1	3	1	1	1	9	1	1	1	28	18	26	3	14	5	5	5	5	5	5	3	11	5	5	5	14	5	5	5	5	5	5	7	18	1	21	1	1	1	1	1	1	1	1	1	1	20	1	25	15	31	30	5	5	4	31	28	28
1010	5	5	5	14	30	27	5	14	5	5	6	6	3	3	3	1	1	9	1	1	1	28	8	26	3	14	5	5	5	5	5	5	11	11	5	5	5	25	5	5	5	5	5	5	3	8	3	14	1	1	7	7	3	7	3	3	3	3	2	16	2	5	26	30	5	5	28	31	28	28
1020	5	5	5	14	21	27	14	14	5	5	2	6	3	3	1	1	1	9	1	1	1	28	6	26	5	14	5	5	5	5	5	5	3	11	5	5	5	14	5	5	5	5	5	5	12	20	1	12	1	1	1	1	1	1	1	1	7	7	3	16	5	14	5	21	5	5	5	5	14	14
1030	14	5	5	14	1	27	21	14	5	5	2	6	3	3	1	1	1	9	1	1	1	28	26	26	3	14	5	5	5	5	5	5	3	11	5	5	5	14	5	5	5	5	5	5	1	26	1	12	1	1	1	1	1	1	9	1	18	18	4	26	7	21	1	7	1	14	7	1	18	18
1040	5	5	29	14	18	27	5	14	5	5	1	6	23	3	1	1	1	9	7	1	1	28	1	26	5	14	5	5	5	5	5	5	3	11	5	5	5	14	5	5	5	5	5	5	5	12	5	5	12	7	1	12	1	1	1	1	31	23	2	31	5	5	1	29	28	29	9	28	17	17
1050	5	5	5	14	10	27	14	14	5	5	17	6	1	3	1	1	1	9	1	1	1	28	26	26	5	14	5	5	5	5	5	5	4	11	5	5	5	15	5	5	5	5	5	5	12	31	1	12	1	1	1	1	1	1	1	1	1	1	3	17	5	14	30	24	5	5	3	30	3	3
1060	5	5	14	14	5	27	14	14	5	5	1	6	5	3	1	1	1	9	1	1	1	28	3	26	3	14	5	5	5	5	5	5	4	11	5	5	5	15	5	5	5	5	5	5	5	3	5	5	1	1	1	12	1	1	12	1	12	12	2	12	5	14	5	5	22	14	2	22	2	2
1070	5	5	5	14	5	27	13	14	5	5	1	6	1	3	1	1	1	9	1	1	1	28	1	26	5	14	5	5	5	5	13	5	4	11	5	5	5	15	5	13	5	5	5	5	12	12	1	12	1	1	1	1	1	1	1	1	1	1	4	1	5	13	5	5	12	5	26	12	26	26
1080	5	5	5	14	31	27	5	14	5	5	9	6	1	3	1	1	1	9	1	1	12	28	10	26	5	14	5	5	5	5	5	5	11	11	5	5	5	25	5	5	5	5	5	5	10	24	13	24	5	12	1	13	1	1	1	1	1	1	1	9	5	5	31	31	5	5	1	31	1	1
1090	5	5	5	14	5	27	5	14	5	5	1	6	3	3	1	1	1	9	1	1	12	28	26	26	3	14	5	5	5	5	5	5	5	11	5	5	5	5	5	5	5	5	5	5	1	26	12	12	1	12	1	12	1	1	1	1	7	7	7	7	5	5	5	5	22	5	3	22	7	7
1100	2	5	14	14	8	27	5	14	5	5	1	6	2	3	1	1	1	9	1	1	1	28	26	26	5	14	5	5	5	5	5	5	4	11	5	5	5	15	5	5	5	5	5	5	17	31	20	28	1	1	1	20	1	1	1	1	6	6	1	6	5	5	3	22	3	22	2	3	6	6
1110	5	5	5	14	2	27	5	14	5	5	1	6	3	3	1	1	1	9	1	1	9	28	26	26	3	14	5	5	5	5	5	5	11	11	5	5	11	25	5	5	5	25	5	5	17	26	28	28	1	9	20	28	20	20	20	20	27	27	5	27	5	5	5	13	5	5	5	5	5	5
1120	5	5	5	14	27	27	14	14	5	5	28	6	1	3	1	1	9	9	1	1	1	28	1	26	5	14	5	5	5	5	5	5	4	11	5	5	5	15	5	5	5	5	5	5	12	12	1	12	1	1	1	1	1	9	1	1	1	1	1	28	3	14	5	27	5	5	5	5	12	12
1130	5	5	5	14	30	27	14	14	5	5	3	6	12	3	1	1	4	9	1	1	6	28	18	26	3	14	5	5	5	5	5	5	15	11	5	5	5	15	5	5	5	5	5	5	9	18	9	23	1	6	9	9	1	9	1	1	12	12	1	21	3	14	29	30	5	5	11	29	18	18
1140	5	5	5	14	1	27	21	14	5	5	1	6	4	3	1	1	9	9	1	1	23	28	17	26	5	14	5	5	5	5	5	5	5	11	5	5	5	5	5	5	5	5	5	5	5	28	5	5	23	23	4	23	9	9	4	9	4	4	20	9	9	21	12	9	5	5	4	12	28	28
1150	5	5	5	14	5	27	5	14	5	5	4	6	5	3	1	1	4	9	4	1	4	28	3	26	3	14	5	5	5	5	5	5	11	11	5	5	5	25	5	5	5	5	5	5	3	3	14	14	4	4	3	25	11	11	7	18	21	21	2	29	5	5	5	5	15	5	11	15	19	19
1160	5	5	5	14	27	27	5	14	5	5	6	6	3	3	1	1	1	9	1	1	1	28	3	26	14	14	5	5	5	5	5	5	11	11	5	5	5	25	5	5	5	5	5	5	12	14	1	12	1	1	1	1	1	1	1	1	3	7	1	16	5	5	27	27	5	5	24	27	28	28
1170	5	5	5	14	5	27	5	14	5	5	2	6	3	3	1	1	4	9	1	1	1	28	26	26	5	14	5	5	5	5	5	5	4	11	5	5	5	15	5	5	5	5	5	5	31	31	31	31	1	1	31	31	30	31	24	31	30	30	3	30	5	5	5	5	5	5	5	5	14	14
1180	5	5	25	14	6	27	5	14	5	5	1	6	1	3	1	1	1	9	1	1	1	28	16	26	5	14	5	5	5	5	5	5	3	11	5	5	5	14	5	5	5	5	5	5	14	27	3	14	1	1	1	7	1	1	1	1	1	1	1	1	5	5	5	20	5	25	24	5	28	28
1190	5	5	27	14	5	27	30	14	1	5	18	6	3	3	1	1	1	9	1	1	1	28	26	26	5	14	5	5	5	5	5	5	4	11	5	5	5	15	5	5	5	5	5	5	12	31	12	12	1	1	1	12	1	1	1	1	3	7	5	18	30	31	29	30	1	27	1	29	12	12
1200	5	5	5	14	14	27	5	14	5	5	1	6	3	3	1	1	1	9	1	1	1	28	18	26	3	14	5	5	5	5	5	5	4	11	5	5	5	15	5	5	5	5	5	5	9	18	1	23	1	1	1	1	1	1	1	1	7	7	7	7	5	5	5	14	5	5	5	5	21	21
1210	5	5	14	14	8	27	5	14	5	5	2	6	3	3	1	1	1	9	1	1	1	28	1	26	5	14	5	5	5	5	5	5	4	11	5	5	5	15	5	5	5	5	5	5	12	12	1	12	1	1	1	1	1	1	1	1	7	7	5	16	5	5	31	22	5	14	13	31	13	13
1220	1	5	25	14	4	27	5	14	5	5	2	6	1	3	1	1	1	9	1	1	1	28	17	26	3	14	5	5	5	5	5	5	4	11	5	5	5	15	5	5	5	5	5	5	1	26	12	12	1	1	1	12	1	1	1	1	12	1	23	20	4	5	1	4	1	29	4	1	23	23
1230	3	5	3	14	4	27	25	14	5	5	2	6	3	3	1	1	4	9	1	1	9	28	3	26	14	14	5	5	5	5	5	5	3	11	5	5	5	14	5	5	5	5	5	5	5	14	5	5	4	9	23	15	23	23	23	23	18	29	4	26	25	25	29	25	5	3	10	29	10	10
1240	5	5	14	14	28	27	14	14	5	5	2	6	1	3	1	1	1	9	1	1	1	28	18	26	3	14	5	5	5	5	5	5	25	11	4	5	5	25	5	5	5	5	1	5	1	18	1	1	1	1	1	1	1	1	1	1	1	1	1	6	3	14	1	31	18	14	16	18	16	16
1250	5	5	5	14	4	27	4	14	9	5	2	6	3	3	1	1	3	9	9	1	1	28	16	26	5	14	5	5	5	5	5	5	5	11	5	5	5	5	5	5	5	5	5	5	29	27	11	29	4	9	3	11	3	3	3	7	3	3	25	8	4	9	2	4	22	5	1	22	29	29
1260	5	5	5	14	5	27	8	14	5	5	28	6	3	3	1	1	1	9	5	1	12	28	27	26	3	14	5	5	5	5	5	5	5	11	5	5	5	5	5	5	5	5	5	5	5	27	5	5	12	12	1	12	1	1	6	1	2	16	1	28	25	22	5	25	2	5	13	13	20	20
1270	5	5	5	14	27	27	5	14	5	5	3	6	3	3	18	1	1	9	1	1	1	28	1	26	3	14	5	5	5	5	5	5	3	11	5	5	5	14	5	5	5	5	5	5	7	7	7	21	1	1	1	7	1	1	3	18	3	3	20	3	5	5	3	27	20	5	5	27	20	20
1280	5	5	5	14	17	27	14	14	5	5	2	6	9	3	2	1	4	9	1	1	9	28	2	26	3	14	5	5	5	5	5	5	11	11	5	5	5	25	5	5	5	5	5	5	2	8	13	13	1	9	20	20	6	28	2	6	17	17	5	17	5	14	31	28	5	5	31	31	31	31
1290	5	5	14	14	26	27	5	14	5	5	2	6	1	3	1	1	1	9	1	1	12	28	26	26	5	14	5	5	5	5	5	5	11	11	5	5	5	25	5	5	5	5	5	5	12	31	5	12	12	12	12	12	12	12	1	12	1	1	2	6	5	5	28	31	3	14	13	31	13	13
1300	5	5	14	14	3	27	14	14	5	5	2	6	3	3	1	1	1	9	1	1	1	28	18	26	3	14	5	5	5	5	5	5	11	11	5	5	5	25	5	5	5	5	5	5	18	18	29	29	1	1	29	29	29	29	9	29	18	18	24	26	3	14	3	3	3	14	3	3	30	30
1310	5	5	5	14	2	27	14	14	3	5	2	6	5	3	7	1	1	9	1	1	1	28	18	26	5	14	5	5	5	5	5	5	11	11	5	5	5	25	5	5	5	5	5	5	1	29	12	12	1	1	1	12	1	1	18	7	18	29	2	26	21	14	31	27	5	5	30	31	30	30
1320	5	5	5	14	20	27	5	14	5	5	2	6	3	3	1	1	1	9	1	1	1	28	9	26	3	14	5	5	5	5	5	5	3	11	5	5	5	14	5	5	5	5	5	5	1	18	1	12	1	1	1	1	1	1	1	1	18	7	29	26	5	5	5	20	5	5	5	5	29	29
1330	5	5	14	14	31	27	5	14	5	5	27	6	1	3	1	1	1	9	1	1	1	28	7	26	3	14	5	5	5	5	5	5	3	11	5	5	5	14	5	5	5	5	5	5	1	7	1	12	1	1	1	1	1	1	1	1	1	1	11	27	4	5	4	31	9	14	3	9	11	11
1340	5	5	14	14	27	27	5	14	5	5	16	6	3	3	1	1	1	9	1	1	1	28	26	26	5	14	5	5	5	5	5	5	4	11	5	5	5	15	5	5	5	5	5	5	5	31	5	5	1	1	1	12	1	1	1	1	3	7	1	16	5	5	12	27	4	14	1	23	1	1
1350	5	5	22	14	8	27	5	14	30	5	5	6	24	3	5	1	5	9	5	1	4	28	17	26	3	14	5	5	5	5	5	5	3	11	5	5	5	14	5	5	5	5	5	5	25	26	5	25	23	15	12	23	12	12	1	12	23	28	4	23	4	30	25	19	2	22	22	30	30	30
1360	5	5	29	14	31	27	5	14	5	5	2	6	8	3	1	1	1	9	1	1	1	28	11	26	5	14	5	5	5	5	5	5	4	11	5	5	5	15	5	5	5	5	5	5	23	25	1	23	1	1	1	1	1	1	1	1	16	16	1	16	5	5	31	31	1	29	26	31	26	26
1370	5	5	5	14	19	27	5	14	5	5	1	6	3	3	1	1	1	9	1	1	6	28	16	26	3	14	5	5	5	5	5	5	4	11	5	5	5	15	5	5	5	5	5	5	26	16	28	31	1	6	28	28	20	28	13	20	22	22	28	27	2	5	9	19	5	5	1	23	28	28
1380	5	5	5	14	13	27	5	14	5	5	6	6	1	3	1	1	1	9	1	1	17	28	7	26	5	14	5	5	5	5	5	5	11	11	5	5	5	25	5	5	5	5	5	5	5	21	5	5	17	17	28	28	28	28	1	28	1	1	7	6	5	5	5	13	5	5	5	5	21	21
1390	5	5	5	14	5	27	14	14	5	5	2	6	3	3	1	1	3	9	1	1	1	28	19	26	5	14	5	5	5	5	5	5	3	11	5	5	5	14	5	5	5	5	5	5	30	30	30	30	1	1	7	31	7	7	7	7	7	7	4	16	5	14	5	5	5	5	5	5	15	15
1400	14	5	5	14	1	27	1	14	1	5	5	6	25	3	9	1	1	9	1	1	23	28	7	26	3	14	5	5	5	5	5	5	14	11	5	5	5	14	5	5	5	5	5	5	1	7	5	12	23	23	1	23	1	1	1	9	29	29	13	29	1	1	1	1	20	14	5	20	13	13
1410	5	5	5	14	26	27	5	14	5	5	1	6	1	3	1	1	1	9	1	1	20	28	3	26	14	14	5	5	5	5	5	5	4	11	5	5	5	15	5	5	5	5	5	5	5	14	5	5	21	20	21	21	1	21	1	1	1	1	5	1	5	5	8	31	2	5	25	8	25	25
1420	14	5	3	14	1	27	5	14	5	5	4	6	25	3	1	1	1	9	1	1	1	28	3	26	5	14	5	5	5	5	5	5	5	11	5	5	5	5	5	5	5	5	5	5	21	14	21	21	1	1	1	21	1	1	1	1	29	29	1	29	22	5	29	27	4	14	1	29	1	1
1430	5	5	14	14	16	27	5	14	5	5	2	6	3	3	1	1	4	9	1	1	12	28	8	26	5	14	5	5	5	5	5	5	11	11	5	5	5	25	5	5	5	5	5	5	22	22	22	22	1	12	27	27	31	31	3	31	3	3	8	8	5	5	8	27	3	14	2	8	8	8
1440	5	5	27	14	3	27	14	14	5	5	2	6	3	3	1	1	1	9	1	1	1	28	26	26	5	14	5	5	5	5	5	5	11	11	5	5	5	25	5	5	5	5	5	5	23	31	1	23	1	1	1	1	1	1	1	1	7	7	16	16	3	14	3	3	5	27	1	14	16	16
1450	5	5	5	14	26	27	5	14	5	5	1	6	25	3	1	1	1	9	1	1	12	28	6	26	3	14	5	5	5	5	5	5	4	11	5	5	5	15	5	5	5	5	5	5	6	16	20	20	5	12	1	20	1	1	1	1	29	29	14	29	5	5	31	31	5	5	1	31	21	21
1460	5	5	5	14	5	27	5	14	5	5	26	6	1	3	1	1	1	9	1	1	1	28	8	26	5	14	5	5	5	5	5	5	15	11	5	5	5	15	5	5	5	5	5	5	22	22	22	22	1	1	1	27	1	1	1	1	1	1	20	26	12	5	16	12	5	5	4	27	28	28
1470	5	5	5	14	20	27	14	14	5	5	8	6	1	3	1	1	4	9	1	1	31	28	2	26	14	14	5	5	5	5	5	5	4	11	5	5	5	15	5	5	5	5	5	5	5	22	5	5	29	31	29	29	18	29	9	18	4	9	2	19	5	14	4	20	5	5	20	15	20	20
1480	21	5	1	14	25	27	5	14	5	5	10	6	1	3	1	1	1	9	1	1	1	28	27	26	3	14	5	5	5	5	5	5	3	11	5	5	5	14	5	5	5	5	5	5	1	27	1	12	1	1	1	1	1	1	1	1	1	1	13	17	5	5	12	25	5	21	5	12	13	13
1490	5	5	5	14	3	27	5	14	5	5	5	6	3	3	8	1	5	9	5	1	5	28	2	26	14	14	5	5	5	5	5	5	5	11	5	5	5	5	5	5	5	5	5	5	5	22	5	5	5	5	5	5	5	5	5	22	14	14	10	14	7	5	4	7	4	5	4	4	10	10
1500	2	5	30	14	17	27	22	14	5	5	4	6	4	3	4	1	12	9	5	1	5	28	15	26	3	14	5	5	5	5	5	5	5	11	5	5	5	5	5	5	5	5	5	5	5	25	5	5	5	5	5	5	1	12	4	9	4	4	1	4	5	22	4	28	29	30	1	29	1	1
1510	1	5	8	14	5	27	3	14	3	5	3	6	3	3	1	1	1	9	4	1	6	28	3	26	3	14	5	5	5	5	5	5	11	11	5	5	5	25	5	5	5	5	5	5	3	3	3	14	17	17	16	26	22	16	12	27	21	21	14	21	3	3	4	14	26	16	5	26	14	14
1520	5	5	26	14	30	27	14	14	5	5	5	6	7	3	2	1	1	9	1	1	1	28	28	26	5	14	5	5	5	5	5	5	14	11	5	5	5	14	5	5	5	5	5	5	12	28	12	12	1	1	5	12	12	12	2	20	16	16	4	27	5	14	13	30	2	31	4	13	4	4
1530	5	5	14	14	28	27	5	14	5	5	31	6	1	3	1	1	1	9	1	1	1	28	1	26	14	14	5	5	5	5	5	5	4	11	5	5	5	15	5	5	5	5	5	5	12	21	1	12	1	1	1	1	1	1	1	1	1	1	4	31	5	5	2	28	2	14	2	2	10	10
1540	5	5	5	14	5	27	5	14	5	5	1	6	12	3	1	1	1	9	1	1	1	28	23	26	5	14	5	5	5	5	5	5	4	11	5	5	5	15	5	5	5	5	5	5	12	23	12	12	1	1	1	12	1	1	1	1	12	12	13	12	5	5	5	5	1	5	5	12	13	13
1550	5	5	22	14	5	27	5	14	5	5	1	6	1	3	1	1	1	9	1	1	23	28	4	26	5	14	5	5	5	5	5	5	11	11	5	5	4	25	5	5	5	15	5	5	5	15	5	5	23	23	1	23	1	1	1	1	1	1	14	1	5	5	3	5	14	22	5	14	14	14
1560	5	5	5	14	5	27	5	14	5	5	1	6	3	3	1	1	1	9	1	1	20	28	18	26	5	14	5	5	5	5	5	5	11	11	5	5	5	25	5	5	5	5	5	5	12	29	5	12	20	20	20	20	6	20	6	6	16	16	26	16	5	5	5	5	5	5	5	5	31	31
1570	12	5	3	14	14	27	14	14	5	5	28	6	3	3	1	1	1	9	1	1	1	28	19	26	3	14	5	5	5	5	5	5	11	11	5	5	25	25	5	5	25	25	25	25	3	19	11	25	1	1	7	18	1	7	1	1	3	7	5	31	3	14	5	14	1	21	12	12	12	12
1580	5	5	5	14	12	27	3	14	3	5	1	6	3	3	3	1	1	9	1	1	1	28	26	26	3	14	5	5	5	5	5	5	3	11	5	5	5	14	5	5	5	5	5	5	1	26	1	12	1	1	1	1	1	1	7	7	1	7	3	1	3	3	28	21	5	5	17	28	26	26
1590	5	5	5	14	14	27	5	14	5	5	3	6	3	3	1	1	1	9	15	1	4	28	10	26	5	14	5	5	5	5	5	5	11	11	5	5	5	25	5	5	5	5	5	5	5	24	5	5	15	15	1	15	1	1	1	1	7	7	3	7	5	5	3	14	3	5	8	3	8	8
1600	5	5	3	14	5	27	5	14	5	5	5	6	3	3	1	1	1	9	1	1	1	28	7	26	3	14	5	5	5	5	5	5	3	11	5	5	5	14	5	5	5	5	5	5	3	7	14	14	1	1	21	21	14	21	12	21	7	21	5	21	5	5	5	5	30	14	8	30	22	22
1610	5	5	14	14	31	27	5	14	5	5	2	6	1	3	1	1	5	9	1	1	1	28	3	26	14	14	5	5	5	5	5	5	4	11	5	5	5	15	5	5	5	5	5	5	5	14	5	5	1	1	12	12	12	12	5	12	12	12	28	20	5	5	31	31	3	14	4	31	28	28
1620	5	5	5	14	21	27	5	14	5	5	1	6	3	3	1	1	4	9	1	1	1	28	16	26	3	14	5	5	5	5	5	5	4	11	5	5	5	15	5	5	5	5	5	5	16	16	27	27	1	1	27	27	31	31	30	31	30	30	28	31	4	5	5	29	5	5	5	5	28	28
1630	5	5	5	14	20	27	5	14	5	5	2	6	14	3	1	1	1	9	1	1	12	28	4	26	14	14	5	5	5	5	5	5	4	11	5	5	5	15	5	5	5	5	5	5	5	25	5	5	12	12	1	12	1	1	1	1	21	21	9	27	5	5	5	20	5	5	5	5	23	23
1640	5	5	5	14	27	27	5	14	5	5	6	6	3	3	1	1	1	9	1	1	5	28	19	26	5	14	5	5	5	5	5	5	4	11	5	5	5	15	5	5	5	5	5	5	5	30	5	5	12	12	1	12	1	1	5	1	3	14	26	16	5	5	13	27	5	5	2	13	26	26
1650	1	5	18	14	14	27	14	14	5	5	17	6	1	3	1	1	1	9	1	1	1	28	5	26	5	14	5	5	5	5	5	5	11	11	5	5	5	25	5	5	5	5	5	5	5	5	5	5	1	1	1	12	1	1	1	1	1	1	2	17	3	14	3	14	26	18	24	26	24	24
1660	5	5	5	14	5	27	3	14	14	5	1	6	3	3	4	1	4	9	1	1	17	28	3	26	14	14	5	5	5	5	5	5	11	11	5	5	5	25	5	5	5	5	5	5	5	14	5	5	6	17	20	20	20	28	28	28	31	31	2	31	5	14	5	5	5	5	2	5	2	2
1670	5	5	5	14	5	27	5	14	5	5	13	6	1	3	1	1	1	9	1	1	1	28	26	26	5	14	5	5	5	5	5	5	3	11	5	5	5	14	5	5	5	5	5	5	23	31	1	23	1	1	1	1	1	1	1	1	1	1	16	20	5	5	5	5	5	5	4	5	26	26
1680	5	5	5	14	27	27	5	14	5	5	2	6	3	3	1	1	4	9	1	1	28	28	16	26	3	14	5	5	5	5	5	5	4	11	5	5	5	15	5	5	5	5	5	5	8	16	3	22	28	28	31	31	31	31	28	31	31	31	23	31	5	5	31	27	5	5	2	31	28	28
1690	5	5	5	14	5	27	5	14	5	5	4	6	5	3	2	1	5	9	1	1	1	28	3	26	14	14	5	5	5	5	5	5	11	11	5	5	5	25	5	5	5	5	5	5	5	14	5	5	1	1	5	12	13	5	13	13	13	13	1	24	5	5	5	5	12	5	19	12	26	26
1700	5	5	2	14	21	27	5	14	5	5	1	6	14	3	1	1	1	9	6	1	2	28	26	26	5	14	5	5	5	5	5	5	11	11	5	5	5	25	5	5	5	5	5	5	12	31	1	12	1	6	1	1	1	1	1	1	7	21	2	7	5	5	9	21	1	13	2	9	2	2
1710	5	5	22	14	20	27	5	14	5	5	2	6	11	3	1	1	1	9	1	1	1	28	17	26	5	14	5	5	5	5	5	5	11	11	5	5	5	25	5	5	5	5	5	5	12	28	1	12	1	1	1	1	1	1	1	1	29	18	2	31	5	5	1	20	15	22	27	23	27	27
1720	5	5	14	14	31	27	14	14	5	5	2	6	3	3	9	1	4	9	1	1	23	28	9	26	5	14	5	5	5	5	5	5	4	11	5	5	5	15	5	5	5	5	5	5	5	23	5	5	23	23	4	23	4	4	9	9	18	18	3	26	3	14	28	31	5	14	17	28	26	26
1730	14	5	3	14	2	27	5	14	5	5	5	6	3	3	7	1	1	9	1	1	1	28	7	26	5	14	5	5	5	5	5	5	11	11	5	5	15	25	5	5	5	15	5	5	5	21	5	5	1	1	1	12	1	1	3	7	3	3	20	14	23	5	4	28	4	14	3	4	27	27
1740	5	5	5	14	14	27	5	14	5	5	1	6	1	3	1	1	1	9	1	1	1	28	11	26	5	14	5	5	5	5	5	5	14	11	5	5	5	14	5	5	5	5	5	5	5	25	5	5	1	1	1	12	1	1	1	1	6	1	3	6	5	5	5	14	12	5	29	12	29	29
1750	5	5	5	14	29	27	5	14	5	5	1	6	3	3	1	1	1	9	2	1	5	28	3	26	14	14	5	5	5	5	5	5	4	11	5	5	5	15	5	5	5	5	5	5	5	14	12	5	5	13	1	12	1	1	3	1	3	3	1	7	5	5	14	29	5	5	3	14	7	7
1760	5	5	14	14	11	27	5	14	5	5	3	6	3	3	1	1	1	9	1	1	20	28	11	26	5	14	5	5	5	5	5	5	3	11	5	5	14	14	5	5	14	14	5	14	5	25	5	5	12	20	1	12	1	1	9	1	18	18	5	18	5	5	4	25	7	14	2	18	13	13
1770	5	5	5	14	19	27	5	14	5	5	7	6	1	3	1	1	1	9	1	1	1	28	29	26	5	14	5	5	5	5	5	5	4	11	5	5	5	15	5	5	5	5	5	5	12	29	1	12	1	1	1	1	1	1	1	1	1	1	5	7	5	5	8	30	3	5	6	8	20	20
1780	5	5	27	14	27	27	5	14	5	5	1	6	3	3	1	1	3	9	1	1	1	28	26	26	5	14	5	5	5	5	5	5	25	11	5	5	5	25	5	5	5	5	5	5	26	31	6	31	1	1	7	6	7	7	3	7	3	3	1	7	5	5	16	27	2	27	2	16	6	6
1790	5	5	7	14	19	27	5	14	5	5	4	6	3	3	1	1	18	9	1	1	6	28	4	26	14	14	5	5	5	5	5	5	11	11	5	5	14	25	5	5	5	14	5	5	25	25	25	25	1	6	4	29	11	18	18	18	4	18	2	4	5	5	31	30	4	21	10	31	10	10
1800	5	5	5	14	14	27	5	14	5	5	2	6	3	3	1	1	1	9	1	1	1	28	11	26	5	14	5	5	5	5	5	5	11	11	5	5	5	25	5	5	5	5	5	5	29	25	23	29	1	1	23	23	23	23	23	23	29	29	2	31	5	5	14	14	5	5	14	14	22	22
1810	5	5	5	14	5	27	5	14	5	5	2	6	3	3	1	1	4	9	1	1	1	28	26	26	3	14	5	5	5	5	5	5	3	11	5	5	5	14	5	5	5	5	5	5	18	26	23	29	1	1	23	23	23	23	23	23	29	29	24	31	5	5	5	5	5	5	5	5	24	24
1820	5	5	14	14	8	27	5	14	5	5	2	6	3	3	1	1	4	9	1	1	1	28	18	26	3	14	5	5	5	5	5	5	3	11	5	5	5	14	5	5	5	5	5	5	18	18	29	29	1	1	29	29	29	29	29	29	29	29	18	31	5	5	2	22	5	14	3	13	18	18
1830	5	5	5	14	14	27	5	14	5	5	1	6	3	3	1	1	1	9	1	1	1	28	26	26	3	14	5	5	5	5	5	5	11	11	5	5	5	25	5	5	5	5	5	5	1	26	1	12	1	1	1	1	1	1	1	1	7	7	5	7	5	5	14	14	5	5	16	14	27	27
1840	5	5	25	14	5	27	5	14	5	5	1	6	1	3	1	1	1	9	1	1	1	28	21	26	5	14	5	5	5	5	5	5	11	11	5	5	5	25	5	5	5	5	5	5	12	21	1	12	1	1	1	1	1	1	1	1	1	1	1	1	5	5	3	5	25	25	28	25	28	28
1850	5	5	14	14	5	27	5	14	5	5	2	6	9	3	1	1	1	9	1	1	1	28	9	26	5	14	5	5	5	5	5	5	11	11	5	5	5	25	5	5	5	5	5	5	5	23	5	5	1	1	1	12	1	1	1	1	9	9	17	17	5	5	5	5	11	14	3	25	26	26
1860	5	5	5	14	4	27	5	14	15	5	2	6	25	3	1	1	1	9	1	1	1	28	3	26	3	14	5	5	5	5	5	5	4	11	5	5	5	15	5	5	5	5	5	5	1	3	1	12	1	1	1	1	1	1	1	1	25	29	2	30	4	15	4	4	11	5	2	11	2	2
1870	5	5	12	14	15	27	5	14	5	5	1	6	3	3	3	1	1	9	1	1	1	28	31	26	3	14	5	5	5	5	5	5	4	11	5	5	5	15	5	5	5	5	5	5	26	31	28	31	1	1	24	28	28	28	28	31	31	31	7	31	5	5	5	15	31	12	5	31	21	21
1880	5	5	18	14	17	27	5	14	5	5	1	6	3	3	23	1	1	9	1	1	12	28	3	26	5	14	5	5	5	5	5	5	11	11	5	5	5	25	5	5	5	5	5	5	5	14	5	5	12	12	7	12	3	7	18	29	18	18	1	18	2	5	4	17	24	29	29	24	29	29
1890	5	5	27	14	5	27	5	14	5	5	1	6	14	3	1	1	1	9	1	1	12	28	3	26	5	14	5	5	5	5	5	5	11	11	5	5	5	25	5	5	5	5	5	5	5	14	5	5	12	12	1	12	1	1	1	1	21	21	2	21	5	5	5	5	26	27	2	31	2	2
1900	5	5	8	14	5	27	21	14	5	5	1	6	1	3	1	1	1	9	1	1	1	28	1	26	14	14	5	5	5	5	5	5	3	11	5	5	5	14	5	5	5	5	5	5	21	21	1	21	1	1	1	1	1	1	1	1	1	1	3	1	17	21	11	28	4	22	18	11	18	18
1910	5	5	12	14	16	27	5	14	5	5	12	6	1	3	1	1	1	9	1	1	12	28	31	26	3	14	5	5	5	5	5	5	3	11	5	5	14	14	5	5	5	14	5	5	12	31	1	12	1	12	1	1	1	1	1	1	1	1	5	12	5	5	9	27	1	12	27	9	27	27
1920	2	5	5	14	1	27	25	14	5	5	1	6	1	3	1	1	1	9	1	1	1	28	7	26	3	14	5	5	5	5	5	5	11	11	5	5	5	25	5	5	5	5	5	5	12	7	12	12	1	1	1	12	1	1	1	1	1	1	3	1	7	25	2	7	2	13	15	2	25	25
1930	5	5	2	14	26	27	5	14	5	5	1	6	3	3	5	1	4	9	1	1	24	28	3	26	3	14	5	5	5	5	5	5	11	11	5	5	5	25	5	5	5	5	5	5	3	3	5	14	28	28	28	28	17	28	28	28	31	31	12	31	5	5	31	31	4	13	5	31	12	12
1940	5	5	3	14	2	27	5	14	13	5	2	6	3	3	1	1	1	9	1	1	1	28	11	26	5	14	5	5	5	5	5	5	4	11	5	5	5	15	5	5	5	5	5	5	5	25	5	5	1	1	1	12	1	1	1	1	7	7	3	16	13	13	5	13	5	14	5	5	14	14
1950	5	5	5	14	27	27	5	14	5	5	1	6	3	3	1	1	1	9	4	1	23	28	3	26	14	14	5	5	5	5	5	5	4	11	5	5	5	15	5	5	5	5	5	5	5	14	5	5	12	23	1	12	1	1	1	1	7	7	17	7	5	5	22	27	5	5	2	22	17	17
1960	5	5	12	14	14	27	5	14	5	5	5	6	18	3	1	1	1	9	1	1	1	28	16	26	3	14	5	5	5	5	5	5	4	11	15	5	5	15	5	5	5	5	5	5	8	16	14	22	1	1	1	21	1	1	1	1	11	18	1	25	5	5	5	14	1	12	1	12	1	1
1970	5	5	5	14	5	27	5	14	5	5	1	6	3	3	7	1	1	9	1	1	1	28	27	26	5	14	5	5	5	5	5	5	3	11	5	5	5	14	5	5	5	5	5	5	12	27	1	12	1	1	1	1	1	1	21	7	7	21	4	7	5	5	5	5	5	5	5	5	15	15
1980	1	5	3	14	17	27	5	14	5	5	5	6	3	3	1	1	4	9	1	1	1	28	19	26	5	14	5	5	5	5	5	5	4	11	5	5	5	15	5	5	5	5	5	5	31	30	30	31	1	1	31	31	31	31	22	31	22	22	9	22	5	5	28	28	3	7	5	31	23	23
1990	5	5	22	14	25	27	5	14	5	5	6	6	1	3	1	1	1	9	1	1	1	28	18	26	3	14	5	5	5	5	5	5	11	11	5	5	5	25	5	5	5	5	5	5	7	18	12	21	1	1	1	12	1	1	1	1	1	1	1	6	5	5	18	25	2	22	4	26	9	9
2000	5	5	14	14	31	27	5	14	5	5	1	6	1	3	1	1	1	9	1	1	1	28	18	26	5	14	5	5	5	5	5	5	3	11	5	5	5	14	5	5	5	5	5	5	12	29	1	12	1	1	1	1	1	1	1	1	1	1	1	1	5	5	27	31	3	14	21	27	21	21
2010	5	5	5	14	16	27	5	14	5	5	6	6	11	3	1	1	1	9	1	1	6	28	26	26	5	14	5	5	5	5	5	5	4	11	5	5	5	15	5	5	5	5	5	5	31	31	28	31	2	6	17	28	9	17	1	9	4	18	5	17	5	5	7	27	5	5	5	21	5	5
2020	5	5	5	14	21	27	5	14	5	5	1	6	3	3	1	1	1	9	1	1	1	28	26	26	5	14	5	5	5	5	5	5	3	11	5	5	5	14	5	5	5	5	5	5	27	31	7	27	1	1	1	7	1	1	1	1	7	7	5	7	5	5	12	21	5	5	5	12	5	5
2030	4	5	21	14	26	27	5	14	5	5	2	6	4	3	12	1	1	9	1	1	12	28	1	26	5	14	5	5	5	5	5	5	5	11	5	5	5	5	5	5	5	5	5	5	5	12	5	5	12	12	1	12	1	1	12	12	12	23	4	20	5	5	23	31	5	29	20	23	28	28
2040	14	5	3	14	5	27	5	14	5	5	5	6	3	3	3	1	7	9	5	1	5	28	4	26	3	14	14	5	5	5	5	5	4	11	15	5	5	15	5	5	5	5	5	14	5	11	5	5	5	5	5	5	27	21	12	27	27	21	1	27	5	5	5	5	5	14	10	5	17	17
2050	5	5	14	14	2	27	5	14	12	5	2	6	3	3	1	1	17	9	1	1	10	28	3	26	14	14	5	5	5	5	5	5	5	11	5	5	5	5	5	5	5	5	5	5	5	14	5	5	17	17	1	28	17	17	2	17	8	8	3	8	21	12	1	27	20	14	21	20	21	21
2060	5	5	1	14	14	27	5	14	5	5	1	6	1	3	1	1	1	9	1	1	1	28	19	26	5	14	5	5	5	5	5	5	3	11	5	5	5	14	5	5	5	5	5	5	24	30	24	24	1	1	20	28	20	20	27	20	22	27	21	27	5	5	12	14	5	12	5	12	21	21
2070	5	5	5	14	27	27	14	14	5	5	2	6	3	3	1	1	1	9	1	1	1	28	3	26	14	14	5	5	5	5	5	5	3	11	5	5	5	14	5	5	5	5	5	5	5	14	5	5	1	1	12	12	12	12	12	12	21	21	9	27	5	14	3	27	5	5	2	14	17	17
2080	5	5	5	14	8	27	5	14	15	5	1	6	3	3	1	1	4	9	4	1	10	28	18	26	3	14	5	5	5	5	5	5	11	11	5	5	5	25	5	5	5	5	5	5	9	18	23	23	2	10	31	28	31	31	31	31	31	31	3	31	4	15	4	19	4	5	4	4	11	11
2090	5	5	23	14	7	27	5	14	5	5	4	6	3	3	5	1	4	9	5	1	5	28	22	26	5	14	5	5	5	5	5	5	5	11	5	5	5	5	5	5	5	5	5	5	5	22	5	5	5	5	5	5	5	15	5	5	22	14	1	30	5	5	31	21	4	23	25	31	29	29
2100	5	5	7	14	31	27	21	14	5	5	3	6	1	3	1	1	1	9	1	1	1	28	1	26	14	14	5	5	5	5	5	5	3	11	5	5	5	14	5	5	5	5	5	5	12	21	12	12	1	1	1	12	1	1	1	1	7	1	31	7	1	21	21	31	5	21	3	21	31	31
2110	5	5	5	14	31	27	14	14	5	5	2	6	3	3	1	1	5	9	1	1	1	28	26	26	5	14	5	5	5	5	5	5	4	11	5	5	5	15	5	5	5	5	5	5	26	31	31	31	1	1	26	31	31	31	28	31	31	31	5	31	3	14	20	31	5	5	12	20	12	12
2120	5	5	5	14	5	27	5	14	5	5	2	6	3	3	1	1	1	9	1	1	1	28	1	26	14	14	5	5	5	5	5	5	11	11	5	5	5	25	5	5	5	5	5	5	14	21	14	14	1	1	21	21	21	21	21	21	21	21	1	27	5	5	5	5	1	5	28	12	28	28
2130	12	5	5	14	5	27	5	14	5	5	2	6	1	3	1	1	1	9	4	1	9	28	26	26	3	14	5	5	5	5	5	5	11	11	5	5	5	25	5	5	5	5	5	5	1	26	1	12	9	9	1	9	1	1	1	1	1	1	3	6	24	5	30	24	2	12	5	30	14	14
2140	25	5	5	14	28	27	14	14	5	5	1	6	1	3	1	1	1	9	1	1	1	28	19	26	5	14	5	5	5	5	5	5	3	11	5	5	5	14	5	5	5	5	5	5	25	30	14	25	1	1	1	21	1	1	1	1	1	1	24	1	3	14	16	31	4	25	2	26	24	24
2150	5	5	25	14	13	27	5	14	5	5	2	6	3	3	1	1	1	9	1	1	1	28	26	26	5	14	5	5	5	5	5	5	11	11	5	5	5	25	5	5	5	5	5	5	31	31	31	31	1	1	31	31	31	31	29	31	29	29	4	31	5	5	2	13	8	25	4	8	4	4
2160	5	5	5	14	13	27	5	14	5	5	2	6	3	3	1	1	4	9	1	1	9	28	3	26	14	14	5	5	5	5	5	5	3	11	5	5	5	14	5	5	5	5	5	5	5	14	5	5	9	9	23	23	23	23	23	23	29	29	17	31	5	5	5	13	5	5	5	5	28	28
2170	2	5	14	14	27	27	5	14	5	5	2	6	3	3	4	1	4	9	1	1	1	28	19	26	3	14	5	5	5	5	5	5	5	11	5	5	5	5	5	5	5	5	5	5	19	19	30	30	1	1	11	31	11	11	11	11	11	11	4	19	5	5	21	27	5	22	15	21	15	15
2180	5	5	5	14	14	27	25	14	5	5	4	6	2	3	15	1	4	9	12	1	4	28	2	26	5	14	5	5	5	5	5	5	5	11	5	5	5	5	5	5	5	5	5	5	5	13	5	5	23	23	4	23	4	4	9	15	9	17	3	9	5	25	5	14	5	5	1	5	7	7
2190	5	5	30	14	10	27	15	14	4	5	5	6	10	3	5	1	5	9	17	1	4	28	4	26	5	14	5	5	5	5	5	5	15	11	5	5	5	15	5	5	5	5	5	5	5	15	5	5	5	17	5	5	5	5	1	5	6	17	3	20	1	15	2	17	14	30	11	22	11	11
2200	5	5	5	14	21	27	5	14	5	5	2	6	2	3	1	1	1	9	1	1	1	28	26	26	3	14	5	5	5	5	5	5	4	11	5	5	5	15	5	5	5	5	5	5	7	26	1	21	1	1	1	1	1	1	2	1	2	2	4	2	5	5	12	21	5	5	4	12	4	4
2210	5	5	5	14	27	27	5	14	5	5	2	6	3	3	1	1	1	9	1	1	1	28	7	26	3	14	5	5	5	5	5	5	25	11	5	5	5	25	5	5	5	5	5	5	1	7	1	12	1	1	1	1	1	1	1	1	7	7	5	16	5	5	2	27	5	5	5	13	5	5
2220	5	5	5	14	22	27	14	14	5	5	2	6	3	3	1	1	1	9	1	1	6	28	31	26	3	14	5	5	5	5	5	5	3	11	5	5	5	14	5	5	5	5	5	5	31	31	31	31	1	6	18	31	18	18	18	18	18	18	8	26	5	14	8	22	5	5	2	22	8	8
2230	1	5	3	14	5	27	5	14	5	5	20	6	1	3	1	1	1	9	1	1	1	28	16	26	5	14	5	5	5	5	5	5	4	11	5	5	5	15	5	5	5	5	5	5	21	27	1	21	1	1	1	1	1	1	1	1	1	1	2	20	5	5	2	5	2	7	16	2	16	16
2240	5	5	22	14	24	27	5	14	5	5	9	6	3	3	1	1	1	9	1	1	2	28	3	26	14	14	5	5	5	5	5	5	4	11	5	5	5	15	5	5	5	5	12	5	5	14	1	12	1	6	1	1	1	1	3	1	3	3	3	18	5	5	28	24	2	22	20	28	27	27
2250	5	5	3	14	7	27	5	14	5	5	1	6	1	3	1	1	1	9	1	1	1	28	18	26	5	14	5	5	5	5	5	5	4	11	13	5	5	24	5	5	5	5	5	5	12	29	1	12	1	1	1	1	1	1	1	1	1	1	1	1	5	5	31	21	3	14	4	31	9	9
2260	5	5	5	14	22	27	5	14	5	5	6	6	3	3	1	1	1	9	1	1	12	28	1	26	21	14	5	5	5	5	5	5	3	11	5	5	14	14	5	5	14	14	5	14	12	21	12	12	1	12	12	12	12	12	5	12	3	14	5	16	5	5	2	22	29	5	6	31	20	20
2270	5	5	14	14	5	27	5	14	5	5	3	6	12	3	1	1	3	9	1	1	1	28	26	26	3	14	5	5	5	5	5	5	4	11	5	5	5	15	5	5	5	5	5	5	11	26	18	25	1	1	3	18	3	3	3	7	30	21	1	30	5	5	29	5	1	14	26	29	26	26
2280	17	5	5	14	3	27	25	14	5	5	3	6	1	3	1	1	1	9	1	1	15	28	26	26	5	14	5	5	5	5	5	5	4	11	5	5	5	15	5	5	5	5	5	5	5	31	5	5	23	23	9	23	9	9	9	9	9	9	3	18	30	25	30	30	5	28	3	30	3	3
2290	5	5	5	14	27	27	5	14	5	5	1	6	3	3	4	1	15	9	5	1	5	28	9	26	5	14	5	5	5	5	5	5	11	11	5	5	5	25	5	5	5	5	5	5	5	23	5	5	5	5	5	5	4	15	15	4	25	25	20	29	5	5	3	27	12	5	3	21	27	27
2300	5	5	5	14	19	27	5	14	5	5	2	6	3	3	1	1	1	9	1	1	1	28	6	26	5	14	5	5	5	5	5	5	3	11	5	5	5	14	5	5	5	5	5	5	5	20	5	5	1	1	1	12	1	1	7	1	7	7	3	16	5	5	1	30	30	5	1	31	7	7
2310	25	5	5	14	5	27	5	14	5	5	2	6	3	3	1	1	1	9	1	1	1	28	19	26	3	14	5	5	5	5	5	5	3	11	5	5	5	14	5	5	5	5	5	5	19	19	30	30	1	1	19	31	26	26	16	26	16	16	2	16	5	5	14	5	3	25	2	14	2	2
2320	5	5	5	14	22	27	5	14	13	5	2	6	30	3	1	1	5	9	5	1	13	28	3	26	14	14	2	5	5	5	5	5	11	11	5	5	13	25	5	5	5	13	5	13	5	14	5	5	5	13	5	5	12	5	1	12	23	31	3	28	2	13	5	22	31	5	1	31	7	7
2330	5	5	14	14	16	27	5	14	5	5	2	6	3	3	1	1	4	9	1	1	28	28	21	26	5	14	5	5	5	5	5	5	4	11	5	5	5	15	5	5	5	5	5	5	5	21	5	5	28	28	28	28	28	28	28	28	31	31	24	31	5	5	27	27	5	14	2	27	24	24
2340	5	5	5	14	26	27	5	14	5	5	6	6	3	3	12	1	1	9	1	1	2	28	9	26	5	14	5	5	5	5	5	5	14	11	5	5	5	14	5	5	5	5	5	5	12	23	1	12	1	6	1	1	1	1	12	12	3	21	1	16	5	5	1	31	1	5	1	1	1	1
2350	5	5	5	14	1	27	14	14	5	5	1	6	3	3	1	1	1	9	1	1	1	28	18	26	5	14	5	5	5	5	5	5	11	11	5	5	5	25	5	5	5	5	5	5	12	29	1	12	1	1	1	1	1	1	9	1	18	18	3	18	25	14	5	29	5	5	2	5	8	8
2360	5	5	14	14	21	27	14	14	5	5	5	6	17	3	1	1	1	9	1	1	28	28	16	26	3	14	5	5	5	5	5	5	3	11	5	5	5	14	5	5	5	5	5	5	13	16	5	13	12	28	12	12	12	12	1	12	10	17	3	24	3	14	18	21	5	14	3	29	3	3
2370	13	5	3	14	18	27	5	14	5	5	1	6	3	3	1	1	1	9	1	1	1	28	26	26	3	14	5	5	5	5	5	5	3	11	5	5	5	14	5	5	5	5	5	5	30	26	30	30	1	1	28	31	28	28	31	28	31	31	2	31	5	5	31	29	3	22	10	31	10	10
2380	5	5	5	14	22	27	22	14	5	5	19	6	5	3	1	1	1	9	1	1	15	28	9	26	5	14	5	5	5	5	5	5	4	11	5	5	5	15	5	5	5	5	5	5	5	23	5	5	5	23	5	5	12	12	12	12	5	12	1	30	5	22	31	22	5	5	11	31	18	18
2390	5	5	5	14	5	27	14	14	5	5	2	6	25	3	1	1	1	9	1	1	1	28	7	26	3	14	5	5	5	5	5	5	4	11	5	5	5	15	5	5	5	5	5	5	12	7	1	12	1	1	1	1	1	1	1	1	29	29	3	31	5	14	21	5	5	5	4	21	11	11
2400	5	5	5	14	8	27	5	14	12	5	15	6	1	3	1	1	1	9	1	1	1	28	16	26	5	14	5	5	5	5	5	5	3	11	5	5	5	14	5	5	5	5	5	5	20	27	1	20	1	1	1	1	1	1	1	1	1	1	14	23	1	12	2	16	4	5	3	10	14	14
2410	29	5	5	14	20	27	14	14	5	5	5	6	3	3	1	1	1	9	1	1	1	28	6	26	5	14	5	5	5	5	5	5	11	11	5	5	5	25	5	5	5	5	5	5	1	20	12	12	1	1	1	12	1	1	1	1	7	7	21	21	3	14	2	27	12	29	4	20	29	29
2420	5	5	5	14	26	27	3	14	5	5	2	6	3	3	1	1	4	9	1	1	6	28	19	26	3	14	5	5	5	5	5	5	11	11	5	5	14	25	5	5	3	14	3	14	11	19	11	11	2	6	10	19	10	10	28	17	19	31	5	19	3	14	12	26	5	5	24	12	24	24
2430	5	5	5	14	27	27	5	14	5	5	1	6	3	3	1	1	1	9	1	1	1	28	26	26	5	14	5	5	5	5	5	5	11	11	5	5	5	25	5	5	5	5	5	5	15	31	5	15	1	1	1	12	1	1	1	1	7	7	8	7	5	5	31	27	3	5	5	31	22	22
2440	5	5	5	14	5	27	5	14	5	5	1	6	1	3	1	1	5	9	1	1	1	28	19	26	5	14	5	5	5	5	5	5	5	11	5	5	5	5	5	5	5	5	5	5	5	30	5	5	1	1	12	12	1	12	1	1	1	1	4	1	14	5	11	14	5	5	5	25	15	15
2450	5	5	5	14	13	27	5	14	5	5	16	6	1	3	1	1	1	9	1	1	1	28	9	26	5	14	5	5	5	5	5	5	4	11	5	5	5	15	5	5	5	5	5	5	5	23	5	5	1	1	1	12	1	1	1	1	1	1	2	16	5	5	13	13	5	5	14	13	22	22
2460	5	5	22	14	6	27	5	14	5	5	26	6	1	3	1	1	1	9	1	1	1	28	11	26	3	14	5	5	5	5	5	5	3	11	25	5	5	25	5	5	5	5	5	5	7	11	1	21	1	1	1	1	1	1	1	1	1	1	24	26	5	5	24	20	4	22	2	24	24	24
2470	4	5	2	14	14	27	5	14	5	5	2	6	2	3	2	1	2	9	4	1	4	28	2	26	5	14	5	5	5	5	5	5	14	11	5	5	15	14	5	5	15	15	4	15	3	13	4	11	4	4	2	4	2	2	2	2	2	2	3	2	4	5	1	25	9	10	3	9	3	3
2480	1	5	1	14	10	27	14	14	5	5	2	6	3	3	1	1	4	9	1	1	16	28	10	26	5	14	5	5	5	5	5	5	3	11	5	5	5	14	5	5	5	5	5	5	5	24	5	5	16	16	16	27	26	26	26	26	31	26	1	31	3	14	24	19	1	1	23	28	23	23
2490	5	5	31	14	5	27	5	14	5	5	1	6	3	3	1	1	1	9	1	1	1	28	16	26	3	14	5	5	5	5	5	5	4	11	5	5	5	15	5	5	5	5	5	5	6	16	1	20	1	1	1	1	1	1	12	1	21	21	16	21	5	5	5	5	31	31	2	31	16	16
2500	5	5	5	14	16	27	5	14	5	5	2	6	3	3	1	1	1	9	1	1	12	28	11	26	3	14	5	5	5	5	5	5	4	11	5	5	25	15	5	5	15	25	4	15	4	11	4	4	12	12	23	23	23	23	23	23	29	29	2	31	5	5	27	27	5	5	27	27	27	27
2510	5	5	5	14	29	27	5	14	5	5	9	6	12	3	1	1	1	9	1	1	1	28	31	26	5	14	5	5	5	5	5	5	3	11	5	5	5	14	5	5	5	5	5	5	23	31	9	23	1	1	1	9	1	1	1	1	1	12	3	9	5	5	31	29	4	5	13	31	22	22
2520	5	5	14	14	27	27	5	14	12	5	2	6	16	3	1	1	1	9	1	1	1	28	26	26	5	14	5	5	5	5	5	5	11	11	5	5	5	25	5	5	5	5	5	5	13	31	13	13	1	1	12	20	9	12	4	9	26	26	2	26	1	12	3	27	3	14	23	3	28	28
2530	5	5	21	14	27	27	14	14	5	5	1	6	3	3	1	1	1	9	1	1	9	28	6	26	5	14	5	5	5	5	5	5	4	11	5	5	5	15	5	5	5	5	5	5	20	20	20	20	4	9	28	28	28	28	28	28	31	31	13	31	5	14	24	27	5	21	2	24	13	13
2540	5	5	14	14	4	27	5	14	5	5	2	6	3	3	1	1	1	9	1	1	9	28	3	26	14	14	5	5	5	5	5	5	3	11	5	5	5	14	5	5	5	5	5	5	5	14	5	5	9	9	23	23	23	23	23	23	29	29	5	31	5	5	5	15	5	14	5	5	5	5
2550	5	5	5	14	3	27	14	14	5	5	1	6	2	3	1	1	4	9	1	1	1	28	26	26	3	14	5	5	5	5	5	5	11	11	5	5	5	25	5	5	5	5	5	5	26	26	31	31	1	1	30	31	30	30	31	31	31	31	1	31	3	14	3	3	20	5	13	27	20	20
2560	5	5	5	14	14	27	5	14	5	5	1	6	3	3	1	1	1	9	1	1	1	28	17	26	5	14	5	5	5	5	5	5	11	11	5	5	5	25	5	5	5	5	5	5	29	28	29	29	1	1	29	29	29	29	29	29	18	29	16	18	5	5	3	14	5	5	5	14	27	27
2570	5	5	5	14	3	27	22	14	5	5	2	6	5	3	1	1	3	9	1	1	1	28	11	26	3	14	5	5	5	5	5	5	3	11	5	5	5	14	5	5	5	5	5	5	11	11	25	25	1	1	29	29	29	29	29	29	29	29	4	31	13	22	14	22	5	5	15	14	15	15
2580	5	5	21	14	12	27	5	14	5	5	3	6	1	3	1	1	1	9	1	1	1	28	6	26	5	14	5	5	5	5	5	5	3	11	5	5	5	14	5	5	5	5	5	5	12	20	12	12	1	1	1	12	1	1	1	1	1	1	1	7	5	5	1	12	1	21	7	1	7	7
2590	5	5	21	14	3	27	14	14	5	5	1	6	1	3	4	1	4	9	1	1	4	28	20	26	5	14	5	5	5	5	5	5	11	11	5	5	5	25	5	5	5	5	5	5	5	20	5	5	4	9	5	15	15	15	15	15	23	23	2	23	25	14	1	25	1	21	2	1	2	2
2600	5	5	14	14	3	27	14	14	5	5	1	6	3	3	1	1	1	9	1	1	1	28	1	26	14	14	5	5	5	5	5	5	11	11	5	5	5	25	5	5	5	5	5	5	12	21	1	12	1	1	1	1	1	1	1	1	7	7	3	7	3	14	3	3	14	14	3	14	3	3
2610	5	5	13	14	6	27	5	14	15	5	6	6	3	3	1	1	1	9	1	1	12	28	20	26	5	14	5	5	5	5	5	5	4	11	5	5	5	15	5	5	5	5	5	5	5	20	5	5	12	12	1	12	1	1	3	1	3	3	14	16	5	15	2	20	2	13	2	2	22	22
2620	12	5	5	14	5	27	27	14	5	5	31	6	2	3	6	1	4	9	1	1	23	28	2	26	5	14	5	5	5	5	5	5	11	11	5	5	5	25	5	5	12	5	5	12	5	13	5	5	15	23	4	15	4	4	2	17	2	2	2	31	31	27	12	31	4	12	12	23	20	20
2630	5	5	8	14	16	27	5	14	5	5	2	6	3	3	3	1	1	9	1	1	1	28	29	26	3	14	5	5	5	5	5	5	5	11	5	5	5	5	5	5	5	5	5	5	5	29	5	5	1	1	1	12	1	1	7	7	7	7	13	16	5	5	7	27	3	22	4	7	24	24
2640	5	5	14	14	8	27	5	14	5	5	1	6	3	3	1	1	4	9	1	1	1	28	18	26	3	14	5	5	5	5	5	5	3	11	14	5	5	14	5	5	5	5	5	5	11	18	25	25	1	1	9	29	9	9	9	9	18	18	21	18	5	5	3	22	14	14	4	14	29	29
2650	13	5	5	14	16	27	5	14	5	5	1	6	4	3	4	1	1	9	1	1	1	28	26	26	5	14	5	5	5	5	5	5	7	11	5	5	5	21	5	5	5	5	5	5	24	31	10	24	1	1	9	17	9	9	4	9	4	4	5	9	5	5	9	27	3	13	3	18	14	14
2660	5	5	5	14	7	27	5	14	5	5	1	6	3	3	1	1	1	9	1	1	1	28	18	26	5	14	5	5	5	5	5	5	11	11	5	5	5	25	5	5	5	5	5	5	12	29	12	12	1	1	1	12	1	1	1	1	7	7	12	7	5	5	5	21	12	5	5	12	12	12
2670	5	5	14	14	22	27	5	14	5	5	4	6	3	3	1	1	1	9	1	1	1	28	7	26	3	14	5	5	5	5	5	5	11	11	5	5	14	25	5	5	14	14	3	14	7	7	7	7	1	1	1	7	1	1	7	1	7	7	5	18	5	5	3	22	3	14	7	3	21	21
2680	5	5	31	14	8	27	5	14	5	5	3	6	4	3	1	1	1	9	7	1	2	28	3	26	14	14	5	5	5	5	5	5	4	11	5	5	5	15	5	5	5	5	5	5	5	14	5	5	16	16	16	27	16	16	19	16	10	19	2	19	5	5	22	22	1	31	13	27	13	13
2690	5	5	5	14	21	27	5	14	5	5	1	6	5	3	1	1	1	9	1	1	1	28	18	26	3	14	5	5	5	5	5	5	5	11	5	5	5	5	5	5	5	5	5	5	1	18	1	12	1	1	1	1	1	1	1	1	12	12	1	12	5	5	12	21	2	5	19	20	26	26
2700	5	5	5	14	5	27	5	14	5	5	1	6	1	3	1	1	7	9	5	1	5	28	16	26	5	14	5	5	5	5	5	5	25	11	5	5	5	25	5	5	5	5	5	5	5	27	5	5	5	5	5	5	1	21	1	1	1	1	20	1	5	5	5	5	5	5	5	5	20	20
2710	5	5	3	14	21	27	2	14	5	5	1	6	3	3	1	1	1	9	1	1	1	28	17	26	3	14	5	5	5	5	5	5	4	11	5	5	5	15	5	5	5	5	5	5	17	26	20	28	1	1	1	20	1	1	1	1	3	7	21	7	5	13	3	21	12	14	3	21	21	21
2720	5	5	5	14	5	27	16	14	5	5	2	6	3	3	1	1	1	9	1	1	1	28	19	26	5	14	5	5	5	5	5	5	11	11	5	5	5	25	5	5	5	5	5	5	30	30	24	30	1	1	28	28	28	28	23	28	29	29	1	31	29	27	11	29	2	5	14	19	21	21
2730	5	5	5	14	30	27	5	14	5	5	1	6	7	3	1	1	1	9	1	1	1	28	20	26	5	14	5	5	5	5	5	5	3	11	5	5	5	14	5	5	5	5	5	5	5	20	5	5	1	1	1	12	1	1	1	1	7	7	3	7	5	5	31	30	5	5	14	31	14	14
2740	5	5	14	14	20	27	5	14	5	5	1	6	21	3	1	1	1	9	1	1	1	28	1	26	14	14	5	5	5	5	5	5	11	11	5	5	5	25	5	5	5	5	5	5	12	21	12	12	1	1	1	12	1	1	1	1	21	21	13	21	5	5	5	20	2	14	4	13	24	24
2750	4	5	3	14	21	27	5	14	5	5	12	6	5	3	1	1	1	9	1	1	1	28	30	26	5	14	5	5	5	5	5	5	4	11	5	5	5	15	5	5	5	5	5	5	30	30	30	30	1	1	23	31	23	23	5	23	5	5	8	12	5	5	12	21	3	11	3	21	8	8
2760	5	5	5	14	5	27	5	14	5	5	16	6	3	3	7	1	1	9	1	1	1	28	3	26	14	14	5	5	5	5	5	5	15	11	5	5	5	15	5	5	5	5	5	5	5	14	5	5	1	1	1	12	1	1	3	7	3	3	2	16	5	5	5	5	5	5	5	5	13	13
2770	3	5	14	14	20	27	5	14	5	5	1	6	3	3	1	1	4	9	5	1	5	28	2	26	14	14	5	5	5	5	5	5	4	11	5	5	5	15	5	5	5	5	5	5	5	22	5	5	5	5	5	5	15	15	23	23	29	29	5	29	5	5	13	20	3	14	12	22	12	12
2780	5	5	11	14	27	27	3	14	5	5	1	6	27	3	1	1	1	9	1	1	6	28	12	26	5	14	5	5	5	5	5	5	4	11	5	5	5	15	5	5	5	5	5	5	5	12	5	5	1	6	1	12	1	1	1	1	27	27	5	27	5	14	22	27	4	25	20	30	20	20
2790	5	5	14	14	5	27	5	14	5	5	1	6	8	3	1	1	1	9	1	1	23	28	18	26	5	14	5	5	5	5	5	5	11	11	5	5	5	25	5	5	5	5	5	5	5	29	5	5	12	23	1	12	1	1	1	1	16	16	3	16	5	5	5	5	5	14	13	5	22	22
2800	1	5	27	14	5	27	15	14	5	5	3	6	19	3	1	1	1	9	1	1	3	28	3	26	3	14	3	5	5	5	5	5	3	11	5	5	14	14	5	5	3	14	3	3	3	3	3	3	7	7	1	7	1	1	3	1	19	19	2	19	24	15	3	24	3	27	21	3	27	27
2810	5	5	29	14	5	27	5	14	5	5	5	6	7	3	1	1	1	9	1	1	1	28	18	26	5	14	5	5	5	5	5	5	14	11	5	5	5	14	5	5	5	5	5	5	23	29	23	23	1	1	9	23	1	9	1	1	7	7	4	21	5	5	5	5	5	29	4	5	4	4
2820	5	5	5	14	3	27	3	14	14	5	1	6	3	3	1	1	4	9	1	1	1	28	3	26	21	14	5	5	5	5	5	5	15	11	5	5	5	15	5	5	5	5	5	5	12	21	12	12	1	1	1	12	9	9	1	9	3	7	28	7	22	14	4	22	15	5	3	15	31	31
2830	5	5	5	14	27	27	5	14	5	5	26	6	1	3	1	1	1	9	12	1	5	28	3	26	14	14	5	5	5	5	5	5	4	11	5	5	15	15	5	5	5	15	5	5	14	14	5	14	12	12	1	12	1	1	1	1	1	1	1	26	5	5	26	27	5	5	5	31	12	12
2840	5	5	3	14	17	27	19	14	5	5	2	6	18	3	1	1	1	9	1	1	6	28	26	26	3	14	5	5	5	5	5	5	11	11	5	5	5	25	12	5	12	12	1	12	9	26	9	9	1	6	1	9	1	1	1	1	18	18	4	26	3	30	3	26	16	14	6	16	17	17
2850	13	5	3	14	1	27	5	14	5	5	1	6	1	3	1	1	2	9	1	1	1	28	18	26	5	14	5	5	5	5	5	5	3	11	5	5	5	14	5	5	5	5	5	5	12	29	1	12	1	1	1	1	1	6	1	1	1	1	17	1	20	5	3	20	27	22	2	27	17	17
2860	5	5	5	14	24	27	5	14	5	5	1	6	3	3	1	1	1	9	1	1	1	28	26	26	3	14	5	5	5	5	5	5	3	11	5	5	5	14	5	5	5	5	5	5	26	26	31	31	1	1	31	31	31	31	20	31	20	27	2	20	5	5	10	24	5	5	2	24	2	2
2870	5	5	15	14	10	27	14	14	5	5	28	6	1	3	1	1	1	9	1	1	6	28	16	26	3	14	5	5	5	5	5	5	4	11	5	5	5	15	5	5	5	5	5	5	1	16	12	12	1	6	1	12	1	1	1	1	1	1	5	28	4	14	4	10	17	15	2	17	13	13
2880	5	5	27	14	21	27	5	14	5	5	3	6	3	3	1	1	1	9	1	1	12	28	7	26	3	14	5	5	5	5	5	5	15	11	5	5	5	15	5	5	5	5	5	5	11	7	11	25	1	12	11	18	18	18	3	18	3	3	5	3	5	5	26	21	5	27	9	31	23	23
2890	5	5	14	14	15	27	5	14	5	5	28	6	1	3	1	1	1	9	1	1	1	28	17	26	3	14	5	5	5	5	5	5	3	11	5	5	5	14	5	5	5	5	5	5	1	26	1	12	1	1	1	1	1	1	1	1	1	1	12	28	5	5	5	15	23	14	1	23	12	12
2900	5	5	8	14	5	27	15	14	5	5	4	6	5	3	27	1	4	9	5	1	5	28	3	26	5	14	5	5	5	5	5	5	4	11	5	5	5	15	5	5	5	5	5	5	5	14	5	5	5	5	5	5	4	15	16	31	27	27	13	31	5	15	4	5	29	22	5	29	13	13
2910	5	5	5	14	5	27	5	14	5	5	26	6	5	3	5	1	4	9	1	1	1	28	3	26	14	14	5	5	5	5	5	5	11	11	5	5	5	25	5	5	5	5	5	5	5	14	5	5	1	1	5	12	5	15	5	5	5	5	17	31	5	5	5	5	12	5	1	12	17	17
2920	5	5	5	14	17	27	5	14	5	5	2	6	1	3	1	1	5	9	5	1	5	28	3	26	14	14	5	5	5	5	5	5	3	11	5	5	5	14	5	5	5	5	5	5	5	14	5	5	5	5	5	5	5	5	1	12	1	1	1	6	5	5	12	28	5	5	1	12	1	1
2930	14	5	5	14	5	27	5	14	5	5	5	6	14	3	1	1	1	9	1	1	4	28	16	26	3	14	5	5	5	5	5	5	3	11	5	5	5	14	5	5	5	5	5	5	1	16	1	12	1	9	1	1	1	1	1	1	1	21	7	12	1	5	15	12	1	14	1	23	7	7
2940	12	5	5	14	18	27	5	14	5	5	1	6	1	3	1	1	1	9	1	1	5	28	3	26	14	14	5	5	5	5	5	5	11	11	5	5	5	25	5	5	5	5	5	5	5	14	5	5	12	12	1	12	1	1	1	1	1	1	4	1	1	5	4	18	4	12	1	4	9	9
2950	5	5	3	14	17	27	5	14	5	5	1	6	3	3	3	1	5	9	4	1	4	28	3	26	5	14	5	5	5	5	5	5	11	11	5	5	5	25	5	5	5	5	5	5	5	14	5	5	4	4	5	15	14	5	3	14	3	3	9	7	5	5	12	28	4	14	1	23	9	9
2960	5	5	5	14	26	27	5	14	5	5	1	6	22	3	1	1	1	9	1	1	1	28	4	26	5	14	5	5	5	5	5	5	3	11	5	5	5	14	5	5	13	5	13	13	5	15	13	13	1	1	1	20	1	1	1	1	20	27	3	20	5	5	2	31	1	5	29	6	29	29
2970	13	5	5	14	30	27	14	14	5	5	5	6	7	3	1	1	1	9	1	1	1	28	3	26	14	14	5	5	5	5	5	5	15	11	5	5	5	15	5	5	5	5	5	5	5	14	5	5	9	1	1	23	1	1	1	1	7	7	5	21	5	14	12	30	2	13	5	20	5	5
2980	5	5	5	14	6	27	14	14	5	5	3	6	3	3	7	1	1	9	1	1	1	28	7	26	3	14	5	5	5	5	5	5	5	11	5	5	5	5	5	5	5	5	5	5	1	7	1	12	1	1	1	1	1	1	3	7	3	3	4	3	5	14	5	20	5	5	4	5	4	4
2990	4	5	3	14	1	27	5	14	5	5	5	6	27	3	1	1	1	9	1	1	1	28	31	26	3	14	5	5	5	5	5	5	3	11	5	5	5	14	5	5	5	5	5	5	20	31	1	20	1	1	1	1	1	1	1	1	27	27	1	27	5	5	22	12	4	11	18	30	18	18
3000	14	5	5	14	3	27	25	14	5	5	1	6	3	3	1	1	1	9	1	1	13	28	1	26	21	14	5	5	5	5	5	5	11	11	5	5	5	25	5	5	5	5	5	5	5	21	5	5	20	20	9	20	1	9	1	1	18	7	5	18	15	25	29	25	2	14	5	31	5	5
3010	5	5	14	14	6	27	5	14	5	5	1	6	1	3	1	1	1	9	1	1	1	28	18	26	5	14	5	5	5	5	5	5	11	11	5	5	5	25	5	5	5	5	5	5	1	29	1	12	1	1	1	1	1	1	1	1	1	1	20	1	5	5	1	20	3	14	3	7	27	27
3020	5	5	14	14	24	27	14	14	5	5	2	6	3	3	1	1	5	9	1	1	12	28	23	26	5	14	5	5	5	5	5	5	18	11	5	5	5	29	5	5	5	5	5	5	5	23	5	5	5	12	5	5	5	5	12	12	27	21	12	27	5	14	5	24	5	14	1	5	12	12
3030	5	5	5	14	26	27	5	14	5	5	1	6	2	3	1	1	1	9	1	1	9	28	3	26	14	14	5	5	5	5	5	5	5	11	5	5	5	5	5	5	5	5	5	5	5	14	5	5	1	9	12	12	12	12	12	12	20	20	2	20	5	5	11	31	5	5	4	25	10	10
3040	5	5	25	14	5	27	5	14	5	5	31	6	3	3	1	1	1	9	1	1	1	28	6	26	5	14	5	5	5	5	5	5	3	11	5	5	5	14	5	5	5	5	5	5	12	20	1	12	1	1	1	1	1	1	1	1	3	7	6	31	15	5	5	15	5	25	5	5	20	20
3050	5	5	14	14	1	27	14	14	1	5	4	6	4	3	4	1	1	9	1	1	1	28	31	26	5	14	5	5	5	5	5	5	3	11	5	5	5	14	5	5	5	5	5	5	12	31	1	12	1	1	1	1	1	1	4	9	4	4	17	4	1	21	4	1	16	14	4	26	17	17
3060	5	5	5	14	27	27	5	14	5	5	6	6	3	3	1	1	1	9	1	1	1	28	6	26	5	14	5	5	5	5	5	5	3	11	5	5	14	14	5	5	5	14	5	5	20	20	20	20	1	1	13	20	12	20	1	12	3	7	5	16	5	5	16	27	5	5	5	27	5	5
3070	5	5	5	14	12	27	14	14	5	5	1	6	1	3	1	1	1	9	1	1	9	28	18	26	3	14	5	5	5	5	5	5	3	11	5	5	14	14	5	5	14	14	3	14	7	18	1	7	1	9	1	1	1	1	1	1	1	1	1	1	3	14	29	21	5	5	30	29	31	31
3080	5	5	5	14	26	27	5	14	5	5	1	6	1	3	1	1	1	9	1	1	1	28	1	26	14	14	5	5	5	5	5	5	4	11	5	5	5	15	5	5	5	5	5	5	21	21	1	21	1	1	1	1	1	1	1	1	1	1	1	1	5	5	19	31	5	5	3	30	7	7
3090	5	5	31	14	26	27	5	14	5	5	1	6	1	3	4	1	4	9	1	1	1	28	26	26	5	14	5	5	5	5	5	5	3	11	5	5	14	14	5	5	5	14	5	5	29	31	29	29	1	1	9	29	9	9	1	9	1	1	6	1	5	5	30	31	1	31	2	31	6	6
3100	5	5	14	14	21	27	14	14	5	5	2	6	3	3	1	1	1	9	1	1	1	28	26	26	3	14	5	5	5	5	5	5	4	11	5	5	5	15	5	5	5	5	5	5	19	26	19	30	1	1	26	26	26	26	26	26	26	26	12	26	5	14	5	21	11	14	4	25	23	23
3110	5	5	5	14	6	27	5	14	5	5	1	6	1	3	1	1	1	9	1	1	1	28	26	26	5	14	5	5	5	5	5	5	4	11	5	5	5	15	5	5	5	5	5	5	20	31	20	20	1	1	12	20	1	12	1	1	1	1	1	1	5	5	5	20	5	5	2	5	6	6
3120	5	5	5	14	5	27	8	14	5	5	1	6	8	3	1	1	1	9	1	1	1	28	6	26	5	14	5	5	5	5	5	5	4	11	5	5	5	15	5	5	5	5	5	5	5	20	12	5	1	1	1	12	1	1	1	1	16	16	2	16	12	22	5	12	5	5	2	5	2	2
3130	5	5	14	14	26	27	5	14	5	5	2	6	4	3	1	1	1	9	1	1	1	28	26	26	5	14	5	5	5	5	5	5	11	11	5	5	5	25	5	5	5	5	5	5	29	31	29	29	1	1	29	29	29	29	29	29	29	29	3	31	5	5	26	31	5	14	3	31	3	3
3140	5	5	5	14	31	27	5	14	5	5	2	6	22	3	1	1	1	9	1	1	12	28	7	26	5	14	5	5	5	5	5	5	3	11	14	5	5	14	5	5	5	5	5	5	5	21	5	5	12	12	1	12	1	1	1	1	27	27	25	27	5	5	10	31	5	5	5	24	25	25
3150	14	5	3	14	6	27	5	14	5	5	11	6	1	3	1	1	1	9	1	1	6	28	5	26	5	14	5	5	5	5	5	5	4	11	5	5	5	15	5	5	5	5	5	5	5	5	5	5	2	6	5	13	12	12	1	12	1	1	4	18	1	5	2	6	2	14	24	2	24	24
3160	5	5	14	14	5	27	5	14	5	5	2	6	3	3	1	1	1	9	1	1	1	28	26	26	5	14	5	5	5	5	5	5	4	11	5	5	5	15	5	5	5	5	5	5	12	31	1	12	1	1	1	1	1	1	1	1	7	7	1	16	5	5	5	5	15	14	12	15	12	12
3170	5	5	5	14	2	27	25	14	5	5	28	6	3	3	1	1	12	9	1	1	1	28	28	26	5	14	5	5	5	5	5	5	3	11	5	5	14	14	5	5	5	14	5	5	20	28	6	20	1	1	1	6	12	12	3	12	3	3	4	31	14	25	3	22	3	5	5	3	15	15
3180	5	5	5	14	13	27	14	14	5	5	1	6	1	3	1	1	1	9	1	1	23	28	3	26	14	14	5	5	5	5	5	5	5	11	5	5	5	5	5	5	5	5	5	5	5	14	5	5	23	23	1	23	1	1	1	1	1	1	6	1	3	14	5	22	11	5	1	25	6	6
3190	5	5	2	14	11	27	5	14	5	5	1	6	3	3	1	1	1	9	1	1	1	28	7	26	3	14	1	5	5	5	5	5	3	11	5	5	5	14	5	5	1	5	1	1	1	7	1	1	1	1	1	1	1	1	7	1	7	7	7	7	5	5	4	25	27	13	4	31	18	18
3200	5	5	5	14	20	27	14	14	5	5	2	6	3	3	1	1	1	9	1	1	20	28	3	26	14	14	5	5	5	5	5	5	11	11	5	5	5	25	5	5	5	5	5	5	5	14	5	5	20	20	20	20	20	20	20	20	27	27	13	27	3	14	8	27	5	5	5	22	13	13
3210	5	5	5	14	20	27	5	14	5	5	2	6	7	3	1	1	1	9	1	1	1	28	26	26	3	14	5	5	5	5	5	5	3	11	5	5	5	14	5	5	5	5	5	5	1	26	12	12	1	1	1	12	1	1	1	1	7	7	5	16	5	5	6	20	5	5	5	20	5	5
3220	5	5	12	14	5	27	5	14	2	5	5	6	5	3	5	1	4	9	1	1	15	28	14	26	5	14	5	5	5	5	5	5	4	11	5	5	5	15	5	5	5	5	5	5	5	14	5	5	21	23	14	21	11	25	5	25	5	5	5	5	5	13	5	5	5	12	5	5	5	5
3230	5	5	5	14	9	27	14	14	5	5	2	6	3	3	4	1	2	9	1	1	30	28	9	26	5	14	5	5	5	5	5	5	4	11	5	5	5	15	5	5	5	5	5	5	5	23	5	5	24	31	24	24	24	24	24	24	30	30	2	30	3	14	26	18	5	5	19	31	19	19
3240	5	5	5	14	4	27	5	14	5	5	27	6	1	3	1	1	1	9	1	1	1	28	26	26	5	14	5	5	5	5	5	5	5	11	5	5	5	5	5	5	5	5	5	5	31	31	9	31	1	1	1	9	1	1	1	1	1	1	1	27	4	5	10	4	5	5	18	24	18	18
3250	5	5	5	14	15	27	5	14	5	5	1	6	2	3	1	1	4	9	1	1	1	28	8	26	5	14	5	5	5	5	5	5	11	11	5	5	5	25	5	5	5	5	5	5	22	22	22	22	1	1	27	27	31	31	31	31	31	31	29	31	5	5	4	15	5	5	4	15	29	29
3260	5	5	14	14	27	27	14	14	5	5	2	6	3	3	1	1	4	9	1	1	1	28	26	26	3	14	5	5	5	5	5	5	4	11	5	5	5	15	5	5	5	5	5	5	11	26	25	25	1	1	23	29	15	23	23	23	29	29	5	31	3	14	2	27	8	14	22	8	22	22
3270	14	5	3	14	5	27	8	14	5	5	1	6	4	3	1	1	1	9	1	1	12	28	28	26	5	14	5	5	5	5	5	5	5	11	5	5	5	5	5	5	5	5	5	5	5	28	5	5	12	12	1	12	1	1	1	1	9	9	7	9	30	22	2	30	7	14	2	16	16	16
3280	5	5	3	14	5	27	4	14	5	5	3	6	3	3	3	1	3	9	1	1	10	28	10	26	1	14	5	5	5	5	5	5	14	11	5	5	5	14	5	5	5	5	5	5	4	17	4	15	7	17	3	18	3	3	3	3	3	3	19	3	12	15	3	12	17	14	3	26	19	19
3290	28	5	3	14	20	27	14	14	5	5	2	6	18	3	1	1	1	9	1	1	12	28	17	26	5	14	5	5	5	5	5	5	15	11	5	5	5	15	5	5	5	5	5	5	5	28	5	5	12	12	9	12	9	9	1	9	11	18	3	19	3	14	4	27	11	31	11	11	11	11
3300	5	5	5	14	8	27	22	14	5	5	1	6	5	3	1	1	1	9	1	1	12	28	2	26	5	14	5	5	5	5	5	5	11	11	5	5	5	25	5	5	5	5	5	5	5	13	5	5	12	12	12	12	1	12	1	1	12	12	6	12	2	22	2	8	5	5	1	13	6	6
3310	5	5	5	14	10	27	5	14	5	5	4	6	1	3	1	1	1	9	1	1	1	28	16	26	3	14	5	5	5	5	5	5	4	11	5	5	5	15	5	5	5	5	5	5	1	16	1	12	1	1	1	1	1	1	1	1	1	1	16	9	5	5	5	24	5	5	4	5	26	26
3320	15	5	5	14	21	27	5	14	5	5	1	6	3	3	1	1	1	9	1	1	1	28	3	26	14	14	5	5	5	5	5	5	4	11	5	5	5	15	5	5	5	5	5	5	5	14	5	5	1	1	1	12	1	1	1	1	1	7	14	1	5	5	27	21	4	15	4	31	25	25
3330	5	5	5	14	12	27	5	14	5	5	1	6	3	3	1	1	4	9	1	1	24	28	3	26	14	14	5	5	5	5	5	5	4	11	5	5	5	15	5	5	5	5	5	5	5	14	5	5	28	28	28	28	28	28	28	28	31	31	26	31	5	5	1	12	1	5	2	1	26	26
3340	5	5	14	14	21	27	5	14	5	5	1	6	1	3	1	1	1	9	1	1	1	28	8	26	5	14	5	5	5	5	5	5	11	11	5	5	5	25	5	5	5	5	5	5	5	22	5	5	1	1	1	12	1	1	1	1	1	1	5	1	5	5	30	21	3	14	5	30	5	5
3350	5	5	5	14	5	27	5	14	5	5	30	6	1	3	1	1	1	9	1	1	5	28	3	26	5	14	5	5	5	5	5	5	5	11	5	5	5	5	5	5	5	5	5	5	5	14	5	5	12	12	1	12	1	1	1	1	1	1	1	31	5	5	5	5	5	5	12	5	12	12
3360	5	5	5	14	16	27	5	14	5	5	1	6	3	3	1	1	1	9	1	1	1	28	18	26	3	14	5	5	5	5	5	5	11	11	5	5	15	25	5	5	5	15	5	5	7	18	1	21	1	1	1	1	1	1	1	1	1	7	1	1	5	5	22	27	5	5	2	22	6	6
3370	5	5	22	14	2	27	5	14	5	5	1	6	23	3	1	1	1	9	1	1	15	28	26	26	5	14	5	5	5	5	5	5	3	11	5	5	5	14	5	5	5	5	5	5	12	31	5	12	5	23	5	5	12	12	1	12	23	23	3	23	10	5	4	10	27	22	16	31	16	16
3380	5	5	5	14	20	27	5	14	5	5	2	6	2	3	1	1	1	9	1	1	1	28	4	26	5	14	5	5	5	5	5	5	3	11	5	5	5	14	5	5	5	5	5	5	5	15	5	5	1	1	1	12	1	1	1	1	6	6	2	6	5	5	31	20	5	5	12	31	20	20
3390	5	5	5	14	28	27	14	14	5	5	1	6	1	3	1	1	1	9	1	1	1	28	7	26	3	14	5	5	5	5	5	5	5	11	5	5	5	5	5	5	5	5	5	5	1	7	1	12	1	1	1	1	1	1	1	1	1	1	12	1	1	14	12	28	5	5	2	12	20	20
3400	5	5	5	14	24	27	5	14	5	5	1	6	3	3	1	1	1	9	1	1	1	28	7	26	5	14	5	5	5	5	5	5	4	11	5	5	5	15	5	5	5	5	5	5	12	21	1	12	1	1	1	1	1	1	1	1	1	7	1	1	2	5	5	24	12	5	7	12	7	7
3410	5	5	14	14	14	27	5	14	5	5	1	6	3	3	4	1	4	9	1	1	17	28	3	26	14	14	5	5	5	5	5	5	4	11	5	5	5	15	5	5	5	5	5	5	5	14	5	5	17	17	28	28	28	28	28	28	31	31	1	31	5	5	14	14	5	14	1	14	1	1
3420	5	5	3	14	27	27	5	14	5	5	1	6	3	3	1	1	1	9	1	1	1	28	26	26	5	14	5	5	5	5	14	5	25	11	5	5	5	25	5	14	5	5	5	5	31	31	31	31	1	1	31	31	31	31	31	31	31	31	3	31	5	5	23	27	3	14	6	29	16	16
3430	5	5	5	14	21	27	14	14	5	5	2	6	3	3	1	1	1	9	1	1	1	28	26	26	3	14	5	5	5	5	5	5	11	11	5	5	5	25	5	5	5	5	5	5	6	26	20	20	1	1	12	20	12	12	5	12	14	14	3	22	5	14	12	21	5	5	3	12	3	3
3440	5	5	5	14	5	27	5	14	5	5	2	6	3	3	1	1	1	9	1	1	1	28	26	26	3	14	5	5	5	5	5	5	11	11	5	5	5	25	5	5	5	5	5	5	17	26	28	28	1	1	6	28	1	6	7	1	7	7	1	16	5	5	5	5	5	5	15	5	23	23
3450	5	5	14	14	31	27	5	14	5	5	2	6	3	3	1	1	1	9	1	1	1	28	31	26	5	14	5	5	5	5	5	5	4	11	5	5	5	15	5	5	5	5	5	5	15	31	15	15	1	1	23	23	23	23	12	23	12	21	1	20	5	5	31	31	3	14	1	31	1	1
3460	5	5	14	14	12	27	14	14	5	5	2	6	2	3	1	1	1	9	1	1	1	28	29	26	3	14	5	5	5	5	5	5	3	11	5	5	5	14	5	5	5	5	1	5	1	29	1	1	1	1	1	1	1	1	2	1	2	2	1	2	3	14	14	21	5	14	13	14	20	20
3470	5	5	14	14	2	27	27	14	5	5	1	6	1	3	1	1	1	9	1	1	1	28	18	26	5	14	5	5	5	5	5	5	11	11	5	5	5	25	5	5	5	5	5	5	9	29	12	23	1	1	1	12	1	1	1	1	1	1	19	1	1	27	1	6	26	14	4	26	19	19
3480	5	5	5	14	5	27	14	14	5	5	25	6	8	3	1	1	1	9	1	1	12	28	11	26	5	14	5	5	5	5	5	5	3	11	5	5	5	14	5	5	5	5	5	5	5	25	5	5	12	12	12	12	1	12	1	1	2	16	1	30	5	14	25	5	5	5	5	25	12	12
3490	5	5	5	14	6	27	14	14	5	5	2	6	7	3	1	1	1	9	1	1	1	28	7	26	5	14	5	5	5	5	5	5	4	11	5	5	5	15	5	5	5	5	5	5	12	21	1	12	1	1	1	1	1	1	1	1	7	7	8	16	3	14	6	16	5	5	1	20	16	16
3500	5	5	13	14	13	27	5	14	5	5	1	6	3	3	7	1	1	9	1	1	1	28	17	26	5	14	5	5	5	5	5	5	3	11	5	5	5	14	5	5	5	5	5	5	12	28	1	12	1	1	1	1	1	1	7	7	7	7	2	7	5	5	20	13	4	13	30	28	30	30
3510	5	5	3	14	1	27	5	14	5	5	2	6	3	3	2	1	1	9	1	1	1	28	19	26	5	14	5	5	5	5	5	5	4	11	5	5	5	15	5	5	5	5	5	5	5	30	5	5	1	1	1	12	1	1	6	6	6	16	24	6	5	5	7	12	3	14	1	7	28	28
3520	5	5	5	14	14	27	5	14	5	5	1	6	9	3	1	1	1	9	1	1	1	28	1	26	5	14	5	5	5	5	5	5	11	11	5	5	15	25	5	5	5	15	5	5	12	12	1	12	1	1	1	1	1	1	1	1	9	9	3	9	5	5	5	14	5	5	1	5	7	7
3530	5	5	4	14	1	27	5	14	5	5	4	6	9	3	5	1	5	9	5	1	5	28	4	26	11	14	5	5	5	5	5	5	3	11	14	5	5	14	5	5	5	5	5	5	5	11	5	5	5	5	5	5	5	5	5	5	9	23	3	9	22	5	22	27	1	15	4	27	11	11
3540	5	5	2	14	5	27	5	14	5	5	2	6	1	3	1	1	1	9	1	1	12	28	3	26	3	14	5	5	5	5	5	5	11	11	5	5	14	25	5	5	14	14	14	14	3	3	5	14	12	12	1	12	1	1	1	1	12	1	27	20	13	5	2	13	27	13	3	27	27	27
3550	5	5	5	14	5	27	5	14	5	5	4	6	23	3	4	1	4	9	4	1	4	28	26	26	5	14	5	5	5	5	5	5	3	11	14	5	5	14	5	5	15	5	4	15	4	31	4	4	4	4	4	4	4	4	4	4	28	23	11	28	5	5	5	5	3	5	3	14	11	11
3560	5	5	5	14	27	27	5	14	5	5	3	6	3	3	1	1	1	9	1	1	1	28	26	26	5	14	5	5	5	5	5	5	3	11	5	5	5	14	5	5	5	5	5	5	22	31	22	22	1	1	27	27	27	27	16	27	7	16	5	7	5	5	22	27	5	5	5	22	5	5
3570	5	5	14	14	2	27	5	14	5	5	2	6	4	3	1	1	1	9	9	1	3	28	5	26	5	14	5	5	5	5	5	5	4	11	5	5	5	15	5	5	5	5	5	5	5	5	5	5	7	18	12	21	12	12	1	12	9	9	19	17	27	5	3	27	3	14	2	3	19	19
3580	5	5	5	14	7	27	5	14	5	5	2	6	25	3	1	1	1	9	1	1	1	28	11	26	3	14	5	5	5	5	5	5	4	11	5	5	4	15	5	5	15	15	4	15	4	11	1	4	1	1	1	1	1	1	1	1	29	29	4	31	5	5	3	21	3	5	17	3	17	17
3590	5	5	5	14	7	27	5	14	5	5	2	6	1	3	1	1	1	9	1	1	1	28	1	26	5	14	5	5	5	5	5	5	3	11	5	5	5	14	5	5	5	5	5	5	5	12	5	5	1	1	12	12	1	12	1	1	1	1	2	6	5	5	5	21	12	5	20	12	20	20
3600	5	5	5	14	22	27	5	14	5	5	1	6	3	3	1	1	1	9	1	1	1	28	26	26	3	14	5	5	5	5	5	5	3	11	5	5	5	14	5	5	5	5	5	5	26	26	31	31	1	1	28	31	20	28	20	20	27	27	5	27	5	5	5	22	5	5	5	5	5	5
3610	5	5	5	14	27	27	5	14	5	5	2	6	3	3	1	1	4	9	1	1	24	28	3	26	14	14	5	5	5	5	5	5	11	11	5	5	15	25	5	5	5	15	5	5	5	14	5	5	28	28	28	28	28	28	28	28	31	31	23	31	5	5	6	27	2	5	1	6	23	23
3620	5	5	5	14	20	27	5	14	5	5	7	6	3	3	7	1	4	9	1	1	1	28	3	26	14	14	5	5	5	5	14	5	3	11	14	5	5	14	5	14	5	5	5	5	29	14	29	29	1	1	9	29	1	9	3	7	3	3	2	7	5	5	15	20	5	5	6	15	6	6
3630	1	5	25	14	3	27	24	14	3	5	9	6	4	3	4	1	5	9	13	1	5	28	5	26	18	14	1	5	5	5	5	5	3	11	24	5	20	30	5	5	20	20	15	20	1	29	5	23	5	13	5	5	5	5	4	15	4	4	2	9	8	30	11	8	4	29	2	11	2	2
3640	19	5	4	14	16	27	5	14	2	5	1	6	5	3	5	1	5	9	5	1	5	28	5	26	5	14	4	5	1	5	1	5	24	11	5	5	4	24	4	1	4	4	1	4	12	5	5	12	5	5	5	5	5	5	12	5	29	12	7	29	3	13	29	16	5	19	3	29	7	7
3650	5	5	5	14	15	27	5	14	5	5	5	6	3	3	1	1	15	9	1	1	1	28	1	26	5	14	5	5	5	5	5	5	3	11	5	5	5	14	5	5	5	5	5	5	12	12	1	12	1	1	1	1	23	23	12	23	21	21	3	21	5	5	5	15	5	5	14	5	14	14
3660	5	5	5	14	16	27	14	14	5	5	2	6	3	3	1	1	1	9	1	1	1	28	26	26	5	14	5	5	5	5	5	5	11	11	5	5	5	25	5	5	5	5	5	5	30	31	19	30	1	1	16	26	16	16	16	16	6	16	11	6	5	14	30	27	1	5	4	31	11	11
3670	12	5	5	14	31	27	5	14	5	5	28	6	7	3	1	1	12	9	1	1	1	28	1	26	1	14	5	5	5	5	5	5	5	11	5	5	5	5	5	5	5	5	5	5	12	1	1	12	1	1	1	1	1	12	1	1	1	7	24	28	5	5	19	31	1	12	4	26	24	24
3680	5	5	5	14	27	27	14	14	5	5	1	6	1	3	1	1	1	9	1	1	23	28	6	26	5	14	5	5	5	5	5	5	3	11	5	5	5	14	5	5	5	5	5	5	5	20	5	5	9	23	1	23	1	1	1	1	1	1	2	1	5	14	1	27	30	5	2	31	2	2
3690	5	5	5	14	19	27	3	14	5	5	1	6	5	3	1	1	1	9	1	1	1	28	9	26	5	14	5	5	5	5	5	5	4	11	5	5	5	15	5	5	5	5	5	5	12	23	1	12	1	1	1	1	1	1	1	1	1	12	8	1	5	14	5	30	5	5	4	5	19	19
3700	5	5	3	14	5	27	14	14	5	5	1	6	1	3	1	1	1	9	1	1	1	28	7	26	3	14	5	5	5	5	5	5	4	11	5	5	5	15	5	5	5	5	5	5	1	7	12	12	1	1	1	12	1	1	1	1	1	1	1	1	5	14	5	5	5	14	1	5	1	1
3710	5	5	14	14	6	27	14	14	5	5	1	6	3	3	1	1	1	9	1	1	1	28	16	26	5	14	5	5	5	5	5	5	4	11	5	5	5	15	5	5	5	5	5	5	21	27	1	21	1	1	1	1	1	1	1	1	7	7	4	7	5	14	20	20	3	14	2	27	10	10
3720	5	5	5	14	26	27	5	14	5	5	2	6	3	3	1	1	1	9	1	1	1	28	26	26	3	14	5	5	5	5	5	5	11	11	5	5	5	25	5	5	5	5	5	5	26	26	31	31	1	1	27	31	27	27	20	27	27	27	2	27	5	5	8	31	5	5	5	22	13	13
3730	5	5	23	14	6	27	13	14	5	5	10	6	1	3	1	1	1	9	1	1	1	28	2	26	14	14	5	5	5	5	5	5	11	11	5	5	5	25	5	5	5	5	5	5	5	22	5	5	1	1	1	12	1	1	1	1	1	1	4	17	2	13	18	6	2	23	5	26	15	15
3740	21	5	5	14	5	27	14	14	5	5	2	6	7	3	1	1	1	9	1	1	9	28	16	26	3	14	5	5	5	5	5	5	25	11	5	5	14	25	5	5	14	14	3	14	3	16	3	3	9	9	1	18	1	1	1	1	7	7	5	16	5	14	5	5	5	21	5	5	5	5
3750	5	5	5	14	2	27	5	14	5	5	28	6	2	3	1	1	1	9	6	1	1	28	11	26	3	14	5	5	5	5	5	5	5	11	5	5	5	5	5	5	5	5	5	5	5	11	5	5	17	6	17	28	17	17	4	17	4	10	21	28	4	5	2	10	2	5	5	2	21	21
3760	4	5	8	14	12	27	5	14	5	5	20	6	1	3	1	1	1	9	7	1	3	28	2	26	5	14	5	5	5	5	5	5	5	11	5	5	5	5	5	5	5	5	5	5	5	13	3	5	7	7	1	7	1	1	1	1	1	1	16	20	5	5	23	12	3	19	1	29	16	16
3770	5	5	5	14	31	27	5	14	5	5	1	6	3	3	1	1	1	9	5	1	5	28	16	26	5	14	5	5	5	5	5	5	11	11	5	5	5	25	5	5	5	5	5	5	12	27	12	12	5	5	1	12	1	1	1	1	1	7	2	1	5	5	24	31	1	5	14	28	22	22
3780	5	5	5	14	29	27	5	14	5	5	2	6	14	3	1	1	1	9	1	1	7	28	3	26	3	14	5	5	5	5	5	5	4	11	5	5	5	15	5	5	5	5	5	5	3	3	5	14	7	7	21	21	21	21	1	21	12	21	6	20	2	5	31	31	5	5	2	31	6	6
3790	5	5	5	14	5	27	5	14	5	5	2	6	3	3	1	1	1	9	1	1	1	28	6	26	5	14	5	5	5	5	5	5	11	11	5	5	5	25	5	5	5	5	5	5	12	20	1	12	1	1	1	1	1	1	1	1	7	7	13	16	5	5	5	5	5	5	5	5	13	13
3800	5	5	5	14	5	27	5	14	5	5	28	6	3	3	1	1	1	9	1	1	7	28	3	26	14	14	5	5	5	5	5	5	3	11	5	5	5	14	5	5	5	5	5	5	14	14	3	14	7	7	7	7	7	7	3	7	3	3	3	31	5	5	12	5	5	5	7	12	7	7
3810	3	5	22	14	8	27	5	14	20	5	2	6	14	3	7	1	1	9	1	1	12	28	4	26	20	14	5	5	5	5	5	5	11	11	5	5	5	25	5	5	5	5	5	5	5	28	5	5	12	12	1	12	1	1	1	7	27	21	15	27	5	20	4	22	24	22	4	24	15	15
3820	5	5	5	14	5	27	5	14	5	5	1	6	1	3	1	1	1	9	1	1	1	28	3	26	14	14	5	5	5	5	5	5	14	11	5	5	5	14	5	5	5	5	5	5	12	14	1	12	1	1	1	1	1	1	1	1	1	1	4	1	5	5	5	5	20	5	21	20	29	29
3830	5	5	5	14	13	27	5	14	5	5	1	6	3	3	1	1	1	9	1	1	1	28	26	26	5	14	5	5	5	5	5	5	3	11	5	5	5	14	5	5	5	5	5	5	6	31	6	20	1	1	1	6	1	1	1	1	7	7	3	7	5	5	5	13	5	5	5	5	14	14
3840	5	5	5	14	3	27	5	14	5	5	1	6	3	3	9	1	5	9	5	1	5	28	4	26	5	14	5	5	5	5	5	5	4	11	5	5	5	15	5	5	5	5	5	5	5	15	5	5	5	5	5	5	5	5	24	23	30	30	25	31	5	5	18	14	3	5	3	18	25	25
3850	5	5	14	14	31	27	14	14	5	5	3	6	25	3	1	1	1	9	1	1	1	28	8	26	5	14	5	5	5	5	5	5	11	11	5	5	5	25	5	5	5	5	5	5	27	22	1	27	1	1	1	1	1	1	1	1	29	29	2	29	3	14	4	31	31	14	12	31	20	20
3860	5	5	5	14	5	27	5	14	5	5	1	6	3	3	1	1	1	9	1	1	1	28	26	26	5	14	5	5	5	5	5	5	15	11	5	5	5	15	5	5	5	5	5	5	6	31	6	20	1	1	1	6	1	1	1	1	7	7	8	7	5	5	5	5	5	5	3	5	8	8
3870	5	5	5	14	14	27	5	14	5	5	2	6	3	3	1	1	4	9	1	1	1	28	19	26	5	14	5	5	5	5	5	5	3	11	5	5	5	14	5	5	5	5	5	5	30	30	30	30	1	1	31	31	31	31	31	31	31	31	7	31	5	5	5	14	5	5	5	5	21	21
3880	5	5	25	14	5	27	5	14	5	5	2	6	25	3	1	1	1	9	1	1	1	28	16	26	5	14	5	5	5	5	5	5	5	11	5	5	5	5	5	5	5	5	5	5	12	27	1	12	1	1	1	1	1	1	1	1	29	29	28	31	5	5	5	5	5	25	5	5	28	28
3890	5	5	14	14	12	27	5	14	5	5	2	6	3	3	1	1	1	9	1	1	17	28	3	26	14	14	5	5	5	5	5	5	4	11	5	5	5	15	5	5	5	5	5	5	5	14	5	5	17	17	28	28	28	28	28	28	31	31	6	31	5	5	14	12	3	14	5	14	20	20
3900	5	5	5	14	16	27	5	14	5	5	2	6	3	3	1	1	4	9	1	1	1	28	3	26	14	14	5	5	5	5	5	5	4	11	5	5	5	15	5	5	5	5	5	5	14	14	14	14	1	1	21	21	29	29	11	29	18	11	1	26	5	5	23	27	5	5	12	23	12	12
3910	5	5	5	14	16	27	14	14	5	5	2	6	7	3	1	1	1	9	1	1	1	28	3	26	14	14	5	5	5	5	5	5	4	11	5	5	15	15	5	5	5	15	5	5	14	14	22	14	1	1	1	27	1	1	1	1	21	7	1	27	3	14	14	16	5	5	1	14	1	1
3920	5	5	5	14	22	27	5	14	5	5	1	6	3	3	1	1	1	9	1	1	1	28	26	26	3	14	5	5	5	5	5	5	11	11	5	5	5	25	5	5	5	5	5	5	26	26	31	31	1	1	30	31	28	31	28	28	31	31	23	31	5	5	13	22	5	5	5	13	23	23
3930	3	5	14	14	5	27	14	14	5	5	1	6	1	3	1	1	1	9	1	1	1	28	18	26	5	14	5	5	5	5	5	5	4	11	5	5	5	15	5	5	5	5	5	5	21	29	21	21	1	1	7	21	1	7	1	1	1	1	2	1	13	14	2	13	21	14	22	27	22	22
3940	5	5	5	14	31	27	5	14	5	5	1	6	4	3	1	1	4	9	5	1	5	28	5	26	5	14	5	5	5	5	5	5	4	11	5	5	5	15	5	5	5	5	5	5	5	5	5	5	5	5	5	5	15	15	4	23	4	4	2	9	5	5	26	31	5	5	23	31	28	28
3950	5	5	3	14	27	27	5	14	5	5	1	6	1	3	1	1	1	9	1	1	1	28	8	26	3	14	5	5	5	5	5	5	11	11	5	5	5	25	5	5	5	5	5	5	2	8	13	13	1	1	6	20	1	6	1	1	1	1	3	1	5	5	27	27	3	14	14	27	14	14
3960	5	5	5	14	26	27	3	14	5	5	1	6	3	3	16	1	1	9	3	1	1	28	11	26	3	14	5	5	5	5	5	5	15	11	5	5	5	15	5	5	5	5	5	5	12	11	1	12	1	7	1	1	1	1	16	16	8	16	19	16	5	14	3	31	19	5	1	19	26	26
3970	5	5	5	14	27	27	5	14	5	5	2	6	3	3	1	1	1	9	1	1	1	28	28	26	3	14	5	5	5	5	5	5	4	11	5	5	15	15	5	5	15	15	4	15	26	31	19	26	1	1	19	26	17	26	17	17	31	26	2	31	5	5	8	27	2	5	6	8	6	6
3980	27	5	4	14	2	27	14	14	5	5	1	6	22	3	1	1	1	9	9	1	4	28	29	26	5	14	5	5	5	5	5	5	3	11	5	5	5	14	5	5	5	5	5	5	5	29	5	5	1	9	1	12	1	1	1	1	27	27	3	27	3	14	2	8	29	31	3	31	3	3
3990	5	5	25	14	31	27	5	14	5	5	2	6	3	3	2	1	4	9	5	1	5	28	17	26	5	14	5	5	5	5	5	5	3	11	5	5	5	14	5	5	5	5	5	5	2	28	13	13	5	5	2	13	10	10	10	10	19	19	5	19	1	5	5	31	5	25	5	5	5	5
4000	5	5	11	14	8	27	5	14	5	5	27	6	1	3	1	1	1	9	1	1	9	28	18	26	5	14	5	5	5	5	5	5	11	11	5	5	5	25	5	5	5	5	5	5	5	29	5	5	9	9	1	23	1	1	1	1	1	1	14	27	5	5	3	22	22	25	1	22	21	21
4010	5	5	14	14	5	27	3	14	5	5	10	6	3	3	1	1	4	9	3	1	14	28	31	26	5	14	5	5	5	5	5	5	4	11	5	5	5	15	5	5	5	5	5	5	5	31	5	5	14	14	22	14	30	30	3	31	3	3	3	19	25	14	3	25	7	14	30	7	30	30
4020	5	5	14	14	5	27	22	14	5	5	2	6	11	3	1	1	1	9	1	1	23	28	3	26	14	14	5	5	5	5	5	5	4	11	5	5	5	15	5	5	5	5	5	5	5	14	5	5	12	23	1	12	1	1	1	1	18	18	6	26	5	22	5	5	25	14	3	25	16	16
4030	5	5	5	14	5	27	5	14	5	5	10	6	21	3	1	1	1	9	1	1	1	28	6	26	3	14	5	5	5	5	5	5	5	11	5	5	5	5	5	5	5	5	5	5	1	16	1	12	1	1	1	1	1	1	1	1	1	21	4	17	5	5	6	5	5	5	9	20	9	9
4040	5	5	14	14	5	27	14	14	5	5	2	6	3	3	1	1	4	9	1	1	31	28	2	26	14	14	5	5	5	5	5	5	3	11	5	5	5	14	5	5	5	5	5	5	14	22	5	14	31	31	26	31	26	26	19	26	19	19	5	19	5	14	5	5	12	14	28	12	28	28
4050	5	5	28	14	29	27	5	14	5	5	4	6	14	3	1	1	1	9	1	1	1	28	17	26	5	14	5	5	5	5	5	5	3	11	5	5	5	14	5	5	5	5	5	5	12	28	1	12	1	1	1	1	1	1	1	1	21	21	6	29	5	5	5	29	12	28	3	12	16	16
4060	3	5	3	14	20	27	5	14	5	5	7	6	1	3	1	1	5	9	6	1	5	28	2	26	14	14	5	5	5	5	5	5	3	11	5	5	5	14	5	5	5	5	5	5	5	22	5	5	12	20	12	12	12	12	1	12	1	1	4	7	5	5	5	20	5	3	24	5	24	24
4070	5	5	5	14	16	27	5	14	5	5	9	6	3	3	1	1	7	9	1	1	12	28	25	26	5	14	5	5	5	5	15	5	11	11	5	5	5	25	5	15	5	5	5	5	5	25	5	5	5	12	5	5	21	21	3	21	3	3	1	18	2	5	5	16	5	5	12	5	12	12
4080	5	5	5	14	5	27	14	14	5	5	5	6	3	3	1	1	4	9	1	1	1	28	8	26	3	14	5	5	5	5	5	5	11	11	5	5	5	25	5	5	5	5	5	5	8	8	22	22	1	1	20	27	12	28	20	12	16	27	4	27	14	14	5	14	14	5	8	14	19	19
4090	5	5	5	14	5	27	5	14	5	5	4	6	4	3	4	1	4	9	4	1	9	28	26	26	5	14	5	5	5	5	5	5	4	11	25	5	5	25	5	5	5	5	5	5	15	31	4	15	9	9	4	9	4	4	4	4	4	4	9	4	5	5	5	5	13	5	2	13	17	17
4100	14	5	3	14	2	27	5	14	5	5	2	6	1	3	1	1	1	9	1	1	2	28	7	26	3	14	5	5	5	5	5	5	12	11	5	5	12	12	5	5	12	12	1	12	1	7	1	1	1	6	1	1	1	1	1	1	9	1	12	17	5	5	3	13	25	14	4	25	23	23
4110	5	5	5	14	1	27	5	14	5	5	31	6	1	3	1	1	1	9	1	1	1	28	7	26	3	14	5	5	5	5	5	5	11	11	5	5	5	25	5	5	5	5	5	5	1	7	1	12	1	1	1	1	1	1	1	1	1	1	4	31	5	5	23	12	5	5	25	23	25	25
4120	12	5	4	14	6	27	15	14	5	5	31	6	3	3	4	1	4	9	4	1	1	28	3	26	14	14	5	5	5	5	5	5	4	11	4	5	5	4	5	5	5	5	5	5	5	14	5	5	23	9	1	23	4	9	3	4	3	3	3	31	5	15	2	20	8	23	1	8	7	7
4130	5	5	5	14	25	27	5	14	5	5	3	6	2	3	25	1	2	9	1	1	1	28	9	26	5	14	5	5	5	5	5	5	4	11	5	5	5	15	5	5	5	5	5	5	31	23	28	31	1	1	2	28	2	2	31	30	27	31	13	27	5	5	3	25	7	5	5	7	13	13
4140	5	5	5	14	20	27	5	14	5	5	3	6	3	3	1	1	4	9	1	1	1	28	31	26	5	14	5	5	5	5	5	5	3	11	5	5	5	14	5	5	5	5	5	5	31	31	30	31	1	1	30	31	30	30	31	31	31	31	3	31	5	5	27	20	5	5	15	27	25	25
4150	5	5	3	14	16	27	5	14	5	5	2	6	3	3	1	1	4	9	1	1	1	28	22	26	3	14	5	5	5	5	5	5	4	11	5	5	5	15	5	5	5	5	5	5	22	22	22	22	1	1	14	27	25	25	31	29	31	31	3	31	5	5	27	27	4	14	18	31	18	18
4160	11	5	3	14	27	27	5	14	8	5	2	6	3	3	1	1	10	9	1	1	12	28	28	26	3	14	5	5	5	5	5	5	11	11	5	5	5	25	5	5	5	5	5	5	5	31	5	5	5	12	5	5	24	24	31	28	29	31	1	31	4	22	19	31	4	11	14	19	21	21
4170	5	5	14	14	6	27	5	14	5	5	2	6	3	3	1	1	1	9	1	1	24	28	6	26	5	14	5	5	5	5	5	5	3	11	5	5	5	14	5	5	5	5	5	5	5	20	5	5	31	28	28	31	28	28	28	28	29	31	3	31	5	5	31	20	3	14	7	31	7	7
4180	5	5	14	14	5	27	5	14	5	5	2	6	3	3	1	1	9	9	1	1	1	28	3	26	3	14	3	5	5	5	5	5	3	11	5	5	3	14	5	5	3	14	3	3	3	3	3	3	1	1	1	7	9	9	9	9	18	18	11	26	5	5	5	5	31	14	2	31	19	19
4190	5	5	3	14	31	27	3	14	5	5	1	6	3	3	1	1	1	9	1	1	1	28	26	26	3	14	5	5	5	5	5	5	4	11	5	5	5	15	5	5	5	5	1	5	1	26	1	1	1	1	1	1	1	1	1	1	7	7	3	7	3	14	5	31	5	14	14	5	14	14
4200	5	5	14	14	13	27	14	14	5	5	5	6	3	3	1	1	4	9	1	1	9	28	26	26	5	14	5	5	5	5	5	5	5	11	5	5	5	5	5	5	5	5	5	5	13	31	13	13	4	9	24	24	24	24	24	28	25	30	25	25	3	14	16	22	5	14	3	27	25	25
4210	5	5	14	14	28	27	14	14	5	5	16	6	1	3	1	1	1	9	1	1	1	28	26	26	5	14	5	5	5	5	5	5	11	11	5	5	15	25	5	5	5	15	5	5	21	31	1	21	1	1	1	1	1	1	1	1	1	1	11	16	5	14	1	28	12	14	5	12	25	25
4220	5	5	30	14	3	27	5	14	5	5	3	6	3	3	1	1	1	9	1	1	1	28	18	26	3	14	5	5	5	5	5	5	4	11	5	5	5	15	5	5	5	5	5	5	18	18	29	29	1	1	1	29	1	1	1	1	7	7	3	7	5	5	3	14	28	30	21	31	21	21
4230	5	5	14	14	14	27	5	14	5	5	19	6	1	3	1	1	1	9	1	1	31	28	20	26	5	14	5	5	5	5	5	5	5	11	5	5	5	5	5	5	5	5	5	5	5	20	5	5	28	31	1	28	1	1	1	1	1	1	13	26	5	5	1	14	31	14	2	31	13	13
4240	5	5	5	14	27	27	5	14	5	5	13	6	1	3	1	1	1	9	1	1	1	28	3	26	5	14	5	5	5	5	5	5	11	11	5	5	5	25	5	5	5	5	5	5	5	14	5	5	1	1	1	12	1	1	1	1	1	1	3	20	4	5	30	31	5	5	3	30	3	3
4250	5	5	30	14	16	27	5	14	5	5	2	6	3	3	1	1	4	9	1	1	10	28	29	26	3	14	5	5	5	5	5	5	3	11	5	5	14	14	5	5	14	14	3	14	25	29	29	25	4	17	29	29	21	29	1	21	7	7	2	16	5	5	20	27	3	30	2	27	2	2
4260	5	5	15	14	4	27	14	14	5	5	2	6	3	3	1	1	4	9	1	1	1	28	26	26	5	14	5	5	5	5	5	5	11	11	5	5	5	25	5	5	5	5	5	5	26	31	31	31	1	1	24	31	24	24	23	28	29	29	12	31	8	14	3	19	5	15	2	14	20	20
4270	5	5	5	14	19	27	14	14	5	5	2	6	3	3	1	1	4	9	1	1	23	28	27	26	3	14	5	5	5	5	5	5	3	11	5	5	5	14	5	5	5	5	5	5	5	27	5	5	23	23	23	23	23	23	23	23	29	29	5	31	5	14	30	30	1	5	5	31	5	5
4280	5	5	5	14	27	27	5	14	5	5	2	6	3	3	1	1	1	9	1	1	1	28	3	26	14	14	5	5	5	5	5	5	11	11	5	5	5	25	5	5	5	5	5	5	5	14	5	5	1	1	12	12	12	12	12	12	21	21	1	27	5	5	31	27	5	5	11	31	18	18
4290	5	5	14	14	31	27	5	14	5	5	2	6	15	3	1	1	1	9	1	1	1	28	26	26	5	14	5	5	5	5	5	5	11	11	5	5	14	25	5	5	5	14	5	5	20	31	20	20	1	1	1	20	1	1	1	1	23	23	2	28	5	5	28	31	3	14	12	31	20	20
4300	5	5	5	14	27	27	5	14	5	5	1	6	3	3	1	1	4	9	1	1	1	28	18	26	5	14	5	5	5	5	5	5	3	11	5	5	5	14	5	5	5	5	5	5	29	29	23	29	1	1	23	23	23	23	23	23	29	29	5	29	5	5	26	27	5	5	30	31	30	30
4310	5	5	5	14	16	27	5	14	5	5	2	6	1	3	1	1	1	9	1	1	1	28	18	26	5	14	12	5	5	5	5	5	25	11	5	5	5	25	5	5	5	5	12	12	5	29	1	12	1	1	1	1	1	1	1	1	1	1	3	6	5	5	20	27	1	5	3	20	3	3
4320	22	5	3	14	5	27	5	14	5	5	3	6	3	3	7	1	1	9	1	1	1	28	17	26	5	14	5	5	5	5	5	5	11	11	5	5	5	25	5	5	5	5	5	5	12	28	1	12	1	1	1	1	1	1	3	7	3	3	3	3	5	5	5	5	16	22	4	27	11	11
4330	5	5	3	14	31	27	5	14	5	5	1	6	3	3	2	1	4	9	1	1	20	28	3	26	14	14	5	5	5	5	5	5	4	11	5	5	5	15	5	5	5	5	5	5	5	14	5	5	20	20	20	20	28	28	28	28	31	31	2	31	5	5	31	31	5	14	19	31	19	19
4340	5	5	5	14	27	27	14	14	5	5	2	6	3	3	1	1	1	9	1	1	20	28	3	26	14	14	5	5	5	5	5	5	3	11	5	5	5	14	5	5	5	5	5	5	5	14	5	5	20	20	27	20	27	27	20	27	27	27	16	27	3	14	26	27	5	5	2	31	16	16
4350	1	5	3	14	26	27	21	14	5	5	2	6	2	3	1	1	1	9	1	1	6	28	1	26	5	14	5	5	5	5	5	5	3	11	5	5	5	14	5	5	5	5	5	5	12	12	12	12	1	6	1	12	1	1	2	1	2	2	5	2	5	21	20	31	3	7	5	27	5	5
4360	30	5	3	14	26	27	14	14	5	5	2	6	3	3	1	1	1	9	1	1	1	28	31	26	3	14	5	5	5	5	5	5	15	11	5	5	5	15	5	5	5	5	5	5	22	31	22	22	1	1	27	27	27	27	31	27	31	31	3	31	5	14	28	31	3	30	12	31	21	21
4370	20	5	5	14	5	27	5	14	5	5	28	6	1	3	1	1	1	9	1	1	4	28	17	26	5	14	5	5	5	5	5	5	11	11	5	5	5	25	5	5	5	5	5	5	15	28	4	15	9	9	1	9	1	1	1	1	1	1	10	28	5	5	5	5	2	20	2	13	10	10
4380	5	5	5	14	26	27	5	14	5	5	1	6	1	3	1	1	1	9	1	1	1	28	26	26	3	14	5	5	5	5	5	5	4	11	5	5	5	15	5	5	5	5	5	5	7	26	1	21	1	1	1	1	1	1	1	1	1	1	1	1	5	5	18	31	4	5	15	18	23	23
4390	5	5	14	14	20	27	14	14	5	5	2	6	3	3	1	1	4	9	1	1	1	28	26	26	5	14	5	5	5	5	5	5	11	11	5	5	5	25	5	5	5	5	5	5	25	31	11	25	1	1	18	18	18	18	18	18	18	18	1	26	3	14	20	27	3	14	8	27	16	16
4400	5	5	28	14	2	27	30	14	5	5	20	6	1	3	1	1	6	9	1	1	1	28	26	26	5	14	5	5	5	5	5	5	3	11	5	5	5	14	5	5	5	5	5	5	13	31	13	13	1	1	1	20	1	6	1	1	1	1	8	20	29	30	28	31	2	28	3	28	8	8
4410	5	5	5	14	20	27	5	14	5	5	2	6	7	3	1	1	1	9	1	1	1	28	26	26	5	14	5	5	5	5	5	5	11	11	5	5	5	25	5	5	5	5	5	5	20	31	12	20	1	1	1	12	1	1	1	1	1	7	2	6	5	5	13	20	5	5	5	13	13	13
4420	5	5	22	14	3	27	22	14	5	5	1	6	1	3	1	1	1	9	5	1	5	28	20	26	5	14	5	5	5	5	5	5	4	11	5	5	5	15	5	5	5	5	5	5	12	20	12	12	5	5	1	12	1	1	1	1	1	1	15	1	27	22	3	27	14	22	4	14	15	15
4430	5	5	5	14	20	27	5	14	5	5	1	6	1	3	1	1	1	9	1	1	1	28	16	26	3	14	12	5	5	5	5	5	11	11	5	5	5	25	5	5	5	5	1	12	1	16	1	1	1	1	1	1	1	1	1	1	1	1	1	1	3	5	28	27	5	5	8	28	16	16
4440	5	5	5	14	1	27	14	14	5	5	1	6	2	3	1	1	1	9	1	1	1	28	6	26	5	14	5	5	5	5	5	5	11	11	5	5	5	25	5	5	5	5	5	5	7	20	1	21	1	1	1	1	1	1	1	1	1	6	2	1	14	14	1	21	1	5	4	1	10	10
4450	5	5	14	14	3	27	14	14	5	5	2	6	3	3	1	1	1	9	1	1	12	28	3	26	14	14	5	5	5	5	5	5	11	11	5	5	5	25	5	5	5	5	5	5	5	14	5	5	12	12	1	12	1	1	1	1	7	7	21	16	3	14	3	3	3	14	4	3	29	29
4460	5	5	14	14	16	27	5	14	5	5	1	6	3	3	1	1	1	9	1	1	1	28	26	26	5	14	5	5	5	5	5	5	3	11	5	5	5	14	5	5	5	5	5	5	23	31	23	23	1	1	23	23	23	23	23	23	29	29	5	29	5	5	31	27	5	14	21	31	21	21
4470	5	5	5	14	4	27	5	14	5	5	17	6	1	3	1	1	1	9	1	1	1	28	1	26	5	14	5	5	5	5	5	5	4	11	5	5	5	15	5	5	5	5	5	5	12	12	1	12	1	1	1	1	1	1	1	1	1	1	5	17	5	5	10	15	5	5	16	24	27	27
4480	5	5	5	14	30	27	5	14	5	5	23	6	7	3	1	1	1	9	1	1	1	28	18	26	3	14	5	5	5	5	5	5	4	11	5	5	5	15	5	5	5	5	5	5	1	18	1	12	1	1	1	1	1	1	1	1	3	7	5	29	5	5	8	30	5	5	5	22	5	5
4490	5	5	14	14	12	27	5	14	5	5	2	6	3	3	1	1	1	9	1	1	1	28	26	26	5	14	5	5	5	5	5	5	11	11	5	5	15	25	5	5	15	15	5	15	30	31	30	30	1	1	31	31	31	31	31	31	31	31	1	31	5	5	5	12	5	14	24	5	28	28
4500	5	5	14	14	3	27	27	14	5	5	2	6	30	3	1	1	1	9	1	1	1	28	28	26	3	14	5	5	5	5	5	5	11	11	5	5	5	25	5	5	5	5	5	5	5	31	5	5	1	1	1	12	1	1	1	1	31	31	4	31	20	27	2	27	12	14	4	20	4	4
4510	5	5	5	14	11	27	14	14	5	5	1	6	1	3	1	1	1	9	12	1	2	28	10	26	5	14	5	5	5	5	5	5	3	11	5	5	5	14	5	5	5	5	5	5	17	24	17	28	2	20	1	17	1	1	1	1	1	1	16	1	5	14	4	25	4	5	3	4	16	16
4520	3	5	3	14	7	27	14	14	5	5	2	6	4	3	15	1	5	9	5	1	5	28	5	26	14	14	5	5	5	5	5	5	9	11	5	5	5	23	5	5	5	5	5	5	14	14	14	14	5	5	5	14	5	5	15	15	15	15	5	24	2	14	17	16	5	3	23	28	23	23
4530	5	5	14	14	6	27	5	14	5	5	23	6	3	3	1	1	1	9	1	1	1	28	17	26	5	14	5	5	5	5	5	5	3	11	5	5	5	14	5	5	5	5	5	5	12	28	12	12	1	1	1	12	1	1	1	1	1	7	2	23	3	5	16	16	5	14	2	27	2	2
4540	5	5	5	14	27	27	14	14	3	5	1	6	3	3	1	1	1	9	1	1	9	28	26	26	5	14	5	5	5	5	5	5	11	11	5	5	14	25	5	5	5	14	5	5	14	31	5	14	9	9	23	23	23	23	23	23	29	29	1	29	5	14	5	27	5	5	10	5	17	17
4550	5	5	7	14	25	27	5	14	5	5	6	6	1	3	1	1	1	9	1	1	5	28	13	26	5	14	5	5	5	5	5	5	5	11	5	5	5	5	5	5	5	5	5	5	5	13	5	5	5	12	1	5	1	1	1	1	1	1	15	6	4	5	25	25	1	21	4	29	15	15
4560	5	5	5	14	6	27	21	14	5	5	1	6	1	3	1	1	1	9	1	1	1	28	7	26	3	14	12	5	5	5	5	5	3	11	5	5	5	14	5	5	5	5	1	12	1	7	1	1	1	1	1	1	1	1	1	1	1	1	11	1	3	21	1	16	1	5	4	1	11	11
4570	5	5	5	14	1	27	13	14	5	5	2	6	1	3	1	1	1	9	1	1	1	28	1	26	14	14	5	5	5	5	5	5	4	11	5	5	5	15	5	5	5	5	5	5	1	21	12	12	1	1	1	12	1	1	1	1	12	1	29	20	13	13	29	20	2	5	1	31	29	29
4580	5	5	25	14	21	27	14	14	5	5	23	6	1	3	1	1	1	9	1	1	1	28	16	26	5	14	5	5	5	5	5	5	3	11	5	5	5	14	5	5	5	5	5	5	20	27	1	20	1	1	1	1	1	1	1	1	1	1	1	23	3	14	5	21	26	25	31	31	31	31
4590	5	5	5	14	27	27	5	14	5	5	1	6	3	3	1	1	4	9	1	1	1	28	26	26	5	14	5	5	5	5	5	5	4	11	5	5	5	15	5	5	5	5	5	5	29	31	29	29	1	1	29	29	29	29	29	29	29	29	12	29	5	5	7	27	5	5	1	21	12	12
4600	5	5	5	14	17	27	5	14	5	5	1	6	6	3	1	1	1	9	1	1	1	28	18	26	3	14	5	5	5	5	5	5	18	11	5	5	5	29	5	5	5	5	5	5	18	18	29	29	1	1	1	29	1	1	1	1	1	6	2	1	5	5	28	28	3	5	4	31	10	10
4610	4	5	4	14	4	27	4	14	4	5	6	6	1	3	24	1	1	9	1	1	1	28	3	26	3	14	5	5	5	5	5	5	3	11	5	5	5	14	5	5	5	5	5	5	5	3	5	5	1	1	1	12	1	1	1	28	1	1	3	6	4	4	2	4	17	4	3	17	3	3
4620	5	5	14	14	9	27	5	14	5	5	2	6	3	3	1	1	4	9	1	1	1	28	26	26	5	14	5	5	5	5	5	5	4	11	5	5	5	15	5	5	5	5	5	5	23	31	12	23	1	1	12	12	23	23	23	23	29	29	1	31	5	5	18	23	3	14	1	18	1	1
4630	5	5	5	14	13	27	5	14	5	5	2	6	1	3	1	1	1	9	1	1	1	28	16	26	5	14	5	5	5	5	5	5	5	11	5	5	5	5	5	5	5	5	5	5	12	27	1	12	1	1	1	1	1	1	1	1	1	1	1	6	5	5	2	13	21	5	1	27	1	1
4640	5	5	5	14	19	27	5	14	5	5	2	6	3	3	1	1	1	9	1	1	1	28	16	26	5	14	5	5	5	5	5	5	11	11	5	5	5	25	5	5	5	5	5	5	6	27	1	20	1	1	1	1	1	1	1	1	21	7	5	27	5	5	2	30	2	5	5	2	5	5
4650	5	5	5	14	21	27	5	14	5	5	2	6	3	3	1	1	1	9	1	1	1	28	7	26	5	14	5	5	5	5	5	5	11	11	5	5	5	25	5	5	5	5	5	5	12	21	1	12	1	1	1	1	1	1	1	1	7	7	5	16	5	5	14	21	5	5	5	14	5	5
4660	5	5	5	14	16	27	5	14	5	5	2	6	3	3	1	1	9	9	1	1	12	28	17	26	5	14	5	5	5	5	5	5	11	11	5	5	5	25	5	5	5	5	5	5	13	28	5	13	5	12	5	5	15	23	23	23	29	29	5	31	5	5	26	27	5	5	26	31	31	31
4670	5	5	5	14	27	27	14	14	5	5	2	6	3	3	9	1	1	9	1	1	1	28	7	26	3	14	12	5	5	5	5	5	3	11	5	5	14	14	5	5	5	14	1	12	1	7	1	1	1	1	1	1	1	1	9	9	26	18	13	26	5	14	2	27	13	5	2	13	13	13
4680	5	5	26	14	3	27	3	14	5	5	4	6	4	3	2	1	5	9	1	1	12	28	14	26	4	14	5	5	5	5	5	5	3	11	3	5	25	3	5	5	5	25	5	5	5	25	5	5	12	12	5	12	15	5	4	24	4	4	16	4	1	14	17	7	5	31	5	28	27	27
4690	15	5	5	14	5	27	5	14	5	5	15	6	1	3	1	1	1	9	1	1	1	28	16	26	5	14	5	5	5	5	5	5	3	11	5	5	5	14	5	5	5	5	5	5	12	27	12	12	1	1	1	12	1	1	1	1	1	1	22	23	5	5	14	5	5	15	5	14	22	22
4700	5	5	3	14	27	27	14	14	5	5	1	6	3	3	5	1	4	9	1	1	1	28	11	26	3	14	5	5	5	5	5	5	3	11	5	5	5	14	5	5	5	5	5	5	15	11	15	15	1	1	15	23	15	15	25	15	25	25	1	29	3	14	7	27	5	14	5	21	12	12
4710	5	5	5	14	6	27	5	14	5	5	1	6	11	3	1	1	1	9	1	1	1	28	3	26	14	14	5	5	5	5	5	5	4	11	5	5	5	15	5	5	5	5	5	5	5	14	5	5	1	1	1	12	1	1	1	1	9	18	1	9	5	5	5	20	16	5	2	27	6	6
4720	5	5	5	14	5	27	5	14	5	5	2	6	1	3	1	1	1	9	1	1	1	28	29	26	3	14	5	5	5	5	5	5	4	11	5	5	5	15	5	5	5	5	5	5	5	29	5	5	1	1	12	12	12	12	1	12	1	1	8	6	5	5	5	5	5	5	5	5	22	22
4730	5	5	12	14	29	27	5	14	5	5	20	6	1	3	1	1	1	9	1	1	1	28	26	26	5	14	5	5	5	5	5	5	11	11	5	5	5	25	5	5	5	5	5	5	15	31	5	15	1	1	1	12	1	1	1	1	1	1	5	20	5	5	5	29	5	12	12	5	12	12
4740	5	5	5	14	6	27	5	14	5	5	2	6	3	3	7	1	1	9	1	1	1	28	1	26	5	14	5	5	5	5	5	5	5	11	5	5	5	5	5	5	5	5	5	5	1	12	1	12	1	1	1	1	1	1	21	7	21	21	6	27	5	5	20	20	5	5	2	20	6	6
4750	5	5	5	14	13	27	5	14	5	5	10	6	1	3	1	1	1	9	1	1	1	28	19	26	3	14	5	5	5	5	5	5	3	11	5	5	14	14	5	5	5	14	5	5	19	19	19	30	1	1	1	26	1	1	1	1	1	1	5	17	5	5	31	13	5	5	5	31	5	5
4760	5	5	5	14	27	27	5	14	5	5	2	6	3	3	1	1	1	9	1	1	1	28	19	26	3	14	5	5	5	5	5	5	14	11	5	5	5	14	5	5	5	5	5	5	19	19	30	30	1	1	31	31	31	31	31	31	31	31	2	31	5	5	21	27	1	5	6	21	6	6
4770	5	5	5	14	26	27	5	14	5	5	1	6	1	3	1	1	1	9	1	1	12	28	2	26	14	14	5	5	5	5	5	5	3	11	5	5	5	14	5	5	5	5	5	5	5	22	5	5	12	12	1	12	1	1	1	1	1	1	3	1	5	5	5	31	18	5	10	29	19	19
4780	5	5	14	14	22	27	5	14	5	5	2	6	3	3	1	1	4	9	1	1	1	28	8	26	3	14	5	5	5	5	5	5	11	11	5	5	14	25	5	5	14	14	14	14	2	8	22	22	1	1	8	27	19	19	18	26	18	18	16	26	5	5	8	22	3	14	2	8	16	16
4790	5	5	5	14	27	27	14	14	5	5	1	6	3	3	1	1	1	9	5	1	23	28	4	26	14	14	5	5	5	5	5	5	4	11	5	5	5	15	5	5	5	5	5	5	5	25	5	5	23	23	23	23	23	23	15	23	25	25	4	29	5	14	26	27	5	5	10	31	10	10
4800	1	5	1	14	2	27	5	14	5	5	5	6	1	3	1	1	1	9	1	1	1	28	7	26	5	14	5	5	5	5	5	5	4	11	5	5	5	15	5	5	5	5	5	5	5	21	5	5	1	1	1	12	1	1	1	1	1	1	28	12	5	5	29	13	3	1	2	29	28	28
4810	5	5	5	14	14	27	5	14	5	5	1	6	3	3	1	1	1	9	1	1	20	28	3	26	14	14	5	5	5	5	5	5	3	11	5	5	5	14	5	5	5	5	5	5	5	14	5	5	13	20	13	13	20	20	20	20	27	27	5	27	5	5	3	14	14	5	21	14	21	21
4820	5	5	12	14	5	27	5	14	5	5	1	6	1	3	1	1	1	9	1	1	1	28	3	26	5	14	5	5	5	5	5	5	3	11	5	5	5	14	5	5	5	5	5	5	12	14	1	12	1	1	1	1	1	1	7	1	1	7	5	1	5	5	5	5	20	12	4	20	15	15
4830	5	5	5	14	19	27	14	14	5	5	6	6	3	3	1	1	1	9	1	1	1	28	4	26	14	14	5	5	5	5	5	5	11	11	5	5	5	25	5	5	5	5	5	5	5	25	1	5	1	1	7	1	7	7	3	7	3	3	1	16	3	14	19	19	1	5	1	26	1	1
4840	2	5	10	14	17	27	5	14	5	5	5	6	12	3	5	1	5	9	1	1	12	28	16	26	5	14	5	5	5	5	5	5	11	11	5	5	5	25	5	5	5	5	5	5	5	27	5	5	12	12	5	12	5	5	5	5	12	12	2	12	3	5	2	26	2	10	3	2	8	8
4850	5	5	3	14	25	27	2	14	5	5	8	6	1	3	1	1	5	9	7	1	1	28	22	26	5	14	5	5	5	5	5	5	11	11	5	5	5	25	5	5	5	5	5	5	5	22	5	5	7	7	12	21	1	12	1	1	1	1	2	16	5	13	26	25	3	14	13	26	13	13
4860	5	5	8	14	16	27	5	14	5	5	1	6	7	3	1	1	1	9	1	1	1	28	11	26	3	14	5	5	5	5	5	5	3	11	13	5	5	22	5	5	5	5	5	5	5	11	5	5	1	1	1	12	1	1	1	1	7	7	2	7	5	5	6	27	2	22	17	6	17	17
4870	5	5	5	14	13	27	5	14	5	5	1	6	1	3	1	1	1	9	1	1	1	28	7	26	5	14	5	5	5	5	5	5	3	11	5	5	5	14	5	5	5	5	5	5	5	21	5	5	1	1	1	12	1	1	1	1	1	1	3	1	5	5	5	13	5	5	14	5	14	14
4880	5	5	5	14	21	27	14	14	5	5	1	6	3	3	1	1	1	9	1	1	1	28	7	26	5	14	5	5	5	5	5	5	3	11	5	5	5	14	5	5	5	5	5	5	12	21	1	12	1	1	1	1	1	1	1	1	7	7	20	7	5	14	3	21	13	5	1	22	20	20
4890	5	5	5	14	5	27	5	14	5	5	1	6	3	3	1	1	1	9	1	1	16	28	18	26	5	14	5	5	5	5	5	5	5	11	5	5	5	5	5	5	5	5	5	5	5	29	5	5	16	16	27	27	27	27	31	27	23	31	11	23	5	5	5	5	5	5	3	5	11	11
4900	5	5	5	14	8	27	14	14	5	5	4	6	3	3	1	1	4	9	1	1	1	28	26	26	3	14	5	5	5	5	5	5	25	11	5	5	5	25	5	5	5	5	5	5	19	26	30	30	1	1	28	31	28	28	24	28	30	30	3	30	5	14	31	22	5	5	1	31	7	7
4910	1	5	14	14	2	27	5	14	5	5	1	6	1	3	1	1	1	9	1	1	1	28	9	26	5	14	5	5	5	5	5	5	4	11	5	5	5	15	5	5	5	5	5	5	12	23	1	12	1	1	1	1	1	1	1	1	1	1	13	1	5	5	22	13	3	21	5	22	13	13
4920	5	5	5	14	5	27	5	14	5	5	1	6	3	3	1	1	1	9	1	1	1	28	3	26	14	14	5	5	5	5	5	5	11	11	5	5	5	25	5	5	5	5	5	5	14	14	14	14	1	1	21	21	21	21	12	21	21	21	7	21	5	5	5	5	5	5	5	5	21	21
4930	5	5	3	14	26	27	14	14	5	5	2	6	3	3	1	1	4	9	1	1	25	28	2	26	14	14	5	5	5	5	5	5	3	11	5	5	5	14	5	5	5	5	5	5	5	22	5	5	21	29	21	21	25	29	25	29	25	25	25	30	3	14	31	26	3	14	4	31	25	25
4940	5	5	5	14	5	27	14	14	3	5	2	6	5	3	1	1	9	9	1	1	1	28	19	26	3	14	5	5	5	5	5	5	5	11	5	5	5	5	5	5	5	5	5	5	4	19	5	15	1	1	5	12	23	23	29	23	29	29	4	31	5	14	5	5	16	5	9	27	9	9
4950	8	5	5	14	14	27	5	14	5	5	27	6	1	3	1	1	1	9	1	1	1	28	6	26	5	14	5	5	5	5	5	5	3	11	5	5	5	14	5	5	5	5	1	5	1	20	1	1	1	1	1	1	1	1	1	1	1	1	1	27	5	5	2	14	2	22	1	2	1	1
4960	5	5	14	14	16	27	5	14	5	5	2	6	3	3	1	1	4	9	1	1	1	28	18	26	5	14	5	5	5	5	5	5	11	11	5	5	5	25	5	5	5	5	5	5	23	29	23	23	1	1	23	23	23	23	23	23	29	29	3	31	5	5	26	27	5	14	22	31	22	22
4970	5	5	5	14	28	27	5	14	5	5	1	6	3	3	1	1	20	9	1	1	1	28	1	26	5	14	5	5	5	5	5	5	4	11	5	5	5	15	5	5	5	5	5	5	12	12	1	12	1	1	1	1	20	20	20	20	27	27	28	27	5	5	30	28	5	5	4	30	28	28
4980	12	5	5	14	30	27	14	14	5	5	2	6	3	3	1	1	1	9	1	1	1	28	8	26	5	14	5	5	5	5	5	5	4	11	13	5	5	24	5	5	5	5	5	5	12	22	1	12	1	1	1	1	1	1	1	1	7	7	3	16	5	14	30	30	5	12	4	30	11	11
4990	6	5	5	14	21	27	5	14	5	5	2	6	7	3	1	1	1	9	1	1	1	28	3	26	3	14	5	5	5	5	5	5	4	11	5	5	5	15	5	5	5	5	5	5	14	3	14	14	1	1	21	21	21	21	1	21	7	7	18	16	5	5	3	21	28	20	1	31	18	18
5000	5	5	5	14	1	27	5	14	14	5	4	6	1	3	2	1	2	9	2	1	2	28	14	26	3	14	5	5	5	5	5	5	5	11	5	5	3	5	5	5	14	14	3	14	3	14	3	3	2	2	2	8	10	2	26	10	3	26	1	11	1	14	3	1	9	5	21	18	21	21
5010	5	5	5	14	19	27	3	14	5	5	4	6	3	3	12	1	5	9	1	1	18	28	13	26	5	14	5	5	5	5	5	5	3	11	14	5	5	14	5	5	5	5	5	5	13	13	5	13	9	18	5	23	5	5	12	12	21	21	15	29	3	14	4	19	25	5	5	25	15	15
5020	5	5	5	14	1	27	5	14	6	5	5	6	5	3	1	1	1	9	1	1	1	28	7	26	3	14	5	5	5	5	5	5	3	11	5	5	5	14	5	5	5	5	5	5	7	7	21	21	1	1	12	21	12	12	5	12	5	5	8	5	12	20	5	12	26	5	5	31	22	22
5030	5	5	5	14	3	27	5	14	5	5	2	6	3	3	16	1	1	9	5	1	5	28	5	26	5	14	5	5	5	5	5	5	4	11	5	5	5	15	5	5	5	5	5	5	5	5	5	5	5	5	5	5	1	12	3	16	3	3	25	8	5	5	1	14	1	5	5	1	25	25
5040	5	5	3	14	21	27	5	14	5	5	28	6	1	3	1	1	1	9	1	1	1	28	26	26	3	14	5	5	5	5	5	5	11	11	5	5	5	25	5	5	5	5	5	5	23	26	1	23	1	1	1	1	1	1	1	1	1	1	19	28	5	5	3	21	11	14	4	11	19	19
5050	5	5	20	14	5	27	22	14	5	5	1	6	1	3	1	1	23	9	1	1	1	28	27	26	5	14	12	5	5	5	5	5	18	11	5	5	5	29	5	5	5	5	12	12	5	27	1	12	1	1	1	1	23	23	1	23	1	1	13	1	2	22	3	13	29	20	5	29	13	13
5060	5	5	5	14	14	27	5	14	5	5	12	6	1	3	1	1	1	9	1	1	4	28	28	26	3	14	5	5	5	5	5	5	3	11	5	5	5	14	5	5	5	5	5	5	12	31	1	12	1	9	1	1	1	1	1	1	1	1	1	12	5	5	3	14	21	5	5	21	12	12
5070	2	5	14	14	2	27	18	14	5	5	18	6	3	3	3	1	3	9	11	1	3	28	11	26	3	14	5	5	5	5	5	5	11	11	5	5	11	25	5	5	14	25	3	14	3	11	3	3	3	11	3	3	3	3	3	3	3	3	12	18	21	29	29	27	2	22	1	31	12	12
5080	12	5	5	14	5	27	5	14	5	5	4	6	17	3	1	1	1	9	1	1	1	28	26	26	3	14	5	5	5	5	5	5	5	11	5	5	5	5	5	5	5	5	5	5	6	26	1	20	1	1	1	1	1	1	4	1	17	17	14	17	5	5	5	5	5	12	2	5	22	22
5090	24	5	5	14	1	27	14	14	5	5	5	6	5	3	5	1	5	9	15	1	4	28	16	26	3	14	5	5	5	5	5	5	5	11	5	5	5	5	5	5	5	5	5	5	5	16	5	5	15	15	5	15	5	5	5	5	5	5	1	5	1	14	4	1	4	24	30	4	31	31
5100	5	5	14	14	27	27	5	14	5	5	8	6	1	3	1	1	1	9	1	1	6	28	5	26	5	14	5	5	5	5	5	5	4	11	5	5	5	15	5	5	5	5	12	5	5	5	1	12	1	6	1	1	1	1	1	1	1	1	10	16	5	5	21	27	5	14	1	21	17	17
5110	5	5	5	14	27	27	14	14	5	5	3	6	3	3	1	1	1	9	1	1	9	28	26	26	3	14	5	5	5	5	5	5	11	11	5	5	14	25	5	5	5	14	5	5	26	26	28	31	4	9	28	28	28	28	28	28	31	31	29	31	5	14	27	27	5	5	1	27	29	29
5120	5	5	5	14	5	27	5	14	5	5	26	6	4	3	1	1	1	9	1	1	1	28	28	26	5	14	5	5	5	5	5	5	25	11	5	5	5	25	5	5	5	5	5	5	12	28	1	12	1	1	1	1	1	1	4	1	4	4	1	26	5	5	12	5	5	5	20	12	20	20
5130	5	5	5	14	20	27	5	14	5	5	2	6	3	3	1	1	1	9	1	1	1	28	18	26	5	14	5	5	5	5	5	5	11	11	5	5	14	25	5	5	5	14	5	5	12	29	12	12	1	1	12	12	12	12	12	12	21	21	9	27	5	5	29	20	5	5	4	29	9	9
5140	5	5	5	14	7	27	5	14	5	5	6	6	1	3	1	1	1	9	1	1	1	28	1	26	14	14	5	5	5	5	5	5	4	11	5	5	5	15	5	5	5	5	5	5	21	21	1	21	1	1	1	1	1	1	1	1	1	1	1	6	5	5	7	21	1	5	1	7	1	1
5150	5	5	5	14	20	27	5	14	5	5	1	6	30	3	1	1	1	9	1	1	1	28	7	26	5	14	5	5	5	5	5	5	11	11	5	5	5	25	5	5	5	5	5	5	12	21	1	12	1	1	1	1	1	1	3	1	30	30	5	31	5	5	28	20	2	5	21	28	21	21
5160	5	5	5	14	15	27	5	14	5	5	1	6	3	3	1	1	5	9	1	1	1	28	26	26	5	14	5	5	5	5	5	5	11	11	5	5	15	25	5	5	5	15	5	5	31	31	30	31	1	1	31	31	31	31	28	31	30	31	2	31	5	5	5	15	5	5	3	5	8	8
5170	5	5	21	14	2	27	14	14	5	5	1	6	3	3	1	1	4	9	1	1	17	28	26	26	5	14	5	5	5	5	5	5	11	11	5	5	5	25	5	5	5	5	5	5	30	31	30	30	4	17	30	30	30	30	30	31	30	30	15	31	14	14	30	22	5	21	2	30	24	24
5180	5	5	14	14	21	27	5	14	5	5	1	6	3	3	1	1	1	9	1	1	24	28	3	26	14	14	5	5	5	5	5	5	4	11	5	5	5	15	5	5	5	5	5	5	5	14	5	5	28	28	28	28	28	28	28	28	31	31	5	31	5	5	5	21	5	14	5	5	5	5
5190	5	5	5	14	1	27	21	14	2	5	1	6	3	3	2	1	1	9	1	1	1	28	18	26	5	14	5	5	5	5	5	5	11	11	5	5	5	25	5	5	5	5	5	5	18	29	29	29	1	1	29	29	29	29	29	31	23	29	5	23	27	27	5	27	5	5	5	5	5	5
5200	5	5	5	14	31	27	14	14	5	5	8	6	1	3	1	1	1	9	1	1	1	28	26	26	5	14	5	5	5	5	5	5	11	11	5	5	5	25	5	5	5	5	5	5	21	31	1	21	1	1	1	1	1	1	1	1	1	1	5	16	5	14	18	31	5	5	4	29	15	15
5210	5	5	5	14	25	27	14	14	5	5	1	6	3	3	1	1	1	9	1	1	1	28	10	26	5	14	5	5	5	5	5	5	11	11	5	5	5	25	5	5	5	5	5	5	13	24	13	13	1	1	20	20	20	20	20	20	27	27	1	27	5	14	7	25	5	5	1	21	1	1
5220	5	5	13	14	13	27	5	14	5	5	1	6	3	3	1	1	1	9	1	1	24	28	2	26	14	14	5	5	5	5	5	5	11	11	5	5	5	25	5	5	5	5	5	5	5	22	5	5	28	28	28	28	20	28	20	20	27	27	28	27	5	5	2	13	2	13	1	2	28	28
5230	5	5	14	14	15	27	5	14	5	5	22	6	11	3	1	1	9	9	1	1	4	28	2	26	14	14	5	5	5	5	5	5	11	11	5	5	15	25	5	5	15	15	15	15	5	22	4	15	4	9	4	4	9	9	4	9	4	11	15	30	5	5	2	15	30	14	1	30	23	23
5240	5	5	5	14	19	27	25	14	5	5	9	6	3	3	1	1	1	9	1	1	1	28	6	26	5	14	5	5	5	5	5	5	18	11	5	5	5	29	5	5	5	5	5	5	1	20	1	12	1	1	1	1	1	1	1	1	3	7	20	18	4	25	2	19	2	5	4	2	28	28
5250	5	5	5	14	8	27	5	14	5	5	9	6	3	3	1	1	1	9	5	1	5	28	3	26	14	14	5	5	5	5	5	5	4	11	5	5	5	15	5	5	5	5	5	5	5	14	5	5	5	5	1	5	1	1	1	1	1	7	6	9	5	5	30	22	5	5	2	30	6	6
5260	28	5	5	14	12	27	5	14	5	5	1	6	1	3	1	1	1	9	1	1	1	28	7	26	3	14	5	5	5	5	5	5	11	11	5	5	5	25	5	5	5	5	3	5	7	7	7	7	1	1	1	7	1	1	1	1	1	1	18	1	5	5	27	12	2	28	3	27	18	18
5270	5	5	5	14	16	27	14	14	5	5	1	6	3	3	1	1	1	9	1	1	1	28	11	26	3	14	5	5	5	5	5	5	11	11	5	5	5	25	5	5	5	5	5	5	11	11	25	25	1	1	11	29	18	18	9	18	18	18	4	18	5	14	3	27	5	5	1	14	9	9
5280	5	5	14	14	1	27	22	14	5	5	14	6	1	3	1	1	1	9	1	1	12	28	17	26	5	14	5	5	5	5	5	5	11	11	5	5	5	25	5	5	5	5	5	5	5	28	5	5	12	12	1	12	1	1	1	1	1	1	3	21	14	22	9	21	5	14	13	23	22	22
5290	5	5	6	14	22	27	3	14	19	5	1	6	14	3	1	1	1	9	1	1	6	28	26	26	5	14	5	5	5	5	5	5	4	11	5	5	5	15	5	5	5	5	1	5	1	31	1	1	1	6	1	1	1	1	1	1	21	21	5	21	4	19	2	30	23	20	10	28	24	24
5300	5	5	5	14	31	27	14	14	5	5	2	6	3	3	1	1	1	9	1	1	1	28	17	26	5	14	5	5	5	5	5	5	4	11	5	5	5	15	5	5	5	5	5	5	23	28	23	23	1	1	1	23	1	1	1	1	7	7	5	16	5	14	31	31	5	5	29	31	29	29
5310	5	5	5	14	13	27	14	14	5	5	1	6	3	3	1	1	4	9	1	1	1	28	26	26	3	14	5	5	5	5	5	5	3	11	5	5	5	14	5	5	5	5	5	5	19	26	30	30	1	1	31	31	31	31	27	31	27	27	2	27	3	14	19	22	5	5	10	30	10	10
5320	5	5	5	14	18	27	5	14	5	5	1	6	3	3	1	1	19	9	5	1	5	28	7	26	3	14	5	5	5	5	5	5	3	11	5	5	5	14	5	5	5	5	5	5	3	7	3	14	5	5	5	14	30	30	19	31	19	19	4	26	5	5	31	29	5	5	22	31	30	30
5330	5	5	5	14	26	27	14	14	5	5	2	6	3	3	1	1	4	9	1	1	12	28	26	26	3	14	5	5	5	5	5	5	11	11	5	5	5	25	5	5	5	5	5	5	19	26	30	30	5	12	30	30	30	30	30	31	30	30	4	30	5	14	26	31	5	5	18	31	18	18
5340	4	5	13	14	31	27	15	14	5	5	2	6	7	3	9	1	1	9	1	1	1	28	16	26	5	14	5	5	5	5	5	5	4	11	14	5	5	25	5	5	5	5	5	5	5	27	5	5	1	1	1	12	1	1	4	9	18	18	4	26	5	15	5	31	22	24	11	22	11	11
5350	5	5	5	14	31	27	5	14	5	5	1	6	3	3	1	1	1	9	1	1	1	28	1	26	5	14	5	5	5	5	5	5	4	11	5	5	5	15	5	5	5	5	5	5	12	12	1	12	1	1	1	1	1	1	1	1	7	7	3	7	5	5	29	31	5	5	3	29	3	3
5360	14	5	5	14	8	27	5	14	5	5	5	6	4	3	1	1	4	9	1	1	1	28	31	26	5	14	5	5	5	5	5	5	11	11	5	5	5	25	5	5	5	5	5	5	30	31	30	30	1	1	29	31	29	29	15	29	15	15	1	15	5	5	7	22	1	14	17	7	17	17
5370	5	5	5	14	2	27	5	14	5	5	1	6	1	3	1	1	1	9	1	1	1	28	3	26	14	14	5	5	5	5	5	5	3	11	5	5	5	14	5	5	5	5	5	5	5	14	5	5	1	1	1	12	1	1	1	1	1	1	5	1	5	5	2	13	29	5	17	31	28	28
5380	5	5	5	14	27	27	5	14	5	5	1	6	3	3	1	1	1	9	1	1	1	28	18	26	3	14	5	5	5	5	5	5	4	11	5	5	15	15	5	5	15	15	4	15	9	18	9	9	1	1	1	9	1	1	1	1	16	7	5	16	5	5	31	27	5	5	23	31	23	23
5390	5	5	3	14	20	27	5	14	5	5	2	6	4	3	1	1	4	9	1	1	1	28	19	26	3	14	5	5	5	5	5	5	14	11	5	5	5	14	5	5	5	5	5	5	19	19	22	30	1	1	20	27	28	28	23	28	23	23	1	28	5	5	20	20	3	14	9	27	9	9
5400	5	5	14	14	31	27	5	14	5	5	6	6	1	3	1	1	1	9	1	1	1	28	19	26	5	14	5	5	5	5	5	5	4	11	5	5	5	15	5	5	5	5	5	5	5	30	5	5	1	1	1	12	1	1	1	1	1	1	3	6	5	5	27	31	4	14	14	31	14	14
5410	5	5	26	14	24	27	5	14	12	5	1	6	1	3	1	1	1	9	1	1	1	28	26	26	3	14	5	5	5	5	5	5	11	11	5	5	5	25	5	5	5	5	5	5	9	26	1	23	1	1	1	1	1	1	1	1	1	1	4	1	1	12	23	28	4	31	25	23	25	25
5420	5	5	3	14	5	27	5	14	5	5	1	6	2	3	1	1	4	9	1	1	31	28	3	26	14	14	5	5	5	5	5	5	25	11	5	5	15	25	5	5	5	15	5	5	5	14	5	5	31	31	31	31	31	31	30	31	30	30	2	31	5	5	5	5	14	14	1	14	6	6
5430	5	5	14	14	5	27	3	14	5	5	4	6	3	3	1	1	4	9	1	1	1	28	26	26	5	14	5	5	5	5	5	5	3	11	5	5	5	14	5	5	5	5	5	5	12	31	12	12	1	1	12	12	23	23	29	23	29	29	14	29	5	14	5	5	5	14	5	5	14	14
5440	5	5	5	14	5	27	5	14	5	5	5	6	3	3	2	1	9	9	1	1	1	28	19	26	5	14	5	5	5	5	5	5	11	11	5	5	5	25	5	5	5	5	5	5	5	30	5	5	1	1	1	12	9	9	17	17	26	26	3	31	5	5	5	5	5	5	3	5	3	3
5450	5	5	30	14	2	27	21	14	5	5	4	6	2	3	3	1	1	9	1	1	1	28	17	26	3	14	5	5	5	5	5	5	11	11	5	5	5	25	5	5	5	5	5	5	31	26	28	31	1	1	23	28	23	23	29	29	27	31	3	31	15	21	5	24	26	30	6	31	16	16
5460	5	5	5	14	15	27	5	14	5	5	21	6	4	3	4	1	4	9	4	1	4	28	4	26	5	14	5	5	5	5	5	5	15	11	5	5	5	15	5	5	5	5	5	5	5	15	4	5	4	4	4	4	4	4	4	4	4	4	5	29	5	5	5	15	19	5	5	30	5	5
5470	5	5	5	14	5	27	3	14	5	5	1	6	1	3	1	1	1	9	1	1	6	28	24	26	3	14	5	5	5	5	5	5	3	11	5	5	5	14	5	5	5	5	5	5	13	30	2	13	6	6	1	6	1	1	1	1	1	1	3	1	14	14	4	14	14	5	21	25	21	21
5480	5	5	5	14	12	27	3	14	5	5	2	6	1	3	1	1	4	9	1	1	26	28	7	26	5	14	5	5	5	5	5	5	14	11	5	5	5	14	5	5	5	5	5	5	5	21	5	5	26	26	31	31	23	31	21	23	21	21	6	27	3	14	5	21	15	5	2	15	6	6
5490	3	5	3	14	2	27	5	14	5	5	2	6	14	3	1	1	1	9	1	1	9	28	2	26	21	14	5	5	5	5	5	5	3	11	5	5	5	14	5	5	5	5	5	5	21	27	1	21	9	9	1	9	1	1	1	1	27	21	2	27	5	5	4	13	4	3	14	4	22	22
5500	5	5	5	14	1	27	14	14	5	5	2	6	1	3	1	1	1	9	1	1	1	28	14	26	3	14	5	5	5	5	5	5	3	11	14	5	5	14	5	5	5	5	5	5	5	14	15	5	1	1	12	23	1	12	1	1	6	1	4	6	31	14	21	31	3	5	11	21	11	11
5510	5	5	21	14	5	27	5	14	5	5	28	6	3	3	1	1	2	9	1	1	1	28	1	26	14	14	5	5	5	5	5	5	5	11	5	5	5	5	5	5	5	5	5	5	12	21	12	12	1	1	1	12	6	6	1	6	1	7	1	28	5	5	5	5	29	21	1	29	1	1
5520	5	5	5	14	28	27	14	14	5	5	3	6	4	3	1	1	15	9	1	1	1	28	26	26	3	14	5	5	5	5	5	5	24	11	5	5	5	24	5	5	5	5	5	5	1	26	1	12	1	1	1	1	9	23	4	9	4	4	4	11	1	14	31	28	1	5	23	31	23	23
5530	5	5	5	14	2	27	14	14	5	5	1	6	3	3	1	1	1	9	1	1	6	28	29	26	5	14	5	5	5	5	5	5	11	11	5	5	5	25	5	5	5	5	5	5	5	29	5	5	6	6	20	20	20	20	20	20	27	27	13	27	14	14	5	22	5	5	5	5	13	13
5540	5	5	5	14	27	27	15	14	5	5	1	6	3	3	1	1	1	9	1	1	1	28	16	26	3	14	5	5	5	5	5	5	11	11	5	5	5	25	5	5	5	5	5	5	6	16	6	20	1	1	1	6	1	1	1	1	7	7	1	7	4	15	24	31	2	5	13	24	20	20
5550	5	5	28	14	26	27	5	14	5	5	1	6	3	3	5	1	4	9	5	1	5	28	31	26	3	14	5	5	5	5	5	5	11	11	5	5	5	25	5	5	5	5	5	5	17	31	28	28	5	5	23	28	23	23	12	23	21	21	26	21	5	5	5	31	26	28	4	31	26	26
5560	5	5	5	14	3	27	5	14	5	5	2	6	14	3	1	1	1	9	1	1	1	28	26	26	5	14	5	5	5	5	5	5	3	11	5	5	5	14	5	5	5	5	5	5	12	31	1	12	1	1	1	1	1	1	1	1	12	21	15	20	5	5	29	14	5	5	5	29	15	15
5570	5	5	5	14	2	27	5	14	5	5	1	6	1	3	12	1	1	9	1	1	1	28	2	26	5	14	5	5	5	5	5	5	4	11	5	5	5	15	5	5	5	5	5	5	5	13	5	5	1	1	1	12	1	1	1	12	1	1	3	1	5	5	4	13	5	5	4	15	11	11
5580	5	5	5	14	27	27	14	14	5	5	1	6	11	3	1	1	1	9	1	1	9	28	14	26	5	14	5	5	5	5	5	5	11	11	5	5	5	25	5	5	5	5	5	5	5	14	5	5	9	9	1	23	1	1	1	1	18	18	1	18	5	14	28	27	5	5	2	28	6	6
5590	5	5	14	14	11	27	14	14	5	5	2	6	3	3	1	1	1	9	1	1	23	28	3	26	14	14	5	5	5	5	5	5	4	11	5	5	5	15	5	5	5	5	5	5	5	14	5	5	23	23	12	23	12	12	5	12	14	14	5	22	3	14	4	11	25	14	5	25	5	5
5600	5	5	21	14	10	27	14	14	5	5	3	6	3	3	1	1	1	9	1	1	23	28	5	26	5	14	5	5	5	5	5	5	11	11	5	5	14	25	5	5	5	14	5	5	5	5	1	5	9	23	1	9	1	1	1	1	7	7	19	7	4	14	2	10	31	21	4	31	19	19
5610	5	5	5	14	5	27	5	14	5	5	1	6	3	3	1	1	1	9	1	1	1	28	18	26	3	14	5	5	5	5	5	5	15	11	5	5	5	15	5	5	5	5	5	5	7	18	7	21	1	1	1	7	1	1	1	1	7	7	1	7	5	5	5	5	5	5	5	5	12	12
5620	5	5	14	14	14	27	5	14	13	5	1	6	3	3	1	1	7	9	1	1	1	28	31	26	5	14	5	5	5	5	5	5	11	11	5	5	5	25	5	5	5	5	5	5	12	31	1	12	1	1	1	1	7	7	7	7	7	7	3	7	2	13	2	22	8	14	3	8	3	3
5630	5	5	14	14	30	27	5	14	5	5	2	6	4	3	4	1	4	9	1	1	9	28	11	26	5	14	5	5	5	5	5	5	4	11	5	5	5	15	5	5	5	5	5	5	5	25	5	5	4	9	4	15	4	4	4	4	4	4	3	10	5	5	5	30	5	14	25	5	25	25
5640	15	5	5	14	5	27	5	14	5	5	2	6	2	3	11	1	4	9	1	1	1	28	20	26	3	14	5	5	5	5	5	5	3	11	5	5	5	14	5	5	5	5	5	5	12	27	1	12	1	1	4	1	4	4	2	11	2	2	8	2	5	5	18	5	5	15	4	29	19	19
5650	5	5	5	14	28	27	14	14	5	5	1	6	3	3	3	1	1	9	1	1	1	28	7	26	3	14	5	5	5	5	5	5	11	11	5	5	5	25	5	5	5	5	5	5	7	7	21	21	1	1	12	21	12	12	21	21	27	21	15	27	3	14	30	31	1	5	5	31	15	15
5660	5	5	25	14	2	27	5	14	5	5	23	6	4	3	23	1	4	9	1	1	4	28	19	26	5	14	5	5	5	5	5	5	4	11	5	5	5	15	5	5	5	5	5	5	15	30	4	15	9	9	4	9	4	4	4	23	4	4	2	23	5	5	14	13	4	25	20	25	20	20
5670	1	5	1	14	5	27	3	14	3	5	4	6	2	3	2	1	1	9	13	1	5	28	7	26	3	14	5	5	5	5	5	5	3	11	5	5	5	14	5	5	5	5	5	5	1	7	5	12	13	13	6	13	2	6	2	2	2	2	3	10	5	3	2	5	28	1	3	28	3	3
5680	5	5	5	14	6	27	5	14	5	5	2	6	3	3	1	1	1	9	1	1	1	28	16	26	3	14	5	5	5	5	5	5	3	11	5	5	5	14	5	5	5	5	5	5	7	16	21	21	1	1	7	21	7	7	7	7	7	7	1	16	5	5	20	20	5	5	1	20	1	1
5690	5	5	14	14	7	27	3	14	5	5	1	6	2	3	1	1	1	9	1	1	1	28	10	26	3	14	5	5	5	5	5	5	4	11	5	5	5	15	5	5	5	5	5	5	8	19	14	22	1	1	21	21	21	21	21	21	27	27	3	27	5	14	1	21	25	14	1	29	7	7
5700	23	5	5	14	3	27	3	14	14	5	4	6	3	3	1	1	9	9	5	1	5	28	1	26	5	14	5	5	5	5	5	5	4	11	5	5	5	15	5	5	5	5	5	5	5	12	5	5	5	5	5	5	9	23	4	9	4	11	3	4	14	14	15	14	1	23	11	23	11	11
5710	15	5	5	14	1	27	5	14	5	5	10	6	4	3	4	1	4	9	5	1	5	28	1	26	5	14	5	5	5	5	5	5	5	11	5	5	5	5	5	5	5	5	5	5	13	12	5	13	5	5	15	5	4	15	4	4	4	4	2	10	9	5	7	9	1	15	2	7	2	2
5720	5	5	5	14	3	27	14	14	5	5	1	6	14	3	1	1	1	9	1	1	1	28	20	26	5	14	5	5	5	5	5	5	4	11	5	5	5	15	5	5	5	5	5	5	12	20	12	12	1	1	1	12	1	1	1	1	21	21	2	21	14	14	1	14	25	5	1	29	6	6
5730	2	5	5	14	5	27	5	14	5	5	3	6	3	3	1	1	1	9	1	1	13	28	4	26	5	14	5	5	5	5	5	5	25	11	5	5	5	25	5	5	5	5	15	5	5	15	4	15	20	20	1	28	1	1	1	1	3	7	8	3	5	5	14	5	1	13	1	21	16	16
5740	5	5	5	14	13	27	5	14	5	5	2	6	4	3	1	1	4	9	1	1	1	28	17	26	5	14	5	5	5	5	5	5	11	11	5	5	5	25	5	5	5	5	5	5	28	28	28	28	1	1	28	28	28	28	10	28	10	10	5	10	5	5	15	13	5	5	5	15	5	5
5750	5	5	5	14	3	27	14	14	5	5	1	6	1	3	1	1	1	9	5	1	12	28	1	26	5	14	5	5	5	5	5	5	15	11	5	5	25	15	4	5	25	25	5	25	5	12	5	5	12	12	1	12	1	1	1	1	1	1	1	1	14	14	3	14	12	5	8	21	16	16
5760	2	5	14	14	7	27	3	14	3	5	3	6	1	3	2	1	1	9	2	1	16	28	10	26	2	14	5	5	5	5	5	5	11	11	5	5	5	25	5	5	5	5	5	5	5	10	5	5	7	16	29	21	29	29	16	31	3	16	2	3	3	3	11	7	5	22	19	25	19	19
5770	5	5	23	14	3	27	5	14	5	5	2	6	14	3	1	1	1	9	1	1	1	28	16	26	5	14	5	5	5	5	5	5	3	11	5	5	5	14	5	5	5	5	5	5	12	27	1	12	1	1	1	1	1	1	1	1	21	21	4	27	14	5	4	14	6	23	4	17	4	4
5780	5	5	5	14	29	27	5	14	5	5	1	6	5	3	30	1	1	9	1	1	1	28	26	26	5	14	5	5	5	5	5	5	4	11	5	5	5	15	5	5	5	5	5	5	5	31	5	5	1	1	1	12	1	1	31	31	31	31	3	31	5	5	12	29	1	5	6	12	16	16
5790	5	5	5	14	1	27	3	14	14	5	4	6	2	3	3	1	5	9	1	1	1	28	27	26	5	14	5	5	5	5	5	5	5	11	5	5	5	5	5	5	5	5	5	5	12	27	1	12	1	1	12	1	12	12	27	21	22	27	9	30	16	14	3	16	17	5	2	26	17	17
5800	5	5	14	14	5	27	14	14	5	5	2	6	3	3	1	1	1	9	1	1	1	28	26	26	3	14	5	5	5	5	5	5	11	11	5	5	5	25	5	5	5	5	5	5	26	26	31	31	1	1	27	31	27	27	27	27	27	27	4	27	14	14	14	14	2	14	25	22	25	25
5810	5	5	5	14	31	27	3	14	3	5	7	6	3	3	7	1	1	9	1	1	1	28	3	26	14	14	5	5	5	5	5	5	4	11	5	5	5	15	5	5	5	5	5	5	5	14	5	5	1	1	1	12	1	1	3	7	3	3	4	7	3	3	9	31	4	5	25	9	25	25
5820	13	5	3	14	27	27	14	14	5	5	18	6	1	3	1	1	1	9	1	1	1	28	11	26	5	14	5	5	5	5	5	5	15	11	5	5	5	15	5	5	5	5	5	5	12	25	1	12	1	1	1	1	1	1	1	1	1	1	1	18	4	14	26	31	5	22	23	31	23	23
5830	5	5	14	14	27	27	5	14	5	5	2	6	8	3	1	1	1	9	1	1	1	28	17	26	5	14	5	5	5	5	5	5	11	11	5	5	5	25	5	5	5	5	5	5	23	28	12	23	1	1	1	12	1	1	1	1	16	16	16	16	5	5	31	27	5	14	1	31	16	16
5840	5	5	5	14	5	27	5	14	5	5	2	6	3	3	1	1	4	9	1	1	17	28	3	26	14	14	5	5	5	5	5	5	5	11	5	5	5	5	5	5	5	5	5	5	5	14	5	5	17	17	28	28	28	28	28	28	31	31	5	31	5	5	5	5	5	5	5	5	5	5
5850	5	5	5	14	20	27	5	14	5	5	4	6	11	3	1	1	1	9	1	1	1	28	21	26	3	14	5	5	12	5	5	5	3	11	5	5	5	14	5	12	5	5	5	5	12	21	12	12	1	1	12	12	1	12	1	1	18	18	3	18	5	5	1	20	7	5	3	7	3	3
5860	5	5	5	14	13	27	5	14	5	5	4	6	3	3	1	1	1	9	1	1	1	28	6	26	5	14	5	5	5	5	5	5	11	11	5	5	15	25	5	5	15	15	5	15	12	20	12	12	1	1	1	12	1	1	6	1	16	16	7	26	5	5	6	13	5	5	5	20	21	21
5870	5	5	5	14	12	27	5	14	5	5	1	6	3	3	1	1	1	9	1	1	1	28	1	26	12	14	5	5	5	5	5	5	4	11	5	5	5	15	5	5	5	5	5	5	12	12	1	12	1	1	1	1	1	1	1	1	7	7	20	7	5	5	23	12	2	5	2	28	20	20
5880	5	5	3	14	3	27	14	14	5	5	1	6	7	3	1	1	1	9	1	1	1	28	8	26	3	14	5	5	5	5	5	5	4	11	5	5	5	15	5	5	5	5	5	5	5	8	5	5	1	1	1	12	1	1	1	1	1	7	12	1	25	14	11	25	3	14	4	11	23	23
5890	5	5	5	14	26	27	5	14	5	5	1	6	3	3	1	1	4	9	1	1	13	28	3	26	14	14	5	5	5	5	5	5	4	11	5	5	5	15	5	5	5	5	5	5	14	14	3	14	28	20	30	31	24	30	24	28	30	30	1	31	5	5	31	31	5	5	20	31	20	20
5900	5	5	21	14	27	27	14	14	5	5	2	6	3	3	1	1	1	9	1	1	9	28	26	26	3	14	5	5	5	5	5	5	4	11	5	5	5	15	5	5	5	5	5	5	18	26	29	29	4	9	29	29	29	29	18	29	18	18	2	26	3	14	27	27	1	21	21	27	27	27
5910	5	5	5	14	27	27	5	14	5	5	2	6	3	3	1	1	1	9	1	1	1	28	10	26	3	14	5	5	5	5	5	5	11	11	5	5	5	25	5	5	5	5	5	5	19	19	30	30	1	1	29	31	25	29	29	29	29	29	2	31	5	5	31	27	5	5	14	31	22	22
5920	5	5	5	14	31	27	5	14	5	5	1	6	3	3	4	1	4	9	1	1	1	28	31	26	5	14	5	5	5	5	5	5	3	11	14	5	5	14	5	5	5	5	5	5	16	31	27	27	1	1	27	27	31	31	28	31	31	31	1	31	5	5	22	31	5	5	2	22	6	6
5930	5	5	5	14	5	27	5	14	5	5	1	6	3	3	1	1	4	9	1	1	1	28	25	26	3	14	5	5	5	5	5	5	4	11	5	5	4	15	5	5	5	15	5	5	30	25	22	30	1	1	27	27	31	31	28	31	31	31	5	31	5	5	5	5	5	5	3	5	14	14
5940	5	5	5	14	17	27	5	14	5	5	17	6	3	3	1	1	1	9	1	1	12	28	22	26	5	14	5	5	5	5	5	5	11	11	5	5	25	25	5	5	14	25	5	14	5	22	5	5	12	12	1	12	1	1	1	1	1	7	1	17	5	5	15	28	3	5	22	25	27	27
5950	12	5	5	14	3	27	14	14	5	5	1	6	1	3	1	1	1	9	1	1	1	28	1	26	14	14	5	5	5	5	5	5	4	11	15	5	5	15	5	5	5	5	5	5	21	21	1	21	1	1	1	1	1	1	1	1	1	1	3	1	16	14	6	16	1	12	21	6	21	21
5960	5	5	5	14	3	27	3	14	5	5	5	6	3	3	1	1	4	9	1	1	21	28	3	26	3	14	5	5	5	5	5	5	4	11	5	5	5	15	5	5	5	5	5	5	3	3	3	14	7	21	7	7	18	18	9	18	18	18	5	29	3	14	3	3	3	5	13	3	13	13
5970	5	5	3	14	3	27	5	14	5	5	5	6	24	3	3	1	7	9	3	1	3	28	3	26	3	14	5	5	5	5	5	5	15	11	5	5	5	15	5	5	5	5	5	5	3	3	5	14	14	3	3	14	3	7	3	3	19	30	2	30	1	5	5	7	5	14	4	5	10	10
5980	14	5	5	14	5	27	5	14	5	5	2	6	2	3	1	1	1	9	1	1	1	28	1	26	14	14	5	5	5	5	5	5	3	11	5	5	5	14	5	5	5	5	5	5	21	21	7	21	1	1	1	7	1	1	1	1	6	6	9	6	5	5	23	5	5	14	3	23	18	18
5990	5	5	30	14	5	27	5	14	5	5	10	6	1	3	1	1	1	9	1	1	20	28	22	26	5	14	5	5	5	5	5	5	4	11	14	5	5	25	5	5	5	5	5	5	5	22	5	5	6	20	1	20	1	1	1	1	1	1	13	17	5	5	5	5	5	30	1	5	20	20
6000	18	5	2	14	30	27	5	14	5	5	1	6	4	3	7	1	5	9	5	1	5	28	22	26	5	14	5	5	5	5	5	5	4	11	5	5	5	15	5	5	5	5	5	5	5	22	5	5	5	5	5	5	5	5	9	21	18	9	3	18	3	5	5	30	20	26	1	20	7	7
6010	5	5	7	14	4	27	14	14	3	5	2	6	5	3	7	1	1	9	1	1	3	28	3	26	3	14	5	5	5	5	5	5	5	11	5	5	5	5	5	5	5	5	5	5	5	3	14	5	1	7	1	21	1	1	5	7	5	5	6	13	4	14	9	4	4	21	2	9	6	6
6020	5	5	12	14	31	27	3	14	13	5	2	6	3	3	3	1	1	9	4	1	4	28	11	26	3	14	5	5	5	5	5	5	11	11	5	5	5	25	5	5	5	5	5	5	3	11	29	14	4	4	31	29	31	31	27	31	27	27	19	27	3	22	31	31	3	12	3	31	19	19
6030	5	5	5	14	5	27	5	14	5	5	1	6	1	3	1	1	1	9	1	1	12	28	28	26	5	14	5	5	5	5	5	5	3	11	5	5	5	14	5	5	5	5	5	5	5	28	5	5	12	12	1	12	1	1	1	1	1	1	2	1	5	5	15	5	5	5	28	15	28	28
6040	12	5	5	14	2	27	8	14	5	5	28	6	3	3	1	1	5	9	1	1	7	28	17	26	5	14	5	5	5	5	5	5	11	11	5	5	5	25	5	5	5	5	5	5	2	28	2	13	7	7	7	16	7	21	3	7	3	3	4	31	6	22	2	6	9	12	17	17	17	17
6050	15	5	3	14	2	27	5	14	5	5	1	6	3	3	1	1	1	9	1	1	1	28	18	26	3	14	5	5	5	5	5	5	5	11	5	5	5	5	5	5	5	5	5	5	1	18	12	12	1	1	1	12	1	1	1	1	7	7	5	7	5	5	5	13	20	25	3	20	14	14
6060	15	5	3	14	27	27	5	14	5	5	3	6	3	3	3	1	1	9	1	1	12	28	19	26	5	14	5	5	5	5	5	5	4	11	5	5	5	15	5	5	5	5	5	5	5	30	5	5	12	12	1	12	1	1	3	7	3	3	3	3	5	5	30	27	3	25	3	30	3	3
6070	17	5	5	14	3	27	21	14	5	5	2	6	2	3	2	1	1	9	1	1	1	28	16	26	3	14	5	5	5	5	5	5	4	11	5	5	5	15	5	5	5	5	5	5	5	16	5	5	1	1	1	12	1	1	20	6	20	20	15	20	12	21	5	21	30	28	3	30	25	25
6080	5	5	12	14	5	27	5	14	5	5	1	6	1	3	1	1	1	9	1	1	1	28	7	26	5	14	5	5	5	5	5	5	11	11	5	5	5	25	5	5	5	5	5	5	21	21	1	21	1	1	1	1	1	1	1	1	1	1	5	1	5	5	5	5	29	12	5	29	5	5
6090	5	5	5	14	8	27	5	14	5	5	7	6	3	3	1	1	1	9	1	1	1	28	30	26	3	14	5	5	5	5	5	5	11	11	5	5	5	25	5	5	5	5	5	5	5	30	5	5	1	1	1	12	1	1	3	1	3	3	9	7	5	5	5	22	14	5	3	14	18	18
6100	5	5	3	14	5	27	5	14	5	5	1	6	1	3	1	1	1	9	1	1	1	28	18	26	5	14	5	5	5	5	5	5	3	11	5	5	5	14	5	5	5	5	5	5	9	29	1	23	1	1	1	1	1	1	1	1	6	1	3	6	5	5	5	5	8	14	16	22	16	16
6110	2	5	2	14	4	27	5	14	5	5	2	6	5	3	5	1	5	9	5	1	5	28	13	26	5	14	5	5	1	5	5	5	3	11	5	5	5	14	5	12	5	5	5	5	5	13	5	5	5	5	5	5	5	5	5	5	13	5	2	13	4	5	3	4	30	2	8	30	8	8
6120	2	5	2	14	1	27	5	14	5	5	1	6	3	3	1	1	7	9	1	1	6	28	8	26	3	14	5	5	5	5	5	5	5	11	5	5	5	5	5	5	5	5	5	5	13	8	2	13	6	6	1	6	7	7	16	7	12	16	2	12	5	5	6	12	3	2	2	16	2	2
6130	5	5	5	14	26	27	14	14	5	5	2	6	3	3	1	1	1	9	1	1	1	28	26	26	1	14	5	5	5	5	5	5	11	11	5	5	5	25	5	5	5	5	3	5	7	26	7	7	1	1	7	7	7	7	7	7	7	7	9	16	5	14	13	31	4	5	4	24	9	9
6140	5	5	5	14	28	27	5	14	5	5	6	6	1	3	1	1	1	9	1	1	1	28	2	26	12	14	5	5	5	5	5	5	4	11	5	5	5	15	5	5	5	5	5	5	12	20	12	12	1	1	1	12	1	1	1	1	1	1	25	6	5	5	31	28	3	5	3	31	25	25
6150	5	5	14	14	3	27	3	14	5	5	1	6	3	3	1	1	1	9	1	1	1	28	8	26	3	14	5	5	5	5	5	5	15	11	5	5	5	15	5	5	5	5	5	5	3	8	14	14	1	1	1	21	1	1	1	1	7	7	3	7	3	14	3	3	3	14	1	3	7	7
6160	5	5	3	14	26	27	5	14	5	5	1	6	1	3	7	1	1	9	1	1	12	28	11	26	5	14	5	5	5	5	5	5	4	11	5	5	5	15	5	5	5	5	5	5	5	25	5	5	12	12	1	12	1	1	7	7	7	7	28	7	5	5	19	31	5	14	5	30	28	28
6170	5	5	3	14	27	27	14	14	5	5	6	6	1	3	1	1	1	9	1	1	1	28	16	26	5	14	5	5	5	5	5	5	3	11	5	5	5	14	5	5	5	5	5	5	5	27	5	5	1	1	1	12	1	1	1	1	1	1	13	6	3	14	1	27	1	14	5	1	13	13
6180	5	5	5	14	31	27	5	14	5	5	1	6	3	3	1	1	1	9	1	1	5	28	3	26	14	14	5	5	5	5	5	5	4	11	14	5	5	25	5	5	5	5	5	5	5	14	5	5	12	12	1	12	1	1	7	1	7	7	3	7	3	5	28	31	3	5	7	31	7	7
6190	5	5	5	14	5	27	5	14	5	5	4	6	22	3	1	1	1	9	1	1	1	28	28	26	3	14	5	5	5	5	5	5	11	11	5	5	15	25	5	5	5	15	5	5	12	31	1	12	1	1	1	1	1	1	1	1	27	27	5	31	5	5	5	5	5	5	1	5	12	12
6200	4	5	4	14	16	27	5	14	5	5	3	6	4	3	22	1	2	9	8	1	2	28	31	26	5	14	5	5	5	5	5	5	4	11	15	5	5	15	5	5	5	5	5	5	14	31	3	14	8	8	2	8	2	2	27	22	31	31	5	31	5	5	8	27	3	4	3	8	14	14
6210	5	5	14	14	1	27	14	14	5	5	31	6	1	3	1	1	1	9	1	1	1	28	17	26	3	14	5	5	5	5	5	5	5	11	5	5	5	5	5	5	5	5	5	5	7	26	12	21	1	1	1	12	1	1	1	1	1	1	5	31	14	14	31	21	3	14	30	31	30	30
6220	5	5	5	14	28	27	14	14	5	5	1	6	1	3	1	1	5	9	1	1	28	28	17	26	5	14	5	5	5	5	5	5	11	11	5	5	5	25	5	5	5	5	5	5	5	28	5	5	23	28	23	23	23	23	23	23	29	23	8	29	3	14	31	31	3	5	5	31	22	22
6230	5	5	5	14	1	27	5	14	12	5	1	6	3	3	1	1	4	9	1	1	1	28	17	26	3	14	5	5	5	5	5	5	5	11	5	5	5	5	5	5	5	5	5	5	18	26	29	29	1	1	29	29	29	29	25	29	25	25	12	29	12	12	12	12	5	5	5	12	12	12
6240	5	5	5	14	26	27	5	14	5	5	27	6	3	3	1	1	1	9	1	1	1	28	6	26	3	14	5	5	5	5	5	5	11	11	5	5	14	25	5	5	14	14	3	14	3	16	3	3	1	1	7	7	7	7	3	7	3	3	5	27	5	5	31	31	5	5	5	31	5	5
6250	5	5	5	14	6	27	5	14	5	5	2	6	7	3	1	1	1	9	1	1	1	28	18	26	3	14	5	5	5	5	5	5	4	11	5	5	5	15	5	5	5	5	5	5	9	18	9	23	1	1	1	9	1	1	1	1	8	7	5	8	5	5	1	20	30	5	12	31	12	12
6260	5	5	5	14	10	27	5	14	5	5	1	6	1	3	1	1	1	9	1	1	9	28	6	26	5	14	1	5	5	5	5	5	4	11	5	5	5	15	5	5	5	5	1	12	1	20	1	1	1	9	1	1	1	1	1	1	1	1	1	1	5	5	5	24	12	5	1	12	1	1
6270	1	5	11	14	22	27	5	14	5	5	3	6	5	3	7	1	1	9	1	1	1	28	3	26	3	14	5	5	5	5	5	5	5	11	5	5	5	5	5	5	5	5	5	5	5	3	5	5	1	1	1	12	1	1	7	7	16	21	1	16	5	5	1	22	29	18	12	29	12	12
6280	5	5	5	14	5	27	5	14	5	5	1	6	1	3	1	1	1	9	1	1	12	28	26	26	3	14	5	5	5	5	5	5	4	11	5	5	5	15	5	5	5	5	5	5	1	26	1	12	1	12	1	1	1	1	1	1	1	1	19	1	5	5	5	5	5	5	5	5	30	30
6290	1	5	5	14	27	27	5	14	5	5	1	6	14	3	10	1	1	9	1	1	1	28	26	26	3	14	5	5	5	5	5	5	5	11	5	5	5	5	5	5	5	5	15	5	4	26	5	15	1	1	1	12	1	1	4	17	25	25	13	29	5	5	29	27	1	12	3	29	22	22
6300	5	5	14	14	3	27	14	14	5	5	2	6	3	3	3	1	1	9	1	1	6	28	26	26	5	14	5	5	5	5	5	5	3	11	5	5	14	14	5	5	14	14	3	14	29	31	29	29	1	6	25	29	29	29	31	29	31	31	16	31	14	14	3	14	14	14	3	14	16	16
6310	1	5	5	14	5	27	5	14	5	5	1	6	3	3	1	1	1	9	1	1	1	28	26	26	5	14	5	5	5	5	5	5	3	11	5	5	5	14	5	5	5	5	5	5	5	31	5	5	1	1	1	12	1	1	1	1	1	7	3	1	5	5	1	5	1	12	10	1	19	19
6320	5	5	5	14	6	27	5	14	5	5	9	6	1	3	3	1	4	9	1	1	1	28	3	26	14	14	15	5	5	5	5	5	5	11	5	5	5	5	5	5	5	5	25	15	3	14	11	25	1	1	11	18	3	11	1	3	1	1	27	9	5	5	4	20	20	5	1	28	27	27
6330	1	5	2	14	5	27	5	14	5	5	1	6	3	3	4	1	1	9	1	1	1	28	16	26	3	14	5	5	5	5	5	5	4	11	5	5	5	15	5	5	5	5	5	5	5	16	5	5	1	1	1	12	1	1	9	9	11	18	1	18	5	5	5	5	1	6	21	12	21	21
6340	1	5	3	14	30	27	3	14	4	5	28	6	3	3	18	1	1	9	1	1	9	28	16	26	1	14	5	5	5	5	5	5	11	11	3	5	3	11	5	5	5	14	5	5	12	16	1	12	1	9	6	1	1	6	3	18	3	3	27	31	4	11	4	30	11	7	5	11	27	27
6350	5	5	14	14	3	27	22	14	5	5	20	6	3	3	1	1	4	9	1	1	1	28	18	26	5	14	5	5	5	5	5	5	4	11	5	5	5	15	5	5	5	5	5	5	14	29	14	14	1	1	21	21	25	29	3	29	3	3	3	27	8	22	19	8	5	14	29	30	29	29
6360	4	5	21	14	5	27	5	14	5	5	3	6	3	3	7	1	1	9	1	1	1	28	3	26	14	14	5	5	5	5	5	5	14	11	5	5	5	14	5	5	5	5	5	5	5	14	12	5	1	1	1	12	1	1	1	7	3	7	28	3	5	5	5	5	28	29	1	28	28	28
6370	5	5	5	14	2	27	25	14	5	5	2	6	3	3	7	1	4	9	1	1	6	28	31	26	5	14	5	5	5	5	5	5	11	11	5	5	5	25	5	5	5	5	5	5	24	31	24	24	2	6	4	24	4	4	18	18	26	18	5	26	25	25	27	30	5	5	13	27	13	13
6380	14	5	3	14	13	27	5	14	5	5	5	6	3	3	1	1	1	9	1	1	1	28	1	26	1	14	5	5	5	5	5	5	11	11	5	5	5	25	5	5	5	5	5	5	1	1	1	12	1	1	1	1	1	1	1	1	7	7	5	21	5	5	2	13	5	14	10	13	24	24
6390	5	5	31	14	24	27	5	14	5	5	2	6	4	3	28	1	1	9	1	1	1	28	26	26	3	14	5	5	5	5	5	5	11	11	5	5	15	25	5	5	4	15	5	15	20	26	1	20	1	1	1	1	1	1	31	28	28	31	15	28	3	5	20	30	1	31	4	20	15	15
6400	4	5	25	14	24	27	5	14	5	5	10	6	5	3	15	1	4	9	1	1	4	28	11	26	3	14	5	5	5	5	5	5	11	11	5	5	4	25	12	5	15	23	4	15	4	11	4	4	9	9	4	9	4	4	5	15	5	5	4	24	5	5	23	24	4	25	10	23	10	10
6410	5	5	14	14	22	27	5	14	5	5	1	6	1	3	1	1	1	9	1	1	1	28	6	26	5	14	5	5	5	5	5	5	3	11	5	5	5	14	5	5	5	5	1	5	1	20	1	1	1	1	1	1	1	1	1	1	1	1	3	1	2	5	5	22	22	14	3	22	3	3
6420	5	5	14	14	5	27	5	14	5	5	1	6	1	3	1	1	1	9	1	1	1	28	6	26	5	14	5	5	5	5	5	5	5	11	5	5	5	5	5	5	5	5	5	5	12	20	1	12	1	1	1	1	1	1	1	1	1	1	10	1	5	5	5	5	5	14	2	5	10	10
6430	5	5	5	14	5	27	5	14	5	5	2	6	3	3	12	1	4	9	1	1	1	28	11	26	3	14	5	5	5	5	5	5	3	11	5	5	5	14	5	5	5	5	5	5	9	11	23	23	1	1	4	23	4	4	28	23	31	31	24	31	5	5	4	5	12	5	4	23	24	24
6440	5	5	14	14	16	27	5	14	5	5	23	6	1	3	1	1	1	9	1	1	1	28	26	26	5	14	5	5	5	5	5	5	4	11	5	5	15	15	5	5	5	15	5	5	12	31	12	12	1	1	1	12	1	1	1	1	1	1	11	23	5	5	2	27	5	14	3	13	11	11
6450	5	5	14	14	26	27	5	14	5	5	2	6	3	3	3	1	1	9	1	1	1	28	19	26	3	14	5	5	5	5	5	5	11	11	5	5	5	25	5	5	5	5	5	5	25	19	25	25	1	1	25	29	29	29	29	29	29	29	23	31	5	5	31	31	5	14	3	31	29	29
6460	5	5	5	14	12	27	14	14	5	5	1	6	3	3	1	1	4	9	1	1	1	28	26	26	3	14	5	5	5	5	5	5	4	11	5	5	5	15	5	5	5	5	5	5	26	26	31	31	1	1	31	31	31	31	27	31	20	27	28	20	5	14	5	12	5	5	5	5	28	28
6470	5	5	5	14	3	27	3	14	5	5	19	6	3	3	1	1	1	9	6	1	1	28	10	26	5	14	5	5	5	5	5	5	11	11	5	5	15	25	5	5	15	15	2	15	2	24	2	2	6	6	1	6	1	1	1	1	1	7	1	26	3	14	7	3	4	5	5	18	12	12
6480	5	5	5	14	5	27	5	14	5	5	1	6	3	3	1	1	1	9	1	1	1	28	26	26	3	14	5	5	5	5	5	5	4	11	5	5	5	15	5	5	5	5	5	5	26	26	31	31	1	1	24	31	17	28	17	17	26	26	15	26	5	5	5	5	5	5	5	5	15	15
6490	5	5	5	14	5	27	14	14	5	5	1	6	3	3	1	1	4	9	1	1	9	28	26	26	3	14	5	5	5	5	5	5	4	11	5	5	15	15	5	5	5	15	5	5	18	26	25	29	4	9	25	25	25	25	29	29	29	29	5	29	5	14	12	5	5	5	5	12	5	5
6500	1	5	14	14	5	27	5	14	5	5	1	6	1	3	1	1	1	9	1	1	1	28	26	26	3	14	5	5	5	5	5	5	25	11	5	5	5	25	5	5	5	5	5	5	7	26	1	21	1	1	1	1	1	1	1	1	1	1	19	1	5	5	5	5	12	21	4	12	19	19
6510	5	5	22	14	31	27	5	14	5	5	1	6	1	3	1	1	1	9	1	1	1	28	6	26	3	14	5	5	5	5	5	5	4	11	5	5	15	15	5	5	15	15	15	15	1	16	1	23	1	1	1	1	1	1	1	1	1	1	6	1	5	5	26	31	2	22	1	26	6	6
6520	5	5	5	14	29	27	14	14	5	5	1	6	3	3	1	1	4	9	1	1	1	28	7	26	3	14	5	5	5	5	5	5	4	11	5	5	5	15	5	5	5	5	5	5	1	7	12	12	1	1	12	12	23	23	15	23	30	25	20	31	3	14	12	29	5	5	1	12	20	20
6530	5	5	25	14	31	27	14	14	5	5	1	6	1	3	1	1	1	9	1	1	1	28	31	26	5	14	5	5	5	5	5	5	11	11	5	5	5	25	5	5	5	5	5	5	1	31	1	12	1	1	1	1	1	1	1	1	1	1	4	1	1	14	26	31	4	25	19	26	19	19
6540	5	5	14	14	6	27	5	14	5	5	2	6	3	3	1	1	1	9	1	1	12	28	8	26	5	14	5	5	5	5	5	5	11	11	5	5	5	25	5	5	5	5	5	5	14	22	5	14	1	12	1	12	1	1	1	1	7	7	1	16	5	5	13	20	5	14	5	13	12	12
6550	5	5	18	14	23	27	5	14	5	5	2	6	3	3	12	1	1	9	1	1	1	28	3	26	14	14	5	5	5	5	5	5	3	11	5	5	5	14	5	5	5	5	5	5	5	14	1	5	1	1	1	1	1	1	23	12	21	29	20	27	5	5	1	23	18	29	1	18	20	20
6560	5	5	5	14	5	27	5	14	5	5	1	6	1	3	1	1	4	9	1	1	1	28	6	26	5	14	5	5	5	5	5	5	4	11	15	5	5	15	5	5	5	5	5	5	12	20	1	12	1	1	1	1	9	9	1	9	1	1	5	1	5	5	21	5	5	5	4	21	15	15
6570	5	5	5	14	5	27	5	14	5	5	2	6	3	3	1	1	4	9	1	1	1	28	26	26	3	14	5	5	5	5	5	5	11	11	5	5	14	25	5	5	5	14	5	5	26	26	31	31	1	1	30	31	19	30	17	26	26	26	5	26	5	5	5	5	5	5	5	5	5	5
6580	5	5	5	14	1	27	5	14	5	5	27	6	5	3	1	1	1	9	4	1	20	28	22	26	5	14	5	5	5	5	5	5	4	11	5	5	5	15	5	5	5	5	5	5	5	22	5	5	31	28	20	31	20	20	12	20	5	12	3	27	12	5	26	12	5	5	3	31	3	3
6590	5	5	5	14	3	27	3	14	14	5	3	6	3	3	30	1	4	9	5	1	5	28	1	26	5	14	5	5	5	5	5	5	4	11	5	5	5	15	5	5	5	5	5	5	5	12	5	5	5	5	4	5	4	4	11	30	11	11	2	11	25	14	3	25	3	5	1	3	6	6
6600	21	5	3	14	1	27	21	14	5	5	2	6	7	3	1	1	1	9	1	1	1	28	31	26	3	14	5	5	5	5	5	5	11	11	5	5	5	25	5	5	5	5	5	5	23	31	9	23	1	1	1	9	1	1	1	1	7	7	5	16	9	21	1	9	30	21	15	31	15	15
6610	23	5	3	14	29	27	30	14	5	5	31	6	3	3	12	1	1	9	1	1	1	28	23	26	5	14	5	5	5	5	5	5	3	11	14	5	5	14	5	5	5	5	5	5	12	23	1	12	1	1	1	1	1	1	1	12	3	7	4	31	2	30	1	31	22	29	4	27	4	4
6620	5	5	5	14	4	27	5	14	5	5	20	6	3	3	1	1	1	9	1	1	6	28	2	26	25	14	5	5	5	5	5	5	4	11	5	5	5	15	5	5	5	5	5	5	5	30	5	5	1	6	1	12	1	1	1	1	3	7	5	27	4	5	4	4	1	5	5	9	5	5
6630	5	5	29	14	26	27	5	14	5	5	1	6	1	3	1	1	1	9	1	1	1	28	26	26	3	14	5	5	5	5	5	5	5	11	5	5	5	5	5	5	5	5	5	5	6	26	12	20	1	1	1	12	1	1	1	1	1	1	1	1	5	5	27	31	4	29	21	31	21	21
6640	2	5	10	14	14	27	5	14	5	5	4	6	5	3	3	1	1	9	1	1	1	28	1	26	25	14	5	5	5	5	5	5	3	11	5	5	5	14	5	5	5	5	5	5	18	29	29	29	1	1	9	29	9	9	21	18	31	21	4	31	5	5	2	14	2	10	11	2	11	11
6650	5	5	5	14	27	27	5	14	5	5	9	6	4	3	1	1	1	9	1	1	1	28	26	26	5	14	5	5	5	5	5	5	4	11	5	5	13	15	5	5	5	13	5	5	12	31	12	12	1	1	1	12	1	1	1	1	1	9	1	9	5	5	3	27	3	5	8	3	16	16
6660	5	5	5	14	26	27	14	14	5	5	2	6	3	3	1	1	1	9	1	1	1	28	26	26	5	14	5	5	5	5	5	5	4	11	5	5	5	15	5	5	5	5	5	5	23	31	12	23	1	1	1	12	1	1	1	1	18	7	1	26	3	14	31	26	5	5	29	31	29	29
6670	5	5	5	14	16	27	5	14	5	5	2	6	3	3	1	1	1	9	1	1	12	28	6	26	5	14	5	5	5	5	5	5	4	11	5	5	5	15	5	5	5	5	5	5	5	20	5	5	12	12	1	12	1	1	12	1	21	21	2	27	5	5	31	27	5	5	10	31	10	10
6680	5	5	5	14	30	27	5	14	5	5	7	6	1	3	1	1	1	9	5	1	5	28	2	26	13	14	5	5	5	5	5	5	19	11	5	5	5	30	5	5	5	5	5	5	5	13	5	5	5	5	1	5	1	1	1	1	1	1	2	7	5	5	16	30	2	5	2	16	2	2
6690	5	5	3	14	27	27	5	14	5	5	7	6	1	3	1	1	1	9	1	1	6	28	17	26	3	14	5	5	5	5	5	5	19	11	5	5	13	30	5	5	13	13	2	13	2	26	2	2	6	6	6	6	1	6	1	1	1	1	2	7	5	5	18	27	5	14	18	29	26	26
6700	5	5	5	14	6	27	5	14	5	5	1	6	17	3	1	1	1	9	1	1	1	28	17	26	5	14	5	5	5	5	5	5	3	11	5	5	5	14	5	5	5	5	5	5	12	28	1	12	1	1	1	1	1	1	1	1	26	17	15	26	5	5	5	20	5	5	2	5	24	24
6710	4	5	8	14	25	27	5	14	5	5	10	6	7	3	1	1	1	9	1	1	1	28	16	26	5	14	5	5	5	5	5	5	11	11	5	5	5	25	5	5	5	5	5	5	16	27	12	27	1	1	1	12	1	1	1	1	1	7	2	17	5	5	5	25	26	19	23	31	28	28
6720	5	5	5	14	5	27	5	14	15	5	1	6	1	3	1	1	1	9	1	1	1	28	9	26	5	14	5	5	5	5	5	5	11	11	5	5	15	25	5	5	5	15	5	5	12	23	1	12	1	1	1	1	1	1	1	1	1	1	20	1	15	15	5	15	5	5	5	5	20	20
6730	1	5	15	14	17	27	14	14	5	5	5	6	21	3	1	1	1	9	1	1	20	28	4	26	5	14	5	5	5	5	5	5	4	11	5	5	5	15	5	5	5	5	5	5	5	15	5	5	12	20	12	12	1	12	1	1	21	21	5	21	5	14	20	28	5	23	1	20	12	12
6740	29	5	5	14	13	27	5	14	5	5	2	6	3	3	1	1	4	9	1	1	1	28	17	26	3	14	5	5	5	5	5	5	3	11	5	5	5	14	5	5	5	5	5	5	18	26	29	29	1	1	29	29	29	29	5	29	25	14	25	30	5	5	5	13	5	29	3	5	25	25
6750	5	5	5	14	27	27	5	14	5	5	1	6	1	3	1	1	1	9	1	1	1	28	26	26	3	14	5	5	5	5	5	5	19	11	5	5	5	30	5	5	5	5	5	5	1	26	12	12	1	1	1	12	1	1	1	1	1	1	27	1	5	5	21	27	2	5	5	27	27	27
6760	5	5	5	14	27	27	5	14	5	5	1	6	3	3	1	1	4	9	1	1	20	28	3	26	14	14	5	5	5	5	5	5	5	11	5	5	5	5	5	5	5	5	5	5	3	14	3	14	20	20	13	27	24	24	28	28	31	31	1	31	5	5	31	27	5	5	1	31	1	1
6770	5	5	5	14	5	27	5	14	5	5	2	6	3	3	1	1	4	9	1	1	1	28	26	26	3	14	5	5	5	5	5	5	3	11	5	5	5	14	5	5	5	5	5	5	31	26	31	31	1	1	26	31	19	26	7	26	7	7	3	16	5	5	5	5	5	5	3	5	3	3
6780	5	5	5	14	27	27	5	14	5	5	1	6	3	3	1	1	1	9	1	1	1	28	26	26	3	14	5	5	5	5	5	5	4	11	5	5	5	15	5	5	5	5	5	5	18	26	31	29	1	1	31	31	31	31	31	31	31	31	2	31	5	5	14	27	5	5	5	14	13	13
6790	5	5	30	14	7	27	3	14	5	5	1	6	1	3	1	1	1	9	1	1	1	28	7	26	3	14	5	5	5	5	5	5	4	11	5	5	5	15	5	5	5	5	5	5	1	7	1	12	1	1	1	1	1	1	1	1	1	1	7	1	3	14	3	7	28	30	4	31	18	18
6800	5	5	3	14	20	27	5	14	5	5	1	6	1	3	1	1	1	9	1	1	6	28	16	26	5	14	15	5	5	5	5	5	5	11	5	5	5	5	5	5	5	5	5	15	5	27	5	5	6	6	1	20	1	1	1	1	1	1	1	1	5	5	8	20	3	14	4	8	9	9
6810	5	5	5	14	5	27	5	14	5	5	2	6	3	3	1	1	1	9	1	1	12	28	19	26	3	14	5	5	5	5	5	5	5	11	5	5	5	5	5	5	5	5	5	5	5	19	5	5	12	12	12	12	12	12	23	12	29	29	3	31	5	5	5	5	5	5	5	5	14	14
6820	5	5	5	14	5	27	5	14	5	5	1	6	3	3	6	1	1	9	1	1	1	28	1	26	14	14	5	5	5	5	5	5	11	11	5	5	5	25	5	5	5	5	5	5	12	21	1	12	1	1	1	1	1	1	20	6	27	27	3	27	5	5	23	5	5	5	3	23	3	3
6830	5	5	5	14	19	27	5	14	5	5	6	6	1	3	1	1	1	9	1	1	1	28	16	26	3	14	5	5	5	5	5	5	11	11	5	5	5	25	5	5	5	5	5	5	1	16	1	12	1	1	1	1	1	1	1	1	1	1	2	6	5	5	8	30	5	5	8	22	8	8
6840	5	5	5	14	29	27	22	14	5	5	26	6	5	3	1	1	1	9	1	1	12	28	19	26	3	14	5	5	5	5	5	5	3	11	5	5	5	14	5	5	5	5	5	5	4	19	15	15	1	12	12	23	12	12	5	12	5	5	3	31	5	22	2	29	2	5	7	2	7	7
6850	5	5	5	14	24	27	14	14	5	5	2	6	3	3	1	1	1	9	1	1	1	28	26	26	3	14	5	5	5	5	5	5	11	11	5	5	5	25	5	5	5	5	5	5	18	26	29	29	1	1	1	29	1	1	1	1	7	7	2	16	5	14	5	24	5	5	5	5	13	13
6860	5	5	7	14	5	27	5	14	5	5	1	6	5	3	1	1	12	9	5	1	5	28	6	26	5	14	5	5	5	5	5	5	11	11	5	5	14	25	5	5	5	14	5	5	5	20	5	5	5	5	5	5	12	12	12	12	12	12	4	12	15	5	2	15	16	21	4	16	4	4
6870	5	5	5	14	5	27	5	14	5	5	1	6	25	3	1	1	1	9	1	1	28	28	22	26	3	14	5	5	5	5	5	5	3	11	5	5	5	14	5	5	5	5	5	5	22	22	2	22	6	28	1	6	1	1	1	1	29	29	3	29	5	5	5	5	5	5	3	5	3	3
6880	5	5	14	14	5	27	5	14	5	5	16	6	1	3	1	1	1	9	1	1	12	28	3	26	5	14	5	5	5	5	5	5	3	11	5	5	5	14	5	5	5	5	5	5	5	14	5	5	12	12	1	12	1	1	1	1	1	1	3	16	5	5	5	5	14	14	5	14	14	14
6890	5	5	14	14	27	27	5	14	5	5	2	6	3	3	1	1	1	9	1	1	28	28	3	26	14	14	5	5	5	5	5	5	4	11	5	5	5	15	5	5	5	5	5	5	5	14	5	5	28	28	24	28	28	28	23	28	29	29	6	31	5	5	14	27	5	14	3	14	16	16
6900	5	5	5	14	5	27	5	14	5	5	1	6	3	3	1	1	4	9	1	1	1	28	26	26	5	14	5	5	5	5	5	5	11	11	5	5	5	25	5	5	5	5	5	5	4	31	15	15	1	1	9	23	1	9	1	1	7	7	2	7	5	5	5	5	5	5	29	5	31	31
6910	5	5	25	14	27	27	14	14	5	5	1	6	3	3	1	1	1	9	1	1	12	28	2	26	5	14	5	5	5	5	5	5	5	11	5	5	5	5	5	5	5	5	5	5	5	13	5	5	12	12	5	12	12	12	12	12	21	21	19	21	3	14	18	27	5	25	4	29	19	19
6920	5	5	5	14	29	27	5	14	5	5	2	6	5	3	5	1	5	9	5	1	5	28	4	26	22	14	5	5	5	5	5	5	3	11	5	5	5	14	5	5	5	5	5	5	5	30	5	5	5	5	5	5	5	5	5	5	5	5	3	13	5	5	11	29	3	5	22	11	22	22
6930	5	5	14	14	5	27	14	14	5	5	1	6	3	3	1	1	1	9	1	1	12	28	29	26	5	14	5	5	5	5	5	5	3	11	5	5	5	14	5	5	5	5	5	5	29	29	21	29	5	12	1	21	1	1	1	1	7	7	21	7	5	14	15	5	3	14	1	25	21	21
6940	5	5	14	14	2	27	5	14	5	5	1	6	1	3	1	1	1	9	1	1	1	28	11	26	3	14	5	5	5	5	5	5	11	11	5	5	5	25	5	5	5	5	5	5	1	11	1	12	1	1	1	1	1	1	1	1	1	1	1	1	5	5	5	13	29	14	2	29	6	6
6950	5	5	5	14	26	27	5	14	5	5	1	6	1	3	1	1	1	9	1	1	1	28	18	26	5	14	5	5	5	5	5	5	3	11	5	5	5	14	5	5	5	5	5	5	23	29	1	23	1	1	1	1	1	1	1	1	1	1	19	1	5	5	29	31	3	5	3	29	19	19
6960	5	5	13	14	2	27	5	14	12	5	9	6	1	3	1	1	1	9	1	1	1	28	28	26	5	14	5	5	5	5	5	5	4	11	5	5	5	15	5	5	5	5	5	5	23	28	1	23	1	1	1	1	1	1	1	1	1	1	1	9	21	12	30	27	1	13	25	31	29	29
6970	2	5	22	14	19	27	5	14	5	5	20	6	1	3	1	1	1	9	1	1	5	28	30	26	5	14	5	5	5	5	5	5	15	11	5	5	5	15	5	5	5	5	5	5	5	30	5	5	12	12	1	12	1	1	1	1	1	1	5	20	5	5	2	30	2	22	22	2	22	22
6980	5	5	5	14	28	27	14	14	5	5	1	6	3	3	1	1	4	9	1	1	1	28	26	26	3	14	5	5	5	5	5	5	4	11	5	5	5	15	5	5	5	5	5	5	11	26	30	25	1	1	31	31	28	31	28	28	31	31	5	31	3	14	30	31	5	5	5	30	5	5
6990	5	5	5	14	2	27	14	14	5	5	4	6	3	3	1	1	1	9	1	1	1	28	18	26	5	14	5	5	5	5	5	5	5	11	5	5	5	5	5	5	5	5	5	5	9	29	1	23	1	1	1	1	1	1	15	1	25	25	3	25	14	14	13	22	5	5	5	13	14	14
7000	5	5	5	14	31	27	5	14	5	5	28	6	3	3	1	1	1	9	1	1	12	28	11	26	5	14	5	5	5	5	5	5	3	11	5	5	5	14	5	5	5	5	5	5	5	25	5	5	12	12	1	12	1	1	1	1	3	7	4	31	5	5	31	31	5	5	4	31	4	4
7010	5	5	14	14	22	27	5	14	5	5	1	6	3	3	1	1	4	9	1	1	1	28	26	26	5	14	5	5	5	5	5	5	4	11	5	5	5	15	5	5	5	5	5	5	31	31	31	31	1	1	31	31	31	31	31	31	31	31	3	31	5	5	3	22	5	14	3	14	3	3
7020	5	5	5	14	18	27	5	14	5	5	1	6	1	3	1	1	1	9	1	1	1	28	3	26	14	14	5	5	5	5	5	5	11	11	5	5	5	25	5	5	5	5	5	5	5	14	5	5	1	1	1	12	1	1	1	1	1	1	2	1	5	5	5	29	12	5	29	12	31	31
7030	5	5	5	14	5	27	5	14	5	5	1	6	1	3	1	1	1	9	1	1	1	28	6	26	5	14	5	5	5	5	5	5	3	11	5	5	5	14	5	5	5	5	5	5	12	20	1	12	1	1	1	1	1	1	1	1	1	1	3	1	5	5	5	5	5	5	13	5	22	22
7040	3	5	3	14	7	27	14	14	5	5	24	6	1	3	1	1	1	9	1	1	1	28	3	26	14	14	5	5	5	5	5	5	14	11	5	5	5	14	5	5	5	5	5	5	12	14	12	12	1	1	1	12	1	1	1	1	1	1	6	28	3	14	14	7	3	3	1	14	6	6
7050	5	5	5	14	1	27	5	14	5	5	1	6	1	3	1	1	1	9	1	1	1	28	9	26	5	14	5	5	5	5	5	5	3	11	14	5	5	14	5	5	5	5	5	5	12	23	1	12	1	1	1	1	1	1	1	1	1	1	5	1	5	5	2	12	14	5	23	22	23	23
7060	5	5	5	14	24	27	14	14	5	5	1	6	3	3	1	1	1	9	1	1	1	28	26	26	5	14	5	5	5	5	5	5	11	11	5	5	5	25	5	5	5	5	5	5	23	31	1	23	1	1	1	1	1	1	1	1	7	7	2	7	5	14	5	24	26	5	19	31	19	19
7070	5	5	14	14	22	27	5	14	5	5	2	6	3	3	1	1	4	9	1	1	1	28	18	26	5	14	5	5	5	5	5	5	25	11	5	5	5	25	5	5	5	5	5	5	29	29	23	29	1	1	23	23	23	23	23	23	29	29	5	31	5	5	22	22	3	14	3	22	14	14
7080	5	5	5	14	27	27	14	14	5	5	1	6	1	3	1	1	4	9	9	1	4	28	3	26	14	14	5	5	5	5	5	5	4	11	5	5	5	15	5	5	5	5	5	5	5	14	5	5	9	9	9	23	1	9	1	1	1	1	2	1	5	14	16	27	5	5	2	27	2	2
7090	5	5	1	14	16	27	5	14	5	5	1	6	1	3	1	1	1	9	1	1	1	28	18	26	5	14	5	5	5	5	5	5	11	11	5	5	5	25	5	5	5	5	5	5	5	29	5	5	1	1	1	12	1	1	1	1	1	1	7	1	5	5	27	27	5	12	3	27	7	7
7100	5	5	5	14	25	27	5	14	5	5	29	6	14	3	1	1	1	9	1	1	1	28	26	26	5	14	5	5	5	5	5	5	5	11	5	5	5	5	5	5	5	5	5	5	12	31	12	12	1	1	12	12	12	12	5	12	5	14	3	29	5	5	31	25	5	5	13	31	22	22
7110	5	5	8	14	2	27	5	14	5	5	2	6	10	3	1	1	4	9	1	1	1	28	3	26	30	14	5	5	5	5	5	5	4	11	5	5	15	15	5	5	5	15	5	5	4	30	15	15	1	1	23	23	23	23	4	23	24	10	25	24	13	5	23	13	3	22	1	29	29	29
7120	2	5	21	14	31	27	5	14	5	5	5	6	8	3	1	1	1	9	1	1	23	28	19	26	5	14	5	5	5	5	5	5	4	11	5	5	5	15	5	5	13	5	5	13	5	30	5	5	12	23	1	12	1	1	1	1	16	16	2	27	5	5	1	31	19	27	2	26	2	2
7130	5	5	5	14	29	27	5	14	5	5	5	6	14	3	5	1	1	9	1	1	6	28	9	26	5	14	5	5	5	5	5	5	11	11	5	5	5	25	5	5	5	5	5	5	12	23	1	12	1	6	1	1	1	1	5	12	14	14	3	14	5	5	17	29	5	5	3	28	3	3
7140	5	5	14	14	27	27	5	14	5	5	17	6	3	3	3	1	1	9	1	1	1	28	3	26	14	14	5	5	5	5	5	5	3	11	5	5	5	14	5	5	5	5	5	5	5	14	5	5	1	1	1	12	1	1	3	7	3	3	4	26	5	5	7	27	5	14	29	21	29	29
7150	5	5	5	14	31	27	5	14	5	5	2	6	3	3	1	1	1	9	1	1	23	28	26	26	3	14	5	5	5	5	5	5	11	11	5	5	5	25	5	5	5	5	5	5	30	26	25	30	1	23	29	29	29	29	23	29	29	29	22	31	5	5	12	31	5	5	1	12	27	27
7160	5	5	18	14	25	27	5	14	5	5	4	6	22	3	1	1	1	9	2	1	24	28	1	26	3	14	5	5	5	5	5	5	10	11	5	5	5	24	5	5	5	5	5	5	12	7	1	12	2	24	1	6	1	1	1	1	27	27	5	31	5	5	5	25	14	29	2	14	13	13
7170	5	5	14	14	5	27	5	14	5	5	2	6	3	3	1	1	1	9	1	1	1	28	17	26	5	14	5	5	5	5	5	5	11	11	5	5	5	25	5	5	5	5	5	5	23	28	29	23	1	1	29	29	29	29	29	29	21	29	14	27	5	5	1	5	14	14	3	21	14	14
7180	5	5	5	14	26	27	5	14	5	5	2	6	3	3	1	1	2	9	5	1	5	28	11	26	5	14	5	5	5	5	5	5	3	11	5	5	5	14	5	5	5	5	5	5	30	25	30	30	5	5	30	30	30	30	30	31	30	30	2	30	5	5	28	31	5	5	21	28	27	27
7190	5	5	5	14	27	27	14	14	5	5	1	6	3	3	1	1	4	9	1	1	28	28	16	26	5	14	5	5	5	5	5	5	3	11	5	5	5	14	5	5	5	5	5	5	5	27	5	5	28	28	28	28	28	28	28	28	31	31	14	31	5	14	15	27	5	5	5	15	14	14
7200	5	5	5	14	31	27	5	14	5	5	1	6	14	3	1	1	1	9	1	1	1	28	9	26	5	14	5	5	5	5	5	5	11	11	5	5	5	25	5	5	5	5	5	5	5	23	5	5	1	1	1	12	1	1	1	1	12	21	5	12	5	5	18	31	5	5	9	29	23	23
7210	5	5	5	14	30	27	5	14	5	5	1	6	1	3	1	1	1	9	1	1	1	28	16	26	5	14	5	5	5	5	5	5	4	11	15	5	15	15	5	5	5	15	5	5	12	27	12	12	1	1	1	12	1	1	1	1	1	1	1	1	5	5	31	30	5	5	7	31	7	7
7220	5	5	5	14	5	27	5	14	5	5	19	6	3	3	1	1	1	9	1	1	6	28	26	26	5	14	5	5	5	5	5	5	4	11	5	5	5	15	5	5	5	5	5	5	12	31	12	12	1	6	1	12	1	1	1	1	1	7	2	26	5	5	5	5	15	5	14	15	22	22
7230	5	5	5	14	5	27	5	14	5	5	2	6	3	3	1	1	4	9	1	1	24	28	9	26	5	14	5	5	5	5	5	5	11	11	5	5	5	25	5	5	5	5	5	5	5	23	5	5	28	28	28	28	28	28	20	28	27	27	5	27	5	5	5	5	5	5	5	5	5	5
7240	5	5	3	14	22	27	5	14	5	5	2	6	3	3	1	1	4	9	1	1	6	28	7	26	5	14	5	5	5	5	5	5	11	11	5	5	5	25	5	5	5	5	5	5	5	21	5	5	6	6	12	20	23	23	23	23	29	29	5	31	5	5	14	22	5	14	5	14	5	5
7250	5	5	5	14	5	27	5	14	5	5	2	6	3	3	1	1	4	9	1	1	1	28	26	26	3	14	5	5	5	5	5	5	11	11	5	5	5	25	5	5	5	5	5	5	26	26	31	31	1	1	26	31	26	26	26	26	26	26	25	26	5	5	5	5	5	5	4	5	25	25
7260	5	5	3	14	20	27	5	14	5	5	1	6	2	3	1	1	5	9	1	1	1	28	19	26	5	14	5	5	5	5	5	5	11	11	5	5	5	25	5	5	5	5	5	5	30	30	30	30	1	1	30	31	30	30	31	31	26	31	4	26	5	5	2	20	8	14	4	8	4	4
7270	5	5	3	14	19	27	5	14	12	5	1	6	1	3	1	1	1	9	1	1	1	28	1	26	14	14	5	5	5	5	5	5	4	11	5	5	5	15	5	5	5	5	5	5	12	21	1	12	1	1	1	1	1	1	1	1	1	1	1	1	1	12	1	26	27	14	17	27	17	17
7280	5	5	5	14	12	27	5	14	5	5	1	6	3	3	1	1	4	9	1	1	1	28	26	26	3	14	5	5	5	5	5	5	11	11	5	5	5	25	5	5	5	5	5	5	11	26	25	25	1	1	29	29	29	29	29	29	25	29	14	29	5	5	5	12	5	5	5	5	14	14
7290	5	5	5	14	24	27	12	14	5	5	1	6	3	3	1	1	1	9	1	1	1	28	17	26	3	14	5	5	5	5	5	5	4	11	5	5	5	15	5	5	5	5	5	5	21	26	12	21	1	1	12	12	12	12	13	12	22	22	2	27	5	12	2	24	5	5	2	13	2	2
7300	5	5	12	14	1	27	5	14	5	5	31	6	1	3	1	1	1	9	1	1	1	28	17	26	5	14	5	5	5	5	5	5	4	11	5	5	5	15	5	5	5	5	1	5	9	28	1	9	1	1	1	1	1	1	1	1	1	1	21	31	15	5	4	23	13	12	1	24	21	21
7310	5	5	5	14	31	27	2	14	5	5	19	6	1	3	1	1	1	9	1	1	1	28	26	26	5	14	5	5	5	5	5	5	4	11	5	5	5	15	5	5	5	5	5	5	12	31	1	12	1	1	1	1	1	1	1	1	1	1	2	26	2	13	23	31	2	5	25	28	30	30
7320	5	5	5	14	8	27	5	14	5	5	1	6	4	3	1	1	1	9	1	1	12	28	3	26	14	14	5	5	5	5	5	5	3	11	5	5	5	14	5	5	5	5	5	5	5	14	5	5	12	12	1	12	1	1	9	1	9	9	3	9	5	5	22	22	5	5	26	22	26	26
7330	4	5	5	14	3	27	14	14	5	5	1	6	12	3	1	1	12	9	1	1	1	28	28	26	5	14	5	5	5	5	5	5	14	11	5	5	5	14	5	5	5	5	5	5	12	28	1	12	1	1	1	1	1	12	1	1	5	12	2	12	3	14	1	3	1	15	4	1	10	10
7340	5	5	5	14	31	27	5	14	5	5	1	6	1	3	1	1	1	9	1	1	1	28	26	26	3	14	12	5	5	5	5	5	3	11	14	5	5	14	5	5	5	5	1	12	26	26	7	26	1	1	1	7	1	1	1	1	1	1	5	1	5	5	28	31	5	5	4	28	15	15
7350	5	5	5	14	27	27	5	14	5	5	1	6	3	3	1	1	1	9	1	1	1	28	1	26	14	14	5	5	5	5	5	5	3	11	5	5	5	14	5	5	5	5	5	5	12	21	1	12	1	1	1	1	1	1	1	1	7	7	3	7	5	5	8	27	2	5	3	8	3	3
7360	5	5	14	14	27	27	14	14	5	5	2	6	3	3	1	1	4	9	1	1	17	28	3	26	14	14	5	5	5	5	5	5	11	11	5	5	5	25	5	5	5	5	5	5	5	14	5	5	17	17	28	28	28	28	23	28	29	29	21	31	3	14	27	27	3	14	3	27	21	21
7370	5	5	5	14	11	27	5	14	5	5	2	6	14	3	1	1	1	9	2	1	2	28	10	26	3	14	5	5	5	5	5	5	4	11	5	5	5	15	5	5	5	5	5	5	10	19	2	24	2	2	2	2	1	6	1	1	21	21	5	27	1	5	18	18	5	5	5	29	5	5
7380	5	5	14	14	31	27	5	14	5	5	21	6	1	3	1	1	1	9	1	1	20	28	26	26	3	14	5	5	5	5	5	5	4	11	5	5	5	15	5	5	5	5	5	5	3	26	5	14	20	20	1	20	1	1	1	1	1	1	5	21	5	5	14	31	3	14	3	14	14	14
7390	14	5	5	14	3	27	14	14	5	5	1	6	8	3	1	1	1	9	1	1	12	28	10	26	5	14	5	5	5	5	5	5	11	11	5	5	5	25	5	5	5	5	5	5	5	24	5	5	12	12	1	12	1	1	1	1	16	16	30	16	3	14	3	3	3	14	5	3	30	30
7400	5	5	5	14	2	27	14	14	5	5	3	6	1	3	1	1	1	9	1	1	6	28	7	26	3	14	5	5	5	5	5	5	11	11	5	5	5	25	5	5	5	5	5	5	1	7	1	12	1	6	1	1	1	1	1	1	1	1	7	7	3	14	3	8	15	5	1	25	7	7
7410	12	5	5	14	12	27	5	14	5	5	1	6	21	3	1	1	1	9	1	1	1	28	3	26	14	14	5	5	5	5	5	5	11	11	5	5	5	25	5	5	5	5	5	5	5	14	5	5	1	1	1	12	1	1	1	1	21	21	26	21	5	5	2	12	7	12	5	16	31	31
7420	1	5	1	14	27	27	15	14	5	5	12	6	1	3	1	1	1	9	1	1	1	28	3	26	14	14	5	5	5	5	5	5	4	11	5	5	5	15	5	5	5	5	5	5	5	14	1	5	1	1	1	1	1	1	12	1	5	12	21	12	4	15	3	31	3	1	1	3	21	21
7430	5	5	5	14	31	27	14	14	5	5	2	6	3	3	1	1	4	9	1	1	20	28	3	26	3	14	5	5	5	5	5	5	3	11	5	5	14	14	5	5	14	14	3	14	3	3	3	3	20	20	27	27	31	31	31	31	31	31	12	31	5	14	29	31	5	5	4	29	23	23
7440	31	5	5	14	7	27	5	14	5	5	1	6	1	3	1	1	1	9	1	1	1	28	31	26	3	14	5	5	5	5	5	5	3	11	5	5	5	14	5	5	5	5	5	5	25	31	5	25	1	1	1	12	1	1	1	1	1	1	1	1	2	5	24	16	5	31	15	24	23	23
7450	12	5	5	14	4	27	5	14	5	5	16	6	3	3	1	1	1	9	1	1	13	28	2	26	13	14	5	5	5	5	5	5	15	11	5	5	5	15	5	5	5	5	5	5	5	13	5	5	12	20	1	12	1	1	1	1	1	7	6	16	11	5	3	11	6	12	4	16	17	17
7460	5	5	14	14	31	27	5	14	5	5	1	6	14	3	1	1	7	9	1	1	1	28	18	26	5	14	5	5	5	5	5	5	4	11	5	5	5	15	5	5	5	5	5	5	12	29	12	12	1	1	1	12	1	7	1	1	14	21	25	21	5	5	19	31	3	14	4	19	25	25
7470	5	5	5	14	16	27	5	14	5	5	3	6	3	3	3	1	1	9	1	1	1	28	16	26	5	14	5	5	5	5	5	5	3	11	5	5	5	14	5	5	5	5	5	5	27	27	27	27	1	1	27	27	27	27	27	27	27	27	5	27	5	5	6	27	5	5	7	20	21	21
7480	5	5	5	14	24	27	5	14	5	5	2	6	7	3	1	1	1	9	1	1	1	28	18	26	5	14	5	5	5	5	5	5	3	11	5	5	5	14	5	5	5	5	5	5	29	29	1	29	1	1	1	1	1	1	1	1	7	7	1	16	5	5	6	24	5	5	1	20	1	1
7490	5	5	5	14	22	27	3	14	5	5	2	6	3	3	1	1	9	9	1	1	5	28	14	26	5	14	5	5	5	5	5	5	3	11	5	5	5	14	5	5	5	5	5	5	5	14	5	5	5	12	5	5	23	23	23	23	29	29	1	31	5	14	13	22	5	5	1	13	1	1
7500	23	5	1	14	10	27	14	14	5	5	3	6	1	3	1	1	15	9	27	1	3	28	7	26	3	14	13	5	5	5	5	5	4	11	5	5	5	15	5	5	5	5	5	13	7	7	5	21	20	27	5	20	15	15	1	23	1	1	7	7	1	14	4	17	31	23	5	31	21	21
7510	5	5	25	14	5	27	5	14	5	5	2	6	3	3	1	1	1	9	1	1	30	28	19	26	5	14	5	5	5	5	5	5	11	11	5	5	5	25	5	5	5	5	5	5	5	30	5	5	31	31	31	31	31	31	31	31	27	31	1	27	5	5	5	5	30	25	14	30	21	21
7520	5	5	5	14	5	27	5	14	5	5	22	6	1	3	1	1	1	9	5	1	5	28	1	26	1	14	5	5	5	5	5	5	3	11	5	5	5	14	5	5	5	5	5	5	1	1	12	12	5	5	1	12	1	1	1	1	1	1	14	27	5	5	5	5	4	5	2	15	22	22
7530	13	5	5	14	5	27	5	14	5	5	3	6	3	3	4	1	4	9	4	1	4	28	6	26	5	14	5	5	5	5	5	5	11	11	5	5	5	25	5	5	5	5	5	5	1	20	5	12	4	4	4	15	4	4	4	4	3	11	5	3	12	5	12	12	1	13	5	12	5	5
7540	1	5	31	14	27	27	22	14	5	5	5	6	6	3	7	1	1	9	12	1	5	28	20	26	5	14	5	5	5	5	5	5	3	11	5	5	5	14	5	5	5	5	5	5	5	20	5	5	12	12	1	12	1	1	3	7	26	16	3	31	5	22	3	27	27	31	14	27	14	14
7550	2	5	2	14	5	27	11	14	5	5	27	6	2	3	1	1	22	9	2	1	2	28	3	26	3	14	5	5	5	5	5	5	25	11	5	5	5	25	5	5	5	5	5	5	5	3	5	5	2	2	5	13	22	22	2	27	2	2	1	27	1	25	1	12	1	2	1	1	1	1
7560	5	5	30	14	6	27	5	14	5	5	29	6	1	3	1	1	1	9	1	1	9	28	26	26	5	14	5	5	5	5	5	5	5	11	5	5	5	5	5	5	5	5	5	5	12	31	1	12	9	9	1	9	1	1	1	1	1	1	27	29	5	5	1	20	21	30	5	21	27	27
7570	5	5	5	14	2	27	13	14	5	5	30	6	2	3	2	1	4	9	4	1	4	28	10	26	3	14	5	5	5	5	5	5	5	11	5	5	5	5	5	5	5	5	5	5	4	19	4	15	4	4	4	4	4	4	2	10	2	2	4	30	5	13	1	13	22	5	18	27	18	18
7580	5	5	3	14	3	27	3	14	3	5	9	6	1	3	1	1	4	9	2	1	2	28	3	26	3	14	5	5	4	5	4	5	1	11	5	5	5	12	5	4	5	5	5	5	5	3	5	5	5	2	26	5	7	26	1	7	4	1	2	9	3	3	4	3	4	14	19	4	19	19
7590	5	5	26	14	26	27	5	14	5	5	29	6	1	3	1	1	10	9	1	1	1	28	3	26	5	14	5	5	5	5	5	5	3	11	5	5	5	14	5	5	5	5	5	5	5	14	5	5	1	1	1	12	6	17	1	6	1	1	2	29	5	5	26	31	5	31	2	31	2	2
7600	5	5	5	14	31	27	14	14	5	5	2	6	3	3	1	1	4	9	1	1	1	28	26	26	5	14	5	5	5	5	5	5	11	11	5	5	25	25	5	5	5	25	5	5	27	31	27	27	1	1	27	27	31	31	31	31	31	31	3	31	5	14	26	31	5	5	19	31	19	19
7610	5	5	4	14	14	27	5	14	5	5	2	6	11	3	1	1	1	9	1	1	1	28	13	26	5	14	5	5	5	5	5	5	4	11	5	5	5	15	5	5	12	5	6	12	2	13	1	6	1	1	1	1	1	1	4	1	11	11	2	19	3	5	28	14	3	15	16	31	16	16
7620	5	5	5	14	16	27	5	14	5	5	1	6	1	3	1	1	1	9	1	1	9	28	29	26	5	14	5	5	5	5	5	5	11	11	5	5	5	25	5	5	5	5	5	5	12	29	1	12	1	9	1	1	1	1	1	1	1	1	18	1	5	5	6	27	1	5	4	6	18	18
7630	5	5	4	14	5	27	5	14	5	5	1	6	1	3	1	1	1	9	1	1	1	28	18	26	3	14	5	5	5	5	5	5	3	11	5	5	5	14	5	5	5	5	5	5	7	18	14	21	1	1	1	21	1	1	1	1	9	1	1	9	5	5	4	5	9	15	1	9	1	1
7640	3	5	3	14	26	27	5	14	5	5	5	6	7	3	5	1	5	9	1	1	28	28	2	26	25	14	5	5	5	5	5	5	14	11	5	5	5	14	5	5	5	5	5	5	5	30	5	5	28	28	13	28	5	13	5	5	21	21	2	21	5	5	9	31	3	3	10	18	10	10
7650	5	5	5	14	27	27	5	14	5	5	1	6	3	3	1	1	1	9	1	1	15	28	6	26	5	14	5	5	5	5	5	5	4	11	5	5	5	15	5	5	5	5	5	5	12	20	5	12	23	23	12	23	1	12	1	1	1	7	3	1	5	5	16	27	5	5	3	27	3	3
7660	5	5	5	14	27	27	14	14	5	5	2	6	3	3	1	1	4	9	1	1	1	28	19	26	3	14	5	5	5	5	5	5	4	11	15	5	5	15	5	5	5	5	5	5	4	19	15	15	1	1	23	23	23	23	23	23	29	29	13	31	3	14	26	27	5	5	5	31	13	13
7670	5	5	25	14	5	27	5	14	5	5	31	6	3	3	1	1	1	9	1	1	1	28	26	26	5	14	5	5	5	5	5	5	3	11	5	5	5	14	5	5	5	5	5	5	23	31	1	23	1	1	1	1	1	1	1	1	1	7	13	31	5	5	5	5	30	25	2	30	13	13
7680	5	5	5	14	1	27	14	14	5	5	5	6	5	3	5	1	5	9	2	1	5	28	2	26	5	14	5	5	5	5	5	5	5	11	5	5	5	5	5	5	5	5	5	5	5	13	5	5	13	13	5	13	5	5	5	5	5	5	2	5	3	14	14	7	5	5	2	14	2	2
7690	5	5	5	14	21	27	5	14	5	5	1	6	3	3	1	1	1	9	1	1	23	28	1	26	5	14	5	5	5	5	5	5	4	11	5	5	5	15	5	5	5	5	5	5	5	12	5	5	12	23	12	12	12	12	21	12	21	21	2	21	5	5	5	21	5	5	13	5	13	13
7700	5	5	5	14	24	27	15	14	5	5	16	6	3	3	1	1	4	9	1	1	1	28	16	26	3	14	5	5	5	5	5	5	3	11	5	5	5	14	5	5	5	5	5	5	16	16	16	27	1	1	7	16	29	18	9	29	1	18	3	16	4	15	19	24	1	5	3	26	3	3
7710	5	5	5	14	20	27	5	14	5	5	1	6	3	3	1	1	1	9	1	1	1	28	17	26	5	14	5	5	5	5	5	5	4	11	5	5	15	15	5	5	5	15	5	5	28	28	28	28	3	1	31	31	31	31	27	31	27	27	1	27	5	5	31	20	5	5	5	31	12	12
7720	5	5	11	14	5	27	6	14	5	5	4	6	2	3	4	1	5	9	4	1	4	28	20	26	5	14	5	5	5	5	5	5	5	11	5	5	5	5	5	5	5	5	5	5	12	20	12	12	4	4	5	23	5	5	25	15	22	30	1	30	5	20	1	5	1	25	2	1	6	6
7730	5	5	5	14	5	27	5	14	5	5	2	6	16	3	1	1	1	9	1	1	1	28	7	26	5	14	5	5	5	5	5	5	11	11	5	5	5	25	5	5	5	5	5	5	5	21	5	5	1	1	1	12	1	1	1	1	2	16	26	2	5	5	5	5	5	5	1	5	26	26
7740	5	5	5	14	27	27	14	14	5	5	10	6	1	3	9	1	1	9	1	1	23	28	3	26	14	14	5	5	5	5	5	5	4	11	5	5	5	15	5	5	5	5	5	5	5	14	5	5	12	23	12	12	1	12	1	9	1	1	31	17	4	14	26	31	5	5	3	31	31	31
7750	5	5	5	14	14	27	5	14	5	5	16	6	1	3	1	1	1	9	1	1	23	28	16	26	3	14	5	5	5	5	5	5	3	11	5	5	5	14	5	5	5	5	5	5	1	16	5	12	12	23	1	12	1	1	1	1	1	1	17	16	5	5	5	14	5	5	5	5	28	28
7760	16	5	5	14	2	27	5	14	5	5	4	6	3	3	1	1	1	9	5	1	12	28	19	26	5	14	5	5	5	5	5	5	3	11	14	5	5	14	5	5	5	5	5	5	5	30	5	5	12	12	1	12	1	1	6	1	27	16	18	31	3	5	4	8	17	27	2	17	26	26
7770	14	5	5	14	5	27	5	14	5	5	3	6	5	3	1	1	1	9	1	1	12	28	3	26	14	14	5	5	5	5	5	5	11	11	5	5	5	25	5	5	5	5	5	5	5	14	5	5	12	12	1	12	1	1	1	1	12	12	9	21	5	5	5	5	5	14	5	5	23	23
7780	5	5	14	14	5	27	5	14	5	5	1	6	1	3	1	1	1	9	1	1	9	28	29	26	5	14	5	5	5	5	5	5	11	11	5	5	15	25	5	5	5	15	5	5	15	29	4	15	9	9	1	9	1	1	1	1	1	1	3	1	5	5	5	5	19	14	19	30	19	19
7790	5	5	3	14	20	27	5	14	5	5	4	6	3	3	1	1	1	9	1	1	1	28	31	26	3	14	5	5	5	5	5	5	3	11	5	5	5	14	5	5	5	5	5	5	12	31	12	12	1	1	1	12	1	1	9	1	18	18	5	18	5	5	27	20	4	14	22	31	22	22
7800	5	5	14	14	21	27	5	14	5	5	2	6	4	3	1	1	1	9	1	1	12	28	26	26	3	14	5	5	5	5	5	5	5	11	5	5	5	5	5	5	5	5	5	5	26	26	31	31	1	12	31	31	31	31	31	31	31	31	21	31	5	5	5	21	22	14	5	22	21	21
7810	5	5	5	14	21	27	5	14	5	5	1	6	3	3	1	1	1	9	1	1	12	28	17	26	5	14	5	5	5	5	5	5	4	11	5	5	15	15	5	5	5	15	5	5	13	28	5	13	12	12	1	12	1	1	1	1	7	7	5	7	5	5	3	21	14	5	5	14	5	5
7820	5	5	11	14	3	27	14	14	5	5	31	6	2	3	5	1	5	9	5	1	5	28	11	26	3	14	5	5	5	5	5	5	11	11	5	5	5	25	5	5	5	5	5	5	3	11	5	14	5	5	5	5	5	5	2	5	2	2	13	31	3	14	5	3	24	25	2	24	13	13
7830	5	5	5	14	27	27	14	14	5	5	6	6	3	3	1	1	1	9	1	1	1	28	26	26	5	14	5	5	5	5	5	5	3	11	5	5	14	14	5	5	5	14	5	5	31	31	31	31	1	1	19	31	26	26	8	26	3	8	27	16	3	14	16	27	5	5	1	27	27	27
7840	5	5	5	14	2	27	8	14	5	5	27	6	1	3	1	1	4	9	1	1	1	28	26	26	5	14	5	5	5	5	5	5	3	11	5	5	5	14	5	5	5	5	5	5	12	31	12	12	1	1	1	12	1	9	1	1	1	1	4	27	25	22	5	30	5	5	8	5	19	19
7850	5	5	3	14	25	27	5	14	5	5	19	6	1	3	1	1	1	9	1	1	1	28	15	26	5	14	5	5	5	5	5	5	11	11	5	5	5	25	5	5	5	5	5	5	5	15	5	5	1	1	1	12	1	1	1	1	1	1	5	26	5	5	26	25	5	14	2	31	13	13
7860	5	5	5	14	14	27	14	14	5	5	2	6	11	3	1	1	1	9	1	1	1	28	26	26	5	14	5	5	5	5	5	5	4	11	5	5	5	15	5	5	5	5	5	5	12	31	1	12	1	1	1	1	1	1	1	1	18	18	15	26	3	14	3	14	5	5	5	14	15	15
7870	5	5	5	14	13	27	14	14	5	5	2	6	3	3	1	1	1	9	1	1	1	28	6	26	5	14	5	5	5	5	5	5	25	11	5	5	5	25	5	5	5	5	5	5	5	20	5	5	1	1	12	12	12	12	12	12	21	21	13	27	5	14	5	13	5	5	5	5	13	13
7880	5	5	11	14	5	27	5	14	5	5	1	6	3	3	1	1	1	9	1	1	1	28	2	26	3	14	5	5	5	5	5	5	3	11	5	5	5	14	5	5	5	5	5	5	13	8	2	13	1	1	1	6	1	1	1	1	1	7	1	1	5	5	5	5	19	25	23	30	23	23
7890	5	5	5	14	27	27	5	14	5	5	2	6	3	3	1	1	4	9	1	1	1	28	18	26	5	14	5	5	5	5	5	5	5	11	5	5	5	5	5	5	5	5	5	5	23	29	23	23	1	1	23	23	23	23	23	23	29	29	1	31	5	5	8	27	5	5	1	22	1	1
7900	13	5	5	14	5	27	5	14	5	5	1	6	1	3	1	1	1	9	1	1	1	28	7	26	3	14	5	5	5	5	5	5	11	11	5	5	5	25	5	5	5	5	5	5	1	7	1	12	1	1	1	1	1	1	1	1	1	1	1	1	5	5	15	5	5	13	5	15	12	12
7910	5	5	14	14	5	27	27	14	5	5	2	6	1	3	1	1	1	9	1	1	1	28	9	26	5	14	5	5	5	5	5	5	4	11	5	5	15	15	5	5	5	15	5	5	12	23	1	12	1	1	1	1	1	1	1	1	12	1	3	20	23	27	22	23	1	14	3	27	3	3
7920	4	5	14	14	3	27	5	14	5	5	1	6	19	3	1	1	1	9	1	1	1	28	7	26	3	14	5	5	5	5	12	5	4	11	5	5	5	15	12	12	12	12	1	12	1	7	1	1	1	1	1	1	1	1	1	1	26	26	8	26	5	5	5	14	24	25	1	24	16	16
7930	5	5	5	14	27	27	14	14	5	5	1	6	3	3	1	1	1	9	1	1	28	28	7	26	5	14	5	5	5	5	5	5	4	11	5	5	5	15	5	5	5	5	5	5	14	21	3	14	28	28	31	31	31	31	31	31	31	31	5	31	3	14	6	27	5	5	10	20	24	24
7940	5	5	15	14	5	27	12	14	5	5	13	6	1	3	1	1	1	9	1	1	1	28	27	26	5	14	5	5	5	5	5	5	4	11	5	5	5	15	5	5	5	5	5	5	12	27	12	12	1	1	12	12	1	12	1	1	1	1	1	20	14	12	5	14	2	15	26	13	26	26
7950	5	5	5	14	3	27	31	14	5	5	1	6	7	3	1	1	1	9	1	1	1	28	19	26	5	14	5	5	5	5	5	5	3	11	5	5	5	14	5	5	5	5	5	5	15	30	5	15	1	1	1	12	1	1	1	1	7	7	27	7	19	31	31	19	2	5	1	31	27	27
7960	5	5	5	14	21	27	5	14	5	5	5	6	3	3	7	1	7	9	1	1	5	28	6	26	5	14	5	5	5	5	5	5	3	11	5	5	5	14	5	5	5	5	1	5	1	20	1	1	1	12	1	1	1	7	3	7	3	3	2	14	5	5	3	21	24	5	4	30	10	10
7970	5	5	14	14	6	27	5	14	5	5	2	6	2	3	1	1	4	9	1	1	20	28	2	26	14	14	5	5	5	5	5	5	4	11	5	5	5	15	5	5	5	5	5	5	5	22	5	5	20	20	20	20	17	28	2	17	2	2	1	2	1	5	5	6	5	14	6	5	6	6
7980	5	5	14	14	5	27	21	14	5	5	1	6	3	3	1	1	1	9	1	1	1	28	17	26	5	14	5	5	5	5	5	5	11	11	5	5	5	25	5	5	5	5	5	5	12	28	1	12	1	1	1	1	1	1	1	1	7	7	4	7	23	21	5	23	31	14	4	31	4	4
7990	15	5	3	14	5	27	12	14	5	5	1	6	3	3	1	1	1	9	1	1	1	28	26	26	3	14	14	5	5	5	5	5	4	11	5	5	5	15	5	5	5	5	3	14	7	26	1	7	1	1	1	1	1	1	1	1	7	7	5	7	7	12	5	21	26	25	31	31	31	31
8000	5	5	5	14	13	27	5	14	5	5	6	6	1	3	1	1	1	9	1	1	1	28	18	26	3	14	5	5	5	5	5	5	15	11	5	5	5	15	5	5	5	5	5	5	1	18	1	12	1	1	1	1	1	1	1	1	1	1	23	6	5	5	1	13	5	5	4	12	23	23
8010	5	5	14	14	21	27	5	14	5	5	1	6	3	3	1	1	1	9	16	1	5	28	19	26	5	14	5	5	5	5	5	5	11	11	5	5	14	25	5	5	5	14	5	5	5	30	5	5	27	27	22	27	20	27	12	20	21	21	3	21	5	5	29	21	3	14	3	29	3	3
8020	15	5	5	14	16	27	5	14	5	5	2	6	6	3	1	1	1	9	1	1	1	28	3	26	3	14	5	5	5	5	5	5	3	11	5	5	5	14	5	5	5	5	5	5	21	3	12	21	1	1	1	12	1	1	1	1	6	6	20	6	1	5	13	16	4	15	1	24	20	20
8030	5	5	5	14	26	27	14	14	5	5	2	6	3	3	1	1	4	9	1	1	1	28	26	26	5	14	5	5	5	5	5	5	3	11	5	5	5	14	5	5	5	5	5	5	26	31	31	31	1	1	29	31	29	29	23	29	29	29	1	31	5	14	25	31	5	5	12	25	12	12
8040	5	5	5	14	21	27	5	14	5	5	2	6	2	3	1	1	4	9	1	1	9	28	17	26	3	14	5	5	5	5	5	5	11	11	5	5	5	25	5	5	5	5	5	5	26	26	29	31	1	9	29	29	29	29	18	29	16	26	1	16	5	5	8	21	5	5	2	22	6	6
8050	3	5	22	14	29	27	5	14	5	5	28	6	3	3	3	1	1	9	20	1	5	28	20	26	1	14	5	5	5	5	5	5	4	11	5	5	5	15	5	5	5	5	5	5	5	20	5	5	12	20	7	12	3	7	3	3	3	3	17	31	5	5	3	29	23	22	1	29	17	17
8060	5	5	28	14	2	27	23	14	5	5	2	6	11	3	1	1	1	9	1	1	1	28	2	26	21	14	5	5	5	5	5	5	3	11	5	5	5	14	5	5	5	5	5	5	12	27	12	12	1	1	1	12	1	1	1	1	18	18	11	26	17	23	4	17	31	28	2	31	19	19
8070	5	5	24	14	3	27	14	14	5	5	2	6	6	3	1	1	1	9	1	1	1	28	18	26	5	14	5	5	5	5	5	5	11	11	5	5	5	25	5	5	5	5	5	5	23	29	9	23	1	1	1	9	1	1	1	1	6	6	4	6	3	14	5	3	24	24	8	24	19	19
8080	5	5	5	14	5	27	5	14	5	5	6	6	3	3	1	1	1	9	1	1	23	28	3	26	14	14	5	5	5	5	5	5	11	11	5	5	15	25	5	5	15	15	5	15	5	14	5	5	23	23	1	23	1	1	1	1	3	7	3	16	5	5	5	5	5	5	3	5	3	3
8090	5	5	5	14	5	27	14	14	5	5	2	6	3	3	1	1	1	9	1	1	1	28	18	26	3	14	5	5	5	5	5	5	4	11	5	5	5	15	5	5	5	5	5	5	18	18	29	29	1	1	29	29	29	29	29	29	29	29	14	31	5	14	5	5	5	5	5	5	14	14
8100	5	5	5	14	13	27	5	14	5	5	2	6	21	3	1	1	1	9	1	1	1	28	1	26	5	14	5	5	5	5	5	5	11	11	5	5	5	25	5	5	5	5	5	5	12	12	1	12	1	1	1	1	1	1	1	1	29	21	11	31	5	5	12	13	5	5	5	12	25	25
8110	5	5	12	14	17	27	5	14	5	5	1	6	4	3	4	1	4	9	1	1	9	28	1	26	3	14	5	5	5	5	5	5	19	11	5	5	5	30	5	5	5	5	5	5	12	7	23	12	1	9	23	23	23	23	23	23	23	23	14	23	5	5	2	28	15	12	3	24	14	14
8120	5	5	5	14	3	27	14	14	5	5	1	6	1	3	1	1	1	9	1	1	20	28	9	26	5	14	5	5	5	5	5	5	11	11	5	5	5	25	5	5	5	5	5	5	5	23	5	5	12	20	1	12	1	1	1	1	1	1	3	1	3	14	3	3	23	5	13	29	22	22
8130	5	5	12	14	5	27	5	14	5	5	2	6	3	3	1	1	1	9	1	1	1	28	16	26	5	14	5	5	5	5	5	5	11	11	5	5	12	25	5	5	5	12	5	5	12	27	1	12	1	1	1	1	1	1	1	1	7	7	1	16	5	5	14	5	5	12	1	14	1	1
8140	3	5	3	14	20	27	5	14	5	5	5	6	1	3	1	1	18	9	1	1	1	28	9	26	3	14	5	5	5	5	5	5	3	11	5	5	5	14	5	5	5	5	5	5	1	18	1	12	1	1	1	1	1	18	1	1	1	1	2	12	5	5	25	20	2	3	2	30	2	2
8150	5	5	5	14	26	27	5	14	5	5	27	6	1	3	1	1	1	9	3	1	9	28	3	26	3	14	3	5	5	5	5	5	11	11	5	5	14	25	5	5	3	14	3	3	3	3	3	3	7	18	1	7	1	1	1	1	1	1	2	27	5	5	27	31	4	5	22	31	22	22
8160	5	5	5	14	6	27	5	14	5	5	11	6	15	3	5	1	5	9	5	1	5	28	3	26	27	14	5	5	5	5	5	5	5	11	5	5	5	5	5	5	5	5	5	5	5	27	5	5	5	5	5	5	5	5	5	5	4	15	25	11	3	5	3	16	3	5	1	3	29	29
8170	5	5	21	14	12	27	5	14	5	5	1	6	1	3	1	1	1	9	1	1	1	28	29	26	5	14	5	5	5	5	5	5	9	11	5	5	5	23	5	5	5	5	5	5	5	29	5	5	1	1	1	12	1	1	1	1	1	1	1	1	5	5	14	12	2	21	1	22	1	1
8180	5	5	14	14	31	27	5	14	5	5	1	6	3	3	1	1	4	9	1	1	28	28	2	26	5	14	5	5	5	5	5	5	11	11	5	5	5	25	5	5	5	5	5	5	5	13	5	5	28	28	28	28	28	28	28	28	31	31	17	31	5	5	31	31	3	14	5	31	28	28
8190	5	5	5	14	20	27	5	14	5	5	2	6	3	3	5	1	1	9	1	1	1	28	18	26	5	14	5	5	5	5	5	5	14	11	5	5	5	14	5	5	5	5	5	5	29	29	25	29	1	1	29	29	29	29	29	29	29	29	23	31	5	5	2	20	5	5	5	13	23	23
8200	5	5	5	14	21	27	5	14	5	5	10	6	7	3	1	1	1	9	1	1	1	28	3	26	14	14	5	5	5	5	5	5	4	11	5	5	5	15	5	5	5	5	5	5	5	14	5	5	1	1	1	12	1	1	1	1	3	7	1	19	5	5	26	21	5	5	19	31	26	26
8210	5	5	3	14	16	27	5	14	5	5	2	6	3	3	1	1	4	9	1	1	1	28	18	26	3	14	5	5	5	5	5	5	4	11	5	5	5	15	5	5	5	5	5	5	18	18	29	29	1	1	21	29	29	29	29	29	29	29	1	31	5	5	5	27	5	14	1	5	1	1
8220	5	5	5	14	2	27	14	14	5	5	1	6	1	3	1	1	1	9	1	1	1	28	12	26	5	14	5	5	5	5	5	5	3	11	5	5	5	14	5	5	5	5	5	5	12	12	1	12	1	1	1	1	1	1	1	1	1	1	5	1	3	14	8	8	1	5	7	16	21	21
8230	5	5	14	14	31	27	5	14	5	5	1	6	1	3	1	1	1	9	1	1	12	28	26	26	5	14	5	5	5	5	5	5	11	11	5	5	5	25	5	5	5	5	5	5	27	31	27	27	1	12	16	27	6	16	1	6	1	1	16	1	5	5	27	31	4	14	2	31	16	16
8240	5	5	14	14	28	27	5	14	5	5	2	6	3	3	1	1	1	9	1	1	1	28	18	26	5	14	5	5	5	5	5	5	4	11	5	5	5	15	5	5	5	5	5	5	5	29	5	5	1	1	1	12	1	1	1	1	7	7	23	16	5	5	23	28	3	14	3	29	29	29
8250	5	5	5	14	27	27	5	14	5	5	2	6	1	3	1	1	18	9	1	1	12	28	27	26	5	14	5	5	5	5	5	5	11	11	5	5	5	25	5	5	5	5	5	5	5	27	5	5	5	12	5	5	29	29	18	29	18	18	4	26	5	5	30	27	5	5	12	30	23	23
8260	5	5	5	14	28	27	5	14	5	5	3	6	3	3	1	1	4	9	2	1	2	28	17	26	5	14	5	5	5	5	5	5	3	11	5	5	5	14	5	5	5	5	5	5	20	28	2	20	2	2	2	2	19	10	19	26	26	19	2	26	5	5	31	28	1	5	10	31	10	10
8270	5	5	5	14	5	27	5	14	5	5	24	6	1	3	1	1	1	9	1	1	1	28	8	26	5	14	5	5	5	5	5	5	15	11	5	5	5	15	5	5	5	5	5	5	5	22	5	5	1	1	1	12	1	1	1	1	1	1	14	28	5	5	5	5	5	5	1	5	21	21
8280	5	5	20	14	5	27	5	14	5	5	2	6	3	3	1	1	1	9	12	1	1	28	30	26	5	14	5	5	5	5	5	5	4	11	5	5	5	15	5	5	5	5	5	5	5	30	5	5	12	12	1	12	1	1	1	1	18	7	13	26	5	5	1	5	1	20	2	1	13	13
8290	5	5	5	14	16	27	5	14	5	5	2	6	11	3	1	1	1	9	1	1	1	28	21	26	3	14	5	5	5	5	5	5	11	11	5	5	5	25	5	5	5	5	5	5	12	21	1	12	1	1	1	1	1	1	1	1	29	18	5	31	5	5	29	27	5	5	14	29	14	14
8300	5	5	14	14	30	27	14	14	5	5	1	6	1	3	1	1	1	9	1	1	24	28	17	26	3	14	5	5	5	5	5	5	3	11	5	5	5	14	5	5	5	5	5	5	19	26	2	30	6	28	1	6	1	1	1	1	1	1	5	1	5	14	30	30	5	14	29	30	29	29
8310	5	5	5	14	1	27	5	14	5	5	1	6	3	3	1	1	7	9	5	1	5	28	1	26	5	14	5	5	5	5	14	5	25	11	5	5	5	25	5	14	5	5	5	5	5	12	5	5	5	5	5	5	21	21	21	21	7	21	5	7	5	5	4	12	15	5	3	15	14	14
8320	5	5	14	14	9	27	5	14	5	5	4	6	9	3	1	1	1	9	1	1	1	28	26	26	5	14	5	5	5	5	5	5	15	11	5	5	5	15	5	5	5	5	1	5	1	31	1	1	1	1	1	1	1	1	1	1	4	9	31	4	5	5	21	23	5	14	4	21	31	31
8330	5	5	5	14	1	27	5	14	5	5	1	6	1	3	1	1	1	9	1	1	1	28	5	26	5	14	5	5	5	5	5	5	11	11	5	5	5	25	5	5	5	5	5	5	5	5	5	5	1	1	1	12	1	1	1	1	1	1	3	1	1	5	5	1	5	5	3	5	3	3
8340	5	5	5	14	20	27	5	14	5	5	1	6	1	3	1	1	1	9	1	1	1	28	16	26	3	14	5	5	5	5	5	5	11	11	5	5	5	25	5	5	5	5	5	5	1	16	1	12	1	1	1	1	1	1	1	1	1	1	5	1	5	5	31	20	5	5	18	31	29	29
8350	5	5	5	14	17	27	5	14	5	5	1	6	5	3	1	1	1	9	1	1	12	28	18	26	5	14	5	5	5	5	5	5	4	11	5	5	5	15	5	5	5	5	5	5	5	29	5	5	12	12	1	12	1	1	1	1	12	12	4	12	5	5	31	28	5	5	28	31	28	28
8360	5	5	5	14	23	27	13	14	5	5	1	6	3	3	1	1	1	9	1	1	1	28	3	26	14	14	5	5	5	5	5	5	4	11	5	5	5	15	5	5	5	5	5	5	12	14	1	12	1	1	1	1	7	1	3	7	3	3	2	7	5	13	5	23	7	5	6	21	6	6
8370	5	5	5	14	26	27	5	14	5	5	1	6	3	3	1	1	1	9	1	1	1	28	6	26	3	14	5	5	5	5	5	5	3	11	5	5	5	14	5	5	5	5	5	5	6	16	1	20	1	1	1	1	1	1	1	1	7	7	1	7	5	5	31	31	5	5	5	31	12	12
8380	5	5	5	14	2	27	5	14	5	5	7	6	1	3	1	1	1	9	1	1	12	28	18	26	3	14	5	5	5	5	5	5	4	11	5	5	5	15	5	5	5	5	5	5	7	18	12	21	5	12	1	12	1	1	1	1	1	1	27	7	1	5	19	6	5	5	3	30	27	27
8390	4	5	4	14	5	27	30	14	2	5	2	6	5	3	5	1	27	9	1	1	1	28	26	26	5	14	5	5	5	5	5	5	4	11	5	5	2	15	5	5	13	13	5	13	5	31	5	5	7	1	1	21	27	27	7	27	21	21	18	27	5	30	18	5	2	4	3	26	18	18
8400	5	5	8	14	2	27	20	14	5	5	28	6	3	3	7	1	1	9	1	1	1	28	17	26	5	14	5	5	5	5	5	5	14	11	5	5	5	14	5	5	5	5	5	5	5	28	5	5	1	1	1	12	1	1	3	7	3	3	13	31	20	20	20	20	5	22	3	20	22	22
8410	5	5	16	14	29	27	5	14	5	5	6	6	4	3	4	1	4	9	4	1	4	28	1	26	5	14	5	5	5	5	5	5	11	11	5	5	5	25	5	5	5	5	15	5	5	12	4	15	4	4	4	4	4	4	4	4	4	4	5	17	5	5	5	29	1	27	17	12	28	28
8420	5	5	25	14	6	27	5	14	5	5	4	6	5	3	1	1	1	9	1	1	28	28	17	26	5	14	5	5	5	5	5	5	11	11	5	5	5	25	5	5	5	5	5	5	13	28	2	13	28	28	24	28	28	28	17	28	28	28	2	28	5	5	12	20	3	25	22	21	22	22
8430	5	5	14	14	29	27	14	14	5	5	1	6	3	3	1	1	1	9	1	1	12	28	4	26	14	14	5	5	5	5	5	5	4	11	5	5	5	15	5	5	5	5	5	5	15	25	15	15	1	12	1	23	1	1	1	1	7	7	9	7	5	14	7	29	4	14	4	18	9	9
8440	5	5	14	14	31	27	5	14	5	5	2	6	3	3	1	1	1	9	1	1	28	28	19	26	5	14	5	5	5	5	5	5	11	11	5	5	5	25	5	5	5	5	5	5	5	30	5	5	5	28	5	5	12	12	12	12	21	21	19	27	5	5	8	31	5	14	2	22	19	19
8450	5	5	5	14	12	27	14	14	5	5	2	6	3	3	1	1	1	9	1	1	9	28	27	26	5	14	5	5	5	5	5	5	3	11	5	5	5	14	5	5	5	5	5	5	21	27	1	21	1	9	1	1	1	1	1	1	7	7	20	16	5	14	5	12	12	5	5	12	20	20
8460	5	5	5	14	13	27	5	14	5	5	5	6	1	3	1	1	1	9	1	1	1	28	1	26	5	14	5	5	5	5	5	5	4	11	5	5	5	15	5	5	5	5	5	5	1	12	1	12	1	1	1	1	1	1	1	1	1	1	4	12	5	5	26	13	1	5	12	26	23	23
8470	5	5	15	14	21	27	5	14	5	5	6	6	3	3	1	1	1	9	1	1	1	28	26	26	5	14	5	5	5	5	5	5	4	11	5	5	5	15	5	5	5	5	5	5	12	31	1	12	1	1	1	1	1	1	1	1	3	7	4	16	5	5	27	21	5	15	17	27	17	17
8480	5	5	14	14	3	27	15	14	5	5	2	6	1	3	1	1	1	9	1	1	12	28	15	26	5	14	5	5	5	5	5	5	11	11	5	5	5	25	5	5	5	5	5	5	5	15	5	5	12	12	1	12	1	1	1	1	12	1	1	20	4	15	3	11	3	14	3	3	7	7
8490	5	5	5	14	26	27	5	14	5	5	1	6	3	3	1	1	1	9	1	1	1	28	16	26	5	14	5	5	5	5	5	5	4	11	5	5	5	15	5	5	5	5	5	5	22	27	13	22	1	1	1	20	1	1	1	1	1	7	1	1	5	5	2	31	14	5	19	22	26	26
8500	5	5	5	14	26	27	5	14	5	5	4	6	3	3	1	1	1	9	1	1	5	28	3	26	14	14	5	5	5	5	5	5	3	11	5	5	5	14	5	5	5	5	5	5	5	14	5	5	12	12	1	12	1	1	1	1	7	7	3	18	5	5	31	31	5	5	3	31	3	3
8510	5	5	3	14	13	27	5	14	5	5	2	6	3	3	1	1	5	9	1	1	9	28	26	26	5	14	5	5	5	5	5	5	3	11	5	5	5	14	5	5	5	5	5	5	25	31	25	25	4	9	14	25	7	14	3	7	3	3	3	8	5	5	23	13	3	14	23	29	29	29
8520	5	5	25	14	12	27	5	14	5	5	1	6	3	3	4	1	4	9	1	1	1	28	26	26	3	14	5	5	5	5	5	5	4	11	5	5	5	15	5	5	5	5	5	5	26	26	31	31	1	1	27	31	31	31	23	31	29	29	11	29	5	5	5	12	5	25	5	5	25	25
8530	5	5	21	14	22	27	5	14	5	5	2	6	2	3	1	1	4	9	1	1	1	28	4	26	14	14	5	5	5	5	5	5	3	11	5	5	5	14	5	5	5	5	5	5	5	25	5	5	1	1	12	12	23	23	23	23	28	28	27	28	5	5	4	22	14	21	1	25	27	27
8540	5	5	3	14	5	27	5	14	5	5	1	6	3	3	1	1	1	9	1	1	1	28	18	26	5	14	5	5	5	5	5	5	11	11	5	5	5	25	5	5	5	5	5	5	25	29	25	25	1	1	25	29	29	29	11	29	11	11	4	18	5	5	5	5	5	14	5	5	15	15
8550	5	5	5	14	5	27	5	14	5	5	3	6	3	3	1	1	1	9	1	1	12	28	3	26	14	14	5	5	5	5	5	5	3	11	5	5	5	14	5	5	5	5	5	5	5	14	5	5	12	12	1	12	1	1	3	1	3	3	3	3	5	5	5	5	5	5	5	5	14	14
8560	29	5	3	14	6	27	7	14	5	5	1	6	4	3	12	1	1	9	1	1	1	28	1	26	14	14	5	5	5	5	5	5	3	11	5	5	5	14	5	5	5	5	5	5	12	21	1	12	1	1	1	1	1	1	12	12	29	23	5	29	1	21	1	6	1	29	5	1	5	5
8570	17	5	5	14	20	27	5	14	5	5	1	6	1	3	1	1	1	9	1	1	1	28	5	26	5	14	5	5	12	5	5	5	14	11	5	5	21	14	5	12	21	21	21	21	5	5	7	21	1	1	1	7	1	1	1	1	1	1	23	1	3	5	4	27	26	28	2	26	28	28
8580	5	5	30	14	28	27	5	14	5	5	26	6	1	3	1	1	1	9	1	1	12	28	18	26	5	14	5	5	5	5	5	5	5	11	5	5	5	5	5	5	5	5	5	5	29	29	23	29	1	12	1	23	1	1	1	1	1	1	2	26	5	5	1	28	7	30	17	7	17	17
8590	5	5	5	14	5	27	31	14	5	5	6	6	3	3	1	1	1	9	1	1	22	28	31	26	5	14	5	5	5	5	5	5	4	11	5	5	5	15	5	5	5	5	5	5	5	31	5	5	27	27	21	27	21	21	3	21	3	3	4	16	13	31	6	13	4	5	1	17	9	9
8600	5	5	5	14	5	27	5	14	5	5	9	6	1	3	1	1	1	9	1	1	1	28	26	26	5	14	5	5	5	5	5	5	3	11	5	5	5	14	5	5	5	5	5	5	14	31	14	14	1	1	1	21	1	1	1	1	1	1	4	9	5	5	5	5	5	5	5	5	15	15
8610	5	5	5	14	30	27	5	14	5	5	26	6	3	3	1	1	1	9	1	1	1	28	7	26	5	14	5	5	5	5	5	5	3	11	5	5	5	14	5	5	5	5	5	5	29	21	29	29	1	1	7	29	7	7	3	7	3	3	23	26	5	5	16	30	5	5	3	27	29	29
8620	5	5	3	14	13	27	5	14	5	5	2	6	2	3	1	1	1	9	1	1	1	28	12	26	5	14	5	5	5	5	5	5	4	11	5	5	5	15	5	5	5	5	5	5	12	12	1	12	1	1	1	1	1	1	1	1	6	6	7	6	5	5	2	13	13	14	1	13	7	7
8630	4	5	28	14	14	27	5	14	5	5	2	6	26	3	1	1	1	9	1	1	12	28	17	26	5	14	5	5	5	5	5	5	11	11	5	5	5	25	5	5	5	5	5	5	5	28	5	5	12	12	1	12	1	1	1	1	26	26	2	26	5	5	3	14	28	28	5	31	13	13
8640	5	5	5	14	5	27	5	14	5	5	1	6	5	3	1	1	1	9	1	1	1	28	6	26	5	14	5	5	5	5	5	5	3	11	5	5	5	14	5	5	5	5	5	5	13	20	2	13	1	1	1	6	1	1	12	1	1	12	30	1	5	5	8	5	3	5	4	8	30	30
8650	5	5	27	14	5	27	5	14	5	5	1	6	1	3	1	1	1	9	1	1	1	28	8	26	3	14	12	5	5	5	5	5	11	11	5	5	5	25	5	5	5	5	12	12	3	8	12	21	1	1	1	12	1	1	1	1	1	1	3	1	5	5	2	5	2	27	3	2	3	3
8660	1	5	7	14	2	27	14	14	5	5	23	6	1	3	1	1	1	9	3	1	15	28	20	26	3	14	5	5	5	5	5	5	3	11	5	5	5	14	5	5	5	5	5	5	5	27	5	5	5	25	1	5	1	1	1	1	1	1	1	23	2	14	20	2	2	7	1	20	1	1
8670	5	5	5	14	12	27	5	14	5	5	3	6	7	3	1	1	1	9	1	1	1	28	8	26	3	14	5	5	5	5	5	5	11	11	5	5	5	25	5	5	5	5	5	5	3	8	5	14	1	1	1	12	1	1	1	1	7	7	1	7	5	5	5	12	23	5	16	23	16	16
8680	4	5	12	14	22	27	5	14	5	5	3	6	30	3	1	1	1	9	1	1	12	28	3	26	14	14	5	5	5	5	5	5	3	11	5	5	5	14	5	5	5	5	5	5	5	14	5	5	12	12	1	12	1	1	1	1	26	31	20	26	5	5	13	22	5	23	5	13	20	20
8690	5	5	5	14	24	27	3	14	14	5	1	6	1	3	1	1	1	9	5	1	1	28	7	26	5	14	5	5	5	5	5	5	3	11	5	5	5	14	5	5	5	5	5	5	5	21	12	5	5	12	1	12	1	1	1	1	1	1	20	1	5	14	3	24	15	5	2	25	20	20
8700	31	5	2	14	2	27	3	14	26	5	3	6	14	3	3	1	3	9	27	1	4	28	5	26	5	14	24	5	5	5	5	5	8	11	4	5	11	19	4	5	4	11	4	24	4	5	4	4	31	31	30	31	24	30	5	30	3	14	2	3	10	26	5	10	26	31	3	31	8	8
8710	5	5	20	14	14	27	5	14	5	5	2	6	1	3	1	1	1	9	1	1	1	28	4	26	5	14	5	5	5	5	5	5	3	11	5	5	5	14	5	5	5	5	5	5	5	15	5	5	1	1	1	12	1	1	1	1	6	1	6	6	5	5	19	14	1	20	1	26	6	6
8720	5	5	5	14	27	27	21	14	5	5	1	6	2	3	1	1	9	9	1	1	1	28	18	26	5	14	5	5	5	5	5	5	3	11	5	5	5	14	5	5	5	5	5	5	25	29	15	25	1	1	5	23	15	23	12	23	12	20	5	12	3	21	12	27	1	5	5	12	5	5
8730	5	5	5	14	31	27	5	14	5	5	5	6	1	3	1	1	1	9	1	1	1	28	1	26	3	14	5	5	5	5	5	5	11	11	5	5	5	25	5	5	5	5	5	5	12	7	1	12	1	1	1	1	1	1	1	1	1	1	2	12	5	5	29	31	5	5	15	29	24	24
8740	5	5	14	14	16	27	5	14	5	5	1	6	3	3	1	1	4	9	1	1	1	28	26	26	5	14	5	5	5	5	5	5	3	11	5	5	5	14	5	5	5	5	5	5	31	31	28	31	1	1	24	28	24	24	23	28	29	29	5	29	5	5	27	27	5	14	1	27	12	12
8750	5	5	5	14	3	27	5	14	5	5	7	6	3	3	1	1	1	9	1	1	1	28	16	26	5	14	5	5	5	5	5	5	11	11	5	5	5	25	5	5	5	5	5	5	12	27	1	12	1	1	1	1	1	1	1	1	3	7	23	7	5	5	5	14	2	5	5	13	23	23
8760	5	5	5	14	12	27	5	14	5	5	2	6	3	3	1	1	4	9	1	1	20	28	3	26	14	14	5	5	5	5	5	5	4	11	5	5	5	15	5	5	5	5	5	5	5	14	5	5	20	20	20	20	28	28	28	28	31	31	20	31	5	5	5	12	5	5	5	5	20	20
8770	5	5	5	14	5	27	5	14	5	5	1	6	27	3	1	1	4	9	1	1	1	28	17	26	5	14	5	5	5	5	5	5	11	11	5	5	5	25	5	5	5	5	5	5	28	28	28	28	1	1	9	28	1	9	1	1	27	27	14	27	5	5	5	5	5	5	5	5	14	14
8780	5	5	5	14	31	27	5	14	5	5	1	6	1	3	1	1	1	9	1	1	1	28	9	26	5	14	5	5	5	5	5	5	11	11	5	5	5	25	5	5	5	5	13	5	1	23	12	20	1	1	1	12	1	1	1	1	1	1	28	1	5	5	27	31	1	5	2	27	28	28
8790	5	5	5	14	8	27	5	14	5	5	1	6	3	3	1	1	1	9	1	1	1	28	26	26	3	14	5	5	5	5	5	5	3	11	5	5	5	14	5	5	5	5	5	5	17	26	23	28	1	1	1	23	1	1	1	1	7	7	3	7	5	5	19	22	5	5	3	30	3	3
8800	5	5	5	14	3	27	5	14	5	5	1	6	1	3	1	1	1	9	1	1	12	28	26	26	5	14	5	5	5	5	5	5	4	11	5	5	5	15	5	5	5	5	5	5	20	31	20	20	5	12	1	20	1	1	1	1	1	1	2	1	3	5	3	3	22	5	10	22	10	10
8810	23	5	5	14	4	27	11	14	3	5	4	6	30	3	6	1	4	9	1	1	1	28	11	26	3	14	12	5	12	5	5	5	4	11	5	5	2	15	13	12	5	13	1	12	1	11	1	1	1	1	1	1	1	9	2	6	2	30	1	10	4	11	1	4	1	23	3	1	7	7
8820	5	5	13	14	8	27	14	14	5	5	5	6	1	3	1	1	1	9	1	1	9	28	6	26	5	14	5	5	5	5	5	5	3	11	5	5	5	14	5	5	5	5	5	5	2	20	5	13	1	9	1	12	1	1	1	1	1	1	2	12	3	14	2	8	21	13	2	27	2	2
8830	5	5	5	14	29	27	5	14	5	5	2	6	3	3	1	1	4	9	1	1	1	28	30	26	5	14	5	5	5	5	5	5	11	11	5	5	5	25	5	5	5	5	5	5	15	30	15	15	1	1	23	23	23	23	23	23	29	29	5	31	5	5	26	29	5	5	13	31	13	13
8840	5	5	5	14	5	27	5	14	5	5	2	6	3	3	1	1	1	9	1	1	6	28	26	26	3	14	5	5	5	5	5	5	11	11	5	5	15	25	5	5	5	15	5	5	7	26	21	21	1	6	7	21	7	7	7	7	18	7	1	26	5	5	5	5	5	5	5	5	12	12
8850	5	5	5	14	25	27	5	14	5	5	14	6	1	3	1	1	4	9	1	1	9	28	26	26	5	14	5	5	5	5	5	5	3	11	5	5	5	14	5	5	5	5	5	5	31	31	31	31	4	9	26	31	26	26	1	26	1	1	21	21	5	5	5	25	5	5	5	5	21	21
8860	5	5	5	14	26	27	5	14	5	5	5	6	5	3	1	1	1	9	1	1	1	28	7	26	5	14	5	5	5	5	5	5	14	11	5	5	5	14	5	5	5	5	5	5	12	21	12	12	1	1	12	12	12	12	5	12	5	5	2	5	5	5	27	31	5	5	27	27	27	27
8870	5	5	5	14	16	27	14	14	5	5	1	6	5	3	1	1	1	9	1	1	12	28	17	26	5	14	5	5	5	5	5	5	4	11	5	5	15	15	5	5	5	15	5	5	5	28	5	5	12	12	1	12	1	1	1	1	1	12	3	1	5	14	7	27	5	5	12	21	21	21
8880	5	5	5	14	27	27	5	14	5	5	1	6	3	3	1	1	4	9	1	1	1	28	26	26	5	14	5	5	5	5	5	5	4	11	5	5	5	15	5	5	5	5	5	5	27	31	21	27	1	1	21	21	29	29	29	29	29	29	5	29	5	5	26	27	5	5	5	31	5	5
8890	5	5	5	14	4	27	25	14	5	5	8	6	1	3	1	1	1	9	1	1	1	28	16	26	5	14	5	5	5	5	5	5	5	11	5	5	5	5	5	5	5	5	5	5	12	27	1	12	1	1	1	1	1	1	1	1	1	1	21	16	4	25	12	4	5	5	2	12	27	27
8900	5	5	14	14	31	27	5	14	5	5	1	6	3	3	1	1	4	9	1	1	24	28	9	26	5	14	5	5	5	5	5	5	11	11	5	5	5	25	5	5	5	5	5	5	5	23	5	5	23	28	9	23	1	9	1	1	7	7	4	7	5	5	17	31	3	14	5	26	15	15
8910	5	5	5	14	31	27	5	14	5	5	1	6	3	3	1	1	29	9	1	1	12	28	3	26	14	14	5	5	5	5	5	5	11	11	5	5	5	25	5	5	5	5	5	5	5	14	5	5	5	12	5	5	29	29	29	29	29	29	21	29	5	5	29	31	5	5	1	29	21	21
8920	3	5	11	14	21	27	5	14	5	5	1	6	1	3	9	1	2	9	2	1	2	28	16	26	3	14	5	5	5	5	5	5	3	11	5	5	5	14	5	5	5	5	2	5	2	16	2	2	2	2	2	2	2	2	17	17	17	17	5	17	5	5	5	21	5	11	12	5	12	12
8930	3	5	14	14	15	27	5	14	5	5	2	6	3	3	1	1	1	9	1	1	1	28	18	26	5	14	5	5	5	5	5	5	11	11	5	5	5	25	5	5	5	5	5	5	14	29	14	14	1	1	7	21	7	7	3	7	3	3	24	8	5	5	5	15	1	14	3	12	30	30
8940	5	5	5	14	29	27	5	14	5	5	3	6	3	3	3	1	3	9	1	1	1	28	3	26	14	14	5	5	5	5	5	5	11	11	5	5	5	25	5	5	5	5	5	5	27	14	21	27	1	1	3	21	3	3	3	3	3	3	2	3	5	5	18	29	5	5	13	29	13	13
8950	5	5	5	14	30	27	5	14	5	5	19	6	5	3	1	1	1	9	1	1	1	28	18	26	5	14	5	5	5	5	5	5	3	11	14	5	5	14	5	5	5	5	5	5	12	29	12	12	1	1	1	12	1	1	1	1	5	12	3	30	5	5	5	30	5	5	25	5	25	25
8960	3	5	3	14	14	27	5	14	5	5	4	6	1	3	1	1	1	9	4	1	4	28	29	26	5	14	5	5	5	5	5	5	4	11	5	5	5	15	5	5	5	5	5	5	12	29	12	12	4	4	1	23	1	1	1	1	6	1	2	17	5	5	15	14	2	3	4	24	10	10
8970	14	5	5	14	5	27	5	14	5	5	1	6	19	3	4	1	4	9	4	1	4	28	15	26	5	14	5	5	5	5	5	5	4	11	5	5	5	15	5	5	5	5	5	5	15	15	4	15	4	4	4	4	4	4	4	4	26	19	1	26	5	5	18	5	2	14	4	26	9	9
8980	5	5	5	14	29	27	5	14	5	5	1	6	3	3	1	1	1	9	1	1	1	28	3	26	14	14	5	5	5	5	5	5	7	11	5	5	5	21	5	5	5	5	5	5	5	14	5	5	1	1	12	12	20	12	13	20	22	22	4	27	5	5	28	29	3	5	15	31	15	15
8990	5	5	5	14	5	27	5	14	5	5	2	6	3	3	1	1	1	9	1	1	6	28	6	26	5	14	5	5	5	5	5	5	4	11	5	5	5	15	5	5	5	5	5	5	5	20	5	5	6	6	12	20	12	12	12	12	21	21	20	27	5	5	5	5	5	5	3	5	27	27
9000	5	5	5	14	6	27	5	14	5	5	23	6	3	3	3	1	1	9	1	1	1	28	2	26	14	14	5	5	5	5	5	5	11	11	5	5	5	25	5	5	5	5	5	5	13	22	13	13	1	1	20	20	20	20	3	27	3	3	3	29	5	5	2	20	6	5	3	6	3	3
9010	5	5	5	14	2	27	14	14	5	5	1	6	3	3	5	1	1	9	1	1	1	28	16	26	5	14	5	5	5	5	5	5	11	11	5	5	5	25	5	5	5	5	5	5	20	27	20	20	1	1	16	20	16	16	27	27	27	27	1	27	14	14	31	22	5	5	30	31	31	31
9020	15	5	3	14	20	27	13	14	5	5	1	6	3	3	1	1	1	9	1	1	1	28	6	26	5	14	5	5	5	5	5	5	11	11	5	5	5	25	5	5	5	5	5	5	12	20	12	12	1	1	12	12	1	12	1	1	7	7	21	7	5	13	4	20	21	25	3	29	21	21
9030	5	5	14	14	14	27	5	14	5	5	1	6	8	3	6	1	1	9	1	1	1	28	26	26	5	14	5	5	5	5	5	5	4	11	5	5	5	15	5	5	5	5	5	5	7	31	1	21	1	1	1	1	1	1	2	6	8	8	3	16	5	5	3	14	14	14	3	14	3	3
9040	13	5	3	14	2	27	14	14	5	5	18	6	1	3	1	1	1	9	1	1	1	28	7	26	5	14	5	5	5	5	5	5	11	11	5	5	5	25	5	5	5	5	5	5	21	21	1	21	1	1	1	1	1	1	1	1	1	1	12	18	14	14	24	22	2	22	1	24	12	12
9050	5	5	14	14	26	27	5	14	5	5	1	6	3	3	1	1	4	9	1	1	1	28	17	26	5	14	5	5	5	5	5	5	5	11	5	5	5	5	5	5	5	5	5	5	28	28	28	28	1	1	28	28	28	28	28	28	31	31	4	31	5	5	31	31	3	14	13	31	24	24
9060	29	5	1	14	13	27	5	14	5	5	1	6	3	3	1	1	1	9	1	1	1	28	3	26	3	14	5	5	5	5	5	5	5	11	5	5	5	5	5	5	5	5	5	5	5	3	5	5	1	1	1	12	1	1	1	1	7	7	3	7	5	5	5	13	11	29	7	25	7	7
9070	5	5	27	14	2	27	3	14	23	5	27	6	4	3	1	1	9	9	1	1	1	28	6	26	5	14	5	5	5	5	5	5	11	11	5	5	5	25	5	5	5	5	5	5	12	20	1	12	1	1	1	1	9	9	4	9	4	4	5	31	29	29	4	31	26	27	3	26	14	14
9080	5	5	14	14	20	27	14	14	5	5	1	6	3	3	1	1	1	9	1	1	20	28	18	26	5	14	5	5	5	5	5	5	3	11	5	5	5	14	5	5	5	5	5	5	5	29	5	5	20	20	1	20	1	1	3	1	3	3	1	7	3	14	27	27	3	14	8	27	16	16
9090	5	5	5	14	31	27	5	14	5	5	1	6	3	3	1	1	1	9	1	1	28	28	8	26	5	14	5	5	5	5	5	5	4	11	5	5	5	15	5	5	5	5	5	5	5	22	5	5	28	28	28	28	28	28	28	28	30	31	4	31	5	5	26	31	5	5	4	31	4	4
9100	5	5	27	14	5	27	5	14	5	5	4	6	2	3	1	1	1	9	1	1	9	28	17	26	3	14	5	5	5	5	5	5	3	11	5	5	5	14	5	5	5	5	5	5	16	26	22	27	1	9	16	27	16	16	7	16	8	16	3	19	5	5	4	5	27	27	25	31	25	25
9110	5	5	14	14	20	27	14	14	5	5	2	6	3	3	1	1	1	9	1	1	17	28	19	26	5	14	5	5	5	5	5	5	3	11	5	5	5	14	5	5	5	5	5	5	5	30	5	5	17	17	24	28	28	28	28	28	31	31	2	31	3	14	7	27	5	14	21	21	27	27
9120	5	5	5	14	29	27	5	14	5	5	1	6	3	3	1	1	4	9	1	1	1	28	17	26	3	14	5	5	5	5	5	5	11	11	5	5	5	25	5	5	5	5	5	5	26	26	31	31	1	1	28	31	28	28	24	28	30	30	4	31	5	5	31	29	2	5	2	31	10	10
9130	5	5	14	14	27	27	5	14	5	5	1	6	3	3	1	1	1	9	1	1	20	28	26	26	3	14	5	5	5	5	5	5	3	11	5	5	5	14	5	5	5	5	5	5	26	26	31	31	2	20	31	31	31	31	31	31	31	31	9	31	5	5	20	27	3	14	1	27	9	9
9140	5	5	30	14	19	27	5	14	5	5	1	6	1	3	1	1	1	9	1	1	1	28	2	26	2	14	5	5	5	5	5	5	11	11	5	5	5	25	5	5	5	5	5	5	24	2	24	24	1	1	6	28	1	6	1	1	1	1	17	1	5	5	2	30	5	30	5	13	28	28
9150	5	5	25	14	27	27	5	14	5	5	6	6	5	3	1	1	1	9	1	1	1	28	26	26	3	14	5	5	5	5	5	5	4	11	5	5	5	15	5	5	5	5	5	5	18	26	29	29	1	1	25	29	23	29	5	23	5	5	9	20	5	5	3	27	3	25	4	3	9	9
9160	5	5	5	14	21	27	5	14	5	5	28	6	1	3	1	1	1	9	1	1	1	28	2	26	5	14	5	5	5	5	5	5	4	11	5	5	5	15	5	5	5	5	5	5	13	13	13	13	1	1	1	20	1	1	1	1	1	1	15	28	5	5	1	21	5	5	1	12	23	23
9170	5	5	5	14	19	27	5	14	14	5	4	6	3	3	1	1	1	9	1	1	1	28	3	26	14	14	5	5	5	5	5	5	11	11	5	5	5	25	5	5	5	5	5	5	5	14	5	5	1	1	12	12	1	12	1	1	7	7	4	18	5	14	12	30	2	5	8	20	19	19
9180	5	5	5	14	14	27	14	14	5	5	1	6	11	3	1	1	1	9	1	1	1	28	16	26	3	14	12	5	5	5	5	5	4	11	5	5	5	15	5	5	5	5	1	12	6	16	1	6	1	1	1	1	1	1	1	1	29	18	1	29	5	14	5	14	20	5	5	20	12	12
9190	5	5	22	14	25	27	5	14	5	5	1	6	3	3	1	1	3	9	2	1	2	28	26	26	5	14	5	5	5	5	5	5	4	11	5	5	5	15	5	5	5	5	5	5	26	31	31	31	2	2	31	31	31	31	31	31	31	31	4	31	5	5	14	25	3	22	19	14	19	19
9200	5	5	5	14	8	27	14	14	5	5	3	6	7	3	1	1	1	9	1	1	1	28	18	26	5	14	5	5	5	5	5	5	4	11	5	5	5	15	5	5	5	5	5	5	21	29	1	21	1	1	1	1	1	1	1	1	7	7	31	7	3	14	16	8	5	5	3	27	31	31
9210	5	5	5	14	31	27	14	14	5	5	1	6	3	3	1	1	1	9	1	1	1	28	26	26	5	14	5	5	5	5	5	5	3	11	5	5	5	14	5	5	5	5	5	5	26	31	31	31	1	1	28	31	28	28	28	28	31	31	12	31	5	14	5	31	5	5	5	5	12	12
9220	5	5	5	14	19	27	5	14	5	5	2	6	3	3	1	1	4	9	1	1	12	28	16	26	5	14	5	5	5	5	5	5	5	11	5	5	5	5	5	5	5	5	5	5	12	27	12	12	1	12	12	12	23	23	24	23	30	30	5	30	5	5	5	30	5	5	5	5	5	5
9230	5	5	17	14	3	27	3	14	5	5	2	6	1	3	1	1	1	9	1	1	1	28	16	26	3	14	5	5	5	5	5	5	3	11	5	5	5	14	5	5	5	5	5	5	1	16	12	12	1	1	1	12	1	1	1	1	12	1	1	20	14	14	29	14	2	28	29	31	29	29
9240	5	5	5	14	22	27	5	14	5	5	1	6	3	3	1	1	4	9	1	1	1	28	26	26	3	14	5	5	5	5	5	5	4	11	5	5	5	15	5	5	5	5	5	5	26	26	31	31	1	1	31	31	31	31	30	31	30	30	5	31	5	5	3	22	5	5	8	14	22	22
9250	5	5	14	14	31	27	5	14	5	5	2	6	3	3	1	1	4	9	1	1	1	28	17	26	5	14	5	5	5	5	5	5	3	11	5	5	5	14	5	5	5	5	5	5	28	28	28	28	1	1	23	28	28	23	28	28	31	31	1	31	5	5	28	31	5	14	6	28	6	6
9260	5	5	5	14	27	27	5	14	5	5	1	6	1	3	1	1	1	9	1	1	1	28	1	26	14	14	5	5	5	5	5	5	3	11	5	5	5	14	5	5	5	5	5	5	12	21	1	12	1	1	1	1	1	1	1	1	1	1	1	1	5	5	26	27	5	5	28	31	28	28
9270	5	5	5	14	31	27	5	14	5	5	2	6	17	3	1	1	1	9	1	1	1	28	18	26	5	14	5	5	5	5	5	5	11	11	5	5	5	25	5	5	5	5	5	5	1	29	12	12	1	1	1	12	1	1	1	1	10	17	5	10	5	5	7	31	5	5	27	21	27	27
9280	5	5	5	14	5	27	5	14	5	5	1	6	3	3	1	1	4	9	1	1	1	28	26	26	5	14	5	5	5	5	5	5	11	11	5	5	5	25	5	5	5	5	5	5	31	31	31	31	1	1	31	31	31	31	31	31	31	31	27	31	5	5	5	5	5	5	5	5	27	27
9290	5	5	5	14	14	27	5	14	5	5	1	6	1	3	1	1	1	9	1	1	1	28	18	26	5	14	5	5	5	5	5	5	11	11	5	5	5	25	5	5	5	5	5	5	5	29	5	5	1	1	1	12	1	1	1	1	1	1	1	1	5	5	5	14	5	5	5	5	12	12
9300	14	5	5	14	5	27	22	14	5	5	2	6	1	3	1	1	1	9	1	1	5	28	26	26	5	14	5	5	5	5	5	5	5	11	5	5	5	5	5	5	5	5	5	5	5	31	5	5	12	12	1	12	1	1	1	1	1	1	3	6	5	22	5	5	26	14	20	31	27	27
9310	5	5	25	14	7	27	5	14	5	5	1	6	3	3	1	1	4	9	1	1	17	28	4	26	5	14	5	5	5	5	5	5	11	11	5	5	5	25	5	5	5	5	5	5	5	15	5	5	28	17	23	28	23	23	12	23	7	21	3	7	4	5	4	18	22	25	24	30	30	30
9320	5	5	5	14	31	27	5	14	5	5	1	6	1	3	1	1	1	9	1	1	1	28	18	26	3	14	5	5	5	5	5	5	4	11	5	5	5	15	5	5	5	5	5	5	1	18	12	12	1	1	1	12	1	1	1	1	1	1	1	1	5	5	31	31	3	5	1	31	1	1
9330	5	5	14	14	3	27	14	14	5	5	2	6	3	3	1	1	9	9	1	1	5	28	6	26	5	14	5	5	5	5	5	5	3	11	5	5	5	14	5	5	5	5	5	5	13	20	5	13	5	12	5	5	23	23	23	23	29	29	12	31	14	14	3	14	3	14	3	3	21	21
9340	5	5	5	14	21	27	3	14	3	5	1	6	14	3	1	1	1	9	1	1	1	28	26	26	3	14	5	5	5	5	5	5	3	11	14	5	5	14	5	5	5	5	1	5	1	26	1	1	1	1	1	1	1	1	1	1	21	21	16	21	3	3	23	21	5	5	1	23	16	16
9350	5	5	5	14	17	27	5	14	5	5	1	6	1	3	1	1	1	9	1	1	1	28	18	26	3	14	5	5	5	5	5	5	3	11	5	5	5	14	5	5	5	5	5	5	23	18	9	23	1	1	1	9	1	1	1	1	1	1	2	1	5	5	10	28	5	5	2	24	2	2
9360	5	5	12	14	30	27	30	14	5	5	2	6	10	3	1	1	1	9	1	1	1	28	7	26	5	14	5	5	5	5	5	5	11	11	5	5	5	25	5	5	5	5	5	5	21	21	1	21	1	1	1	1	1	1	1	1	26	17	1	26	5	30	28	30	3	12	3	31	7	7
9370	5	5	14	14	26	27	5	14	5	5	2	6	4	3	1	1	1	9	1	1	12	28	16	26	5	14	5	5	5	5	5	5	3	11	5	5	3	14	5	5	5	14	5	5	12	27	5	12	12	12	12	12	5	12	12	12	23	23	5	28	5	5	27	31	3	14	24	27	24	24
9380	5	5	5	14	5	27	5	14	5	5	19	6	1	3	1	1	1	9	1	1	12	28	3	26	14	14	5	5	5	5	5	5	4	11	5	5	5	15	5	5	5	5	5	5	5	14	5	5	12	12	1	12	1	1	1	1	1	1	5	26	5	5	15	5	5	5	5	15	5	5
9390	5	5	5	14	8	27	5	14	5	5	2	6	3	3	1	1	4	9	1	1	1	28	26	26	3	14	5	5	5	5	5	5	3	11	5	5	5	14	5	5	5	5	5	5	26	26	31	31	1	1	31	31	31	31	31	31	31	31	22	31	5	5	22	22	5	5	2	22	22	22
9400	5	5	5	14	5	27	14	14	5	5	2	6	3	3	1	1	1	9	1	1	9	28	19	26	3	14	5	5	5	5	5	5	11	11	5	5	5	25	5	5	5	5	5	5	19	19	24	30	4	9	24	24	28	28	17	28	31	26	16	31	5	14	5	5	5	5	2	5	16	16
9410	5	5	11	14	5	27	14	14	5	5	10	6	4	3	4	1	10	9	1	1	17	28	10	26	5	14	5	5	5	5	5	5	3	11	5	5	5	14	5	5	5	5	5	5	15	24	4	15	4	17	4	4	4	10	4	4	4	4	3	10	5	14	5	5	2	25	31	13	31	31
9420	14	5	5	14	4	27	5	14	5	5	19	6	5	3	1	1	1	9	1	1	1	28	16	26	4	14	5	5	5	5	5	5	5	11	5	5	5	5	5	5	5	5	5	5	9	26	1	23	1	1	1	1	1	1	5	1	5	5	1	30	4	5	1	4	6	14	1	6	1	1
9430	5	5	5	14	2	27	5	14	22	5	30	6	1	3	1	1	1	9	1	1	1	28	7	26	5	14	5	5	5	5	5	5	5	11	5	5	5	5	5	5	5	5	13	5	5	21	5	13	1	1	1	12	1	1	1	1	1	1	1	31	23	22	2	28	7	5	31	16	31	31
9440	14	5	3	14	8	27	15	14	5	5	4	6	2	3	1	1	1	9	1	1	12	28	14	26	3	14	5	5	5	5	5	5	4	11	4	5	5	4	5	5	5	5	5	5	5	14	5	5	20	12	13	20	20	20	17	20	9	17	1	9	2	15	2	8	2	14	1	2	1	1
9450	13	5	3	14	3	27	3	14	5	5	26	6	3	3	1	1	1	9	7	1	5	28	3	26	14	14	5	5	5	5	5	5	3	11	5	5	5	14	5	5	5	5	5	5	5	14	5	5	21	21	21	21	21	21	7	21	1	7	2	26	3	14	3	3	12	22	8	21	8	8
9460	5	5	5	14	5	27	14	14	3	5	6	6	1	3	1	1	1	9	1	1	5	28	20	26	3	14	5	5	5	5	5	5	3	11	5	5	5	14	5	5	5	5	5	5	12	27	12	12	1	12	1	12	1	1	1	1	1	1	2	6	12	14	1	12	6	5	2	6	2	2
9470	5	5	5	14	30	27	14	14	5	5	23	6	3	3	1	1	1	9	1	1	1	28	28	26	5	14	5	5	5	5	5	5	5	11	5	5	5	5	5	5	5	5	5	5	23	28	1	23	1	1	1	1	1	1	1	1	1	7	4	23	3	14	27	30	5	5	24	27	24	24
9480	3	5	25	14	1	27	5	14	5	5	21	6	1	3	1	1	1	9	1	1	1	28	1	26	25	14	5	5	5	5	5	5	3	11	5	5	5	14	5	5	5	5	5	5	1	29	1	12	1	1	1	1	1	1	1	1	1	1	3	21	1	5	22	1	4	25	2	30	8	8
9490	5	5	5	14	21	27	14	14	5	5	5	6	12	3	1	1	1	9	1	1	1	28	28	26	5	14	5	5	5	5	5	5	4	11	15	5	5	15	5	5	5	5	5	5	13	28	2	13	1	1	1	6	1	1	1	1	5	12	19	5	3	14	17	21	1	5	5	17	30	30
9500	5	5	5	14	24	27	5	14	5	5	5	6	3	3	1	1	4	9	1	1	12	28	1	26	14	14	5	5	5	5	5	5	11	11	5	5	5	25	5	5	5	5	5	5	5	21	5	5	12	12	12	12	23	23	23	23	18	29	3	29	5	5	18	24	5	5	15	29	25	25
9510	2	5	5	14	1	27	3	14	12	5	5	6	1	3	5	1	5	9	5	1	5	28	24	26	3	14	5	5	5	5	5	5	11	11	5	5	5	25	5	5	5	5	5	5	5	30	5	5	5	5	5	5	5	5	5	5	12	12	3	12	30	21	28	31	2	13	21	28	21	21
9520	5	5	5	14	27	27	5	14	5	5	3	6	19	3	1	1	1	9	5	1	5	28	1	26	5	14	5	5	5	5	5	5	3	11	5	5	5	14	5	5	5	5	5	5	5	12	5	5	12	5	1	12	1	1	1	1	26	26	6	26	3	5	16	27	2	5	3	16	16	16
9530	5	5	5	14	31	27	5	14	5	5	31	6	3	3	1	1	7	9	1	1	29	28	4	26	14	14	5	5	5	5	5	5	4	11	5	5	5	15	5	5	5	5	5	5	5	25	5	5	29	29	3	29	7	7	3	7	3	3	6	31	5	5	31	31	5	5	1	31	6	6
9540	5	5	25	14	30	27	5	14	5	5	2	6	7	3	1	1	5	9	1	1	12	28	18	26	5	14	5	5	5	5	5	5	3	11	5	5	5	14	5	5	5	5	5	5	5	29	5	5	12	12	1	12	1	12	1	1	7	7	13	16	5	5	27	30	5	25	2	27	13	13
9550	5	5	5	14	2	27	5	14	5	5	17	6	3	3	1	1	1	9	1	1	1	28	18	26	3	14	5	5	5	5	5	5	3	11	5	5	5	14	5	5	5	5	5	5	1	18	12	12	1	1	1	12	1	1	1	1	3	7	3	26	5	5	5	13	5	5	5	5	14	14
9560	5	5	22	14	31	27	5	14	5	5	1	6	1	3	1	1	1	9	1	1	1	28	16	26	5	14	5	5	5	5	5	5	3	11	5	5	5	14	5	5	5	5	5	5	12	27	1	12	1	1	1	1	1	1	1	1	1	1	3	1	5	5	6	31	3	22	14	16	14	14
9570	5	5	5	14	5	27	5	14	5	5	23	6	1	3	5	1	4	9	1	1	1	28	1	26	5	14	5	5	5	5	12	5	4	11	5	5	5	15	5	12	5	5	5	5	12	12	12	12	1	1	12	12	23	23	12	23	5	12	20	23	5	5	6	5	5	5	2	20	20	20
9580	5	5	5	14	3	27	14	14	5	5	1	6	3	3	1	1	1	9	1	1	1	28	1	26	5	14	5	5	5	5	5	5	11	11	5	5	14	25	5	5	14	14	5	14	12	12	12	12	1	1	1	12	1	1	1	1	7	7	17	7	14	14	7	14	2	5	1	16	17	17
9590	5	5	5	14	9	27	12	14	5	5	2	6	3	3	1	1	1	9	1	1	1	28	7	26	3	14	5	5	5	5	5	5	11	11	5	5	14	25	5	5	14	14	3	14	3	7	3	3	1	1	1	7	1	1	1	1	7	7	5	16	3	12	11	18	5	5	3	25	14	14
9600	22	5	3	14	9	27	5	14	1	5	7	6	5	3	1	1	5	9	1	1	1	28	26	26	5	14	5	5	5	5	5	5	11	11	5	5	5	25	5	5	5	5	5	5	22	31	13	22	1	1	5	20	5	5	5	12	5	5	11	21	5	12	17	23	5	22	1	28	18	18
9610	5	5	5	14	31	27	3	14	5	5	1	6	1	3	1	1	1	9	1	1	1	28	3	26	14	14	5	5	5	5	5	5	11	11	5	5	15	25	5	5	5	15	5	5	5	14	5	5	1	1	1	12	1	1	1	1	1	1	11	1	5	14	27	31	5	5	2	27	19	19
9620	5	5	5	14	31	27	14	14	5	5	16	6	1	3	1	1	1	9	1	1	1	28	26	26	3	14	5	5	12	5	5	5	4	11	5	5	5	15	12	12	12	12	1	12	1	26	1	1	1	1	1	1	1	1	1	1	1	1	3	16	5	14	1	31	30	5	22	31	22	22
9630	20	5	3	14	26	27	14	14	5	5	2	6	3	3	12	1	5	9	1	1	12	28	17	26	5	14	5	5	5	5	5	5	11	11	5	5	5	25	5	5	5	5	5	5	5	28	5	5	5	12	5	5	5	5	23	12	29	29	8	31	5	14	1	31	31	27	2	31	8	8
9640	5	5	5	14	5	27	14	14	5	5	2	6	2	3	1	1	1	9	1	1	1	28	19	26	5	14	5	5	5	5	5	5	3	11	5	5	5	14	5	5	5	5	5	5	24	30	24	24	1	1	20	28	20	20	21	20	27	27	27	27	5	14	5	5	5	5	4	5	31	31
9650	5	5	5	14	26	27	5	14	5	5	1	6	12	3	1	1	1	9	1	1	1	28	8	26	3	14	2	5	4	5	13	5	25	11	5	5	13	25	5	24	2	13	2	2	2	8	2	2	1	1	1	6	1	1	1	1	5	12	3	12	3	5	17	26	1	5	20	17	27	27
9660	21	5	3	14	15	27	5	14	13	5	5	6	26	3	1	1	1	9	1	1	7	28	26	26	5	14	5	5	5	5	14	5	3	11	5	5	5	14	5	14	5	5	5	5	12	31	12	12	1	7	1	12	1	1	1	1	27	26	1	27	2	13	2	24	22	21	25	22	29	29
9670	5	5	19	14	1	27	14	14	5	5	3	6	14	3	1	1	5	9	1	1	1	28	7	26	3	14	5	5	5	5	5	5	14	11	5	5	14	14	5	5	14	14	3	14	7	7	1	7	1	1	1	1	1	12	1	1	3	21	3	3	21	14	2	21	13	30	3	13	3	3
9680	5	5	14	14	13	27	5	14	5	5	2	6	3	3	1	1	4	9	1	1	1	28	26	26	3	14	5	5	5	5	5	5	3	11	5	5	5	14	5	5	5	5	5	5	26	26	31	31	1	1	31	31	28	31	28	28	31	31	3	31	5	5	12	13	5	14	14	12	14	14
9690	15	5	5	14	23	27	11	14	5	5	6	6	1	3	1	1	1	9	1	1	1	28	9	26	3	14	5	5	5	5	5	5	3	11	5	5	3	14	5	5	14	14	3	14	7	18	7	7	1	1	1	7	1	1	1	1	1	1	22	6	1	25	10	23	5	15	3	24	22	22
9700	5	5	5	14	2	27	5	14	5	5	20	6	3	3	1	1	4	9	1	1	9	28	11	26	3	14	5	5	5	5	5	5	11	11	5	5	15	25	5	5	15	15	25	15	4	11	25	25	1	9	29	29	18	29	3	18	3	3	5	27	25	5	5	30	5	5	1	5	12	12
9710	5	5	5	14	5	27	14	14	5	5	2	6	3	3	1	1	4	9	1	1	1	28	26	26	5	14	5	5	5	5	5	5	4	11	5	5	5	15	5	5	5	5	5	5	30	31	30	30	1	1	30	31	30	30	28	31	29	31	8	31	5	14	5	5	5	5	5	5	22	22
9720	5	5	21	14	26	27	5	14	5	5	1	6	3	3	1	1	1	9	1	1	1	28	2	26	14	14	5	5	5	5	5	5	5	11	5	5	5	5	5	5	5	5	5	5	13	22	13	13	1	1	6	20	6	6	6	6	7	16	1	7	5	5	5	31	25	21	7	25	7	7
9730	5	5	5	14	5	27	5	14	5	5	1	6	28	3	1	1	1	9	1	1	1	28	9	26	3	14	5	5	5	5	5	5	11	11	5	5	5	25	5	5	5	5	5	5	12	18	1	12	9	1	1	9	1	1	1	1	31	28	3	31	5	5	5	5	30	5	25	30	25	25
9740	5	5	5	14	5	27	5	14	5	5	2	6	3	3	1	1	1	9	1	1	5	28	1	26	22	14	5	5	5	5	5	5	4	11	5	5	5	15	5	5	5	5	5	5	5	27	5	5	12	12	1	12	1	1	1	1	7	7	3	16	5	5	5	5	5	5	9	5	18	18
9750	5	5	5	14	19	27	5	14	5	5	1	6	1	3	1	1	1	9	1	1	1	28	3	26	14	14	5	5	5	5	5	5	4	11	5	5	5	15	5	5	5	5	5	5	5	14	5	5	1	1	12	12	1	12	1	1	1	1	5	1	5	5	31	30	5	5	20	31	20	20
9760	5	5	7	14	26	27	5	14	5	5	2	6	11	3	1	1	1	9	1	1	1	28	17	26	5	14	5	5	5	5	5	5	11	11	5	5	5	25	5	5	5	5	5	5	12	28	1	12	1	1	1	1	1	1	1	1	18	18	8	26	5	5	30	31	2	21	3	30	8	8
9770	5	5	5	14	3	27	5	14	5	5	1	6	1	3	1	1	1	9	1	1	12	28	5	26	14	14	5	5	5	5	5	5	1	11	5	5	5	12	5	5	5	5	5	5	5	14	5	5	12	12	1	12	1	1	1	1	1	1	8	1	15	5	1	25	6	5	3	6	8	8
9780	5	5	3	14	12	27	5	14	5	5	1	6	1	3	1	1	1	9	1	1	1	28	3	26	14	14	5	5	5	5	5	5	8	11	5	5	5	22	5	5	5	5	5	5	5	14	5	5	1	1	1	12	1	1	1	1	1	1	2	1	5	5	5	12	5	14	16	5	16	16
9790	5	5	5	14	28	27	5	14	5	5	2	6	18	3	1	1	1	9	1	1	1	28	3	26	3	14	5	5	5	5	5	5	11	11	5	5	14	25	5	5	14	14	3	14	3	3	3	3	1	1	1	7	1	1	1	1	18	18	3	26	5	5	27	28	5	5	20	27	27	27
9800	1	5	3	14	5	27	5	14	5	5	1	6	1	3	1	1	1	9	1	1	6	28	3	26	3	14	5	5	5	5	5	5	11	11	5	5	5	25	5	5	5	5	5	5	3	3	14	14	2	6	13	22	1	20	1	1	1	1	3	1	5	5	1	5	1	7	13	1	22	22
9810	6	5	2	14	4	27	5	14	31	5	1	6	12	3	8	1	5	9	1	1	30	28	26	26	3	14	31	5	5	5	5	5	1	11	5	5	5	12	5	5	5	5	3	31	3	26	3	3	5	31	5	14	5	5	5	22	12	12	5	12	30	31	24	30	1	6	3	28	14	14
9820	4	5	21	14	16	27	5	14	5	5	1	6	18	3	1	1	1	9	1	1	1	28	18	26	3	14	5	5	5	5	5	5	11	11	5	5	5	25	5	5	5	5	5	5	1	18	1	12	1	1	1	1	1	1	1	1	18	18	4	18	5	5	2	27	30	29	4	30	4	4
9830	5	5	5	14	28	27	14	14	5	5	2	6	3	3	1	1	1	9	1	1	1	28	1	26	1	14	5	5	5	5	5	5	11	11	5	5	5	25	5	5	5	5	5	5	1	1	1	12	1	1	1	1	1	1	7	1	7	7	3	16	3	14	31	31	5	5	26	31	26	26
9840	5	5	21	14	2	27	24	14	5	5	1	6	3	3	1	1	1	9	9	1	4	28	18	26	5	14	5	5	5	5	5	5	4	11	5	5	5	15	5	5	5	5	5	5	12	29	1	12	1	9	1	1	1	1	1	1	7	7	11	7	10	24	4	10	26	21	3	26	11	11
9850	15	5	2	14	12	27	14	14	5	5	3	6	1	3	1	1	1	9	2	1	6	28	26	26	3	14	12	5	5	5	5	5	4	11	5	5	5	15	5	5	5	5	1	12	1	26	1	1	1	6	1	1	1	1	1	1	1	1	11	7	3	14	3	21	12	24	3	21	11	11
9860	14	5	5	14	3	27	14	14	5	5	4	6	4	3	4	1	1	9	1	1	1	28	31	26	5	14	5	5	5	5	5	5	4	11	5	5	15	15	5	5	15	15	4	15	4	31	4	4	1	1	9	9	4	9	4	4	4	4	6	4	14	14	1	14	23	14	1	23	6	6
9870	5	5	3	14	22	27	5	14	5	5	3	6	3	3	1	1	4	9	1	1	24	28	6	26	5	14	5	5	5	5	5	5	3	11	5	5	5	14	5	5	5	5	5	5	5	20	5	5	28	28	28	28	28	28	31	28	31	31	22	31	5	5	5	22	19	14	5	30	22	22
9880	5	5	14	14	5	27	5	14	5	5	2	6	3	3	4	1	5	9	1	1	12	28	7	26	5	14	5	5	5	5	5	5	4	11	5	5	5	15	5	5	5	5	5	5	5	21	5	5	12	12	12	12	12	12	12	23	21	21	5	27	5	5	5	5	5	14	5	5	5	5
9890	5	5	5	14	31	27	14	14	5	5	1	6	11	3	1	1	1	9	1	1	1	28	7	26	5	14	5	5	5	5	5	5	4	11	5	5	5	15	5	5	5	5	5	5	12	21	1	12	1	1	1	1	1	1	1	1	18	18	1	18	3	14	21	31	5	5	16	21	16	16
9900	5	5	5	14	31	27	5	14	5	5	1	6	3	3	1	1	4	9	1	1	1	28	4	26	14	14	5	5	5	5	5	5	11	11	5	5	11	25	5	5	5	25	5	5	25	25	25	25	1	1	18	29	18	18	18	18	18	18	6	18	5	5	17	31	5	5	1	28	6	6
9910	5	5	5	14	5	27	5	14	5	5	1	6	3	3	1	1	1	9	1	1	1	28	6	26	1	14	5	5	5	5	5	5	4	11	5	5	5	15	5	5	5	5	5	5	6	6	1	20	1	1	1	1	1	1	7	1	7	7	31	7	5	5	21	5	5	5	3	21	31	31
9920	3	5	3	14	25	27	5	14	5	5	1	6	3	3	1	1	1	9	1	1	1	28	7	26	3	14	5	5	5	5	5	5	3	11	5	5	5	14	5	5	5	5	5	5	1	7	12	12	1	1	1	12	1	1	1	1	7	7	15	7	5	5	3	25	3	3	3	3	25	25
9930	5	5	5	14	7	27	5	14	5	5	5	6	3	3	1	1	4	9	6	1	1	28	3	26	14	14	5	5	5	5	5	5	11	11	5	5	5	25	5	5	5	5	5	5	5	14	5	5	6	6	20	20	28	28	28	28	31	31	1	31	5	5	1	21	13	5	1	20	1	1
9940	5	5	14	14	27	27	5	14	5	5	1	6	1	3	1	1	1	9	1	1	1	28	7	26	3	14	5	5	5	5	5	5	3	11	5	5	5	14	5	5	5	5	5	5	1	7	1	12	1	1	1	1	1	1	1	1	1	1	1	1	5	5	8	27	3	14	1	8	1	1
9950	5	5	25	14	28	27	14	14	5	5	2	6	3	3	1	1	1	9	1	1	1	28	26	26	5	14	5	5	5	5	5	5	4	11	5	5	5	15	5	5	5	5	5	5	29	31	29	29	1	1	18	29	18	18	18	18	18	18	3	26	5	14	28	28	3	25	30	31	30	30
9960	5	5	15	14	22	27	5	14	5	5	1	6	3	3	1	1	5	9	1	1	1	28	26	26	5	14	5	5	5	5	5	5	11	11	5	5	14	25	5	5	14	14	3	14	31	31	31	31	1	1	29	31	29	29	29	29	29	29	4	29	5	5	3	22	31	15	19	31	19	19
9970	5	5	5	14	5	27	14	14	5	5	2	6	3	3	1	1	1	9	1	1	1	28	26	26	5	14	5	5	5	5	5	5	3	11	5	5	5	14	5	5	5	5	5	5	31	31	31	31	1	1	31	31	31	31	31	31	31	31	5	31	5	14	5	5	5	5	5	5	5	5
9980	26	5	5	14	16	27	5	14	5	5	30	6	1	3	1	1	1	9	1	1	1	28	26	26	5	14	5	5	5	5	5	5	3	11	5	5	5	14	5	5	5	5	5	5	21	31	12	21	1	1	1	12	1	1	1	1	1	1	9	31	5	5	18	27	5	31	5	29	23	23
9990	5	5	5	14	14	27	5	14	5	5	6	6	1	3	1	1	1	9	1	1	1	28	1	26	14	14	5	5	5	5	5	5	11	11	5	5	5	25	5	5	5	5	5	5	5	21	5	5	1	1	1	12	1	1	1	1	1	1	4	6	5	5	3	14	14	5	12	14	23	23
10000	5	5	3	14	2	27	14	14	5	5	1	6	3	3	6	1	1	9	1	1	1	28	18	26	3	14	5	5	5	5	5	5	3	11	5	5	5	14	5	5	5	5	5	5	9	18	1	23	1	1	1	1	1	1	6	6	16	16	20	16	5	14	2	13	14	14	2	22	20	20
10010	5	5	5	14	2	27	5	14	5	5	2	6	16	3	1	1	1	9	1	1	1	28	8	26	5	14	5	5	5	5	5	5	3	11	5	5	5	14	5	5	5	5	5	5	5	22	5	5	1	1	12	12	21	12	3	21	16	16	5	16	5	5	13	13	5	5	1	13	12	12
10020	5	5	5	14	20	27	5	14	5	5	1	6	3	3	1	1	3	9	1	1	1	28	26	26	3	14	5	5	5	5	5	5	4	11	5	5	5	15	5	5	5	5	5	5	26	26	28	31	1	1	28	28	31	31	31	31	31	31	2	31	5	5	31	20	2	5	23	31	28	28
10030	5	5	14	14	8	27	5	14	5	5	1	6	22	3	1	1	1	9	1	1	1	28	18	26	3	14	5	5	5	5	5	5	11	11	5	5	5	25	5	5	12	5	1	12	1	18	1	1	1	1	1	1	1	1	1	1	27	27	4	27	5	5	3	22	3	14	21	3	29	29
10040	14	5	3	14	2	27	5	14	5	5	22	6	1	3	1	1	1	9	1	1	1	28	1	26	14	14	5	5	5	5	5	5	4	11	5	5	5	15	5	5	5	5	5	5	12	21	1	12	1	1	1	1	1	1	1	1	1	1	29	27	5	5	13	13	5	14	2	13	31	31
10050	5	5	14	14	31	27	5	14	5	5	2	6	3	3	1	1	4	9	1	1	6	28	16	26	5	14	5	5	5	5	5	5	14	11	5	5	5	14	5	5	5	5	5	5	21	27	7	21	2	6	16	16	26	26	26	26	17	26	3	17	5	5	17	31	5	14	13	28	22	22
10060	5	5	5	14	27	27	3	14	3	5	27	6	5	3	12	1	5	9	5	1	5	28	27	26	3	14	5	5	5	5	5	5	5	11	5	5	5	5	5	5	5	5	5	5	5	27	5	5	5	5	5	5	5	5	5	12	5	5	2	27	3	3	3	27	19	5	15	19	24	24
10070	5	5	25	14	5	27	5	14	5	5	9	6	1	3	1	1	1	9	1	1	23	28	16	26	5	14	5	5	5	5	5	5	3	11	5	5	5	14	5	5	5	5	5	5	5	27	5	5	23	23	1	23	1	1	1	1	1	1	5	9	5	5	5	5	15	25	5	15	5	5
10080	5	5	5	14	26	27	5	14	5	5	1	6	1	3	1	1	1	9	1	1	1	28	13	26	1	14	5	5	5	5	5	5	3	11	5	5	5	14	5	5	5	5	5	5	20	20	1	20	1	1	1	1	1	1	1	1	1	1	12	1	5	5	31	31	5	5	3	31	21	21
10090	5	5	14	14	31	27	5	14	15	5	2	6	3	3	1	1	4	9	1	1	9	28	3	26	14	14	5	5	5	5	5	5	11	11	5	5	5	25	5	5	5	5	5	5	5	14	5	5	9	9	9	23	1	9	7	1	7	7	5	16	4	15	13	31	2	14	14	13	14	14
10100	5	5	7	14	24	27	14	14	5	5	28	6	3	3	1	1	1	9	1	1	1	28	3	26	5	14	5	5	5	5	5	5	25	11	5	5	5	25	5	5	5	5	5	5	14	14	14	14	1	1	7	21	7	7	3	7	3	3	1	31	3	14	30	30	4	21	5	30	12	12
10110	5	5	14	14	27	27	5	14	5	5	12	6	9	3	1	1	1	9	1	1	1	28	5	26	5	14	5	5	5	5	5	5	15	11	5	5	5	15	5	5	5	5	5	5	5	5	5	5	1	1	1	12	1	1	1	1	1	9	2	12	5	5	16	27	5	14	2	27	2	2
10120	5	5	5	14	30	27	5	14	5	5	2	6	3	3	1	1	1	9	1	1	1	28	26	26	5	14	5	5	5	5	5	5	4	11	5	5	15	15	5	5	5	15	5	5	18	31	1	29	1	1	1	1	1	1	1	1	7	7	7	16	5	5	10	30	5	5	5	24	21	21
10130	5	5	5	14	7	27	5	14	5	5	3	6	2	3	1	1	1	9	1	1	1	28	25	26	5	14	5	5	5	5	5	5	11	11	5	5	5	25	5	5	5	5	5	5	5	25	5	5	1	1	1	12	1	1	4	1	17	10	3	26	4	5	17	18	5	5	3	28	3	3
10140	5	5	1	14	2	27	5	14	5	5	1	6	3	3	1	1	1	9	1	1	12	28	18	26	3	14	5	5	5	5	5	5	11	11	5	5	5	25	5	5	5	5	5	5	9	18	1	23	1	12	1	1	1	1	1	1	7	7	14	7	5	5	4	13	9	12	3	9	14	14
10150	13	5	5	14	8	27	8	14	5	5	3	6	7	3	1	1	12	9	5	1	5	28	11	26	3	14	5	5	5	5	5	5	15	11	5	5	5	15	5	5	5	5	5	5	4	11	5	15	5	5	5	5	12	12	5	12	21	21	5	21	2	22	2	8	2	13	28	2	28	28
10160	5	5	5	14	26	27	5	14	5	5	22	6	1	3	1	1	1	9	1	1	6	28	7	26	3	14	5	5	5	5	5	5	4	11	5	5	5	15	5	5	5	5	5	5	1	7	1	12	1	6	1	1	1	1	1	1	1	1	25	27	5	5	8	31	5	5	3	22	25	25
10170	5	5	5	14	26	27	5	14	5	5	1	6	1	3	1	1	1	9	1	1	1	28	3	26	14	14	5	5	5	5	5	5	3	11	5	5	5	14	5	5	5	5	5	5	5	14	13	5	1	1	1	20	1	1	1	1	1	1	3	1	5	5	4	31	10	5	11	10	11	11
10180	5	5	14	14	31	27	14	14	5	5	2	6	3	3	1	1	1	9	1	1	1	28	26	26	3	14	5	5	5	5	5	5	3	11	5	5	5	14	5	5	5	5	5	5	26	26	31	31	1	1	31	31	31	31	28	31	31	31	5	31	5	14	14	31	5	14	14	14	14	14
10190	5	5	5	14	13	27	5	14	5	5	1	6	3	3	1	1	4	9	1	1	9	28	9	26	5	14	5	5	5	5	5	5	3	11	12	5	5	21	5	5	5	5	5	5	5	23	5	5	9	9	23	23	23	23	23	23	29	29	10	29	5	5	5	13	5	5	5	5	24	24
10200	5	5	13	14	2	27	5	14	5	5	1	6	3	3	7	1	1	9	1	1	1	28	7	26	3	14	5	5	5	5	5	5	3	11	5	5	5	14	5	5	5	5	5	5	1	7	1	12	1	1	1	1	1	1	7	7	7	7	1	7	5	5	2	13	2	13	11	2	18	18
10210	5	5	12	14	13	27	5	14	5	5	3	6	1	3	1	1	1	9	1	1	2	28	3	26	3	14	5	5	5	5	5	5	3	11	5	5	5	14	5	5	5	5	5	5	5	3	5	5	12	6	12	12	12	12	12	12	23	12	3	29	5	5	1	13	10	12	16	17	16	16
10220	18	5	2	14	4	27	3	14	3	5	3	6	7	3	3	1	3	9	5	1	5	28	1	26	15	14	5	5	5	5	5	5	3	11	4	5	11	11	3	5	8	11	31	22	1	23	5	31	5	5	3	5	3	3	3	3	2	7	5	8	4	3	3	4	3	26	24	3	24	24
10230	5	5	5	14	3	27	5	14	5	5	3	6	25	3	4	1	1	9	3	1	4	28	2	26	6	14	4	5	3	5	2	5	5	11	5	5	15	5	5	8	7	15	8	18	3	6	4	8	3	11	1	11	2	1	3	10	3	25	1	3	15	5	3	25	3	5	6	3	6	6
10240	1	5	16	14	5	27	2	14	11	5	5	6	3	3	2	1	10	9	3	1	3	28	1	26	1	14	1	5	4	5	4	5	13	11	5	5	3	13	3	4	6	3	8	6	2	1	14	8	3	3	2	14	2	10	15	2	12	25	28	12	18	19	3	29	18	16	4	18	28	28
10250	5	5	5	14	3	27	5	14	5	5	21	6	3	3	3	1	3	9	1	1	1	28	8	26	3	14	5	5	5	5	5	5	3	11	5	5	3	14	5	5	14	14	5	14	3	8	14	14	1	1	3	21	3	3	3	3	3	3	1	21	21	5	1	21	23	5	5	23	12	12
10260	5	5	14	14	26	27	5	14	5	5	1	6	3	3	1	1	1	9	1	1	1	28	1	26	14	14	5	5	5	5	5	5	4	11	5	5	5	15	5	5	5	5	5	5	5	21	5	5	1	1	1	12	1	1	1	1	7	7	10	7	5	5	5	31	16	14	1	27	17	17
10270	5	5	5	14	5	27	14	14	5	5	12	6	1	3	1	1	1	9	1	1	1	28	1	26	5	14	5	5	5	5	5	5	15	11	5	5	5	15	5	5	5	5	5	5	12	12	1	12	1	1	1	1	1	1	1	1	1	1	5	12	5	14	5	5	10	5	12	24	12	12
10280	5	5	13	14	5	27	5	14	5	5	5	6	27	3	1	1	1	9	1	1	31	28	18	26	5	14	5	5	5	5	5	5	3	11	5	5	5	14	5	5	5	5	5	5	14	29	5	14	20	31	1	20	1	1	1	1	22	27	29	22	5	5	5	5	5	13	3	5	29	29
10290	12	5	1	14	1	27	3	14	2	5	4	6	4	3	1	1	1	9	14	1	5	28	3	26	11	14	5	5	5	5	5	5	5	11	5	5	5	5	5	5	5	5	5	5	5	11	5	5	5	14	1	5	1	1	4	1	4	4	5	4	5	8	4	12	4	12	13	4	13	13
10300	15	5	5	14	4	27	5	14	15	5	2	6	10	3	1	1	1	9	1	1	1	28	9	26	5	14	5	5	5	5	5	5	3	11	5	5	5	14	5	5	5	5	5	5	12	23	1	12	1	1	1	1	1	1	1	1	17	17	10	17	15	15	1	15	19	15	1	26	17	17
10310	5	5	14	14	28	27	5	14	5	5	1	6	7	3	1	1	1	9	1	1	23	28	18	26	5	14	5	5	5	5	5	5	11	11	5	5	5	25	5	5	5	5	5	5	25	29	5	25	23	23	1	23	1	1	1	1	7	7	1	7	5	5	28	28	5	14	1	28	1	1
10320	5	5	5	14	27	27	5	14	5	5	2	6	3	3	1	1	1	9	1	1	1	28	16	26	3	14	5	5	5	5	5	5	3	11	5	5	5	14	5	5	5	5	5	5	1	16	12	12	1	1	1	12	1	1	1	1	7	7	5	16	5	5	9	27	5	5	13	23	13	13
10330	5	5	5	14	14	27	5	14	5	5	1	6	1	3	1	1	1	9	1	1	1	28	1	26	14	14	5	5	5	5	5	5	4	11	5	5	5	15	5	5	5	5	5	5	12	21	12	12	1	1	1	12	1	1	1	1	1	1	3	1	5	5	5	14	5	5	5	5	14	14
10340	20	5	5	14	5	27	5	14	5	5	2	6	3	3	1	1	1	9	1	1	1	28	18	26	3	14	5	5	5	5	5	5	3	11	5	5	5	14	5	5	5	5	5	5	9	18	1	23	1	1	1	1	1	1	1	1	7	7	7	16	5	5	4	5	31	20	3	31	7	7
10350	5	5	3	14	27	27	5	14	5	5	1	6	3	3	1	1	1	9	1	1	6	28	8	26	5	14	5	5	5	5	5	5	11	11	5	5	5	25	5	5	5	5	5	5	5	22	5	5	6	6	20	20	20	20	20	20	22	27	5	27	5	5	31	27	3	14	9	31	23	23
10360	5	5	5	14	26	27	5	14	5	5	2	6	3	3	1	1	3	9	1	1	1	28	19	26	3	14	5	5	5	5	5	5	3	11	5	5	5	14	5	5	5	5	5	5	8	19	22	22	1	1	31	27	27	31	27	27	27	27	26	27	5	5	27	31	2	5	2	27	26	26
10370	5	5	22	14	5	27	5	14	5	5	1	6	3	3	1	1	4	9	1	1	28	28	3	26	14	14	5	5	5	5	5	5	11	11	5	5	5	25	5	5	5	5	5	5	5	14	5	5	28	28	28	28	28	28	23	28	29	29	23	29	5	5	5	5	22	22	4	22	23	23
10380	11	5	4	14	5	27	5	14	5	5	4	6	3	3	13	1	2	9	2	1	2	28	23	26	3	14	5	5	12	5	5	5	4	11	4	5	2	4	12	12	6	20	10	20	2	29	2	10	2	2	2	2	2	2	13	13	25	22	4	25	5	5	13	5	1	11	23	20	23	23
10390	5	5	19	14	18	27	5	14	5	5	1	6	1	3	1	1	1	9	1	1	1	28	7	26	3	14	5	5	5	5	5	5	11	11	5	5	5	25	5	5	5	5	5	5	1	7	1	12	1	1	1	1	1	1	1	1	1	1	1	1	5	5	4	29	30	30	5	30	12	12
10400	5	5	5	14	3	27	14	14	5	5	4	6	3	3	9	1	1	9	1	1	1	28	5	26	5	14	5	5	5	5	5	5	18	11	5	5	5	29	5	5	5	5	5	5	12	5	1	12	1	1	1	1	1	1	4	9	4	11	1	4	3	14	5	3	5	5	7	5	7	7
10410	5	5	14	14	22	27	5	14	5	5	2	6	3	3	1	1	4	9	1	1	28	28	3	26	14	14	5	5	5	5	5	5	11	11	5	5	15	25	5	5	5	15	5	5	5	14	5	5	28	28	28	28	28	28	28	28	31	31	2	31	5	5	20	22	3	14	6	27	6	6
10420	13	5	3	14	13	27	14	14	5	5	1	6	1	3	9	1	1	9	1	1	12	28	10	26	5	14	5	5	5	5	5	5	4	11	5	5	5	15	5	5	5	5	5	5	5	24	5	5	5	12	5	5	1	12	1	9	1	1	14	1	5	14	1	13	22	22	4	27	25	25
10430	15	5	5	14	15	27	4	14	4	5	1	6	1	3	3	1	1	9	4	1	4	28	6	26	5	14	5	5	5	5	5	5	5	11	5	5	5	5	5	5	5	5	5	5	5	20	5	5	15	4	25	15	28	29	1	31	1	1	5	1	2	4	1	24	1	15	14	1	14	14
10440	5	5	5	14	5	27	5	14	5	5	2	6	10	3	4	1	4	9	1	1	23	28	2	26	14	14	5	5	5	5	5	5	4	11	5	5	5	15	5	5	5	5	5	5	5	22	5	5	15	23	4	15	4	4	4	4	17	10	4	17	5	5	5	5	28	5	4	28	4	4
10450	5	5	24	14	1	27	5	14	5	5	4	6	3	3	1	1	1	9	1	1	1	28	3	26	5	14	5	5	5	5	5	5	4	11	5	5	5	15	5	5	5	5	5	5	5	14	5	5	1	1	1	12	1	1	1	1	16	7	14	26	7	5	8	7	3	24	3	8	14	14
10460	5	5	5	14	16	27	5	14	5	5	4	6	16	3	2	1	4	9	1	1	10	28	20	26	5	14	5	5	5	5	5	5	11	11	5	5	15	25	5	5	5	15	5	5	20	20	2	20	9	17	4	17	4	4	4	10	26	26	3	26	5	5	27	27	5	5	24	27	30	30
10470	11	5	3	14	8	27	3	14	3	5	5	6	19	3	1	1	1	9	1	1	1	28	31	26	5	14	5	5	5	5	5	5	4	11	5	5	5	15	5	5	5	5	5	5	12	31	12	12	1	1	1	12	1	1	1	1	26	26	2	31	1	3	16	16	3	11	7	16	16	16
10480	5	5	14	14	1	27	22	14	5	5	1	6	1	3	1	1	4	9	1	1	1	28	26	26	5	14	5	5	5	5	5	5	3	11	5	5	5	14	5	5	5	5	5	5	31	31	31	31	1	1	30	31	30	30	31	31	31	31	19	31	29	22	31	29	5	14	1	31	26	26
10490	3	5	14	14	9	27	5	14	5	5	5	6	3	3	1	1	3	9	1	1	28	28	16	26	3	14	5	5	5	5	5	5	5	11	5	5	5	5	5	5	5	5	5	5	5	16	5	5	28	28	28	28	30	31	29	31	29	29	28	29	5	5	29	23	5	14	3	29	31	31
10500	5	5	21	14	3	27	14	14	5	5	1	6	3	3	1	1	4	9	1	1	1	28	3	26	3	14	5	5	5	5	5	5	3	11	5	5	5	14	5	5	5	5	5	5	3	3	14	14	1	1	21	21	29	29	29	29	29	29	13	29	3	14	3	3	12	21	5	21	13	13
10510	5	5	5	14	26	27	18	14	4	5	20	6	3	3	1	1	1	9	1	1	1	28	17	26	5	14	5	5	5	5	5	5	3	11	5	5	5	14	5	5	5	5	5	5	12	28	1	12	1	1	1	1	1	1	3	1	3	3	2	27	1	18	24	26	5	5	24	24	24	24
10520	5	5	5	14	26	27	5	14	5	5	1	6	3	3	1	1	1	9	1	1	1	28	6	26	5	14	5	5	5	5	5	5	4	11	5	5	15	15	5	5	5	15	5	5	12	20	1	12	1	1	1	1	1	1	1	1	7	7	1	7	5	5	31	31	5	5	10	31	17	17
10530	5	5	5	14	5	27	14	14	5	5	1	6	3	3	1	1	5	9	1	1	1	28	26	26	3	14	5	5	5	5	5	5	4	11	5	5	5	15	5	5	5	5	5	5	26	26	31	31	1	1	31	31	31	31	30	31	30	30	5	31	14	14	3	14	5	5	14	14	14	14
10540	5	5	5	14	28	27	3	14	5	5	1	6	3	3	1	1	1	9	1	1	1	28	7	26	3	14	5	5	5	5	5	5	11	11	5	5	14	25	5	5	14	14	3	14	7	7	1	7	1	1	1	1	1	1	1	1	7	7	4	7	3	14	18	31	5	5	21	29	29	29
10550	5	5	14	14	27	27	5	14	5	5	2	6	3	3	1	1	1	9	1	1	1	28	2	26	14	14	5	5	5	5	5	5	4	11	5	5	5	15	5	5	5	5	5	5	5	22	5	5	1	1	12	12	12	12	12	12	21	21	2	27	5	5	5	27	14	14	21	14	27	27
10560	5	5	5	14	28	27	14	14	5	5	2	6	3	3	1	1	4	9	1	1	1	28	19	26	5	14	5	5	5	5	5	5	4	11	5	5	5	15	5	5	5	5	5	5	22	30	22	22	1	1	27	27	29	31	29	29	29	29	3	31	5	14	15	28	5	5	9	15	18	18
10570	5	5	5	14	21	27	14	14	5	5	1	6	3	3	1	1	1	9	1	1	1	28	16	26	5	14	5	5	5	5	5	5	11	11	5	5	5	25	5	5	5	5	5	5	27	27	21	27	1	1	7	21	7	7	7	7	7	7	1	7	5	14	21	21	5	5	1	21	1	1
10580	5	5	5	14	28	27	5	14	5	5	1	6	3	3	1	1	1	9	1	1	1	28	26	26	5	14	5	5	5	5	5	5	5	11	5	5	5	5	5	5	5	5	5	5	12	31	12	12	1	1	12	12	1	12	1	1	7	7	4	7	5	5	1	28	12	5	23	12	23	23
10590	5	5	5	14	31	27	5	14	5	5	3	6	5	3	1	1	1	9	1	1	1	28	3	26	14	14	5	5	5	5	5	5	4	11	5	5	5	15	5	5	5	5	5	5	5	14	5	5	1	1	1	12	1	1	1	1	12	12	2	21	5	5	27	31	4	5	19	31	19	19
10600	14	5	5	14	16	27	5	14	5	5	8	6	3	3	1	1	1	9	1	1	7	28	3	26	3	14	5	5	5	5	5	5	3	11	5	5	14	14	5	5	14	14	3	14	3	3	3	3	7	7	7	7	7	7	3	7	3	3	1	8	5	5	29	27	3	14	3	29	7	7
10610	5	5	5	14	5	27	14	14	5	5	1	6	1	3	1	1	1	9	1	1	1	28	26	26	5	14	5	5	5	5	5	5	4	11	5	5	5	15	5	5	5	5	5	5	12	31	12	12	1	1	1	12	1	1	1	1	1	1	1	1	5	14	15	5	5	5	4	15	9	9
10620	15	5	3	14	3	27	3	14	3	5	1	6	4	3	1	1	1	9	1	1	1	28	7	26	3	14	5	5	5	5	5	5	4	11	5	5	5	15	5	5	5	5	5	5	1	7	1	12	1	1	1	1	1	1	6	1	17	17	1	17	3	3	3	3	4	25	10	11	17	17
10630	5	5	5	14	22	27	14	14	5	5	1	6	1	3	1	1	1	9	1	1	1	28	31	26	3	14	5	5	5	5	5	5	3	11	5	5	5	14	5	5	5	5	5	5	12	31	1	12	1	1	1	1	1	1	1	1	1	1	20	1	5	14	5	22	5	5	5	5	20	20
10640	5	5	27	14	31	27	5	14	5	5	1	6	3	3	1	1	1	9	1	1	1	28	26	26	5	14	5	5	5	5	5	5	5	11	5	5	5	5	5	5	5	5	5	5	31	31	31	31	1	1	24	31	23	28	23	23	31	29	1	31	5	5	1	31	20	27	13	20	20	20
10650	5	5	5	14	4	27	3	14	3	5	2	6	3	3	1	1	3	9	1	1	5	28	5	26	5	14	5	5	5	5	5	5	3	11	5	5	5	14	5	5	5	5	5	5	5	5	5	5	12	12	20	12	21	27	29	21	29	29	2	31	7	3	2	18	13	5	2	13	2	2
10660	5	5	5	14	8	27	5	14	5	5	24	6	1	3	1	1	1	9	1	1	1	28	28	26	5	14	5	5	5	5	5	5	4	11	5	5	5	15	5	5	5	5	5	5	12	28	1	12	1	1	1	1	1	1	1	1	1	1	14	28	5	5	22	22	5	5	5	22	14	14
10670	5	5	5	14	2	27	5	14	5	5	22	6	5	3	5	1	2	9	5	1	5	28	16	26	5	14	5	5	5	5	5	5	14	11	5	5	5	14	5	5	5	5	5	5	5	27	5	5	5	5	5	5	5	13	5	5	5	5	2	22	15	5	4	24	4	5	4	4	10	10
10680	5	5	5	14	3	27	5	14	5	5	24	6	1	3	1	1	1	9	1	1	6	28	7	26	3	14	5	5	5	5	5	5	4	11	5	5	5	15	5	5	12	5	1	12	1	7	1	1	1	6	1	1	1	1	1	1	1	1	21	28	13	5	5	22	5	5	5	5	21	21
10690	11	5	5	14	29	27	5	14	5	5	17	6	1	3	1	1	1	9	1	1	12	28	17	26	5	14	5	5	5	5	5	5	3	11	14	5	5	14	5	5	5	5	5	5	5	28	5	5	12	12	1	12	1	1	1	1	1	1	26	17	4	5	28	29	4	25	3	28	26	26
10700	5	5	14	14	8	27	5	14	5	5	2	6	3	3	1	1	9	9	1	1	12	28	17	26	5	14	5	5	5	5	5	5	3	11	5	5	5	14	5	5	5	5	5	5	5	28	5	5	12	12	1	12	1	9	3	1	8	3	2	8	5	5	2	22	13	14	10	13	10	10
10710	5	5	5	14	17	27	14	14	5	5	2	6	3	3	4	1	4	9	1	1	12	28	11	26	3	14	5	5	5	5	5	5	11	11	5	5	15	25	5	5	15	15	15	15	3	11	15	25	5	12	15	15	15	15	15	15	25	25	10	30	5	14	17	28	3	5	5	26	24	24
10720	5	5	5	14	27	27	5	14	5	5	2	6	7	3	1	1	1	9	1	1	23	28	26	26	5	14	5	5	5	5	5	5	11	11	5	5	5	25	5	5	5	5	5	5	5	31	5	5	23	23	9	23	1	9	1	1	7	7	7	16	5	5	14	27	5	5	5	14	21	21
10730	5	5	5	14	3	27	5	14	5	5	2	6	5	3	1	1	1	9	1	1	12	28	15	26	5	14	5	5	5	5	5	5	11	11	5	5	5	25	5	5	5	5	5	5	5	15	5	5	12	12	1	12	1	1	1	1	12	12	1	20	13	5	6	22	1	5	1	6	1	1
10740	5	5	3	14	13	27	5	14	5	5	2	6	3	3	1	1	4	9	1	1	1	28	26	26	3	14	5	5	5	5	5	5	4	11	5	5	5	15	5	5	5	5	5	5	5	26	5	5	1	1	29	12	18	29	3	18	21	3	2	27	5	5	4	13	4	14	2	4	2	2
10750	25	5	3	14	29	27	5	14	5	5	2	6	14	3	1	1	1	9	1	1	1	28	26	26	3	14	5	5	5	5	5	5	11	11	5	5	5	25	5	5	5	5	5	5	1	26	1	12	1	1	1	1	1	1	1	1	21	21	5	27	5	5	23	29	5	25	23	23	23	23
10760	5	5	14	14	29	27	3	14	15	5	1	6	3	3	1	1	1	9	1	1	15	28	6	26	5	14	5	5	5	5	5	5	9	11	5	5	5	23	5	5	5	5	5	5	12	20	1	12	15	23	15	23	23	23	23	23	29	29	5	29	3	25	3	29	3	14	15	3	15	15
10770	5	5	14	14	5	27	3	14	5	5	2	6	3	3	1	1	1	9	1	1	6	28	17	26	5	14	5	5	5	5	5	5	4	11	5	5	5	15	5	5	5	5	5	5	17	28	17	28	2	6	9	17	9	9	18	9	18	18	1	26	5	14	12	5	3	14	26	21	26	26
10780	5	5	5	14	16	27	5	14	5	5	1	6	3	3	1	1	1	9	1	1	1	28	26	26	5	14	5	5	5	5	5	5	4	11	5	5	5	15	5	5	5	5	5	5	15	31	15	15	1	1	23	23	23	23	15	23	25	25	3	29	5	5	31	27	5	5	14	31	14	14
10790	5	5	5	14	5	27	5	14	5	5	1	6	4	3	3	1	4	9	20	1	5	28	15	26	3	14	5	5	5	5	5	5	11	11	5	5	5	25	5	5	5	5	5	5	5	25	5	5	5	20	2	5	10	10	19	19	19	19	1	26	5	5	4	5	1	5	6	9	6	6
10800	3	5	14	14	6	27	14	14	5	5	1	6	1	3	1	1	1	9	1	1	1	28	11	26	3	14	5	5	5	5	5	5	9	11	5	5	5	23	5	5	5	5	1	5	1	11	1	1	1	1	1	1	1	1	1	1	1	1	1	1	1	14	1	6	1	14	21	1	21	21
10810	13	5	3	14	5	27	5	14	5	5	1	6	26	3	1	1	1	9	1	1	1	28	6	26	5	14	5	5	5	5	5	5	5	11	5	5	5	5	5	5	5	5	5	5	12	20	1	12	1	1	1	1	1	1	1	1	26	26	5	26	5	5	5	5	22	22	8	22	22	22
10820	5	5	4	14	15	27	5	14	5	5	3	6	3	3	3	1	3	9	5	1	5	28	19	26	3	14	5	5	5	5	5	5	3	11	5	5	14	14	5	5	5	14	5	5	8	19	22	22	5	5	3	22	3	3	3	3	3	3	4	3	4	5	4	15	4	15	3	4	11	11
10830	5	5	5	14	3	27	3	14	5	5	8	6	1	3	1	1	1	9	1	1	1	28	7	26	3	14	5	5	5	5	5	5	11	11	5	5	14	25	5	5	3	14	5	14	12	7	12	12	1	1	1	12	1	1	1	1	1	1	5	16	3	14	3	3	3	5	3	3	14	14
10840	24	5	3	14	16	27	7	14	2	5	11	6	4	3	4	1	19	9	5	1	5	28	5	26	5	14	5	5	5	5	5	5	11	11	5	5	5	25	5	5	5	5	5	5	5	5	5	5	5	5	5	5	25	30	4	25	4	4	13	11	1	16	13	16	2	30	3	13	22	22
10850	5	5	5	14	31	27	5	14	5	5	1	6	3	3	1	1	4	9	1	1	1	28	18	26	3	14	5	5	5	5	5	5	4	11	5	5	5	15	5	5	5	5	5	5	7	18	21	21	1	1	21	21	29	29	25	29	25	25	4	29	5	5	31	31	5	5	24	31	24	24
10860	5	5	5	14	31	27	5	14	5	5	2	6	3	3	1	1	1	9	1	1	1	28	16	26	5	14	5	5	5	5	5	5	11	11	5	5	25	25	5	5	5	25	5	5	12	27	1	12	1	1	1	1	1	1	1	1	7	7	11	16	5	5	24	31	2	5	3	24	11	11
10870	5	5	14	14	3	27	5	14	1	5	5	6	3	3	1	1	5	9	1	1	1	28	18	26	5	14	5	5	5	5	5	5	3	11	5	5	5	14	5	5	5	5	5	5	29	29	29	29	1	1	27	29	27	27	27	27	30	27	13	30	25	12	18	25	5	14	5	29	13	13
10880	5	5	14	14	16	27	5	14	5	5	1	6	1	3	1	1	1	9	1	1	1	28	1	26	14	14	5	5	5	5	5	5	11	11	5	5	5	25	5	5	5	5	5	5	12	21	1	12	1	1	1	1	1	1	1	1	1	1	1	1	5	5	27	27	3	14	1	27	1	1
10890	26	5	3	14	15	27	5	14	5	5	2	6	4	3	1	1	1	9	1	1	1	28	5	26	5	14	5	5	5	5	5	5	11	11	5	5	5	25	5	5	5	5	5	5	5	5	5	5	1	1	5	12	12	12	23	12	23	23	9	28	5	5	22	15	1	26	1	27	9	9
10900	8	5	3	14	12	27	2	14	19	5	4	6	11	3	1	1	6	9	2	1	2	28	4	26	4	14	5	5	5	5	24	5	14	11	5	5	5	14	5	24	5	5	5	5	2	4	13	13	2	2	2	13	1	6	1	1	19	18	12	19	5	19	5	12	26	8	1	31	12	12
10910	5	5	5	14	29	27	5	14	5	5	4	6	5	3	1	1	1	9	1	1	2	28	4	26	14	14	5	5	5	5	5	5	3	11	5	5	5	14	5	5	5	5	5	5	14	25	3	14	6	6	1	16	1	1	2	1	13	13	3	24	5	5	8	29	2	5	8	8	8	8
10920	5	5	3	14	26	27	15	14	5	5	1	6	3	3	1	1	4	9	1	1	1	28	26	26	5	14	5	5	5	5	5	5	3	11	5	5	5	14	5	5	5	5	5	5	26	31	31	31	1	1	30	31	30	30	30	31	30	30	6	31	2	15	1	26	29	14	1	29	6	6
10930	5	5	5	14	27	27	5	14	5	5	7	6	3	3	1	1	1	9	1	1	1	28	16	26	5	14	5	5	5	5	5	5	11	11	5	5	5	25	5	5	5	5	5	5	12	27	12	12	1	1	1	12	1	1	3	1	3	3	6	7	5	5	27	27	5	5	5	27	20	20
10940	5	5	5	14	13	27	5	14	5	5	1	6	3	3	1	1	4	9	1	1	1	28	26	26	5	14	5	5	5	5	5	5	11	11	5	5	5	25	5	5	5	5	5	5	31	31	31	31	1	1	31	31	31	31	30	31	30	30	13	31	5	5	13	13	5	5	2	13	13	13
10950	5	5	5	14	3	27	14	14	5	5	2	6	3	3	1	1	1	9	1	1	1	28	17	26	3	14	5	5	5	5	5	5	3	11	5	5	14	14	5	5	14	14	3	14	6	26	1	16	1	1	1	1	1	1	1	1	7	7	18	16	3	14	3	3	6	5	2	16	26	26
10960	5	5	31	14	2	27	5	14	5	5	4	6	3	3	5	1	1	9	1	1	18	28	5	26	5	14	5	5	5	5	5	5	5	11	5	5	5	5	5	5	5	5	5	5	5	5	5	5	18	18	31	29	31	31	19	31	30	19	22	30	5	5	16	13	4	31	1	26	27	27
10970	13	5	5	14	31	27	5	14	5	5	1	6	1	3	1	1	1	9	1	1	23	28	16	26	5	14	5	5	5	5	5	5	4	11	12	5	5	23	5	5	5	5	5	5	8	27	22	22	5	23	8	22	7	16	1	7	6	1	5	6	5	5	4	31	2	13	14	10	14	14
10980	5	5	5	14	26	27	5	14	5	5	2	6	22	3	1	1	1	9	1	1	1	28	16	26	5	14	5	5	5	5	5	5	11	11	5	5	15	25	5	5	15	15	5	15	12	27	12	12	1	1	1	12	1	1	1	1	27	27	5	27	5	5	18	31	5	5	15	29	15	15
10990	5	5	15	14	27	27	5	14	5	5	16	6	3	3	1	1	4	9	1	1	1	28	17	26	3	14	5	5	5	5	5	5	11	11	5	5	15	25	5	5	5	15	5	5	26	26	29	31	1	1	29	29	21	29	21	21	5	21	5	27	5	5	13	27	5	15	1	13	12	12
11000	5	5	5	14	31	27	5	14	5	5	1	6	3	3	1	1	4	9	1	1	20	28	11	26	5	14	5	5	5	5	5	5	11	11	5	5	5	25	5	5	5	5	5	5	5	25	5	5	20	20	20	20	28	28	24	28	30	30	6	31	5	5	31	31	5	5	2	31	6	6
11010	5	5	5	14	28	27	5	14	21	5	1	6	1	3	1	1	1	9	1	1	12	28	5	26	5	14	5	5	5	5	5	5	11	11	5	5	5	25	5	5	5	5	5	5	5	5	5	5	1	12	1	12	1	1	1	1	1	1	2	1	5	21	3	28	3	5	21	3	27	27
11020	5	5	5	14	5	27	5	14	5	5	6	6	3	3	1	1	1	9	1	1	9	28	4	26	4	14	5	5	5	5	5	5	4	11	5	5	5	15	5	5	5	5	5	5	4	4	5	15	28	9	24	28	28	28	3	28	3	3	5	16	5	5	5	5	5	5	3	5	14	14
11030	5	5	5	14	19	27	3	14	3	5	2	6	3	3	1	1	4	9	1	1	28	28	3	26	14	14	5	5	5	5	5	5	11	11	5	5	5	25	5	5	5	5	5	5	5	14	5	5	28	28	20	28	28	28	28	28	28	31	21	28	3	3	19	19	3	5	3	19	21	21
11040	5	5	5	14	13	27	5	14	5	5	5	6	7	3	2	1	1	9	1	1	1	28	18	26	3	14	5	5	5	5	5	5	3	11	5	5	14	14	5	5	5	14	5	5	18	18	18	29	1	1	7	18	1	7	2	6	26	16	5	31	5	5	19	13	5	5	8	30	22	22
11050	4	5	14	14	3	27	5	14	5	5	5	6	5	3	5	1	5	9	1	1	1	28	4	26	4	14	5	5	5	5	5	5	15	11	5	5	5	15	5	5	5	5	5	5	5	4	5	5	1	1	5	12	5	5	5	5	5	5	16	5	2	5	3	8	4	25	3	11	16	16
11060	5	5	7	14	31	27	5	14	5	5	9	6	1	3	1	1	1	9	1	1	1	28	6	26	5	14	5	5	5	5	5	5	11	11	5	5	5	25	5	5	5	5	5	5	1	20	1	12	1	1	1	1	1	1	1	1	1	1	5	9	5	5	5	31	5	21	5	5	5	5
11070	5	5	10	14	10	27	7	14	5	5	2	6	3	3	5	1	4	9	1	1	1	28	16	26	3	14	5	5	5	5	5	5	5	11	5	5	5	5	5	5	5	5	5	5	16	16	27	27	1	1	16	27	26	26	21	31	29	21	1	31	3	21	3	19	10	24	2	19	6	6
11080	5	5	11	14	21	27	5	14	5	5	4	6	19	3	1	1	1	9	1	1	1	28	1	26	5	14	5	5	5	5	5	5	3	11	5	5	5	14	5	5	5	5	5	5	12	12	1	12	1	1	1	1	1	1	1	1	17	26	3	17	5	5	14	21	5	25	5	14	14	14
11090	5	5	19	14	15	27	2	14	5	5	1	6	14	3	1	1	1	9	1	1	1	28	17	26	3	14	5	5	5	5	5	5	3	11	5	5	5	14	5	5	5	5	5	5	9	26	23	23	1	1	1	23	1	1	1	1	21	21	1	21	3	13	14	25	2	30	30	22	31	31
11100	2	5	25	14	21	27	5	14	5	5	11	6	3	3	3	1	14	9	5	1	5	28	3	26	21	14	5	5	5	5	5	5	3	11	5	5	5	14	5	5	5	5	5	5	5	21	5	5	5	5	5	5	14	14	14	14	3	14	23	11	5	5	3	21	28	30	3	31	29	29
11110	5	5	5	14	25	27	14	14	5	5	1	6	4	3	1	1	1	9	1	1	12	28	3	26	5	14	5	5	5	5	5	5	11	11	5	5	5	25	5	5	5	5	5	5	5	14	5	5	12	12	1	12	1	1	1	1	9	9	4	9	5	14	5	25	5	5	13	5	24	24
11120	5	5	5	14	3	27	5	14	5	5	2	6	2	3	1	1	1	9	1	1	1	28	6	26	5	14	5	5	5	5	5	5	11	11	5	5	5	25	5	5	5	5	5	5	20	20	20	20	1	1	2	20	6	6	6	6	6	6	1	6	13	5	2	22	6	5	23	6	23	23
11130	3	5	3	14	1	27	5	14	5	5	5	6	27	3	5	1	4	9	1	1	9	28	4	26	3	14	15	5	5	5	5	5	8	11	5	5	5	22	13	5	5	13	4	15	4	11	4	4	9	9	15	9	15	15	5	15	20	27	3	20	27	5	15	27	3	3	3	25	3	3
11140	5	5	5	14	21	27	5	14	5	5	2	6	4	3	1	1	1	9	1	1	1	28	26	26	3	14	5	5	5	5	5	5	4	11	5	5	5	15	5	5	5	5	5	5	26	26	31	31	1	1	31	31	31	31	31	31	31	31	12	31	5	5	5	21	5	5	5	5	12	12
11150	5	5	5	14	10	27	5	14	5	5	24	6	3	3	3	1	1	9	1	1	1	28	23	26	5	14	5	5	5	5	5	5	11	11	5	5	5	25	5	5	5	5	5	5	12	23	12	12	1	1	12	12	12	12	3	21	3	3	1	30	5	5	5	24	5	5	29	5	29	29
11160	5	5	5	14	1	27	5	14	5	5	24	6	1	3	1	1	1	9	1	1	12	28	5	26	5	14	5	5	5	5	5	5	3	11	5	5	5	14	5	5	5	5	5	5	5	5	5	5	12	12	1	12	1	1	1	1	1	1	3	28	5	5	1	12	22	5	3	27	3	3
11170	1	5	16	14	5	27	5	14	5	5	5	6	4	3	1	1	7	9	3	1	3	28	3	26	13	14	5	5	5	5	5	5	3	11	5	5	5	14	5	5	5	5	5	5	14	22	3	14	3	3	3	3	7	7	16	7	16	26	1	27	31	5	10	31	2	16	5	10	12	12
11180	5	5	5	14	5	27	5	14	5	5	7	6	5	3	1	1	1	9	1	1	1	28	29	26	3	14	5	5	5	5	5	5	11	11	5	5	5	25	5	5	5	5	5	5	12	29	1	12	1	1	1	1	1	1	1	1	1	12	2	7	5	5	5	5	14	5	15	14	24	24
11190	5	5	5	14	5	27	5	14	5	5	6	6	1	3	1	1	1	9	1	1	1	28	16	26	3	14	12	5	5	5	5	5	4	11	5	5	5	15	5	5	5	5	12	12	1	16	1	12	1	1	1	1	1	1	1	1	1	1	4	6	5	5	5	5	5	5	6	5	17	17
11200	5	5	31	14	22	27	5	14	5	5	1	6	25	3	1	1	1	9	1	1	1	28	31	26	3	14	5	5	5	5	5	5	4	11	5	5	5	15	5	5	5	5	5	5	12	31	1	12	1	1	1	1	1	1	1	1	29	29	5	29	5	5	3	22	25	31	4	25	15	15
11210	5	5	14	14	29	27	14	14	5	5	1	6	3	3	1	1	4	9	1	1	13	28	3	26	14	14	5	5	5	5	5	5	4	11	5	5	5	15	5	5	5	5	5	5	5	14	5	5	20	20	6	20	17	17	17	17	30	26	24	31	5	14	25	29	3	14	3	25	30	30
11220	5	5	5	14	30	27	5	14	5	5	3	6	3	3	1	1	1	9	1	1	1	28	1	26	5	14	5	5	5	5	5	5	11	11	5	5	4	25	5	5	5	15	5	5	12	12	1	12	1	1	1	1	1	1	1	1	7	7	19	7	5	5	1	30	24	5	2	28	19	19
11230	5	5	14	14	6	27	5	14	5	5	3	6	3	3	1	1	1	9	1	1	1	28	26	26	5	14	5	5	5	5	5	5	3	11	5	5	5	14	5	5	5	5	5	5	12	31	12	12	1	1	12	12	12	12	12	12	27	21	4	27	5	5	21	20	4	14	29	29	29	29
11240	5	5	6	14	4	27	3	14	3	5	27	6	5	3	21	1	1	9	1	1	1	28	17	26	5	14	5	5	5	5	5	5	4	11	5	5	5	15	5	5	5	5	5	5	12	28	1	12	1	1	1	1	1	1	5	21	5	5	4	27	3	3	16	11	2	20	25	16	25	25
11250	5	5	5	14	5	27	5	14	5	5	1	6	1	3	1	1	4	9	1	1	1	28	26	26	5	14	5	5	5	5	5	5	4	11	5	5	5	15	5	5	5	5	5	5	22	31	22	22	1	1	27	27	31	31	31	31	27	31	24	27	5	5	5	5	5	5	5	5	24	24
11260	5	5	4	14	3	27	14	14	5	5	27	6	1	3	1	1	1	9	1	1	1	28	16	26	5	14	5	5	5	5	5	5	14	11	5	5	5	14	5	5	5	5	5	5	12	27	1	12	1	1	1	1	1	1	1	1	1	1	1	27	25	14	22	25	1	15	22	27	27	27
11270	1	5	5	14	5	27	10	14	5	5	28	6	1	3	1	1	1	9	1	1	20	28	9	26	5	14	5	5	5	5	5	5	3	11	5	5	5	14	5	5	5	5	5	5	15	23	5	15	20	20	1	20	1	1	1	1	1	1	5	28	5	24	3	5	17	12	19	26	30	30
11280	2	5	6	14	5	27	5	14	5	5	5	6	10	3	1	1	9	9	1	1	16	28	18	26	5	14	5	5	5	5	5	5	5	11	5	5	5	5	5	5	5	5	5	5	12	29	1	12	1	16	1	1	1	9	1	1	26	17	4	31	5	5	3	5	4	6	4	11	4	4
11290	5	5	5	14	20	27	5	14	5	5	5	6	3	3	29	1	5	9	1	1	4	28	24	26	5	14	5	5	5	5	5	5	5	11	5	5	5	5	5	5	5	5	5	5	5	24	5	5	5	9	5	5	5	5	28	29	31	31	15	31	5	5	3	20	5	5	2	14	24	24
11300	5	5	5	14	5	27	5	14	5	5	2	6	3	3	5	1	1	9	1	1	1	28	18	26	5	14	5	5	5	5	5	5	11	11	5	5	5	25	5	5	5	5	5	5	18	29	23	29	1	1	9	23	9	9	23	23	29	29	25	31	5	5	5	5	11	5	2	25	30	30
11310	4	5	15	14	2	27	5	14	5	5	2	6	15	3	1	1	1	9	1	1	1	28	17	26	5	14	5	5	5	5	5	5	11	11	5	5	5	25	5	5	5	5	5	5	1	28	1	12	1	1	1	1	1	1	1	1	28	23	3	28	5	5	4	13	4	15	3	4	3	3
11320	5	5	14	14	1	27	5	14	14	5	18	6	2	3	1	1	1	9	1	1	1	28	26	26	3	14	5	5	5	5	5	5	3	11	5	5	5	14	5	5	5	5	5	5	22	26	22	22	1	1	3	27	7	7	2	7	2	2	1	26	7	14	1	7	5	14	3	12	7	7
11330	5	5	5	14	5	27	14	14	5	5	1	6	3	3	12	1	1	9	1	1	1	28	1	26	14	14	5	5	5	5	5	5	4	11	5	5	5	15	5	5	5	5	5	5	12	21	1	12	1	1	1	1	1	1	23	12	31	29	2	31	5	14	21	5	5	5	2	21	2	2
11340	5	5	24	14	2	27	14	14	5	5	1	6	1	3	1	1	1	9	1	1	1	28	9	26	5	14	5	5	5	5	5	5	11	11	5	5	5	25	5	5	5	5	5	5	12	23	1	12	1	1	1	1	1	1	1	1	1	1	4	1	14	14	3	22	23	24	10	29	10	10
11350	5	5	3	14	5	27	14	14	5	5	1	6	3	3	1	1	1	9	1	1	1	28	26	26	5	14	5	5	5	5	5	5	11	11	5	5	5	25	5	5	5	5	5	5	12	31	1	12	1	1	1	1	1	1	1	1	7	7	3	7	5	14	25	5	5	14	11	25	11	11
11360	12	5	5	14	17	27	5	14	30	5	18	6	1	3	23	1	1	9	1	1	1	28	28	26	5	14	5	5	5	5	5	5	4	11	15	5	15	15	5	5	5	15	1	5	1	28	1	1	1	1	1	1	1	1	1	23	1	1	5	18	5	30	4	28	12	12	28	23	28	28
11370	5	5	5	14	29	27	14	14	5	5	24	6	1	3	1	1	1	9	1	1	6	28	27	26	3	14	5	5	5	5	5	5	3	11	5	5	5	14	5	5	5	5	5	5	12	27	1	12	1	6	1	1	1	1	1	1	1	1	20	28	4	14	25	29	5	5	2	25	20	20
11380	2	5	5	14	28	27	5	14	5	5	3	6	2	3	1	1	1	9	1	1	5	28	3	26	14	14	5	5	5	5	5	5	11	11	5	5	5	25	5	5	5	5	5	5	5	14	5	5	12	12	1	12	1	1	1	1	6	6	30	16	5	5	29	28	2	13	4	31	30	30
11390	5	5	5	14	14	27	5	14	5	5	2	6	3	3	1	1	4	9	1	1	28	28	10	26	5	14	5	5	5	5	5	5	3	11	5	5	5	14	5	5	5	5	5	5	5	24	5	5	23	28	12	23	23	23	12	23	21	21	1	27	5	5	4	14	11	5	1	11	1	1
11400	5	5	5	14	3	27	12	14	5	5	22	6	1	3	1	1	1	9	1	1	1	28	2	26	21	14	5	5	5	5	5	5	11	11	5	5	5	25	5	5	5	5	5	5	12	27	1	12	1	1	1	1	1	1	1	1	1	1	5	27	5	12	3	14	12	5	1	21	12	12
11410	5	5	4	14	2	27	25	14	5	5	24	6	1	3	1	1	1	9	1	1	1	28	6	26	3	14	5	5	5	5	5	5	11	11	5	5	5	25	5	5	5	5	5	5	16	16	1	27	1	1	1	1	1	1	1	1	1	1	4	28	29	25	24	31	3	15	4	30	4	4
11420	5	5	5	14	23	27	5	14	5	5	1	6	1	3	1	1	1	9	1	1	1	28	3	26	14	14	5	5	5	5	5	5	3	11	5	5	5	14	5	5	5	5	5	5	5	14	5	5	1	1	1	12	1	1	1	1	1	1	1	1	5	5	17	23	5	5	10	28	17	17
11430	13	5	5	14	20	27	5	14	5	5	1	6	3	3	1	1	1	9	1	1	12	28	26	26	5	14	5	5	5	5	5	5	4	11	5	5	5	15	5	5	5	5	5	5	28	31	28	28	1	12	24	28	24	28	28	28	31	31	1	31	5	5	26	20	5	13	7	31	7	7
11440	5	5	3	14	19	27	5	14	5	5	1	6	3	3	1	1	1	9	1	1	1	28	1	26	14	14	5	5	5	5	5	5	11	11	5	5	5	25	5	5	5	5	5	5	1	21	1	12	1	1	1	1	1	1	1	1	7	7	9	7	5	5	13	30	5	14	2	13	17	17
11450	5	5	15	14	2	27	5	14	5	5	2	6	8	3	1	1	1	9	1	1	26	28	3	26	14	14	5	5	5	5	5	5	11	11	5	5	5	25	5	5	5	5	5	5	14	14	3	14	9	26	1	18	1	1	1	1	16	16	4	16	2	5	2	2	25	15	4	30	4	4
11460	5	5	14	14	2	27	25	14	5	5	1	6	3	3	1	1	1	9	1	1	7	28	4	26	5	14	5	5	5	5	5	5	3	11	14	5	5	14	5	5	5	5	5	5	5	15	5	5	1	7	1	12	1	1	1	1	7	7	10	7	2	25	20	2	1	14	3	20	19	19
11470	5	5	5	14	29	27	5	14	5	5	5	6	3	3	1	1	1	9	1	1	1	28	3	26	14	14	5	5	5	5	5	5	11	11	5	5	5	25	5	5	5	5	5	5	5	14	5	5	1	1	1	12	1	1	1	1	7	7	1	21	5	5	24	29	5	5	1	24	1	1
11480	5	5	5	14	5	27	3	14	24	5	1	6	1	3	1	1	1	9	1	1	9	28	3	26	14	14	5	5	5	5	5	5	3	11	5	5	5	14	5	5	5	5	5	5	21	14	1	21	1	9	1	1	1	1	1	1	1	1	18	1	24	30	13	24	5	5	1	13	18	18
11490	5	5	5	14	5	27	3	14	3	5	23	6	1	3	1	1	1	9	1	1	6	28	19	26	3	14	5	5	5	5	5	5	4	11	5	5	5	15	5	5	5	5	5	5	10	19	6	24	1	6	1	6	1	1	1	1	1	1	12	23	5	3	5	5	5	5	3	5	21	21
11500	5	5	12	14	5	27	5	14	5	5	26	6	7	3	1	1	1	9	1	1	1	28	17	26	5	14	5	5	5	5	5	5	4	11	5	5	5	15	5	5	5	5	5	5	28	28	4	28	1	1	1	9	1	1	1	1	1	7	1	26	5	5	5	5	4	12	1	15	1	1
11510	5	5	5	14	5	27	5	14	5	5	1	6	4	3	1	1	1	9	1	1	1	28	19	26	5	14	5	5	5	5	5	5	5	11	5	5	5	5	5	5	5	5	5	5	25	30	25	25	1	1	29	29	29	29	23	29	23	23	8	23	5	5	5	5	5	5	1	5	16	16
11520	5	5	25	14	26	27	14	14	5	5	2	6	18	3	4	1	4	9	1	1	10	28	4	26	5	14	5	5	5	5	5	5	11	11	5	5	5	25	5	5	5	5	5	5	5	15	5	5	9	17	4	23	4	4	4	4	26	18	3	26	5	14	17	31	5	25	24	28	30	30
11530	1	5	8	14	5	27	21	14	5	5	2	6	16	3	1	1	1	9	1	1	1	28	29	26	5	14	5	5	5	5	5	5	3	11	5	5	5	14	5	5	5	5	5	5	23	29	12	23	1	1	1	12	1	1	1	1	16	16	3	16	26	21	17	31	5	16	4	28	11	11
11540	5	5	5	14	31	27	5	14	5	5	2	6	3	3	1	1	1	9	1	1	1	28	6	26	5	14	5	5	5	5	5	5	11	11	5	5	5	25	5	5	5	5	5	5	6	20	20	20	1	1	20	20	20	20	13	20	22	22	2	22	5	5	17	31	5	5	24	28	24	24
11550	5	5	5	14	29	27	5	14	5	5	26	6	9	3	1	1	4	9	1	1	1	28	3	26	14	14	15	5	5	5	5	5	3	11	5	5	5	14	5	5	5	5	4	15	22	14	30	30	1	1	31	31	7	31	1	7	4	9	5	26	5	5	31	29	2	5	15	31	15	15
11560	5	5	5	14	1	27	14	14	5	5	2	6	3	3	1	1	1	9	1	1	28	28	26	26	3	14	5	5	5	5	5	5	4	11	5	5	15	15	5	5	15	15	4	15	4	26	4	4	28	28	28	28	28	28	28	28	31	31	24	31	12	14	21	12	5	5	5	21	24	24
11570	5	5	5	14	22	27	5	14	5	5	1	6	3	3	1	1	4	9	1	1	10	28	19	26	5	14	5	5	5	5	5	5	4	11	5	5	5	15	5	5	5	5	5	5	5	30	5	5	17	17	28	28	28	28	28	28	31	31	24	31	5	5	31	22	5	5	5	31	24	24
11580	5	5	14	14	14	27	5	14	5	5	22	6	3	3	1	1	1	9	1	1	1	28	26	26	3	14	5	5	5	5	5	5	14	11	5	5	14	14	5	5	14	14	3	14	26	26	7	26	1	1	7	7	7	7	8	7	3	8	10	22	5	5	5	14	5	14	5	5	24	24
11590	12	5	1	14	27	27	3	14	13	5	1	6	3	3	1	1	4	9	1	1	1	28	9	26	3	14	5	5	5	5	5	5	3	11	5	5	14	14	5	5	5	14	5	5	9	18	23	23	1	1	9	23	1	9	3	1	3	3	5	7	2	22	12	27	5	12	22	12	22	22
11600	5	5	5	14	1	27	12	14	5	5	2	6	14	3	1	1	1	9	1	1	1	28	18	26	5	14	5	5	5	5	5	5	4	11	5	5	5	15	5	5	5	5	5	5	5	29	5	5	1	1	1	12	1	1	1	1	21	21	23	27	1	12	5	1	5	5	5	5	23	23
11610	5	5	5	14	5	27	5	14	5	5	6	6	1	3	1	1	1	9	1	1	1	28	3	26	1	14	5	5	5	5	5	5	11	11	5	5	8	25	5	5	5	22	5	5	7	7	1	21	1	1	1	1	1	1	1	1	1	1	1	6	5	5	5	5	5	5	5	5	12	12
11620	5	5	5	14	5	27	5	14	5	5	2	6	3	3	4	1	1	9	1	1	1	28	26	26	3	14	5	5	5	5	5	5	3	11	5	5	14	14	5	5	5	14	5	5	26	26	31	31	1	1	28	31	28	28	28	28	29	31	18	31	13	5	26	13	5	5	2	31	26	26
11630	24	5	1	14	3	27	5	14	5	5	1	6	3	3	1	1	4	9	2	1	2	28	19	26	5	14	5	5	5	5	5	5	11	11	5	5	15	25	5	5	5	15	5	5	30	30	30	30	2	2	30	30	30	30	16	31	16	16	2	16	5	5	5	14	31	28	20	31	20	20
11640	5	5	5	14	5	27	5	14	5	5	5	6	4	3	1	1	1	9	1	1	1	28	29	26	3	14	5	5	5	5	5	5	4	11	5	5	5	15	5	5	5	5	5	5	12	29	12	12	1	1	23	12	23	23	31	23	31	31	2	31	5	5	5	5	11	5	9	25	17	17
11650	24	5	3	14	21	27	5	14	5	5	3	6	1	3	1	1	1	9	3	1	23	28	3	26	14	14	5	5	5	5	5	5	11	11	5	5	5	25	5	5	5	5	5	5	5	14	5	5	23	29	1	23	1	1	1	1	1	1	3	7	5	5	5	21	5	30	10	5	19	19
11660	4	5	3	14	12	27	5	14	5	5	4	6	27	3	7	1	1	9	1	1	1	28	7	26	3	14	5	5	5	5	5	5	4	11	5	5	5	15	5	5	5	5	5	5	7	7	1	21	1	1	1	1	1	1	3	7	27	27	1	31	5	5	5	12	5	11	4	5	9	9
11670	5	5	5	14	3	27	5	14	5	5	1	6	3	3	1	1	1	9	1	1	13	28	11	26	3	14	5	5	5	5	5	5	11	11	5	5	5	25	5	5	5	5	5	5	11	11	5	25	20	20	20	20	1	20	1	1	7	7	11	7	5	5	5	14	5	5	5	5	25	25
11680	5	5	22	14	20	27	5	14	5	5	2	6	3	3	1	1	2	9	1	1	30	28	4	26	5	14	5	5	5	5	5	5	3	11	5	5	5	14	5	5	5	5	5	5	5	15	5	5	31	31	29	31	31	31	29	31	29	29	5	31	5	5	17	20	5	22	30	28	30	30
11690	5	5	14	14	27	27	5	14	5	5	1	6	3	3	1	1	1	9	1	1	6	28	17	26	5	14	5	5	5	5	5	5	3	11	5	5	5	14	5	5	5	5	5	5	13	28	2	13	6	6	1	6	1	1	1	1	1	7	1	1	1	5	27	27	4	14	11	31	18	18
11700	5	5	12	14	29	27	5	14	5	5	21	6	3	3	1	1	1	9	1	1	1	28	16	26	3	14	12	5	5	5	5	5	3	11	5	5	5	14	5	5	5	5	1	12	1	16	1	1	1	1	1	1	1	1	7	1	3	7	1	21	5	5	4	29	9	12	28	9	28	28
11710	24	5	5	14	7	27	5	14	13	5	1	6	1	3	1	1	1	9	1	1	1	28	12	26	5	14	5	5	5	5	5	5	5	11	5	5	5	5	5	5	5	5	5	5	1	12	1	12	1	1	1	1	1	1	1	1	1	1	3	1	2	13	19	16	4	24	20	19	27	27
11720	14	5	3	14	20	27	5	14	5	5	3	6	3	3	7	1	1	9	1	1	1	28	7	26	3	14	5	5	5	5	5	5	3	11	5	5	14	14	5	5	14	14	14	14	3	7	5	14	1	1	1	12	1	1	3	7	3	3	1	3	5	5	12	20	3	14	12	21	12	12
11730	5	5	14	14	20	27	3	14	5	5	2	6	3	3	1	1	2	9	1	1	1	28	1	26	14	14	5	5	5	5	5	5	11	11	5	5	5	25	5	5	5	5	5	5	21	21	21	21	1	1	14	21	22	22	27	27	27	27	5	27	5	14	5	20	5	14	5	5	5	5
11740	23	5	3	14	2	27	21	14	5	5	5	6	4	3	1	1	1	9	1	1	1	28	5	26	5	14	5	5	5	5	5	5	4	11	5	5	5	15	5	5	5	5	5	5	5	5	5	5	1	1	1	12	1	1	9	1	1	9	1	12	12	21	28	20	3	29	19	31	26	26
11750	5	5	5	14	27	27	5	14	5	5	2	6	5	3	4	1	1	9	1	1	5	28	3	26	21	14	5	5	5	5	5	5	3	11	5	5	5	14	5	5	5	5	5	5	5	21	5	5	12	12	1	12	1	1	9	9	23	23	5	28	5	5	20	27	5	5	1	20	12	12
11760	5	5	5	14	3	27	3	14	5	5	1	6	3	3	1	1	1	9	1	1	1	28	26	26	5	14	5	5	5	5	5	5	3	11	5	5	5	14	5	5	5	5	5	5	31	31	31	31	1	1	30	31	31	31	28	31	31	31	26	31	14	14	5	14	5	5	5	5	31	31
11770	5	5	14	14	3	27	5	14	5	5	1	6	5	3	1	1	1	9	1	1	9	28	11	26	5	14	5	5	5	5	5	5	11	11	5	5	5	25	5	5	5	5	5	5	5	25	5	5	9	9	9	23	9	9	9	9	12	23	5	12	5	5	5	14	5	14	5	5	5	5
11780	3	5	12	14	5	27	30	14	5	5	1	6	12	3	1	1	1	9	1	1	1	28	4	26	14	14	5	5	5	5	5	5	11	11	5	5	4	25	5	5	5	15	5	5	25	25	11	25	1	1	1	18	1	1	1	1	1	12	23	1	28	30	1	28	1	21	1	1	23	23
11790	5	5	14	14	11	27	14	14	5	5	1	6	2	3	1	1	1	9	1	1	1	28	18	26	3	14	5	5	5	5	5	5	5	11	5	5	5	5	5	5	5	5	5	5	9	18	12	23	1	1	1	12	1	1	1	1	20	6	3	20	3	14	1	11	17	14	3	17	3	3
11800	3	5	3	14	2	27	5	14	5	5	23	6	7	3	1	1	1	9	1	1	20	28	5	26	5	14	5	5	5	5	5	5	4	11	5	5	5	15	5	5	5	5	5	5	5	5	5	5	12	20	1	12	1	1	1	1	3	7	16	29	2	5	2	2	11	3	4	19	26	26
11810	5	5	5	14	13	27	5	14	5	5	1	6	1	3	1	1	1	9	1	1	1	28	31	26	5	14	5	5	5	5	5	5	3	11	5	5	5	14	5	5	5	5	5	5	21	31	7	21	1	1	1	7	1	1	1	1	1	1	1	1	1	5	2	20	22	5	26	22	26	26
11820	5	5	5	14	1	27	14	14	5	5	1	6	3	3	1	1	4	9	1	1	1	28	17	26	3	14	5	5	5	5	5	5	11	11	5	5	5	25	5	5	5	5	5	5	26	26	31	31	1	1	31	31	31	31	31	31	31	31	27	31	14	14	21	21	5	5	5	21	27	27
11830	5	5	5	14	26	27	5	14	5	5	1	6	3	3	1	1	1	9	1	1	20	28	2	26	5	14	5	5	5	5	5	5	4	11	5	5	5	15	5	5	5	5	5	5	5	13	5	5	12	20	1	12	1	1	7	1	7	7	4	7	5	5	31	31	5	5	26	31	26	26
11840	5	5	5	14	5	27	5	14	5	5	1	6	3	3	1	1	1	9	1	1	12	28	7	26	5	14	5	5	5	5	5	5	3	11	5	5	5	14	5	5	5	5	5	5	12	21	12	12	1	12	1	12	1	1	7	1	7	7	5	7	5	5	13	5	5	5	1	13	12	12
11850	3	5	3	14	3	27	14	14	5	5	1	6	11	3	1	1	1	9	1	1	1	28	1	26	5	14	5	5	5	5	5	5	4	11	5	5	5	15	5	5	5	5	5	5	12	12	1	12	1	1	1	1	1	1	1	1	18	18	3	18	3	14	3	3	3	3	14	3	14	14
11860	5	5	5	14	31	27	5	14	5	5	1	6	3	3	1	1	1	9	1	1	1	28	16	26	3	14	5	5	5	5	5	5	11	11	5	5	5	25	5	5	5	5	5	5	16	16	27	27	1	1	20	27	20	20	28	20	31	31	2	31	5	5	21	31	5	5	3	21	8	8
11870	2	5	21	14	13	27	14	14	5	5	6	6	1	3	12	1	1	9	12	1	5	28	1	26	14	14	5	5	5	5	5	5	3	11	5	5	5	14	5	5	5	5	5	5	5	21	5	5	12	12	1	12	1	1	1	12	1	1	5	6	5	14	5	13	5	27	14	5	14	14
11880	5	5	14	14	3	27	5	14	5	5	2	6	3	3	1	1	4	9	1	1	1	28	26	26	3	14	5	5	5	5	5	5	3	11	5	5	5	14	5	5	5	5	5	5	18	26	23	29	1	1	23	23	9	23	4	9	11	11	4	19	5	5	11	14	3	14	23	11	23	23
11890	1	5	5	14	5	27	5	14	5	5	1	6	3	3	1	1	1	9	1	1	1	28	6	26	5	14	5	5	5	5	5	5	3	11	5	5	5	14	5	5	5	5	5	5	20	20	1	20	1	1	1	1	1	1	1	1	7	7	5	7	12	5	4	12	9	12	4	9	15	15
11900	12	5	1	14	5	27	30	14	5	5	2	6	3	3	4	1	4	9	1	1	1	28	31	26	3	14	5	5	5	5	5	5	4	11	5	5	5	15	5	5	5	5	5	5	28	31	28	28	1	1	4	28	15	4	24	15	30	30	5	30	5	30	5	5	5	12	22	5	22	22
11910	5	5	5	14	27	27	14	14	5	5	1	6	3	3	1	1	1	9	1	1	6	28	26	26	3	14	5	5	5	5	5	5	3	11	5	5	5	14	5	5	5	5	5	5	26	26	16	31	2	6	16	16	16	16	16	16	16	16	3	16	5	14	27	27	5	5	13	27	22	22
11920	5	5	15	14	29	27	5	14	5	5	5	6	3	3	1	1	1	9	1	1	1	28	26	26	5	14	5	5	5	5	5	5	11	11	5	5	5	25	5	5	5	5	5	5	12	31	1	12	1	1	1	1	1	1	1	1	3	7	1	14	5	5	12	29	5	15	1	12	1	1
11930	5	5	5	14	14	27	5	14	5	5	1	6	1	3	1	1	1	9	1	1	23	28	18	26	3	14	5	5	5	5	5	5	11	11	5	5	5	25	12	5	12	12	1	12	1	18	1	1	1	23	1	1	1	1	1	1	1	1	5	1	5	5	5	14	2	5	5	13	5	5
11940	5	5	3	14	28	27	5	14	5	5	2	6	3	3	28	1	2	9	1	1	6	28	17	26	5	14	5	5	5	5	5	5	3	11	5	5	14	14	5	5	5	14	5	5	20	28	1	20	6	6	2	6	2	2	28	28	31	31	10	31	5	5	1	28	27	14	2	27	10	10
11950	5	5	5	14	13	27	5	14	5	5	1	6	11	3	1	1	1	9	1	1	1	28	26	26	5	14	5	5	5	5	5	5	4	11	5	5	5	15	5	5	5	5	5	5	12	31	12	12	1	1	1	12	1	1	1	1	7	18	3	7	5	5	5	13	5	5	5	5	14	14
11960	5	5	5	14	27	27	14	14	5	5	1	6	1	3	1	1	1	9	1	1	20	28	17	26	3	14	5	5	5	5	5	5	4	11	5	5	5	15	5	5	5	5	4	5	4	26	4	4	13	20	1	24	1	1	1	1	1	1	1	1	3	14	5	27	5	5	5	5	12	12
11970	5	5	5	14	5	27	5	14	5	5	2	6	3	3	1	1	1	9	1	1	1	28	18	26	3	14	5	5	5	5	5	5	3	11	5	5	5	14	5	5	5	5	5	5	9	18	1	23	1	1	1	1	1	1	12	1	21	21	4	27	5	5	5	5	5	5	5	5	15	15
11980	5	5	5	14	3	27	5	14	5	5	1	6	7	3	1	1	1	9	1	1	1	28	17	26	5	14	5	5	5	5	5	5	15	11	5	5	5	15	5	5	5	5	5	5	23	28	1	23	1	1	1	1	1	1	1	1	1	7	3	1	5	5	3	14	5	5	7	14	7	7
11990	5	5	5	14	30	27	14	14	5	5	20	6	1	3	1	1	1	9	1	1	9	28	7	26	5	14	5	5	5	5	5	5	11	11	5	5	5	25	5	5	5	5	5	5	12	21	1	12	9	9	1	9	1	1	1	1	1	1	21	20	5	14	19	30	5	5	4	30	29	29
12000	5	5	5	14	23	27	5	14	5	5	3	6	3	3	5	1	1	9	1	1	2	28	18	26	5	14	5	5	5	5	5	5	4	11	5	5	15	15	5	5	15	15	5	15	1	29	12	12	1	6	12	12	21	12	3	21	3	3	5	3	5	5	27	23	5	5	14	27	14	14
