Iteration	start_1	end_1	start_2	end_2	start_3	end_3	start_4	end_4	start_5	end_5	start_6	end_6	start_7	end_7	start_8	end_8	start_9	end_9	start_10	end_10	start_11	end_11	start_12	end_12	start_13	end_13	start_14	end_14	start_15	end_15	start_16	end_16	start_17	end_17	start_18	end_18	start_19	end_19	start_20	end_20	start_21	end_21	start_22	end_22	start_23	end_23	start_24	end_24	start_25	end_25	start_26	end_26	start_27	end_27	start_28	end_28	start_29	end_29	start_30	end_30	start_31	end_31	start_32	end_32	start_33	end_33	start_34	end_34	start_35	end_35
0	5	5	14	14	27	27	5	14	5	5	1	6	3	3	1	1	4	9	1	1	9	28	26	26	5	14	5	5	5	5	4	11	5	5	5	5	5	5	15	15	5	15	5	5	31	31	31	31	1	9	30	31	30	30	31	31	31	31	5	31	5	5	27	27	5	14	16	27	27	27
10	5	5	5	14	24	27	5	14	5	5	1	6	3	3	1	1	4	9	1	1	1	28	26	26	5	14	5	5	5	5	5	11	5	5	5	5	5	5	5	5	5	5	5	5	26	31	31	31	1	1	31	31	31	31	31	31	28	31	25	28	5	5	10	24	5	5	3	24	25	25
20	5	5	5	14	5	27	5	14	5	5	21	6	1	3	1	1	10	9	1	1	1	28	26	26	5	14	5	5	5	5	3	11	5	5	5	5	5	5	14	14	14	14	3	14	7	31	1	7	1	1	1	1	1	17	1	1	1	1	3	21	5	5	5	5	7	5	6	21	16	16
30	2	5	5	14	12	27	5	14	5	5	1	6	1	3	1	1	1	9	1	1	1	28	7	26	3	14	5	5	5	5	4	11	5	5	5	5	5	5	5	15	5	5	5	5	1	7	1	12	1	1	1	1	1	1	1	1	1	1	5	1	5	5	5	12	5	13	13	5	13	13
40	5	5	25	14	12	27	5	14	5	5	16	6	3	3	1	1	3	9	1	1	1	28	26	26	5	14	5	5	5	5	3	11	5	5	5	5	5	5	5	14	5	5	5	5	27	31	16	27	1	1	16	16	16	16	3	16	3	3	1	16	5	5	5	12	5	25	8	5	16	16
50	5	5	14	14	27	27	5	14	5	5	1	6	11	3	1	1	1	9	1	1	1	28	26	26	5	14	5	5	5	5	5	11	5	5	5	5	5	5	5	5	5	5	5	5	21	31	21	21	1	1	7	21	1	7	1	1	11	18	3	18	5	5	26	27	1	14	12	26	21	21
60	5	5	22	14	20	27	5	14	5	5	1	6	29	3	1	1	1	9	1	1	12	28	3	26	14	14	5	5	5	5	5	11	5	5	5	5	5	5	5	5	5	5	5	5	5	14	5	5	12	12	1	12	1	1	1	1	29	29	6	29	5	5	5	20	5	22	3	5	16	16
70	5	5	15	14	6	27	5	14	5	5	1	6	1	3	1	1	1	9	1	1	1	28	1	26	25	14	5	5	5	5	5	11	5	5	5	5	5	5	5	5	5	5	5	5	5	29	5	5	1	1	1	12	1	1	1	1	1	1	9	1	5	5	2	20	20	15	4	20	9	9
80	5	5	8	14	20	27	5	14	5	5	1	6	3	3	1	1	4	9	1	1	10	28	26	26	5	14	5	5	5	5	5	11	5	5	5	5	5	5	5	5	5	5	5	5	30	31	30	30	1	17	30	31	30	30	31	31	31	31	1	31	5	5	2	20	20	22	12	20	12	12
90	5	5	5	14	5	27	5	14	5	5	1	6	1	3	1	1	1	9	1	1	1	28	21	26	1	14	5	5	5	5	5	11	5	5	5	5	5	5	5	5	5	5	5	5	21	21	1	21	1	1	1	1	1	1	1	1	1	1	14	1	5	5	5	5	5	5	5	5	14	14
100	5	5	5	14	11	27	5	14	5	5	2	6	1	3	1	1	1	9	1	1	1	28	21	26	5	14	5	5	5	5	3	11	5	5	5	5	5	5	5	14	5	5	5	5	12	21	1	12	1	1	1	1	1	1	1	1	1	1	2	6	5	5	5	25	12	5	13	12	13	13
110	5	5	5	14	27	27	5	14	5	5	2	6	3	3	1	1	1	9	1	1	21	28	6	26	5	14	5	5	5	5	5	11	5	5	5	5	5	5	5	5	5	5	5	5	12	20	5	12	5	21	5	5	12	12	23	12	21	29	28	27	5	5	8	27	1	5	5	16	28	28
120	3	5	25	14	5	27	12	14	5	5	1	6	1	3	1	1	1	9	1	1	1	28	26	26	5	14	5	5	5	5	5	11	5	5	5	5	5	5	5	5	5	5	5	5	20	31	12	20	1	1	1	12	1	1	1	1	1	1	3	1	5	12	4	5	19	25	11	19	11	11
130	3	5	3	14	5	27	5	14	5	5	1	6	5	3	6	1	1	9	1	1	1	28	7	26	3	14	5	5	5	5	5	11	5	5	5	5	5	5	5	5	5	5	5	5	1	7	1	12	1	1	1	1	1	1	6	6	20	20	4	20	5	5	5	5	5	3	4	5	4	4
140	5	5	5	14	12	27	5	14	5	5	1	6	1	3	1	1	7	9	1	1	13	28	30	26	3	14	5	5	5	5	4	11	5	5	5	5	5	5	15	15	5	15	5	5	5	30	5	5	5	20	5	5	21	21	21	21	21	21	25	21	3	5	1	21	12	5	2	12	30	30
150	5	5	14	14	16	27	22	14	5	5	2	6	3	3	1	1	1	9	1	1	1	28	16	26	5	14	5	5	5	5	3	11	5	5	5	5	5	5	5	14	5	5	5	5	22	27	22	22	1	1	22	27	27	27	27	27	27	27	1	27	5	22	7	27	5	14	6	21	6	6
160	5	5	14	14	5	27	5	14	5	5	2	6	2	3	2	1	2	9	1	1	17	28	1	26	14	14	5	5	5	5	2	11	5	5	5	5	5	5	5	13	5	5	5	5	14	21	5	14	28	17	2	28	2	2	2	2	2	2	2	2	2	5	10	13	4	14	30	10	30	30
170	1	5	13	14	5	27	13	14	5	5	29	6	1	3	3	1	3	9	3	1	3	28	3	26	14	14	5	5	5	5	14	11	5	5	5	5	5	5	5	14	5	5	5	5	14	14	3	14	3	3	3	3	3	3	3	3	3	7	3	29	5	13	15	5	2	20	3	24	3	3
180	5	5	26	14	5	27	12	14	5	5	1	6	1	3	4	1	1	9	1	1	1	28	18	26	5	14	5	5	5	5	5	11	5	5	5	5	5	5	5	5	5	5	5	5	25	29	15	25	1	1	9	23	9	9	9	9	9	9	1	9	5	12	5	5	30	31	4	30	9	9
190	5	5	5	14	1	27	14	14	5	5	2	6	3	3	1	1	1	9	1	1	12	28	31	26	5	14	5	5	5	5	5	11	5	5	5	5	5	5	5	5	5	5	5	5	14	31	5	14	12	12	1	12	1	1	20	1	31	27	5	31	7	14	1	7	28	5	5	28	5	5
200	5	5	3	14	2	27	4	14	17	5	23	6	11	3	3	1	7	9	9	1	4	28	9	26	3	14	5	5	5	5	14	11	5	5	5	5	5	5	5	14	5	5	5	5	12	18	1	12	6	9	2	6	3	16	3	3	4	11	28	23	5	17	10	13	2	14	2	10	28	28
210	5	5	5	14	18	27	5	14	5	5	1	6	3	3	1	1	1	9	1	1	1	28	3	26	14	14	12	5	5	5	7	11	5	5	5	5	5	5	5	21	5	5	12	12	5	14	1	12	1	1	1	1	1	1	1	1	7	7	4	7	5	5	31	29	5	5	16	31	26	26
220	2	5	21	14	29	27	5	14	5	5	18	6	3	3	3	1	8	9	4	1	9	28	14	26	3	14	5	5	5	5	5	11	5	5	5	5	5	5	5	5	5	5	5	5	5	14	5	5	9	9	2	23	3	8	3	3	3	3	4	18	2	5	5	31	31	27	3	31	11	11
230	12	5	5	14	31	27	5	14	5	5	20	6	1	3	1	1	1	9	1	1	1	28	7	26	3	14	5	5	5	5	5	11	5	5	5	5	5	5	5	5	5	5	5	5	1	7	1	12	1	1	1	1	1	1	1	1	1	1	14	20	5	5	5	31	27	12	5	27	14	14
240	5	5	3	14	21	27	5	14	5	5	2	6	3	3	1	1	4	9	1	1	24	28	3	26	14	14	5	5	5	5	4	11	5	5	5	5	5	5	15	15	15	15	5	15	5	14	5	5	28	28	28	28	28	28	28	28	29	31	3	31	5	5	12	21	3	14	3	21	3	3
250	5	5	14	14	5	27	5	14	5	5	31	6	3	3	1	1	1	9	1	1	12	28	3	26	3	14	5	5	5	5	5	11	5	5	5	5	5	5	5	5	5	5	5	5	3	3	5	14	12	12	1	12	1	1	1	1	3	7	1	31	5	5	5	5	25	14	1	25	1	1
260	5	5	5	14	17	27	5	14	5	5	27	6	1	3	1	1	1	9	1	1	1	28	17	26	5	14	5	5	5	5	5	11	5	5	5	5	5	5	5	5	5	5	5	5	12	28	1	12	1	1	1	1	1	1	1	1	1	1	14	27	5	5	12	28	5	5	1	12	21	21
270	5	5	5	14	29	27	15	14	5	5	2	6	3	3	1	1	4	9	1	1	1	28	26	26	3	14	5	5	5	5	5	11	5	5	5	5	5	5	5	5	5	5	5	5	26	26	31	31	1	1	31	31	31	31	31	31	31	31	5	31	4	15	26	29	5	5	24	31	24	24
280	5	5	3	14	8	27	5	14	5	5	1	6	3	3	4	1	4	9	1	1	28	28	3	26	14	14	5	5	5	5	4	11	5	5	5	5	5	5	15	15	5	15	5	5	5	14	5	5	17	28	24	28	24	24	24	24	25	30	24	29	3	5	1	8	6	14	1	6	28	28
290	5	5	5	14	5	27	5	14	5	5	1	6	7	3	1	1	1	9	1	1	1	28	3	26	14	14	5	5	5	5	14	11	5	5	5	5	5	5	14	14	5	14	5	5	5	14	5	5	1	1	1	12	1	1	1	1	1	7	31	1	5	5	5	5	25	5	3	25	31	31
300	5	5	5	14	5	27	5	14	5	5	20	6	3	3	3	1	4	9	1	1	1	28	3	26	3	14	5	5	5	5	5	11	5	5	5	5	5	5	5	5	5	5	5	5	3	3	14	14	1	1	14	21	14	25	3	14	3	3	5	27	5	5	5	5	5	5	5	5	5	5
310	5	5	5	14	4	27	18	14	5	5	1	6	1	3	1	1	1	9	1	1	1	28	26	26	3	14	5	5	5	5	5	11	5	5	5	5	5	5	5	5	5	5	5	5	27	26	1	27	1	1	1	1	1	1	1	1	1	1	1	1	11	29	26	11	5	5	3	31	7	7
320	5	5	3	14	25	27	22	14	5	5	13	6	9	3	1	1	1	9	1	1	6	28	18	26	3	14	5	5	5	5	4	11	5	5	5	5	5	5	5	15	5	5	5	5	1	18	1	12	1	6	1	1	1	1	1	1	1	9	4	20	3	22	14	25	4	14	3	25	11	11
330	5	5	5	14	1	27	5	14	5	5	4	6	3	3	1	1	1	9	1	1	1	28	6	26	5	14	5	5	5	5	3	11	5	5	5	5	14	5	5	14	5	5	5	5	12	20	1	12	1	1	1	1	1	1	12	1	21	21	2	29	1	5	1	1	5	5	1	12	6	6
340	5	5	3	14	1	27	3	14	5	5	2	6	10	3	1	1	4	9	1	1	1	28	9	26	5	14	5	5	5	5	5	11	5	5	5	5	5	5	5	5	5	5	5	5	12	23	12	12	1	1	12	12	1	23	1	1	17	17	4	17	14	14	1	21	31	14	4	31	4	4
350	4	5	4	14	5	27	25	14	5	5	4	6	4	3	2	1	2	9	1	1	1	28	3	26	3	14	5	5	5	5	5	11	5	5	5	5	5	5	5	5	5	5	5	5	12	3	1	12	1	1	2	1	2	2	2	2	15	10	3	15	5	25	5	5	5	4	25	5	25	25
360	5	5	14	14	30	27	5	14	5	5	5	6	3	3	6	1	1	9	1	1	9	28	9	26	5	14	5	5	5	5	5	11	5	5	5	5	5	5	5	5	5	5	5	5	12	23	1	12	1	9	1	1	1	1	2	6	8	8	3	22	1	5	28	31	4	14	3	28	3	3
370	17	5	5	14	3	27	7	14	5	5	30	6	3	3	7	1	1	9	1	1	1	28	26	26	3	14	5	5	5	5	5	11	5	5	5	5	5	5	5	5	5	5	5	5	6	26	12	20	1	1	1	12	1	1	7	7	1	7	4	31	16	21	1	16	13	28	23	20	23	23
380	5	5	5	14	9	27	5	14	5	5	2	6	3	3	1	1	1	9	1	1	1	28	26	26	5	14	5	5	5	5	4	11	5	5	5	5	5	5	15	15	15	15	4	15	27	31	31	31	1	1	27	31	27	27	31	27	31	31	4	31	5	5	5	23	5	5	2	5	10	10
390	22	5	3	14	3	27	3	14	3	5	28	6	3	3	3	1	8	9	5	1	5	28	18	26	5	14	5	5	5	5	5	11	5	5	5	5	5	5	5	5	5	5	5	5	5	29	5	5	5	5	5	5	3	22	3	3	3	3	2	31	3	3	1	3	2	22	25	6	30	30
400	5	5	5	14	22	27	14	14	5	5	1	6	1	3	1	1	1	9	1	1	1	28	26	26	3	14	5	5	5	5	5	11	5	5	5	5	5	5	5	5	5	5	5	5	18	26	29	29	1	1	1	29	1	1	1	1	1	1	1	1	3	14	21	22	4	5	1	29	1	1
410	2	5	11	14	27	27	15	14	5	5	5	6	30	3	1	1	1	9	5	1	23	28	22	26	5	14	5	5	14	5	3	11	5	5	5	5	5	5	3	14	5	14	5	5	5	22	5	5	12	23	1	12	1	1	1	1	31	31	5	31	4	15	24	31	3	19	5	30	5	5
420	5	5	3	14	16	27	3	14	5	5	1	6	3	3	1	1	5	9	1	1	1	28	16	26	5	14	5	5	5	5	3	11	5	5	5	5	5	5	5	14	5	5	5	5	20	27	20	20	1	1	20	20	20	20	20	20	27	27	1	27	5	14	2	27	5	14	25	13	29	29
430	5	5	5	14	26	27	14	14	5	5	3	6	3	3	11	1	9	9	1	1	1	28	3	26	14	14	5	5	5	5	3	11	5	5	5	5	5	5	5	14	5	5	5	5	14	14	1	14	1	1	1	1	4	9	11	11	11	11	5	11	5	14	30	31	5	5	13	30	13	13
440	5	5	5	14	5	27	5	14	5	5	2	6	7	3	1	1	1	9	1	1	28	28	16	26	5	14	5	5	5	5	3	11	5	5	5	5	14	5	5	14	5	5	5	5	5	27	5	5	23	28	1	23	1	1	1	1	1	7	4	6	5	5	5	5	5	5	6	5	17	17
450	5	5	14	14	18	27	3	14	3	5	2	6	11	3	1	1	1	9	1	1	1	28	28	26	3	14	5	5	5	5	5	11	5	5	5	5	5	5	5	5	5	5	5	5	12	31	12	12	1	1	1	12	1	1	1	1	11	18	10	19	5	3	5	29	7	14	3	21	19	19
460	12	5	3	14	26	27	5	14	5	5	2	6	11	3	7	1	9	9	1	1	10	28	16	26	5	14	5	5	5	5	4	11	5	5	5	5	5	5	5	15	5	5	5	5	13	27	2	13	17	17	1	17	1	9	1	7	18	18	7	26	5	5	30	31	1	21	4	31	18	18
470	5	5	5	14	27	27	14	14	5	5	2	6	3	3	1	1	4	9	1	1	13	28	3	26	14	14	5	5	5	5	4	11	5	5	5	5	5	5	4	15	4	15	5	15	5	14	5	5	20	20	12	20	23	23	23	23	29	29	5	31	4	14	5	31	12	5	8	12	22	22
480	5	5	5	14	26	27	5	14	5	5	8	6	1	3	1	1	1	9	1	1	1	28	3	26	14	14	12	5	5	5	3	11	5	5	5	5	5	5	5	14	5	5	1	12	1	14	1	1	1	1	1	1	1	1	1	1	1	1	13	16	5	5	28	31	5	5	2	28	13	13
490	5	5	5	14	31	27	8	14	5	5	1	6	1	3	1	1	1	9	1	1	1	28	16	26	5	14	5	5	5	5	4	11	5	5	5	5	5	5	15	15	5	15	5	5	20	27	27	20	1	1	1	27	1	1	1	1	1	1	2	1	5	22	5	31	5	5	30	5	30	30
500	5	5	21	14	27	27	5	14	13	5	1	6	5	3	1	1	1	9	1	1	1	28	7	26	3	14	12	5	5	5	5	11	5	5	5	5	5	5	5	5	5	5	1	12	1	7	1	1	1	1	1	1	1	1	1	1	12	12	3	12	4	13	1	31	1	21	23	1	29	29
510	27	5	5	14	16	27	5	14	5	5	13	6	3	3	3	1	11	9	1	1	1	28	3	26	3	14	5	5	5	5	5	11	5	5	5	5	5	5	5	5	5	5	5	5	3	3	3	14	1	1	1	7	3	18	3	3	3	3	3	22	5	5	22	27	2	27	6	22	16	16
520	5	5	5	14	24	27	2	14	2	5	1	6	16	3	1	1	1	9	1	1	20	28	3	26	3	14	5	5	5	5	5	11	5	5	5	5	5	5	5	5	5	5	5	5	5	3	5	5	12	20	1	12	1	1	1	1	6	16	5	6	2	2	4	24	5	5	5	15	5	5
530	25	5	3	14	14	27	5	14	5	5	22	6	1	3	1	1	1	9	12	1	5	28	18	26	3	14	5	5	5	5	4	11	5	5	5	5	5	5	5	15	5	5	5	5	9	18	23	23	5	12	9	23	1	9	1	1	1	1	7	27	5	5	5	14	5	25	3	5	7	7
540	5	5	5	14	26	27	5	14	5	5	26	6	3	3	1	1	4	9	1	1	1	28	21	26	5	14	5	5	5	5	5	11	5	5	5	5	5	5	5	5	5	5	5	5	5	21	5	5	1	1	4	12	4	4	4	9	4	11	9	26	5	5	1	31	22	5	4	27	9	9
550	5	5	5	14	5	27	14	14	5	5	1	6	1	3	1	1	9	9	1	1	1	28	18	26	3	14	5	5	5	5	11	11	5	5	5	5	5	5	14	25	14	14	5	14	7	18	1	21	1	1	1	1	1	9	1	1	1	1	3	1	5	14	5	5	5	5	14	5	14	14
560	5	5	14	14	31	27	14	14	5	5	3	6	4	3	9	1	1	9	1	1	1	28	6	26	5	14	5	5	5	5	5	11	5	5	5	5	5	5	5	5	5	5	5	5	12	20	12	12	1	1	12	12	1	12	9	9	4	9	28	11	3	14	31	31	3	14	4	31	28	28
570	12	5	5	14	30	27	14	14	5	5	16	6	1	3	1	1	1	9	1	1	13	28	3	26	14	14	5	5	5	5	5	11	5	5	5	5	5	5	5	5	5	5	5	5	5	14	5	5	12	20	1	12	1	1	1	1	1	1	4	16	5	14	31	30	5	12	5	31	15	15
580	5	5	14	14	6	27	5	14	5	5	1	6	3	3	1	1	1	9	1	1	6	28	26	26	3	14	5	5	5	5	5	11	5	5	5	5	5	5	5	5	5	5	5	5	26	26	29	31	1	6	18	29	11	18	11	18	11	11	10	18	5	5	23	20	3	14	3	29	19	19
590	14	5	3	14	5	27	5	14	5	5	1	6	1	3	1	1	1	9	1	1	1	28	18	26	5	14	5	5	5	5	5	11	5	5	5	5	5	5	5	5	5	5	5	5	5	29	5	5	9	1	23	23	1	23	1	1	1	1	1	1	5	5	28	5	3	14	3	31	7	7
600	5	5	13	14	7	27	5	14	5	5	1	6	1	3	1	1	1	9	1	1	1	28	3	26	21	14	5	5	5	5	5	11	5	5	5	5	5	5	5	5	5	5	5	5	12	21	12	12	1	1	1	12	1	1	1	1	1	1	1	1	5	5	3	21	24	13	24	30	28	28
610	5	5	7	14	3	27	4	14	2	5	1	6	5	3	20	1	5	9	1	1	1	28	1	26	5	14	5	5	5	5	14	11	5	5	5	5	5	5	5	14	5	5	13	5	5	12	5	13	12	1	5	12	5	5	8	20	22	22	4	27	1	10	5	7	1	21	24	12	24	24
620	5	5	5	14	1	27	5	14	5	5	2	6	3	3	1	1	1	9	1	1	1	28	16	26	5	14	5	5	5	5	5	11	5	5	5	5	5	5	5	5	5	5	5	5	5	27	5	5	1	1	1	12	1	1	17	1	26	26	31	26	14	5	6	21	5	5	4	20	31	31
630	4	5	27	14	1	27	21	14	1	5	4	6	3	3	3	1	3	9	5	1	5	28	26	26	5	14	5	5	5	5	3	11	5	5	5	5	5	5	14	14	14	14	14	14	3	31	14	14	5	5	5	14	14	14	3	14	3	3	14	11	1	21	1	1	5	31	5	12	14	14
640	5	5	5	14	26	27	5	14	5	5	1	6	3	3	1	1	1	9	1	1	12	28	7	26	3	14	5	5	5	5	4	11	5	5	5	5	5	5	15	15	15	15	5	15	1	7	1	12	1	12	1	1	1	1	1	1	7	7	28	7	5	5	24	31	5	5	3	24	31	31
650	5	5	13	14	5	27	5	14	5	5	2	6	21	3	1	1	4	9	1	1	12	28	10	26	5	14	5	5	5	5	5	11	5	5	5	5	5	5	5	5	5	5	5	5	5	24	5	5	12	12	4	12	4	4	1	9	29	21	7	31	5	5	5	5	22	13	5	22	21	21
660	5	5	21	14	7	27	11	14	5	5	4	6	3	3	1	1	1	9	1	1	1	28	4	26	12	14	5	5	5	5	3	11	5	5	5	5	5	5	5	14	5	5	5	5	12	23	1	12	1	1	1	1	1	1	6	1	16	16	5	26	4	25	18	18	5	21	5	29	5	5
670	5	5	5	14	5	27	3	14	5	5	1	6	3	3	1	1	1	9	1	1	28	28	3	26	3	14	5	5	5	5	4	11	5	5	5	5	5	5	5	15	5	5	5	5	3	3	3	14	28	28	31	31	31	31	31	31	29	31	16	29	14	14	30	14	1	5	1	31	16	16
680	5	5	22	14	19	27	14	14	5	5	1	6	3	3	1	1	1	9	1	1	1	28	31	26	5	14	5	5	5	5	3	11	5	5	5	5	5	5	5	14	5	5	5	5	26	31	31	31	1	1	31	31	30	31	27	31	27	27	5	27	3	14	31	19	3	22	2	31	13	13
690	5	5	5	14	12	27	5	14	5	5	1	6	3	3	1	1	1	9	1	1	1	28	18	26	5	14	5	5	5	5	4	11	5	5	5	5	5	5	15	15	15	15	5	15	15	29	5	15	1	1	12	12	12	12	12	12	21	21	12	21	5	5	1	12	5	5	1	12	12	12
700	5	5	14	14	28	27	14	14	5	5	2	6	3	3	1	1	1	9	1	1	17	28	26	26	5	14	5	5	5	5	4	11	5	5	5	5	5	5	15	15	15	15	4	15	31	31	28	31	1	17	28	28	28	28	28	28	31	31	25	31	3	14	31	31	3	14	3	31	25	25
710	5	5	5	14	12	27	3	14	5	5	9	6	1	3	1	1	1	9	1	1	1	28	11	26	5	14	5	5	5	5	4	11	5	5	5	5	5	5	5	15	5	5	5	5	5	25	5	5	1	1	1	12	1	1	1	1	1	1	24	9	5	14	13	12	5	5	5	13	24	24
720	5	5	14	14	16	27	5	14	5	5	1	6	3	3	20	1	4	9	1	1	1	28	10	26	5	14	5	5	5	5	5	11	5	5	5	5	5	5	5	5	5	5	5	5	5	24	15	5	1	1	4	23	4	4	31	28	28	31	5	28	5	5	12	27	3	14	13	21	13	13
730	5	5	19	14	5	27	5	14	5	5	13	6	1	3	1	1	1	9	1	1	1	28	31	26	3	14	5	5	5	5	15	11	5	5	5	5	5	5	5	15	5	5	5	5	12	31	12	12	1	1	1	12	1	1	1	1	1	1	20	20	5	5	3	5	3	30	2	3	20	20
740	5	5	5	14	27	27	5	14	5	5	2	6	3	3	1	1	4	9	1	1	1	28	16	26	5	14	5	5	5	5	4	11	5	5	5	5	5	5	15	15	15	15	5	15	27	27	27	27	1	1	20	27	28	28	28	28	31	31	11	31	5	5	26	27	5	5	3	31	11	11
750	5	5	3	14	5	27	14	14	5	5	2	6	3	3	1	1	1	9	1	1	1	28	26	26	5	14	5	5	5	5	5	11	5	5	5	5	5	5	5	5	5	5	5	5	21	31	21	21	1	1	21	21	21	21	21	21	21	21	20	27	5	14	5	5	5	14	5	5	20	20
760	31	5	3	14	29	27	5	14	22	5	1	6	3	3	4	1	1	9	1	1	23	28	11	26	3	14	5	5	5	5	3	11	5	5	5	5	5	5	5	14	5	5	5	5	3	11	5	14	23	23	12	23	12	12	28	23	31	31	11	31	2	22	2	31	17	31	3	17	11	11
770	4	5	14	14	13	27	5	14	5	5	27	6	4	3	15	1	5	9	4	1	5	28	5	26	5	14	5	5	5	5	5	11	5	5	5	5	5	5	5	5	5	5	5	5	5	5	5	5	5	15	5	5	5	5	4	15	4	4	5	31	5	5	2	13	30	25	26	30	31	31
780	5	5	14	14	27	27	5	14	5	5	29	6	3	3	3	1	3	9	3	1	3	28	19	26	5	14	5	5	5	5	5	11	5	5	5	5	5	5	5	5	5	5	5	5	3	30	3	14	3	3	3	3	3	3	3	3	3	3	10	29	3	5	3	27	19	14	4	19	10	10
790	1	5	13	14	4	27	5	14	2	5	4	6	9	3	5	1	4	9	5	1	5	28	7	26	3	14	5	5	5	5	5	11	5	5	5	5	5	5	5	5	5	5	5	5	3	7	3	14	4	5	4	11	4	4	4	15	4	9	15	4	4	13	10	4	4	20	3	10	25	25
800	5	5	5	14	8	27	5	14	5	5	1	6	3	3	1	1	1	9	12	1	5	28	19	26	3	14	5	5	5	5	5	11	5	5	5	5	5	5	5	5	5	5	5	5	19	19	25	30	1	12	18	29	18	18	1	18	7	7	1	7	5	5	21	22	4	5	19	29	26	26
810	5	5	5	14	5	27	5	14	5	5	1	6	1	3	1	1	1	9	1	1	23	28	1	26	5	14	5	5	5	5	5	11	5	5	5	5	5	5	5	5	5	5	5	5	5	12	5	5	23	23	1	23	1	1	1	1	1	1	31	1	5	5	5	5	5	5	5	5	31	31
820	5	5	13	14	31	27	5	14	12	5	21	6	1	3	1	1	1	9	23	1	4	28	6	26	3	14	5	5	5	5	4	11	5	5	5	5	5	5	5	15	5	5	5	5	5	16	5	5	29	23	1	29	1	1	1	1	1	1	9	21	1	12	30	31	1	13	1	31	9	9
830	29	5	4	14	3	27	3	14	3	5	3	6	20	3	3	1	14	9	5	1	23	28	2	26	5	14	1	5	4	5	24	11	5	5	5	5	5	5	4	24	1	4	1	1	1	13	1	1	1	23	3	1	8	14	2	8	7	20	19	7	2	3	3	8	22	29	2	22	19	19
840	26	5	2	14	3	27	3	14	21	5	9	6	15	3	3	1	1	9	1	1	1	28	5	26	5	14	5	5	5	5	5	11	5	5	5	5	5	5	5	5	5	5	13	5	5	5	2	13	1	1	1	6	1	1	4	7	4	15	3	9	1	21	10	7	4	26	3	10	3	3
850	31	5	2	14	4	27	27	14	5	5	1	6	1	3	1	1	1	9	1	1	1	28	4	26	14	14	5	5	5	5	5	11	5	5	5	5	5	5	5	5	5	5	5	5	25	25	14	25	1	1	1	21	1	1	1	1	1	1	27	1	22	27	29	30	2	31	1	31	27	27
860	5	5	5	14	31	27	5	14	5	5	1	6	14	3	1	1	1	9	1	1	4	28	18	26	5	14	5	5	5	5	4	11	5	5	5	5	5	5	5	15	5	5	5	5	12	29	1	12	1	9	1	1	1	1	1	1	21	21	5	21	5	5	28	31	5	5	5	28	5	5
870	5	5	25	14	16	27	14	14	5	5	5	6	15	3	1	1	5	9	1	1	20	28	19	26	5	14	5	5	5	5	5	11	5	5	5	5	5	5	5	5	5	5	5	5	13	30	13	13	5	20	5	13	5	5	1	12	29	23	4	29	3	14	14	16	3	25	9	14	9	9
880	5	5	5	14	22	27	5	14	5	5	1	6	12	3	1	1	1	9	1	1	28	28	1	26	14	14	5	5	5	5	5	11	5	5	5	5	5	5	5	5	5	5	5	5	5	21	5	5	5	28	5	5	12	12	1	12	12	12	3	12	5	5	6	22	5	5	3	20	3	3
890	5	5	14	14	1	27	15	14	5	5	2	6	11	3	1	1	1	9	1	1	1	28	1	26	14	14	5	5	5	5	5	11	5	5	5	5	5	5	5	5	5	5	5	5	12	21	1	12	1	1	1	1	1	1	1	1	9	18	19	17	14	15	18	21	2	14	4	26	19	19
900	5	5	5	14	14	27	5	14	5	5	2	6	8	3	15	1	4	9	1	1	1	28	26	26	3	14	15	5	5	5	5	11	5	5	5	5	5	5	5	5	5	5	4	15	4	26	4	4	1	1	4	9	4	4	4	15	19	19	8	19	5	5	3	14	24	5	3	30	8	8
910	5	5	14	14	31	27	5	14	5	5	2	6	3	3	1	1	1	9	1	1	1	28	16	26	3	14	5	5	5	5	5	11	5	5	5	5	5	5	5	5	5	5	5	5	1	16	12	12	1	1	1	12	1	1	1	1	7	7	2	16	5	5	2	31	27	14	13	27	13	13
920	2	5	22	14	2	27	8	14	3	5	2	6	11	3	5	1	5	9	4	1	5	28	3	26	14	14	5	5	5	5	4	11	5	5	5	5	5	5	5	15	5	5	5	5	5	14	5	5	5	15	5	5	5	5	5	5	25	25	20	30	3	8	2	8	4	22	1	10	20	20
930	5	5	22	14	12	27	5	14	5	5	4	6	3	3	1	1	4	9	1	1	1	28	17	26	5	14	5	5	5	5	3	11	5	5	5	5	5	5	5	14	5	5	5	5	23	28	23	23	1	1	23	23	23	23	12	23	21	21	5	29	5	5	4	12	27	22	14	31	14	14
940	5	5	5	14	8	27	3	14	3	5	2	6	2	3	2	1	6	9	1	1	14	28	18	26	5	14	5	5	5	5	5	11	5	5	5	5	5	5	5	5	5	5	5	5	14	29	5	14	14	21	2	14	2	6	2	2	2	2	17	2	3	3	4	8	9	5	3	9	26	26
950	4	5	4	14	31	27	5	14	5	5	1	6	2	3	1	1	1	9	1	1	5	28	24	26	5	14	5	5	5	5	5	11	5	5	5	5	5	5	5	5	5	5	5	5	5	24	5	5	12	12	1	12	1	1	1	1	1	6	4	1	4	5	3	31	16	4	2	16	10	10
960	5	5	5	14	13	27	5	14	5	5	1	6	3	3	1	1	1	9	1	1	1	28	17	26	5	14	5	5	5	5	5	11	5	5	5	5	5	5	5	5	5	5	5	5	23	28	1	23	1	1	1	1	1	1	1	1	7	7	4	7	5	5	5	13	5	5	6	5	17	17
970	31	5	3	14	5	27	15	14	5	5	23	6	1	3	4	1	1	9	1	1	3	28	3	26	3	14	3	5	5	5	5	11	5	5	5	5	5	5	5	5	5	5	3	14	3	3	3	3	3	7	3	3	9	7	1	9	1	1	5	23	13	15	31	13	3	31	1	31	12	12
980	4	5	4	14	3	27	1	14	1	5	2	6	2	3	9	1	4	9	3	1	31	28	5	26	5	14	15	5	5	5	5	11	5	5	5	5	5	5	5	5	5	5	4	15	19	5	4	19	4	31	4	4	4	4	20	9	20	20	5	20	3	1	5	3	5	4	20	5	20	20
990	5	5	5	14	18	27	14	14	5	5	17	6	1	3	1	1	1	9	1	1	1	28	18	26	5	14	5	5	5	5	15	11	5	5	5	5	5	5	5	15	5	5	5	5	12	29	1	12	1	1	1	1	1	1	1	1	1	1	2	17	5	14	2	29	2	5	8	2	8	8
1000	5	5	5	14	1	27	5	14	5	5	8	6	2	3	1	1	1	9	1	1	1	28	17	26	4	14	5	5	5	5	5	11	5	5	5	5	5	5	5	5	5	5	5	5	9	17	12	23	1	1	5	12	1	12	1	1	2	6	4	8	25	5	4	29	16	5	4	26	4	4
1010	5	5	3	14	5	27	5	14	5	5	1	6	1	3	1	1	1	9	1	1	1	28	16	26	5	14	5	5	5	5	4	11	5	5	5	5	15	5	5	15	5	5	5	5	20	27	6	20	1	1	6	6	1	6	1	1	1	1	1	1	5	5	5	5	5	14	1	5	1	1
1020	5	5	5	14	5	27	5	14	5	5	2	6	5	3	1	1	4	9	1	1	13	28	18	26	5	14	5	5	5	5	4	11	5	5	5	5	5	5	15	15	5	15	4	5	11	29	3	11	20	20	22	27	30	30	31	31	26	31	4	26	5	5	5	5	1	5	4	12	4	4
1030	5	5	3	14	2	27	5	14	5	5	2	6	18	3	1	1	5	9	2	1	2	28	26	26	3	14	5	5	5	5	4	11	5	5	5	5	5	5	5	15	5	5	5	5	2	26	13	13	2	2	5	13	5	5	1	12	4	18	14	10	5	5	2	13	9	14	3	17	14	14
1040	5	5	5	14	14	27	5	14	5	5	1	6	3	3	4	1	4	9	1	1	1	28	16	26	3	14	5	5	5	5	3	11	5	5	5	5	5	5	5	14	5	5	5	5	16	16	27	27	1	1	12	27	23	23	5	23	14	14	5	21	5	5	3	14	17	5	15	26	15	15
1050	5	5	13	14	1	27	5	14	5	5	2	6	3	3	1	1	3	9	1	1	1	28	26	26	5	14	5	5	5	5	3	11	5	5	14	5	14	14	5	14	5	5	5	5	26	31	31	31	1	1	31	31	28	31	28	28	31	31	3	31	5	5	27	12	5	13	29	27	29	29
1060	5	5	22	14	1	27	14	14	5	5	22	6	4	3	4	1	4	9	5	1	28	28	1	26	12	14	5	5	5	5	5	11	5	5	5	5	5	5	5	5	5	5	5	5	12	12	5	12	28	28	4	28	4	4	4	4	4	4	29	30	3	14	12	7	5	22	2	12	31	31
1070	5	5	22	14	26	27	3	14	5	5	4	6	8	3	1	1	1	9	1	1	12	28	3	26	14	14	5	5	5	5	5	11	5	5	5	5	5	5	5	5	5	5	5	5	5	14	5	5	12	12	1	12	1	1	1	1	16	16	1	26	5	14	31	31	3	22	24	31	28	28
1080	5	5	21	14	13	27	5	14	5	5	20	6	1	3	1	1	1	9	1	1	1	28	9	26	5	14	5	5	5	5	3	11	5	5	5	5	5	5	5	14	5	5	5	5	12	23	1	12	1	1	1	1	1	1	1	1	1	1	2	20	5	5	2	13	14	21	4	22	10	10
1090	8	5	2	14	2	27	3	14	23	5	2	6	2	3	2	1	2	9	2	1	2	28	16	26	3	14	5	5	5	5	28	11	5	5	5	5	5	5	24	28	24	24	13	24	2	16	13	13	2	2	2	13	2	2	2	2	2	2	3	2	10	29	5	10	12	8	26	12	26	26
1100	5	5	3	14	22	27	5	14	5	5	5	6	22	3	1	1	1	9	1	1	9	28	26	26	5	14	5	5	5	5	4	11	15	5	5	5	15	15	5	15	5	5	5	5	21	31	1	21	9	9	1	9	1	1	1	1	31	27	5	31	2	5	3	22	3	14	25	3	25	25
1110	5	5	5	14	5	27	5	14	5	5	2	6	3	3	1	1	1	9	1	1	27	28	3	26	14	14	5	5	5	5	3	11	5	5	5	5	5	5	5	14	5	5	5	5	5	14	5	5	27	27	22	27	27	27	30	27	30	30	3	30	5	5	5	5	5	5	28	5	31	31
1120	3	5	3	14	3	27	14	14	5	5	2	6	3	3	1	1	18	9	1	1	12	28	16	26	3	14	5	5	5	5	5	11	5	5	5	5	5	5	5	5	5	5	5	5	1	16	5	12	12	12	5	12	29	29	29	29	29	29	18	31	14	14	3	14	3	3	1	3	18	18
1130	5	5	5	14	29	27	5	14	5	5	1	6	3	3	1	1	1	9	1	1	1	28	8	26	5	14	5	5	5	5	5	11	5	5	5	5	5	5	5	5	5	5	5	5	22	22	14	22	1	1	12	21	12	12	12	12	21	21	31	21	5	5	15	29	3	5	2	25	31	31
1140	5	5	5	14	5	27	5	14	5	5	1	6	3	3	1	1	4	9	1	1	1	28	26	26	5	14	5	5	5	5	5	11	5	5	5	5	5	5	5	5	5	5	5	5	31	31	31	31	1	1	31	31	30	31	31	31	31	31	5	31	5	5	5	5	13	5	10	13	24	24
1150	4	5	11	14	5	27	5	14	5	5	5	6	12	3	1	1	1	9	1	1	1	28	17	26	5	14	5	5	5	5	5	11	5	5	5	5	5	5	5	5	5	5	5	5	12	28	1	12	1	1	1	1	1	1	2	1	12	20	26	12	5	5	5	5	5	11	4	5	26	26
1160	5	5	1	14	15	27	3	14	14	5	3	6	14	3	1	1	1	9	1	1	1	28	7	26	3	14	5	5	5	5	3	11	5	5	5	5	12	5	21	21	12	21	1	12	1	7	1	1	1	1	1	1	1	1	1	1	12	21	5	21	3	14	29	25	3	12	4	29	15	15
1170	5	5	14	14	14	27	30	14	5	5	29	6	3	3	1	1	6	9	1	1	15	28	5	26	14	14	5	5	5	5	5	11	5	5	5	5	5	5	5	5	5	5	5	5	5	14	5	5	5	23	5	5	1	20	1	1	3	7	2	29	1	30	1	21	1	14	4	1	10	10
1180	5	5	5	14	22	27	5	14	5	5	17	6	3	3	4	1	1	9	1	1	1	28	17	26	5	14	5	5	5	5	5	11	5	5	5	5	5	5	5	5	5	5	5	5	23	28	29	23	1	1	29	29	11	29	3	11	3	3	1	26	5	5	2	22	31	5	5	31	12	12
1190	15	5	5	14	26	27	5	14	5	5	5	6	14	3	1	1	1	9	1	1	9	28	8	26	3	14	5	5	5	5	5	11	5	5	5	5	5	5	5	5	5	5	2	5	8	8	3	8	23	9	1	29	1	1	1	1	14	21	25	14	5	5	4	31	25	15	4	25	25	25
1200	5	5	5	14	8	27	5	14	5	5	2	6	3	3	5	1	1	9	1	1	7	28	26	26	5	14	5	5	5	5	5	11	5	5	5	5	5	5	5	5	5	5	5	5	23	31	23	23	3	7	25	29	29	29	31	29	31	31	5	31	5	5	19	22	5	5	5	30	5	5
1210	5	5	5	14	5	27	5	14	5	5	7	6	3	3	1	1	1	9	1	1	1	28	3	26	14	14	5	5	5	5	11	11	5	5	5	5	5	5	5	25	5	5	5	5	5	14	5	5	1	1	1	12	1	1	3	1	3	3	1	7	5	5	5	5	5	5	5	5	12	12
1220	3	5	18	14	3	27	3	14	22	5	29	6	1	3	1	1	2	9	5	1	5	28	1	26	21	14	5	5	5	5	5	11	5	5	5	5	5	5	5	5	5	5	5	5	14	21	5	14	5	5	1	5	1	6	1	1	1	1	5	29	21	22	2	21	3	18	5	8	5	5
1230	3	5	3	14	31	27	5	14	5	5	1	6	5	3	1	1	1	9	1	1	1	28	9	26	5	14	5	5	5	5	5	11	5	5	5	5	5	5	5	5	5	5	5	5	12	23	1	12	1	1	1	1	1	1	1	1	12	12	4	12	5	5	1	31	9	3	13	9	24	24
1240	5	5	5	14	31	27	5	14	5	5	2	6	3	3	1	1	4	9	1	1	1	28	9	26	5	14	5	5	5	5	5	11	5	5	5	5	5	5	5	5	5	5	5	5	23	23	23	23	1	1	4	23	4	4	9	9	18	18	8	26	5	5	28	31	5	5	2	28	8	8
1250	4	5	4	14	5	27	10	14	2	5	5	6	2	3	1	1	4	9	1	1	1	28	4	26	4	14	5	5	5	5	5	11	5	5	5	5	5	5	5	5	5	5	5	5	22	4	31	22	1	1	10	31	24	10	6	28	6	6	13	20	5	10	1	5	5	4	2	12	13	13
1260	5	5	5	14	22	27	14	14	5	5	1	6	1	3	1	1	1	9	1	1	1	28	7	26	3	14	5	5	5	5	4	11	5	5	5	5	5	5	5	15	5	5	5	5	7	7	12	21	1	1	1	12	1	1	1	1	1	1	29	1	5	14	13	22	1	5	1	20	29	29
1270	5	5	14	14	2	27	5	14	5	5	1	6	3	3	1	1	1	9	1	1	1	28	9	26	5	14	5	5	5	5	5	11	5	5	5	5	5	5	5	5	5	5	5	5	12	23	1	12	1	1	1	1	1	1	1	1	1	7	29	1	28	5	5	28	15	14	5	15	29	29
1280	1	5	4	14	3	27	4	14	4	5	4	6	4	3	4	1	4	9	3	1	3	28	1	26	1	14	5	5	12	5	1	11	4	5	4	5	1	4	1	1	22	12	3	22	11	1	2	11	3	3	4	8	4	4	4	4	4	4	3	4	4	4	2	11	30	9	3	30	3	3
1290	3	5	29	14	4	27	5	14	4	5	12	6	1	3	1	1	9	9	1	1	1	28	2	26	5	14	5	5	5	5	5	11	5	5	5	5	5	5	5	5	5	5	5	5	2	13	1	13	1	1	1	1	1	9	1	1	1	1	26	12	9	15	1	9	1	29	5	1	31	31
1300	14	5	3	14	23	27	5	14	15	5	31	6	1	3	1	1	5	9	5	1	5	28	24	26	3	14	5	5	5	5	15	11	5	5	5	5	5	5	5	15	5	5	5	5	5	30	5	5	5	5	5	5	1	5	1	1	1	1	20	31	1	15	25	23	1	14	5	29	20	20
1310	5	5	14	14	26	27	5	14	5	5	1	6	1	3	1	1	1	9	1	1	9	28	26	26	5	14	5	5	5	5	5	11	5	5	5	5	5	5	5	5	5	5	5	5	23	31	1	23	1	9	1	1	1	1	1	1	1	1	4	1	5	5	30	31	5	14	6	30	17	17
1320	5	5	5	14	6	27	5	14	5	5	1	6	3	3	1	1	1	9	1	1	1	28	16	26	5	14	5	5	5	5	4	11	5	5	5	5	5	5	5	15	5	5	5	5	21	27	7	21	1	1	1	7	1	1	1	1	7	7	3	7	5	5	20	20	5	5	20	20	27	27
1330	2	5	5	14	5	27	1	14	3	5	14	6	12	3	4	1	2	9	2	1	10	28	1	26	1	14	5	5	4	5	5	11	5	5	5	5	14	5	14	14	15	25	5	15	15	1	4	15	10	10	2	10	10	2	1	10	5	12	26	14	19	7	1	30	9	13	3	9	26	26
1340	5	5	5	14	12	27	3	14	5	5	2	6	3	3	2	1	2	9	5	1	5	28	2	26	5	14	5	5	5	5	5	11	5	5	5	5	5	5	5	5	5	5	5	5	2	13	13	13	5	5	2	13	2	2	2	2	8	8	8	8	5	14	2	12	21	5	3	27	8	8
1350	3	5	23	14	28	27	14	14	5	5	4	6	3	3	1	1	6	9	1	1	1	28	6	26	5	14	5	5	5	5	5	11	5	5	5	5	5	5	5	5	5	5	5	5	12	20	1	12	1	1	1	1	1	6	1	1	18	7	4	18	3	14	31	31	4	29	17	31	17	17
1360	5	5	5	14	1	27	22	14	5	5	7	6	1	3	1	1	1	9	1	1	1	28	18	26	5	14	5	5	5	5	3	11	14	5	5	5	5	14	5	14	5	5	5	5	21	29	12	21	1	1	1	12	1	1	1	1	1	1	5	7	3	22	21	7	5	5	13	21	13	13
1370	5	5	5	14	17	27	5	14	5	5	1	6	1	3	1	1	1	9	1	1	2	28	3	26	14	14	5	5	5	5	4	11	5	5	5	5	5	5	5	15	5	5	5	5	5	14	5	5	6	6	1	20	1	1	1	1	1	1	17	1	5	5	5	28	15	5	3	15	26	26
1380	5	5	3	14	8	27	5	14	5	5	27	6	1	3	1	1	1	9	1	1	1	28	4	26	14	14	5	5	5	5	5	11	5	5	5	5	5	5	5	5	5	5	5	5	5	25	5	5	1	1	1	12	1	1	1	1	1	1	19	27	5	5	2	22	5	14	4	13	19	19
1390	5	5	5	14	5	27	5	14	5	5	1	6	3	3	1	1	3	9	1	1	26	28	8	26	3	14	5	5	5	5	3	11	5	5	5	5	5	5	5	14	5	5	5	5	3	8	3	14	26	26	26	26	18	26	9	18	3	18	5	7	5	5	20	5	5	5	2	20	13	13
1400	5	5	5	14	3	27	14	14	5	5	2	6	3	3	1	1	4	9	1	1	9	28	4	26	5	14	5	5	5	5	4	11	5	5	5	5	5	5	15	15	5	15	5	5	5	15	5	5	9	9	23	23	23	23	23	23	29	29	13	31	14	14	5	14	5	5	5	5	13	13
1410	3	5	3	14	15	27	5	14	5	5	30	6	3	3	1	1	1	9	1	1	1	28	26	26	3	14	5	5	5	5	5	11	5	5	5	5	5	5	5	5	5	5	21	5	3	26	21	21	1	1	3	21	7	7	3	7	3	3	11	30	5	5	28	15	4	3	5	28	25	25
1420	5	5	15	14	5	27	5	14	5	5	1	6	22	3	1	1	1	9	1	1	1	28	28	26	5	14	5	5	5	5	5	11	5	5	5	5	5	5	5	5	5	5	5	5	12	28	1	12	1	1	1	1	1	1	1	1	27	27	1	27	5	5	5	5	5	15	1	5	1	1
1430	5	5	3	14	6	27	14	14	5	5	12	6	1	3	1	1	1	9	1	1	1	28	26	26	5	14	5	5	5	5	5	11	5	5	5	5	5	5	5	5	5	5	5	5	9	31	9	23	1	1	1	9	1	1	1	1	1	1	27	12	3	14	3	16	3	14	5	3	27	27
1440	5	5	13	14	26	27	3	14	5	5	2	6	3	3	1	1	4	9	1	1	1	28	6	26	3	14	5	5	5	5	5	11	5	5	5	5	5	5	5	5	5	5	5	5	16	16	27	27	1	1	26	27	16	26	16	16	16	16	1	16	3	14	3	26	20	13	20	27	20	20
1450	5	5	5	14	16	27	14	14	5	5	3	6	3	3	1	1	5	9	2	1	13	28	22	26	3	14	5	5	5	5	5	11	5	5	5	5	5	5	5	5	5	5	5	5	5	22	5	5	5	13	5	5	5	5	23	12	29	29	3	29	5	14	13	27	5	5	15	13	25	25
1460	5	5	5	14	1	27	5	14	5	5	2	6	31	3	1	1	1	9	1	1	1	28	3	26	14	14	5	5	5	5	5	11	5	5	5	5	5	5	5	5	5	5	5	5	5	14	5	5	1	1	1	12	1	1	1	1	27	31	8	27	5	5	29	12	5	5	2	29	8	8
1470	3	5	3	14	3	27	5	14	5	5	5	6	4	3	6	1	4	9	1	1	17	28	3	26	3	14	14	5	5	5	5	11	5	5	5	5	5	5	5	5	5	5	4	14	4	3	4	4	9	17	4	9	4	4	9	17	9	9	4	23	31	5	31	31	1	3	4	31	4	4
1480	5	5	5	14	11	27	5	14	5	5	16	6	14	3	25	1	1	9	1	1	12	28	15	26	2	14	5	5	5	5	5	11	5	5	5	5	5	5	5	5	5	5	5	5	5	24	5	5	12	12	1	12	1	1	5	29	3	14	5	16	5	5	5	25	5	5	5	5	5	5
1490	5	5	5	14	27	27	14	14	5	5	2	6	3	3	1	1	1	9	1	1	1	28	3	26	14	14	5	5	5	5	4	11	5	5	5	5	5	5	5	15	5	5	5	5	5	14	1	5	7	1	1	7	1	1	1	1	7	7	2	16	5	14	21	27	3	5	5	21	13	13
1500	5	5	5	14	4	27	5	14	5	5	1	6	4	3	1	1	1	9	1	1	6	28	1	26	12	14	5	5	5	5	5	11	5	5	5	5	5	5	5	5	5	5	5	5	12	12	12	12	1	6	12	12	12	12	12	12	23	23	7	23	5	5	9	15	3	5	1	18	7	7
1510	14	5	3	14	5	27	14	14	5	5	1	6	1	3	1	1	9	9	1	1	5	28	11	26	3	14	5	5	5	5	4	11	5	5	5	5	5	5	5	15	5	5	5	5	5	11	5	5	5	12	5	5	9	23	1	9	1	1	3	1	5	14	12	5	2	14	18	20	18	18
1520	5	5	5	14	26	27	5	14	5	5	1	6	3	3	1	1	1	9	1	1	11	28	19	26	3	14	3	5	5	5	3	11	5	5	5	5	5	5	14	14	14	14	14	14	3	19	3	14	9	18	1	18	1	1	1	1	7	7	1	7	5	5	30	31	1	5	17	31	17	17
1530	5	5	5	14	16	27	14	14	5	5	1	6	5	3	1	1	1	9	1	1	20	28	8	26	5	14	5	5	5	5	5	11	5	5	5	5	5	5	5	5	14	5	5	14	5	22	5	5	20	20	1	20	1	1	1	1	12	12	9	12	5	14	27	27	5	5	1	27	9	9
1540	13	5	5	14	5	27	5	14	5	5	1	6	14	3	1	1	1	9	1	1	1	28	18	26	5	14	5	5	5	5	3	11	5	5	5	5	5	5	14	14	5	14	5	5	12	29	1	12	1	1	1	1	1	1	1	1	21	21	22	21	5	5	5	5	5	13	3	5	22	22
1550	5	5	14	14	1	27	5	14	5	5	4	6	18	3	1	1	1	9	1	1	1	28	18	26	5	14	5	5	5	5	14	11	5	5	5	5	5	5	5	14	5	5	5	5	12	29	1	12	1	1	1	1	1	1	1	1	7	18	8	18	5	5	5	12	27	14	4	27	19	19
1560	3	5	3	14	21	27	5	14	5	5	1	6	3	3	1	1	1	9	1	1	6	28	9	26	5	14	5	5	5	5	5	11	5	5	5	5	5	5	5	5	5	5	5	5	12	23	12	12	1	6	1	12	1	1	1	1	7	7	23	7	5	5	5	21	3	3	5	14	23	23
1570	5	5	5	14	20	27	5	14	5	5	2	6	14	3	1	1	1	9	1	1	5	28	3	26	14	14	5	5	5	5	15	11	5	5	5	5	5	5	5	15	5	5	5	5	5	14	5	5	12	12	1	12	1	1	1	1	21	21	1	27	5	5	5	20	5	5	13	5	20	20
1580	5	5	24	14	5	27	5	14	5	5	3	6	30	3	4	1	4	9	3	1	4	28	26	26	3	14	5	5	5	5	4	11	5	5	5	5	5	5	4	15	15	15	4	15	4	26	4	4	11	11	4	11	4	4	4	4	30	30	23	30	2	5	5	13	18	24	4	29	23	23
1590	5	5	5	14	14	27	5	14	5	5	13	6	3	3	1	1	1	9	1	1	27	28	3	26	14	14	5	5	5	5	5	11	5	5	5	5	5	5	5	5	5	5	5	5	5	14	5	5	27	27	7	27	7	7	3	7	3	3	4	22	5	5	3	14	20	5	14	27	25	25
1600	5	5	3	14	10	27	5	14	5	5	4	6	22	3	1	1	1	9	1	1	28	28	1	26	14	14	5	5	5	5	5	11	5	5	5	5	5	5	5	5	5	5	5	5	5	21	5	5	23	28	1	23	1	1	1	1	27	27	5	31	5	5	5	24	18	14	5	29	5	5
1610	5	5	14	14	5	27	14	14	5	5	1	6	1	3	1	1	1	9	1	1	1	28	17	26	3	14	5	5	5	5	4	11	5	5	5	5	5	5	5	15	5	5	5	5	16	26	7	27	1	1	1	7	1	1	1	1	1	1	5	1	14	14	16	14	3	14	2	16	13	13
1620	5	5	14	14	26	27	5	14	5	5	1	6	3	3	1	1	1	9	1	1	5	28	1	26	5	14	5	5	5	5	4	11	5	5	5	5	5	5	15	15	15	15	5	15	5	12	5	5	12	12	1	12	1	1	1	1	7	7	11	7	5	5	19	31	5	14	5	30	25	25
1630	5	5	5	14	18	27	5	14	5	5	1	6	1	3	1	1	1	9	1	1	1	28	31	26	5	14	5	5	5	5	5	11	5	5	5	5	5	5	5	5	5	5	5	5	9	31	1	23	1	1	1	1	1	1	1	1	1	1	3	1	5	5	5	29	25	5	10	25	19	19
1640	28	5	3	14	7	27	25	14	5	5	2	6	11	3	1	1	1	9	1	1	1	28	31	26	3	14	5	5	5	5	5	11	5	5	5	5	5	5	5	5	5	5	5	5	21	31	12	21	1	1	1	12	1	1	1	1	18	18	25	26	3	25	5	7	15	31	3	15	25	25
1650	5	5	21	14	3	27	14	14	5	5	2	6	3	3	1	1	1	9	1	1	26	28	25	26	5	14	5	5	5	5	5	11	5	5	5	5	5	5	5	5	5	5	5	5	5	25	5	5	26	26	31	31	31	31	28	31	30	31	4	30	3	14	1	3	31	21	15	31	15	15
1660	5	5	5	14	25	27	14	14	5	5	1	6	3	3	1	1	1	9	5	1	12	28	18	26	5	14	5	5	5	5	4	11	5	5	5	5	5	5	5	15	5	5	5	5	5	29	5	5	12	12	12	12	5	12	12	12	21	21	5	21	5	14	4	25	15	5	3	15	14	14
1670	5	5	14	14	5	27	5	14	5	5	16	6	1	3	1	1	1	9	1	1	28	28	3	26	14	14	5	5	5	5	5	11	5	5	5	5	5	5	5	5	5	5	5	5	5	14	5	5	12	28	1	12	1	1	1	1	1	1	13	16	14	5	3	14	3	14	3	3	22	22
1680	5	5	15	14	3	27	5	14	5	5	12	6	1	3	1	1	1	9	1	1	1	28	5	26	5	14	5	5	5	5	3	11	5	5	5	5	5	5	5	14	5	5	5	5	12	5	1	12	1	1	1	1	1	1	1	1	1	1	2	12	5	5	13	14	3	15	30	22	30	30
1690	5	5	14	14	27	27	5	14	5	5	14	6	3	3	1	1	1	9	1	1	23	28	21	26	5	14	5	5	5	5	5	11	5	5	5	5	5	5	12	5	12	12	1	12	7	21	7	7	1	23	7	7	7	7	3	7	3	3	5	14	5	5	5	27	16	14	14	27	14	14
1700	5	5	5	14	25	27	5	14	5	5	3	6	3	3	1	1	1	9	1	1	1	28	17	26	5	14	5	5	5	5	5	11	5	5	5	5	5	5	5	5	5	5	5	5	12	28	1	12	1	1	1	1	1	1	1	1	7	7	23	7	5	5	25	25	3	5	5	25	23	23
1710	5	5	5	14	31	27	5	14	5	5	2	6	3	3	1	1	5	9	5	1	5	28	30	26	3	14	5	5	15	5	5	11	5	5	5	5	5	5	5	5	15	15	9	15	5	30	23	23	5	5	23	23	18	23	11	18	3	11	3	8	5	5	13	31	5	5	11	13	11	11
1720	5	5	5	14	26	27	5	14	5	5	2	6	6	3	1	1	1	9	1	1	1	28	1	26	14	14	5	5	5	5	3	11	5	5	5	5	5	5	14	14	5	14	5	5	12	21	12	12	1	1	1	12	1	1	1	1	6	6	23	6	5	5	17	31	5	5	2	28	28	28
1730	5	5	14	14	27	27	5	14	5	5	4	6	3	3	1	1	1	9	12	1	1	28	16	26	5	14	5	5	5	5	5	11	5	5	5	5	5	5	5	5	5	5	5	5	5	27	5	5	12	12	1	12	1	1	1	1	7	7	6	18	5	5	3	27	3	14	2	3	6	6
1740	3	5	10	14	9	27	6	14	2	5	27	6	4	3	4	1	4	9	5	1	5	28	18	26	3	14	5	5	5	5	23	11	5	5	5	5	1	5	5	23	5	5	5	5	14	18	14	14	5	5	23	14	4	23	4	4	4	4	5	31	4	6	31	9	4	19	28	31	28	28
1750	25	5	5	14	1	27	5	14	5	5	30	6	1	3	1	1	1	9	1	1	1	28	6	26	2	14	5	5	5	5	5	11	5	5	5	5	5	5	5	5	5	5	5	5	2	6	2	13	1	1	1	6	1	1	1	1	1	1	3	31	7	5	3	7	14	25	2	14	8	8
1760	5	5	5	14	5	27	5	14	5	5	12	6	1	3	1	1	1	9	1	1	4	28	27	26	3	14	5	5	5	5	5	11	5	5	5	5	5	5	5	5	5	5	5	5	12	27	1	12	1	9	1	1	1	1	1	1	1	1	5	12	5	5	5	5	5	5	12	5	12	12
1770	3	5	3	14	5	27	3	14	5	5	13	6	3	3	3	1	3	9	1	1	7	28	13	26	5	14	5	5	5	5	3	11	5	5	5	5	5	5	5	14	5	5	5	5	5	13	2	5	27	7	3	27	3	3	3	3	3	3	1	22	5	14	4	5	15	3	11	15	18	18
1780	5	5	22	14	12	27	5	14	5	5	1	6	3	3	1	1	1	9	3	1	23	28	22	26	3	14	5	5	5	5	15	11	5	5	5	5	5	5	5	15	5	5	5	5	5	22	5	5	29	29	21	29	29	21	28	29	31	31	1	31	3	5	1	21	13	22	1	20	1	1
1790	5	5	3	14	13	27	5	14	5	5	2	6	3	3	1	1	7	9	1	1	1	28	14	26	3	14	5	5	5	5	14	11	5	5	5	5	5	5	14	14	5	14	13	5	5	14	13	13	1	1	1	20	7	7	3	7	3	3	2	8	3	5	4	22	7	14	2	18	2	2
1800	14	5	3	14	23	27	5	14	5	5	1	6	3	3	1	1	1	9	1	1	1	28	7	26	3	14	5	5	5	5	5	11	5	5	5	5	5	5	5	5	5	5	5	5	7	7	21	21	1	1	12	21	12	12	1	12	3	7	5	7	5	5	5	23	5	14	5	5	5	5
1810	5	5	5	14	28	27	5	14	5	5	2	6	3	3	1	1	1	9	1	1	12	28	9	26	5	14	5	5	5	5	4	11	5	5	5	5	5	5	5	15	5	5	5	5	5	23	5	5	12	12	1	12	1	1	1	1	7	7	2	16	5	5	15	28	5	5	2	15	2	2
1820	5	5	19	14	5	27	5	14	5	5	2	6	3	3	1	1	4	9	1	1	20	28	26	26	5	14	5	5	5	5	5	11	5	5	5	5	5	5	5	5	5	5	5	5	5	31	5	5	20	20	20	20	28	28	28	28	29	31	2	31	5	5	5	5	28	30	2	28	2	2
1830	13	5	3	14	2	27	3	14	7	5	3	6	3	3	5	1	2	9	13	1	5	28	3	26	14	14	5	5	5	5	5	11	5	5	5	5	5	5	5	5	5	5	5	5	5	14	5	5	13	13	13	13	5	13	5	5	14	14	16	14	11	7	5	19	26	22	4	31	26	26
1840	5	5	5	14	5	27	5	14	5	5	1	6	3	3	1	1	1	9	1	1	20	28	3	26	14	14	5	5	5	5	3	11	5	5	5	5	5	5	5	14	5	5	5	5	5	14	5	5	20	20	20	20	20	20	20	20	27	27	4	27	5	5	14	5	5	5	5	14	15	15
1850	4	5	23	14	31	27	3	14	5	5	1	6	1	3	1	1	4	9	1	1	1	28	6	26	3	14	5	5	5	5	5	11	5	5	5	5	5	5	5	5	5	5	5	5	1	16	1	12	1	1	1	1	1	9	1	1	1	1	6	1	3	14	2	31	9	23	3	17	16	16
1860	5	5	12	14	3	27	22	14	5	5	28	6	1	3	1	1	1	9	1	1	1	28	17	26	5	14	5	5	5	5	5	11	5	5	5	5	5	5	5	5	5	5	5	5	23	28	1	23	1	1	1	1	1	1	1	1	1	1	21	28	3	22	3	3	26	12	3	26	21	21
1870	5	5	22	14	26	27	5	14	5	5	1	6	3	3	1	1	1	9	1	1	12	28	26	26	5	14	5	5	5	5	5	11	5	5	5	5	5	5	5	5	5	5	5	5	12	31	12	12	5	12	1	12	1	1	1	1	7	7	3	7	5	5	28	31	5	22	8	28	8	8
1880	5	5	28	14	5	27	5	14	5	5	30	6	1	3	1	1	1	9	1	1	6	28	26	26	5	14	5	5	5	5	3	11	5	5	5	5	5	5	5	14	5	5	5	5	21	31	1	21	1	6	1	1	1	1	1	1	1	1	13	31	5	5	5	5	5	28	5	5	13	13
1890	5	5	14	14	31	27	14	14	5	5	2	6	3	3	1	1	17	9	1	1	1	28	16	26	5	14	5	5	5	5	4	11	5	5	5	5	5	5	5	15	5	5	5	5	9	27	23	23	1	1	1	23	17	17	26	17	26	26	22	26	3	14	3	31	3	14	3	3	22	22
1900	20	5	5	14	17	27	4	14	12	5	4	6	25	3	3	1	3	9	2	1	4	28	3	26	3	14	5	5	5	5	5	11	5	5	5	5	5	5	5	5	5	5	14	5	3	3	3	14	19	10	3	19	3	3	3	3	12	25	4	23	1	23	3	17	13	20	3	22	11	11
1910	5	5	14	14	18	27	14	14	5	5	2	6	14	3	1	1	1	9	1	1	1	28	16	26	5	14	5	5	5	5	5	11	5	5	5	5	5	5	5	5	5	5	5	5	20	27	6	20	1	1	1	6	1	1	1	1	21	21	5	27	5	14	31	29	3	14	5	31	5	5
1920	3	5	3	14	14	27	5	14	5	5	31	6	3	3	1	1	1	9	1	1	1	28	26	26	5	14	5	5	5	5	4	11	5	5	5	5	5	5	15	15	5	15	5	5	20	31	1	20	1	1	7	1	7	7	3	7	3	3	9	31	5	5	31	14	4	3	4	31	9	9
1930	22	5	5	14	3	27	14	14	5	5	2	6	18	3	1	1	1	9	1	1	20	28	26	26	3	14	5	5	5	5	5	11	5	5	5	5	5	5	5	5	5	5	5	5	1	26	5	12	12	20	1	12	1	1	1	1	18	18	10	26	29	14	27	29	4	22	1	31	17	17
1940	5	5	5	14	1	27	14	14	5	5	1	6	2	3	1	1	1	9	1	1	12	28	18	26	3	14	5	5	5	5	4	11	5	5	5	5	5	5	5	15	5	5	5	5	5	18	5	5	12	12	1	12	1	1	1	1	6	6	4	6	9	14	3	9	3	5	8	3	19	19
1950	5	5	16	14	24	27	5	14	5	5	1	6	3	3	3	1	1	9	1	1	1	28	11	26	5	14	5	5	5	5	14	11	5	5	5	5	5	5	14	14	5	14	5	5	14	25	14	14	1	1	21	21	7	21	3	7	8	3	3	16	5	5	4	24	31	27	21	31	21	21
1960	5	5	5	14	26	27	5	14	5	5	1	6	4	3	1	1	1	9	1	1	1	28	26	26	3	14	5	5	5	5	5	11	5	5	5	5	5	5	5	5	5	5	5	5	9	26	1	23	1	1	1	1	1	1	4	1	4	4	5	9	5	5	2	31	30	5	9	30	23	23
1970	2	5	3	14	2	27	14	14	5	5	9	6	1	3	1	1	1	9	1	1	1	28	1	26	1	14	5	5	5	5	5	11	5	5	5	5	5	5	5	5	5	5	1	5	7	1	1	7	1	1	1	1	1	1	1	1	1	1	10	9	20	14	4	20	4	8	2	4	10	10
1980	4	5	9	14	4	27	3	14	5	5	5	6	5	3	3	1	5	9	1	1	1	28	3	26	3	14	5	5	5	5	5	11	5	5	5	5	5	5	5	5	5	5	5	5	25	3	30	25	1	1	14	31	3	14	5	3	5	5	1	5	7	14	4	18	4	9	14	4	21	21
1990	5	5	15	14	21	27	5	14	5	5	1	6	3	3	1	1	1	9	1	1	1	28	10	26	5	14	5	5	5	5	5	11	5	5	5	5	5	5	5	5	5	5	5	5	5	24	5	5	1	1	1	12	1	1	1	1	1	7	1	1	5	5	23	21	1	15	5	23	12	12
2000	5	5	3	14	5	27	3	14	15	5	16	6	3	3	1	1	1	9	1	1	1	28	3	26	22	14	5	5	5	5	5	11	5	5	5	5	5	5	5	5	5	5	5	5	5	22	5	5	1	1	1	12	1	1	3	1	3	3	5	16	27	25	3	27	27	14	31	27	31	31
2010	5	5	5	14	3	27	14	14	5	5	16	6	5	3	1	1	1	9	1	1	1	28	1	26	14	14	5	5	5	5	5	11	5	5	5	5	5	5	5	5	5	5	5	5	12	21	1	12	1	1	1	1	1	1	1	1	5	12	9	27	14	14	14	14	5	5	4	14	9	9
2020	5	5	3	14	27	27	5	14	5	5	1	6	3	3	1	1	4	9	1	1	1	28	26	26	3	14	5	5	5	5	3	11	5	5	5	5	5	5	5	14	5	5	5	5	19	26	30	30	1	1	21	31	29	29	29	29	29	29	13	29	5	5	20	27	5	14	5	20	13	13
2030	5	5	5	14	15	27	3	14	14	5	2	6	16	3	1	1	1	9	1	1	1	28	26	26	5	14	5	5	5	5	5	11	5	5	5	5	5	5	5	5	5	5	5	5	5	31	1	5	1	1	1	1	1	1	1	1	8	16	4	8	5	14	5	15	12	5	25	12	25	25
2040	5	5	20	14	5	27	3	14	5	5	15	6	1	3	1	1	1	9	1	1	1	28	30	26	5	14	5	5	5	5	5	11	5	5	5	5	5	5	5	5	5	5	5	5	5	30	5	5	1	1	1	12	1	1	1	1	1	1	2	23	3	14	17	14	3	20	3	26	8	8
2050	4	5	30	14	23	27	7	14	1	5	1	6	1	3	1	1	1	9	1	1	1	28	19	26	5	14	5	5	5	5	5	11	5	5	5	5	5	5	5	5	5	5	12	5	4	30	12	23	1	1	1	12	9	1	1	9	1	1	8	1	3	7	1	29	4	30	1	9	16	16
2060	5	5	12	14	12	27	14	14	5	5	18	6	1	3	1	1	1	9	1	1	1	28	17	26	5	14	5	5	5	5	3	11	5	5	5	5	14	5	5	14	5	5	5	5	4	28	15	15	1	1	12	23	1	12	1	1	1	1	2	18	3	14	5	21	5	12	12	5	20	20
2070	4	5	11	14	5	27	23	14	5	5	31	6	1	3	1	1	7	9	1	1	9	28	3	26	14	14	5	5	5	5	11	11	5	5	5	5	5	5	5	25	5	5	5	5	5	14	5	5	9	9	1	23	7	7	1	7	1	1	1	31	29	23	4	29	11	11	1	11	1	1
2080	15	5	5	14	11	27	14	14	5	5	6	6	1	3	1	1	1	9	1	1	1	28	2	26	5	14	5	5	5	5	5	11	5	5	5	5	5	5	5	5	5	5	5	5	5	13	5	5	1	1	1	12	1	1	1	1	1	1	2	6	3	14	4	11	3	15	3	11	8	8
2090	5	5	14	14	21	27	5	14	5	5	1	6	1	3	1	1	1	9	1	1	9	28	20	26	5	14	5	5	5	5	5	11	5	5	5	5	5	5	5	5	5	5	5	5	12	20	1	12	1	9	1	1	1	1	1	1	1	1	3	1	5	5	21	21	2	14	15	27	25	25
2100	2	5	14	14	20	27	14	14	5	5	1	6	3	3	1	1	1	9	1	1	24	28	26	26	5	14	5	5	5	5	3	11	5	5	5	5	5	5	5	14	5	5	5	5	13	31	5	13	28	28	31	28	31	31	30	31	30	30	17	31	5	14	2	20	2	22	2	2	17	17
2110	5	5	5	14	31	27	5	14	5	5	1	6	1	3	1	1	1	9	2	1	12	28	9	26	5	14	5	5	5	5	13	11	5	5	5	5	5	5	13	13	5	13	5	5	5	23	5	5	1	20	1	12	1	1	1	1	1	1	1	1	5	5	24	31	2	5	17	24	17	17
2120	5	5	24	14	3	27	5	14	5	5	1	6	1	3	1	1	1	9	1	1	1	28	26	26	5	14	5	5	5	5	5	11	5	5	5	5	5	5	5	5	5	5	5	5	12	31	1	12	1	1	1	1	1	1	1	1	1	1	14	1	3	5	11	3	2	24	5	19	14	14
2130	5	5	3	14	20	27	5	14	5	5	1	6	19	3	1	1	1	9	1	1	1	28	3	26	3	14	5	5	5	5	5	11	5	5	5	5	5	5	5	5	5	5	12	5	5	3	12	12	1	1	1	12	1	1	1	1	16	26	4	16	5	5	2	20	28	14	11	28	11	11
2140	5	5	21	14	21	27	14	14	5	5	2	6	3	3	1	1	1	9	1	1	1	28	6	26	3	14	5	5	5	5	11	11	5	5	5	5	5	5	25	25	25	25	11	25	3	16	4	11	1	1	1	9	1	1	1	1	7	7	8	16	3	14	1	21	16	21	3	16	8	8
2150	5	5	13	14	17	27	17	14	5	5	3	6	3	3	27	1	5	9	5	1	5	28	18	26	5	14	5	5	5	5	5	11	5	5	5	5	5	5	5	5	5	5	5	5	5	29	5	5	5	5	5	5	5	5	3	27	3	3	18	3	2	28	3	17	3	13	5	3	29	29
2160	5	5	7	14	3	27	2	14	2	5	12	6	5	3	26	1	3	9	3	1	3	28	4	26	23	14	12	5	5	5	5	11	2	5	2	5	5	2	5	5	5	5	5	12	12	23	23	12	1	3	5	23	5	14	5	31	5	5	20	12	1	2	10	7	2	21	4	10	28	28
2170	5	5	5	14	5	27	14	14	5	5	4	6	3	3	1	1	2	9	1	1	10	28	8	26	5	14	5	5	5	5	5	11	5	5	5	5	5	5	5	5	5	5	5	5	14	22	5	14	17	17	23	28	28	28	7	28	7	7	24	18	5	14	14	5	5	5	4	14	24	24
2180	5	5	3	14	1	27	8	14	5	5	30	6	4	3	4	1	9	9	1	1	1	28	9	26	5	14	5	5	5	5	5	11	5	5	5	5	5	5	5	5	5	5	5	5	1	23	1	12	1	1	1	1	4	9	4	4	4	4	25	30	24	22	5	28	15	14	3	15	25	25
2190	22	5	5	14	4	27	5	14	5	5	3	6	3	3	7	1	1	9	1	1	1	28	2	26	5	14	5	5	5	5	4	11	5	5	5	5	5	5	5	15	5	5	5	5	5	13	5	5	1	1	1	12	1	1	3	7	3	3	29	3	5	5	18	15	2	22	2	26	31	31
2200	5	5	18	14	5	27	14	14	5	5	1	6	12	3	1	1	1	9	1	1	1	28	18	26	4	14	5	5	5	5	5	11	5	5	5	5	5	5	5	5	5	5	5	5	1	18	12	12	1	1	1	12	1	1	1	1	1	12	5	1	5	14	4	5	8	29	5	19	5	5
2210	5	5	5	14	27	27	5	14	5	5	1	6	3	3	1	1	1	9	1	1	1	28	26	26	5	14	5	5	5	5	4	11	5	5	5	5	5	5	5	15	5	5	5	5	31	31	31	31	1	1	29	31	29	29	25	29	25	25	5	29	5	5	22	27	5	5	12	22	12	12
2220	5	5	14	14	14	27	14	14	5	5	5	6	1	3	1	1	1	9	1	1	12	28	28	26	5	14	5	5	5	5	4	11	5	5	5	5	5	5	15	15	5	15	5	5	6	28	20	20	5	12	1	20	1	1	1	1	1	1	1	12	5	14	5	14	30	14	23	30	23	23
2230	5	5	5	14	17	27	5	14	5	5	2	6	3	3	1	1	4	9	1	1	1	28	10	26	5	14	5	5	5	5	4	11	5	5	5	5	5	5	5	15	5	5	5	5	24	24	24	24	1	1	28	28	28	28	28	28	27	31	5	27	5	5	24	28	5	5	22	24	22	22
2240	6	5	1	14	1	27	15	14	5	5	21	6	3	3	17	1	4	9	2	1	15	28	16	26	5	14	5	5	5	5	15	11	5	5	5	5	5	5	5	15	5	5	5	5	14	27	5	14	15	24	4	15	4	4	3	17	3	3	24	21	9	15	1	9	1	6	2	1	24	24
2250	5	5	5	14	31	27	14	14	5	5	19	6	5	3	1	1	1	9	1	1	1	28	3	26	14	14	5	5	5	5	5	11	5	5	5	5	5	5	5	5	5	5	5	5	14	14	14	14	1	1	12	21	12	12	5	12	5	5	22	30	5	14	5	31	5	5	1	5	27	27
2260	5	5	5	14	8	27	14	14	5	5	25	6	7	3	7	1	1	9	1	1	12	28	29	26	5	14	5	5	5	5	3	11	5	5	5	5	5	5	5	14	5	5	5	5	12	29	1	12	1	12	1	1	1	1	1	7	1	7	4	29	3	14	3	8	3	5	9	3	9	9
2270	31	5	5	14	12	27	5	14	5	5	3	6	3	3	1	1	1	9	1	1	1	28	6	26	3	14	5	5	5	5	3	11	5	5	5	5	5	5	14	14	14	14	3	14	7	16	1	7	1	1	1	1	1	1	1	1	7	7	4	7	5	5	1	12	28	31	4	28	4	4
2280	5	5	5	14	12	27	14	14	5	5	2	6	3	3	1	1	4	9	1	1	31	28	3	26	14	14	5	5	5	5	4	11	5	5	5	5	5	5	5	15	5	5	5	5	5	14	5	5	31	31	31	31	31	31	31	31	28	31	13	28	5	14	12	12	5	5	4	12	24	24
2290	3	5	3	14	12	27	5	14	5	5	3	6	3	3	3	1	31	9	1	1	1	28	26	26	3	14	5	5	5	5	5	11	5	5	5	5	5	5	5	5	5	5	5	5	27	26	1	27	1	1	1	1	31	31	23	31	29	29	2	29	5	5	1	12	7	3	2	7	2	2
2300	5	5	21	14	1	27	5	14	5	5	23	6	1	3	1	1	1	9	1	1	1	28	26	26	3	14	5	5	5	5	4	11	5	5	5	5	5	5	5	15	5	5	5	5	1	26	1	12	1	1	1	1	1	1	1	1	1	1	5	23	13	5	5	20	27	21	5	27	5	5
2310	12	5	3	14	20	27	5	14	5	5	20	6	4	3	1	1	1	9	1	1	1	28	6	26	3	14	5	5	5	5	3	11	5	5	5	5	5	5	5	14	5	5	5	5	1	16	1	12	1	1	1	1	1	1	4	1	4	4	2	28	5	5	28	20	3	21	4	31	10	10
2320	5	5	5	14	5	27	14	14	3	5	18	6	1	3	1	1	1	9	1	1	20	28	3	26	14	14	5	5	5	5	5	11	5	5	5	5	5	5	5	5	5	5	5	5	5	14	5	5	20	20	20	20	12	20	1	12	1	1	2	18	14	14	5	14	5	5	10	5	10	10
2330	12	5	4	14	1	27	3	14	29	5	15	6	5	3	3	1	5	9	5	1	4	28	7	26	3	14	5	5	5	5	4	11	5	5	5	5	5	5	15	15	5	15	5	5	5	7	5	5	15	15	5	15	5	5	5	14	5	5	4	15	29	29	3	29	24	23	3	30	11	11
2340	5	5	9	14	21	27	14	14	5	5	1	6	1	3	1	1	1	9	1	1	28	28	11	26	5	14	5	5	5	5	4	11	5	5	5	5	5	5	5	15	5	5	5	5	12	25	1	12	9	28	1	9	1	1	1	1	1	1	7	1	5	14	1	21	31	23	3	31	7	7
2350	5	5	5	14	25	27	5	14	5	5	1	6	3	3	1	1	1	9	1	1	1	28	26	26	3	14	5	5	5	5	5	11	5	5	5	5	5	5	5	5	5	5	5	5	20	26	12	20	1	1	1	12	1	1	1	1	1	7	1	1	5	5	8	25	2	5	4	8	9	9
2360	5	5	14	14	5	27	5	14	5	5	1	6	3	3	1	1	1	9	1	1	1	28	30	26	5	14	5	5	5	5	5	11	5	5	5	5	5	5	5	5	5	5	5	5	14	30	5	14	1	1	1	12	1	1	1	1	7	7	1	7	5	5	5	5	30	14	9	30	9	9
2370	5	5	5	14	21	27	5	14	5	5	20	6	1	3	1	1	1	9	1	1	1	28	3	26	21	14	5	5	5	5	3	11	5	5	5	5	5	5	5	14	5	5	5	5	12	21	1	12	1	1	1	1	1	1	1	1	1	1	5	20	5	5	12	21	5	5	5	12	5	5
2380	5	5	5	14	24	27	5	14	5	5	2	6	3	3	1	1	1	9	1	1	1	28	6	26	5	14	5	5	5	5	4	11	5	5	5	5	5	5	5	15	5	5	5	5	12	20	12	12	1	1	1	12	1	1	1	1	7	7	6	16	5	5	10	24	5	5	5	24	20	20
2390	5	5	3	14	20	27	14	14	5	5	1	6	3	3	1	1	1	9	1	1	1	28	4	26	5	14	5	5	5	5	5	11	5	5	5	5	5	5	5	5	5	5	5	5	5	15	5	5	1	1	1	12	1	1	1	1	1	7	4	1	5	14	31	20	5	14	5	31	15	15
2400	17	5	5	14	3	27	5	14	13	5	1	6	12	3	1	1	1	9	1	1	14	28	5	26	5	14	5	5	5	5	5	11	5	5	5	5	5	5	5	5	5	5	5	5	5	5	5	5	27	21	1	27	1	1	1	1	1	12	2	1	13	13	11	22	3	28	19	11	19	19
2410	5	5	5	14	13	27	5	14	5	5	2	6	4	3	1	1	9	9	1	1	1	28	26	26	5	14	5	5	5	5	5	11	5	5	5	5	5	5	5	5	5	5	5	5	20	31	6	20	1	1	1	6	1	9	7	1	29	18	15	31	5	5	22	13	5	5	5	22	15	15
2420	5	5	14	14	3	27	3	14	5	5	5	6	3	3	1	1	1	9	1	1	1	28	26	26	5	14	5	5	5	5	5	11	5	5	5	5	5	5	5	5	5	5	5	5	17	31	24	28	1	1	10	28	17	17	17	17	26	26	19	31	3	14	3	3	3	14	3	3	19	19
2430	5	5	5	14	5	27	5	14	5	5	2	6	4	3	31	1	4	9	1	1	1	28	11	26	3	14	5	5	5	5	5	11	5	5	5	5	5	5	5	5	5	5	5	5	4	11	15	15	1	1	5	23	4	15	29	31	29	29	18	31	5	5	5	5	5	5	4	5	18	18
2440	5	5	5	14	5	27	5	14	5	5	1	6	3	3	3	1	1	9	1	1	1	28	31	26	3	14	5	5	5	5	5	11	5	5	5	5	5	5	5	5	5	5	5	5	1	31	1	12	1	1	1	1	1	1	3	7	3	3	1	7	5	5	5	5	13	5	6	13	6	6
2450	5	5	3	14	5	27	13	14	5	5	1	6	1	3	1	1	9	9	1	1	1	28	17	26	3	14	5	5	5	5	2	11	5	5	5	5	5	5	5	13	5	5	5	5	1	26	1	12	1	1	1	1	9	9	15	9	23	23	17	23	13	13	13	13	1	14	1	20	17	17
2460	5	5	5	14	27	27	5	14	5	5	6	6	3	3	1	1	1	9	1	1	18	28	3	26	14	14	5	5	5	5	5	11	5	5	5	5	5	5	5	5	5	5	5	5	5	14	5	5	29	18	12	29	5	12	1	12	3	7	3	16	5	5	29	27	2	5	2	31	8	8
2470	4	5	19	14	1	27	11	14	5	5	19	6	3	3	5	1	5	9	1	1	7	28	2	26	14	14	5	5	5	5	5	11	5	5	5	5	5	5	13	5	13	13	5	13	5	22	5	5	3	7	14	14	14	14	3	14	3	3	11	19	17	25	4	17	10	19	4	10	11	11
2480	5	5	4	14	17	27	14	14	5	5	2	6	1	3	1	1	1	9	1	1	1	28	17	26	5	14	5	5	5	5	5	11	5	5	5	5	5	5	5	5	5	5	5	5	23	28	12	23	1	1	1	12	1	1	1	1	7	1	3	16	3	14	10	26	2	15	3	10	3	3
2490	5	5	5	14	13	27	5	14	5	5	2	6	3	3	1	1	1	9	1	1	1	28	17	26	3	14	5	5	5	5	4	11	5	5	5	5	5	5	5	15	5	5	5	5	17	26	28	28	1	1	28	28	28	28	28	28	31	31	29	31	5	5	5	13	5	5	5	5	29	29
2500	13	5	5	14	6	27	5	14	5	5	1	6	3	3	1	1	1	9	1	1	1	28	26	26	5	14	5	5	5	5	5	11	5	5	5	5	5	5	5	5	5	5	5	5	5	31	5	5	1	1	1	12	1	1	1	1	1	7	1	1	5	5	2	20	20	13	12	20	12	12
2510	3	5	3	14	1	27	5	14	5	5	2	6	5	3	1	1	1	9	1	1	1	28	2	26	2	14	5	5	5	5	4	11	5	5	5	5	5	5	15	15	15	15	13	15	2	2	13	13	1	1	16	20	16	16	10	16	19	24	6	19	10	5	11	17	3	3	2	11	6	6
2520	14	5	3	14	12	27	5	14	5	5	2	6	2	3	17	1	1	9	1	1	20	28	3	26	14	14	5	5	5	5	5	11	5	5	5	5	5	5	5	5	5	5	5	5	5	14	5	5	21	20	1	21	1	1	17	17	6	17	3	6	5	5	27	12	5	14	3	27	3	3
2530	5	5	14	14	5	27	5	14	5	5	1	6	7	3	12	1	1	9	1	1	1	28	3	26	3	14	5	5	5	5	5	11	5	5	5	5	5	5	5	5	12	5	12	12	3	3	1	21	1	1	1	1	1	1	5	12	1	21	2	1	15	5	5	15	26	14	14	31	22	22
2540	5	5	5	14	1	27	29	14	5	5	2	6	3	3	4	1	1	9	1	1	1	28	26	26	3	14	5	5	5	5	4	11	5	5	5	5	5	5	5	15	5	5	5	5	1	26	1	12	1	1	1	1	1	1	9	9	18	18	10	26	7	29	1	7	13	5	1	20	17	17
2550	28	5	5	14	5	27	2	14	1	5	1	6	3	3	5	1	5	9	5	1	5	28	6	26	4	14	5	5	5	5	5	11	5	5	5	5	5	5	5	5	5	5	5	5	5	17	5	5	5	5	5	5	5	5	4	5	16	11	1	16	5	6	2	5	12	28	4	20	9	9
2560	5	5	5	14	3	27	14	14	5	5	1	6	15	3	1	1	12	9	1	1	1	28	26	26	3	14	5	5	5	5	5	11	5	5	5	5	5	5	5	5	5	5	5	5	17	26	17	28	1	1	4	17	4	23	4	9	15	15	20	23	3	14	5	3	29	5	3	29	27	27
2570	15	5	5	14	1	27	5	14	5	5	2	6	4	3	1	1	1	9	1	1	1	28	4	26	14	14	5	5	5	5	4	11	5	5	15	5	15	15	15	15	5	15	5	5	15	25	4	15	1	1	9	9	9	9	4	9	4	4	3	10	5	5	5	12	15	15	5	15	14	14
2580	25	5	5	14	8	27	4	14	9	5	1	6	1	3	12	1	5	9	5	1	5	28	8	26	3	14	5	5	5	5	5	11	5	5	5	5	5	5	5	5	5	5	5	5	5	8	5	5	5	5	5	5	5	5	1	12	1	1	1	1	4	9	3	19	4	25	9	11	9	9
2590	5	5	5	14	16	27	5	14	5	5	1	6	1	3	1	1	1	9	1	1	1	28	26	26	5	14	5	5	5	5	3	11	5	5	5	5	5	5	14	14	5	14	5	5	1	31	1	12	1	1	1	1	1	1	1	1	1	1	14	1	5	5	31	27	5	5	5	31	14	14
2600	5	5	5	14	14	27	3	14	5	5	1	6	3	3	1	1	1	9	1	1	1	28	19	26	5	14	5	5	5	5	5	11	5	5	5	5	5	5	5	5	5	5	5	5	5	30	5	5	1	1	1	12	1	1	9	1	18	18	2	18	3	14	3	14	16	5	2	16	2	2
2610	5	5	5	14	8	27	5	14	5	5	1	6	3	3	2	1	4	9	1	1	1	28	26	26	5	14	5	5	14	5	3	11	5	5	14	5	3	14	3	3	14	14	3	14	28	31	30	31	1	1	31	31	31	31	28	31	7	31	2	7	2	5	2	8	5	5	7	13	16	16
2620	5	5	5	14	16	27	5	14	5	5	1	6	2	3	1	1	1	9	1	1	1	28	26	26	5	14	5	5	5	5	5	11	5	5	5	5	5	5	5	5	5	5	5	5	12	31	1	12	1	1	1	1	1	1	1	1	6	6	2	6	5	5	20	27	5	5	1	20	6	6
2630	13	5	4	14	28	27	5	14	5	5	5	6	4	3	1	1	4	9	1	1	1	28	26	26	5	14	5	5	5	5	3	11	5	5	5	5	5	5	5	14	5	5	5	5	26	31	31	31	1	1	27	31	28	31	9	28	9	9	19	23	5	5	4	28	28	24	4	28	19	19
2640	5	5	5	14	29	27	5	14	5	5	2	6	3	3	1	1	4	9	1	1	28	28	16	26	3	14	5	5	5	5	5	11	5	5	5	5	5	5	5	5	5	5	5	5	2	16	2	13	28	28	28	28	28	28	28	28	31	31	10	31	5	5	30	29	5	5	5	30	24	24
2650	5	5	5	14	6	27	14	14	5	5	1	6	3	3	9	1	4	9	1	1	1	28	17	26	3	14	5	5	5	5	3	11	5	5	5	5	5	5	5	14	5	5	5	5	18	26	9	29	1	1	4	9	4	4	9	9	18	18	2	18	5	14	6	20	5	5	2	20	2	2
2660	2	5	16	14	2	27	5	14	5	5	9	6	1	3	1	1	5	9	5	1	5	28	3	26	5	14	5	5	5	5	3	11	5	5	5	5	5	5	5	14	5	5	5	5	5	14	5	5	5	5	5	5	5	5	1	12	1	1	16	9	12	5	30	20	5	16	2	30	16	16
2670	5	5	1	14	7	27	5	14	5	5	19	6	3	3	1	1	1	9	1	1	1	28	26	26	5	14	5	5	5	5	4	11	5	5	5	5	5	5	5	15	5	5	5	5	22	31	22	22	1	1	27	27	27	27	8	27	2	8	30	19	5	5	5	21	17	12	5	28	30	30
2680	5	5	5	14	5	27	5	14	5	5	2	6	3	3	1	1	1	9	1	1	20	28	9	26	5	14	5	5	5	5	4	11	5	5	5	5	5	5	5	15	5	5	5	5	5	23	5	5	5	20	5	5	12	12	12	12	21	21	29	27	5	5	5	5	5	5	4	5	29	29
2690	5	5	3	14	7	27	14	14	5	5	2	6	3	3	1	1	4	9	1	1	12	28	26	26	5	14	5	5	5	5	11	11	5	5	5	5	5	5	5	25	5	5	5	5	31	31	31	31	1	12	31	31	31	31	31	31	31	31	12	31	3	14	7	7	3	14	1	7	12	12
2700	5	5	5	14	31	27	14	14	5	5	5	6	5	3	1	1	1	9	1	1	1	28	26	26	3	14	5	5	5	5	5	11	5	5	5	5	5	5	5	5	5	5	5	5	23	26	1	23	1	1	1	1	1	1	1	1	1	12	13	12	5	14	19	31	5	5	1	30	20	20
2710	5	5	5	14	27	27	5	14	5	5	2	6	3	3	1	1	1	9	1	1	1	28	26	26	5	14	5	5	5	5	3	11	5	5	5	5	5	5	14	14	5	14	5	5	19	31	30	30	1	1	30	31	31	31	28	31	31	31	5	31	5	5	20	27	5	5	5	20	5	5
2720	5	5	14	14	27	27	5	14	5	5	2	6	3	3	1	1	4	9	1	1	1	28	26	26	5	14	5	5	5	5	3	11	5	5	5	5	5	5	14	14	14	14	3	14	27	31	22	27	1	1	27	27	31	31	29	31	29	29	1	31	5	5	16	27	3	14	2	16	6	6
2730	5	5	3	14	6	27	5	14	5	5	2	6	14	3	1	1	1	9	1	1	12	28	3	26	5	14	5	5	5	5	3	11	5	5	5	5	5	5	5	14	5	5	5	5	5	14	5	5	12	12	1	12	1	1	1	1	29	21	21	31	5	5	17	20	3	14	3	26	21	21
2740	19	5	5	14	5	27	14	14	5	5	1	6	1	3	1	1	1	9	1	1	1	28	26	26	3	14	5	5	5	5	5	11	5	5	5	5	5	5	5	5	5	5	5	5	1	26	12	12	1	1	1	12	1	1	1	1	1	1	22	1	12	14	3	12	3	30	5	3	22	22
2750	5	5	5	14	5	27	5	14	5	5	28	6	4	3	1	1	1	9	1	1	1	28	1	26	5	14	5	5	5	5	4	11	5	5	5	5	5	5	15	15	5	15	5	5	12	12	1	12	1	1	1	1	1	1	4	1	4	4	2	28	5	5	5	5	2	5	5	13	13	13
2760	2	5	2	14	2	27	16	14	5	5	27	6	2	3	5	1	24	9	5	1	14	28	27	26	5	14	3	5	3	5	3	11	5	5	5	5	14	5	22	14	8	22	3	8	3	27	3	3	14	14	3	14	2	30	2	13	2	2	1	27	24	27	1	24	23	2	5	23	12	12
2770	5	5	5	14	5	27	5	14	5	5	1	6	3	3	6	1	1	9	12	1	1	28	3	26	14	14	5	5	5	5	2	11	5	5	5	5	5	5	5	13	5	5	5	5	5	14	5	5	12	12	1	12	1	1	6	6	16	16	5	16	5	5	5	5	5	5	24	5	24	24
2780	5	5	29	14	10	27	5	14	5	5	2	6	3	3	26	1	1	9	1	1	1	28	28	26	3	14	5	5	5	5	5	11	5	5	5	5	5	5	5	5	5	5	5	5	12	31	12	12	1	1	1	12	1	1	16	26	16	16	7	16	5	5	24	24	1	29	1	28	7	7
2790	5	5	5	14	16	27	5	14	5	5	1	6	3	3	12	1	4	9	4	1	4	28	17	26	5	14	5	5	5	5	5	11	5	5	5	5	5	5	5	5	5	5	5	5	24	28	4	24	4	4	4	4	4	4	23	23	29	29	2	29	5	5	26	27	5	5	16	31	16	16
2800	20	5	5	14	26	27	5	14	5	5	1	6	3	3	1	1	1	9	1	1	1	28	16	26	5	14	5	5	5	5	5	11	5	5	5	5	5	5	5	5	5	5	5	5	12	27	1	12	1	1	1	1	1	1	1	1	7	7	2	7	5	5	18	31	4	20	30	18	30	30
2810	5	5	21	14	27	27	5	14	5	5	16	6	1	3	1	1	1	9	1	1	1	28	9	26	5	14	5	5	5	5	5	11	5	5	5	5	5	5	5	5	5	5	5	5	23	23	12	23	1	1	12	12	12	12	1	12	1	1	5	16	5	5	8	27	1	21	13	16	13	13
2820	5	5	1	14	7	27	30	14	4	5	3	6	1	3	4	1	4	9	5	1	3	28	5	26	10	14	3	5	3	5	7	11	7	5	5	5	1	21	3	7	3	3	4	3	9	24	30	9	3	14	4	30	4	4	1	4	29	1	1	29	2	30	2	16	19	12	25	19	29	29
2830	27	5	3	14	5	27	2	14	25	5	5	6	5	3	7	1	5	9	2	1	4	28	5	26	26	14	4	5	5	5	11	11	9	5	1	5	4	9	27	11	4	27	5	4	8	31	6	22	3	10	10	16	4	24	5	18	5	5	18	5	22	30	5	22	5	27	2	5	26	26
2840	1	5	1	14	3	27	1	14	3	5	2	6	8	3	4	1	3	9	2	1	2	28	8	26	3	14	25	5	3	5	3	11	12	5	5	5	22	12	7	22	5	7	19	25	5	8	1	30	1	2	3	1	4	3	3	4	20	8	4	20	24	7	1	30	30	1	2	31	10	10
2850	3	5	3	14	5	27	1	14	2	5	1	6	4	3	5	1	28	9	23	1	5	28	2	26	18	14	3	5	3	5	1	11	20	5	1	5	3	20	3	7	3	3	24	3	4	26	8	24	1	23	2	16	26	28	4	31	17	4	6	17	1	6	1	12	1	3	2	1	6	6
2860	2	5	16	14	5	27	12	14	3	5	12	6	13	3	1	1	14	9	1	1	1	28	18	26	2	14	4	5	27	5	3	11	3	5	3	5	2	3	4	8	19	31	2	19	2	26	1	2	1	1	3	1	1	14	2	1	1	13	4	12	5	21	2	5	20	16	15	20	15	15
2870	21	5	4	14	4	27	7	14	5	5	5	6	28	3	5	1	5	9	31	1	4	28	2	26	9	14	2	5	5	5	23	11	2	5	2	5	3	2	15	29	2	15	8	2	2	17	3	8	2	31	2	8	23	13	1	23	5	28	3	5	10	21	5	10	1	29	25	12	25	25
2880	23	5	4	14	5	27	22	14	5	5	4	6	11	3	2	1	2	9	5	1	7	28	29	26	4	14	2	5	3	5	5	11	7	5	4	5	17	18	30	28	27	30	3	27	3	29	5	3	22	21	4	22	5	10	4	13	8	11	3	19	10	22	1	24	31	23	3	31	3	3
2890	5	5	5	14	5	27	1	14	1	5	12	6	2	3	2	1	3	9	3	1	3	28	3	26	3	14	2	5	8	5	3	11	2	5	2	5	3	2	3	3	2	8	5	2	5	3	5	5	4	3	3	15	14	3	2	22	1	2	7	12	5	1	10	5	3	5	3	19	7	7
2900	18	5	2	14	1	27	1	14	16	5	1	6	26	3	5	1	1	9	3	1	3	28	2	26	2	14	31	5	7	5	1	11	4	5	4	5	2	4	4	6	5	18	3	31	28	2	2	31	19	3	1	19	2	1	4	13	12	26	1	12	24	16	3	28	30	26	21	30	21	21
2910	7	5	3	14	16	27	4	14	15	5	3	6	4	3	1	1	14	9	2	1	16	28	2	26	2	14	4	5	12	5	10	11	1	5	1	5	2	1	1	10	3	12	1	11	2	2	4	6	25	16	3	25	18	14	4	18	27	4	4	27	5	15	2	27	2	7	18	2	18	18
2920	2	5	5	14	8	27	5	14	14	5	2	6	1	3	13	1	25	9	1	1	1	28	4	26	11	14	4	5	26	5	2	11	22	5	1	5	2	27	5	2	4	31	14	4	3	11	7	14	1	1	5	7	2	25	5	13	3	12	1	8	3	14	5	8	29	13	4	29	9	9
2930	1	5	7	14	3	27	3	14	22	5	1	6	16	3	2	1	10	9	1	1	1	28	2	26	2	14	2	5	12	5	4	11	2	5	5	5	4	13	5	4	9	12	3	17	3	2	9	3	4	1	2	9	2	10	2	2	1	16	4	1	3	22	2	3	2	7	11	2	11	11
2940	1	5	18	14	4	27	1	14	28	5	5	6	5	3	2	1	4	9	1	1	3	28	21	26	1	14	1	5	10	5	31	11	2	5	2	5	1	2	4	31	1	10	14	1	5	21	13	14	1	7	4	20	2	4	5	2	26	5	5	31	4	28	29	4	5	18	5	29	5	5
2950	7	5	5	14	5	27	3	14	5	5	2	6	13	3	27	1	2	9	2	1	2	28	1	26	2	14	4	5	2	5	24	11	5	5	2	5	1	13	2	28	4	2	3	4	1	6	2	7	2	2	2	2	3	2	2	27	27	13	5	27	5	14	3	5	7	21	5	7	5	5
2960	2	5	25	14	2	27	14	14	3	5	9	6	1	3	3	1	4	9	20	1	3	28	2	26	2	14	6	5	9	5	5	11	4	5	24	5	28	24	1	28	4	9	13	17	5	2	3	13	5	27	2	14	29	10	1	29	1	1	5	9	5	14	1	13	3	30	22	7	22	22
2970	3	5	12	14	3	27	5	14	4	5	5	6	5	3	3	1	2	9	5	1	18	28	22	26	3	14	5	5	26	5	4	11	2	5	2	5	10	2	3	10	18	26	18	29	1	22	4	18	3	29	29	11	20	31	14	27	5	14	29	5	3	15	4	3	4	21	2	4	31	31
2980	12	5	5	14	18	27	14	14	5	5	2	6	3	3	1	1	1	9	1	1	1	28	6	26	5	14	5	5	5	5	5	11	5	5	5	5	5	5	5	5	5	5	5	5	12	20	1	12	1	1	1	1	1	1	3	1	8	3	24	8	5	14	1	29	5	12	5	12	24	24
2990	5	5	14	14	3	27	14	14	5	5	17	6	3	3	1	1	1	9	1	1	1	28	3	26	3	14	5	5	5	5	11	11	5	5	5	5	5	5	25	25	25	25	3	25	3	3	3	3	1	1	7	7	7	7	1	7	1	7	2	17	3	14	2	3	14	14	2	22	2	2
3000	5	5	14	14	26	27	5	14	5	5	6	6	1	3	1	1	1	9	1	1	1	28	7	26	5	14	5	5	5	5	3	11	5	5	5	5	5	5	5	14	5	5	5	5	12	21	1	12	1	1	1	1	1	1	1	1	1	1	2	6	5	5	15	31	5	14	2	15	2	2
3010	4	5	3	14	31	27	5	14	5	5	4	6	5	3	21	1	5	9	1	1	1	28	7	26	3	14	5	5	5	5	4	11	5	5	5	5	5	5	15	15	5	15	5	5	1	7	12	12	1	1	5	12	5	5	3	21	5	14	3	15	5	5	1	31	1	11	9	1	18	18
3020	5	5	3	14	12	27	5	14	5	5	7	6	4	3	1	1	4	9	1	1	1	28	9	26	5	14	5	5	5	5	5	11	5	5	5	5	5	5	5	5	5	5	5	5	23	23	21	23	1	1	21	21	29	29	4	29	4	4	1	18	5	5	5	12	5	14	5	5	12	12
3030	5	5	21	14	27	27	5	14	5	5	4	6	3	3	1	1	4	9	1	1	20	28	5	26	5	14	5	5	5	5	5	11	5	5	5	5	5	5	5	5	5	5	5	5	5	5	5	5	20	20	20	20	28	28	17	28	26	26	1	26	5	5	2	27	26	21	23	26	23	23
3040	5	5	5	14	30	27	5	14	5	5	2	6	3	3	1	1	1	9	1	1	1	28	2	26	5	14	5	5	5	5	5	11	5	5	5	5	5	5	5	5	5	5	5	5	5	13	5	5	1	1	1	12	1	1	1	1	3	7	4	8	5	5	2	30	13	5	13	13	24	24
3050	3	5	26	14	1	27	13	14	5	5	2	6	1	3	1	1	1	9	1	1	1	28	5	26	14	14	5	5	5	5	5	11	5	5	5	5	5	5	5	5	5	5	5	5	14	14	14	14	1	1	1	21	1	1	1	1	1	1	2	6	30	13	5	31	27	26	2	27	2	2
3060	5	5	5	14	11	27	14	14	5	5	1	6	1	3	1	1	1	9	1	1	12	28	16	26	5	14	5	5	5	5	5	11	5	5	5	5	5	5	5	5	5	5	5	5	5	27	5	5	1	12	1	12	1	1	1	1	1	1	2	1	5	14	5	25	22	5	19	22	19	19
3070	5	5	3	14	31	27	14	14	5	5	1	6	3	3	1	1	1	9	1	1	1	28	29	26	5	14	5	5	5	5	5	11	5	5	5	5	5	5	5	5	5	5	5	5	9	29	1	23	1	1	1	1	1	1	1	1	7	7	7	7	5	14	31	31	3	14	5	31	21	21
3080	9	5	3	14	15	27	5	14	5	5	2	6	25	3	1	1	1	9	1	1	5	28	18	26	5	14	5	5	5	5	5	11	5	5	5	5	5	5	5	5	5	5	5	5	5	29	5	5	12	12	1	12	1	1	1	1	29	29	7	31	5	5	1	15	30	18	1	31	7	7
3090	5	5	5	14	5	27	5	14	5	5	30	6	1	3	1	1	1	9	1	1	1	28	26	26	3	14	5	5	5	5	15	11	5	5	5	5	5	5	5	15	5	5	5	5	16	26	1	27	1	1	1	1	1	1	1	1	1	1	13	31	5	5	5	5	5	5	5	5	13	13
3100	5	5	5	14	26	27	5	14	5	5	1	6	1	3	1	1	1	9	1	1	1	28	17	26	5	14	5	5	5	5	5	11	5	5	5	5	5	5	5	5	5	5	5	5	12	28	1	12	1	1	1	1	1	1	1	1	1	1	13	1	5	5	17	31	5	5	2	28	13	13
3110	5	5	5	14	20	27	5	14	5	5	1	6	3	3	1	1	1	9	1	1	1	28	1	26	14	14	5	5	5	5	3	11	5	5	5	5	5	5	5	14	5	5	5	5	12	21	1	12	1	1	1	1	1	1	1	1	7	7	1	7	5	5	12	20	5	5	1	12	1	1
3120	5	5	5	14	23	27	9	14	5	5	18	6	2	3	4	1	3	9	5	1	5	28	31	26	5	14	5	5	5	5	5	11	5	5	5	5	5	5	5	5	5	5	5	5	5	31	5	5	5	5	3	5	3	3	3	11	2	8	8	26	1	23	4	23	27	5	3	31	8	8
3130	3	5	3	14	23	27	5	14	5	5	26	6	1	3	1	1	1	9	1	1	1	28	23	26	5	14	5	5	5	5	5	11	5	5	5	5	5	5	5	5	12	5	1	12	9	23	1	9	1	1	1	1	1	1	1	1	1	1	5	26	5	5	9	23	5	3	23	23	23	23
3140	29	5	3	14	5	27	25	14	4	5	2	6	5	3	1	1	5	9	5	1	5	28	3	26	14	14	5	5	5	5	5	11	5	5	5	5	5	5	5	5	5	5	5	5	5	14	5	5	5	5	5	5	5	5	5	12	5	5	8	13	12	25	1	12	6	29	2	6	8	8
3150	5	5	22	14	18	27	14	14	5	5	2	6	1	3	1	1	3	9	3	1	3	28	19	26	5	14	5	5	5	5	5	11	5	5	5	5	5	5	5	5	5	5	5	5	4	30	4	15	3	3	11	11	11	11	18	18	18	18	5	26	5	14	4	29	1	22	25	9	25	25
3160	5	5	5	14	13	27	5	14	5	5	28	6	3	3	1	1	1	9	1	1	12	28	6	26	5	14	5	5	5	5	3	11	5	5	5	5	5	5	14	14	5	14	5	5	5	20	5	5	12	12	1	12	1	1	1	1	1	7	22	28	5	5	5	13	5	5	5	5	22	22
3170	5	5	5	14	25	27	5	14	5	5	1	6	3	3	1	1	1	9	1	1	1	28	26	26	5	14	5	5	5	5	4	11	5	5	5	5	5	5	5	15	5	5	5	5	21	31	12	21	1	1	1	12	1	1	1	1	7	7	3	7	5	5	5	25	11	5	3	25	3	3
3180	5	5	5	14	3	27	3	14	5	5	23	6	1	3	1	1	1	9	1	1	1	28	31	26	3	14	5	5	5	5	5	11	5	5	5	5	5	5	5	5	5	5	5	5	5	31	5	5	1	1	1	12	1	1	1	1	1	1	9	23	3	14	2	3	17	5	3	17	18	18
3190	5	5	14	14	2	27	3	14	5	5	1	6	5	3	1	1	1	9	1	1	1	28	18	26	5	14	5	5	5	5	3	11	5	5	5	5	5	5	5	14	5	5	5	5	7	29	1	21	1	1	1	1	1	1	1	1	12	12	5	12	14	14	5	22	5	14	5	5	5	5
3200	5	5	5	14	11	27	5	14	5	5	2	6	7	3	1	1	1	9	1	1	1	28	18	26	3	14	5	5	5	5	5	11	5	5	5	5	5	5	5	5	5	5	5	5	1	18	1	12	1	1	1	1	1	1	1	1	7	7	2	16	5	5	30	25	5	5	6	30	6	6
3210	5	5	5	14	5	27	5	14	5	5	2	6	14	3	1	1	9	9	1	1	1	28	16	26	5	14	5	5	5	5	11	11	5	5	5	5	5	5	5	25	5	5	5	5	12	27	1	12	1	1	1	1	1	9	1	1	21	21	1	27	5	5	5	5	5	5	17	5	17	17
3220	4	5	4	14	1	27	3	14	7	5	12	6	7	3	1	1	1	9	1	1	1	28	7	26	3	14	5	5	5	5	4	11	5	5	5	5	15	5	5	15	5	5	5	5	1	7	1	12	1	1	1	1	1	1	1	1	3	7	26	21	3	7	2	7	2	4	2	2	26	26
3230	5	5	5	14	1	27	18	14	4	5	3	6	1	3	1	1	20	9	1	1	1	28	4	26	25	14	5	5	5	5	5	11	5	5	5	5	5	5	5	5	5	5	15	5	5	25	15	15	1	1	4	23	25	28	23	29	23	23	3	29	1	18	4	1	11	5	3	11	3	3
3240	5	5	5	14	29	27	14	14	5	5	2	6	3	3	1	1	1	9	1	1	28	28	3	26	14	14	5	5	5	5	15	11	5	5	5	5	5	5	5	15	5	5	5	5	5	14	5	5	31	28	31	31	31	31	27	31	27	27	18	27	5	14	30	29	5	5	3	30	18	18
3250	5	5	5	14	1	27	14	14	5	5	2	6	3	3	1	1	4	9	1	1	1	28	26	26	5	14	5	5	5	5	3	11	5	5	5	5	5	5	5	14	5	5	5	5	27	31	27	27	1	1	22	27	30	30	31	31	31	31	23	31	14	14	15	21	5	5	5	15	23	23
3260	5	5	21	14	16	27	5	14	5	5	2	6	21	3	1	1	1	9	1	1	1	28	3	26	14	14	5	5	5	5	3	11	5	5	5	5	5	5	5	14	5	5	5	5	5	14	5	5	1	1	1	12	1	1	1	1	21	21	2	27	5	5	7	27	3	21	7	7	16	16
3270	5	5	11	14	13	27	28	14	5	5	20	6	3	3	5	1	27	9	12	1	5	28	26	26	5	14	5	5	5	5	5	11	5	5	5	5	5	5	5	5	5	5	5	5	5	31	5	5	12	12	5	12	27	27	3	27	3	3	6	27	4	28	23	24	3	25	2	29	6	6
3280	5	5	13	14	29	27	5	14	5	5	5	6	1	3	1	1	1	9	6	1	5	28	10	26	3	14	5	5	5	5	5	11	5	5	5	5	5	5	5	5	5	5	5	5	5	19	5	5	12	20	1	12	1	1	1	1	1	1	19	12	5	5	2	29	2	13	4	2	19	19
3290	5	5	10	14	4	27	5	14	5	5	2	6	3	3	1	1	1	9	1	1	15	28	18	26	3	14	5	5	5	5	5	11	5	5	5	5	5	5	5	5	5	5	5	5	1	18	5	12	9	23	1	23	1	1	1	1	7	7	3	16	4	5	1	4	1	24	2	1	8	8
3300	5	5	25	14	5	27	5	14	5	5	1	6	1	3	1	1	1	9	1	1	1	28	16	26	3	14	12	5	5	5	4	11	5	5	5	5	5	5	5	15	5	5	1	12	1	16	1	1	1	1	1	1	1	1	1	1	1	1	3	1	5	5	15	5	4	25	3	15	3	3
3310	5	5	14	14	29	27	22	14	5	5	1	6	3	3	1	1	1	9	1	1	9	28	18	26	5	14	5	5	5	5	3	11	5	5	5	5	5	5	5	14	5	5	5	5	5	29	5	5	9	9	23	23	23	23	18	23	29	18	2	29	5	22	2	29	2	14	2	2	2	2
3320	5	5	3	14	12	27	5	14	5	5	1	6	2	3	1	1	4	9	1	1	6	28	11	26	5	14	5	5	5	5	4	11	5	5	5	5	5	5	5	15	5	5	5	5	5	25	5	5	2	6	13	13	24	24	28	28	28	28	5	28	5	5	21	12	5	14	5	21	5	5
3330	5	5	7	14	7	27	5	14	5	5	2	6	2	3	9	1	1	9	1	1	10	28	7	26	5	14	5	5	5	5	3	11	5	5	5	5	5	5	5	14	5	5	5	5	12	21	1	12	6	17	1	6	1	1	9	9	17	17	1	17	5	5	1	21	5	21	29	12	29	29
3340	1	5	7	14	18	27	5	14	5	5	1	6	3	3	2	1	4	9	1	1	28	28	16	26	5	14	5	5	5	5	4	11	5	5	5	5	5	5	5	15	5	5	5	5	5	27	5	5	28	28	28	28	28	28	28	28	30	31	2	31	5	5	14	29	3	7	11	14	19	19
3350	5	5	14	14	22	27	5	14	13	5	2	6	3	3	1	1	17	9	1	1	12	28	3	26	14	14	5	5	5	5	3	11	5	5	5	5	5	5	14	14	5	14	5	5	5	14	5	5	5	12	5	5	28	28	28	28	31	31	16	31	5	13	5	22	14	14	5	14	27	27
3360	5	5	5	14	1	27	5	14	5	5	12	6	1	3	1	1	1	9	1	1	1	28	16	26	3	14	5	5	5	5	5	11	5	5	5	5	5	5	5	5	5	5	5	5	3	16	3	14	1	1	1	7	1	1	1	1	1	1	5	12	1	5	1	1	28	5	5	28	5	5
3370	5	5	5	14	22	27	14	14	5	5	1	6	1	3	1	1	1	9	1	1	1	28	7	26	3	14	5	5	5	5	1	11	5	5	5	5	5	5	12	12	12	12	1	12	1	7	1	1	1	1	1	1	1	1	1	1	1	1	2	1	3	14	5	22	5	5	14	5	22	22
3380	5	5	5	14	4	27	1	14	1	5	14	6	5	3	27	1	1	9	1	1	1	28	30	26	5	14	5	5	5	5	5	11	5	5	5	5	5	5	5	5	5	5	5	5	12	30	12	12	1	1	1	12	1	1	15	27	4	15	4	25	4	1	1	4	20	5	30	20	30	30
3390	5	5	5	14	4	27	14	14	5	5	2	6	3	3	3	1	4	9	1	1	1	28	21	26	5	14	5	5	5	5	5	11	5	5	5	5	5	5	5	5	5	5	5	5	5	21	5	5	1	1	9	12	9	9	7	18	3	7	2	8	25	14	20	25	5	5	2	20	2	2
3400	5	5	14	14	27	27	5	14	5	5	4	6	25	3	1	1	1	9	1	1	20	28	18	26	3	14	5	5	5	5	3	11	5	5	5	5	5	5	14	14	14	14	3	14	7	18	1	7	1	20	1	1	1	1	1	1	29	29	2	29	5	5	3	27	14	14	4	14	10	10
3410	5	5	30	14	31	27	5	14	5	5	3	6	3	3	17	1	1	9	1	1	1	28	8	26	3	14	5	5	5	5	5	11	5	5	5	5	5	5	5	5	5	5	5	5	5	8	5	5	1	1	1	12	1	1	17	17	17	26	5	26	5	5	31	31	2	30	5	31	5	5
3420	5	5	5	14	5	27	5	14	5	5	5	6	3	3	1	1	1	9	1	1	1	28	3	26	14	14	5	5	5	5	14	11	5	5	5	5	5	5	5	14	5	5	5	5	5	14	5	5	1	1	12	12	12	12	1	12	7	7	27	21	5	5	5	5	13	5	5	13	27	27
3430	5	5	11	14	17	27	14	14	5	5	17	6	3	3	1	1	1	9	1	1	1	28	3	26	14	14	5	5	5	5	4	11	5	5	5	5	5	5	5	15	5	5	5	5	5	14	5	5	12	1	1	12	1	1	1	1	3	7	10	26	3	14	26	26	5	25	2	31	10	10
3440	4	5	5	14	27	27	5	14	5	5	2	6	3	3	1	1	4	9	1	1	30	28	3	26	3	14	5	5	5	5	3	11	5	5	5	5	5	5	14	14	14	14	3	14	3	3	3	3	31	31	15	31	15	15	23	23	29	29	2	31	5	5	2	27	20	15	9	20	17	17
3450	5	5	29	14	10	27	5	14	5	5	1	6	1	3	1	1	1	9	1	1	1	28	6	26	3	14	12	5	5	5	5	11	5	5	5	5	5	5	5	5	5	5	1	12	1	16	1	1	1	1	1	1	1	1	1	1	1	1	3	1	5	5	18	24	4	29	12	18	21	21
3460	5	5	5	14	3	27	14	14	5	5	3	6	5	3	1	1	4	9	1	1	12	28	3	26	14	14	5	5	5	5	5	11	5	5	5	5	5	5	5	5	5	5	5	5	5	14	5	5	12	12	12	12	23	23	5	23	22	5	1	22	11	14	4	11	11	5	1	11	1	1
3470	5	5	5	14	3	27	14	14	5	5	2	6	3	3	4	1	9	9	1	1	1	28	1	26	14	14	5	5	5	5	5	11	5	5	5	5	5	5	5	5	5	5	5	5	21	21	1	21	1	1	1	1	9	9	9	9	26	18	1	26	3	14	3	3	13	5	20	22	20	20
3480	5	5	5	14	28	27	14	14	5	5	2	6	11	3	1	1	1	9	1	1	1	28	17	26	3	14	5	5	5	5	5	11	5	5	5	5	5	5	5	5	5	5	5	5	30	26	19	30	1	1	1	26	1	1	1	1	29	18	1	31	3	14	28	31	2	5	9	28	9	9
3490	5	5	24	14	5	27	5	14	5	5	1	6	3	3	1	1	1	9	1	1	9	28	16	26	5	14	5	5	5	5	15	11	5	5	5	5	5	5	15	15	5	15	5	5	20	27	20	20	1	9	12	20	12	12	12	12	1	21	1	1	5	5	5	5	8	24	22	22	27	27
3500	5	5	5	14	26	27	5	14	5	5	1	6	19	3	1	1	1	9	1	1	1	28	16	26	5	14	5	5	5	5	25	11	5	5	5	5	5	5	5	25	5	5	5	5	12	27	1	12	1	1	1	1	1	1	1	1	18	26	10	18	5	5	31	31	5	5	4	31	10	10
3510	5	5	5	14	28	27	3	14	5	5	2	6	3	3	1	1	1	9	1	1	1	28	17	26	3	14	5	5	5	5	5	11	5	5	5	5	5	5	5	5	5	5	5	5	6	26	1	20	1	1	1	1	1	1	1	1	21	7	2	27	3	14	29	31	2	5	5	31	13	13
3520	5	5	5	14	27	27	5	14	5	5	4	6	19	3	1	1	1	9	1	1	1	28	6	26	1	14	12	5	5	5	5	11	5	5	5	5	5	5	5	5	5	5	1	12	1	6	1	1	1	1	1	1	1	1	1	1	26	26	6	26	5	5	19	27	5	5	4	30	17	17
3530	4	5	6	14	13	27	5	14	5	5	1	6	3	3	1	1	1	9	1	1	1	28	18	26	5	14	5	5	5	5	25	11	5	5	5	5	4	5	15	25	5	15	5	5	21	29	12	21	1	1	1	12	1	1	1	1	7	7	8	7	5	5	1	13	12	17	4	12	19	19
3540	4	5	9	14	2	27	5	14	14	5	10	6	1	3	1	1	5	9	5	1	5	28	26	26	5	14	5	5	5	5	5	11	5	5	5	5	5	5	5	5	5	5	5	5	14	31	5	14	5	5	5	5	5	5	1	12	1	1	3	17	14	14	5	22	1	9	6	12	16	16
3550	5	5	14	14	1	27	3	14	5	5	23	6	3	3	1	1	1	9	1	1	1	28	31	26	5	14	5	5	5	5	4	11	5	5	15	5	5	15	5	15	5	5	5	5	20	31	1	20	1	1	1	1	1	1	7	1	3	7	1	29	21	14	3	21	24	14	1	30	1	1
3560	5	5	14	14	16	27	5	14	5	5	1	6	3	3	1	1	1	9	1	1	13	28	1	26	5	14	5	5	5	5	3	11	5	5	5	5	5	5	5	14	5	5	5	5	5	12	5	5	20	20	12	20	12	12	12	12	21	21	3	21	5	5	31	27	5	14	15	31	25	25
3570	5	5	5	14	21	27	5	14	5	5	2	6	3	3	1	1	1	9	1	1	1	28	26	26	5	14	5	5	5	5	4	11	5	5	5	5	5	5	5	15	5	5	5	5	28	31	24	28	1	1	28	28	28	28	28	28	31	31	2	31	5	5	31	21	5	5	8	31	8	8
3580	5	5	5	14	16	27	5	14	5	5	1	6	3	3	5	1	4	9	1	1	23	28	26	26	3	14	5	5	5	5	4	11	5	5	5	5	5	5	15	15	15	15	4	15	10	26	2	10	29	23	31	31	31	31	30	31	30	30	7	31	5	5	21	27	5	5	4	21	18	18
3590	5	5	25	14	23	27	5	14	5	5	1	6	5	3	1	1	1	9	1	1	9	28	1	26	1	14	5	5	5	5	5	11	5	5	5	5	5	5	5	5	5	5	5	5	12	1	1	12	1	9	1	1	1	1	1	1	12	12	19	12	5	5	4	23	4	25	5	4	30	30
3600	5	5	15	14	1	27	3	14	14	5	5	6	1	3	1	1	1	9	5	1	5	28	8	26	5	14	5	5	5	5	5	11	5	5	5	5	5	5	5	5	5	5	5	5	5	22	5	5	5	5	1	5	1	1	1	1	17	1	4	28	8	14	3	16	27	15	5	27	15	15
3610	22	5	3	14	1	27	30	14	5	5	6	6	4	3	9	1	4	9	1	1	1	28	29	26	3	14	5	5	5	5	5	11	5	5	5	5	5	5	5	5	5	5	5	5	29	29	25	29	1	1	4	29	4	4	4	9	4	4	1	17	24	30	3	28	8	22	1	8	1	1
3620	2	5	21	14	2	27	14	14	5	5	9	6	8	3	5	1	5	9	1	1	10	28	18	26	5	14	5	5	5	5	5	11	5	5	5	5	5	5	5	5	5	5	5	5	5	29	5	5	1	17	5	12	5	5	5	5	5	22	11	23	14	14	5	22	1	27	3	12	11	11
3630	12	5	3	14	31	27	5	14	5	5	28	6	1	3	1	1	1	9	1	1	1	28	26	26	5	14	5	5	5	5	5	11	5	5	5	5	5	5	5	5	5	5	5	5	5	31	5	5	1	1	1	12	1	1	1	1	1	1	17	28	5	5	1	31	9	21	2	9	17	17
3640	5	5	5	14	1	27	14	14	5	5	2	6	3	3	1	1	4	9	1	1	1	28	26	26	3	14	5	5	5	5	5	11	5	5	5	5	5	5	5	5	5	5	3	5	11	26	11	11	1	1	9	18	9	9	9	9	18	18	4	26	30	14	4	31	22	5	4	30	4	4
3650	3	5	3	14	3	27	21	14	5	5	5	6	5	3	5	1	5	9	5	1	5	28	18	26	5	14	5	5	5	5	5	11	5	5	5	5	5	5	5	5	5	5	5	5	5	29	5	5	5	5	5	5	5	5	5	5	5	5	14	5	14	21	3	14	3	3	3	3	14	14
3660	5	5	5	14	31	27	2	14	5	5	1	6	1	3	1	1	1	9	1	1	1	28	6	26	5	14	5	5	5	5	5	11	5	5	5	5	5	5	5	5	5	5	5	5	12	20	1	12	1	1	1	1	1	1	1	1	1	1	1	1	1	13	5	31	12	5	1	12	1	1
3670	5	5	14	14	1	27	7	14	3	5	4	6	1	3	10	1	5	9	15	1	5	28	4	26	15	14	5	5	5	5	5	11	5	5	5	5	5	5	5	5	5	5	5	5	5	15	5	5	15	15	5	15	5	5	2	24	2	6	10	10	12	7	1	12	2	14	3	6	19	19
3680	5	5	5	14	21	27	5	14	5	5	1	6	1	3	1	1	1	9	1	1	1	28	27	26	5	14	5	5	5	5	5	11	5	5	5	5	5	5	5	5	5	5	5	5	12	27	1	12	1	1	1	1	1	1	1	1	1	1	2	1	5	5	5	21	5	5	10	5	10	10
3690	5	5	18	14	5	27	5	14	5	5	4	6	3	3	1	1	9	9	1	1	15	28	26	26	5	14	5	5	5	5	5	11	5	5	5	5	5	5	5	5	5	5	5	5	13	31	5	13	5	23	5	5	23	23	23	23	29	29	5	29	5	5	5	5	30	29	4	30	15	15
3700	5	5	28	14	31	27	5	14	5	5	5	6	26	3	1	1	1	9	1	1	7	28	6	26	5	14	5	5	5	5	5	11	5	5	5	5	5	5	5	5	5	5	5	5	5	20	5	5	7	7	3	21	7	7	3	7	26	26	9	31	5	5	18	31	5	28	2	29	17	17
3710	7	5	5	14	5	27	14	14	5	5	2	6	2	3	3	1	2	9	1	1	1	28	31	26	3	14	5	5	5	5	2	11	5	5	5	5	5	5	5	13	5	5	23	5	5	31	1	23	1	1	16	1	8	16	2	8	2	2	12	2	5	14	5	5	5	21	4	5	23	23
3720	28	5	4	14	1	27	22	14	4	5	2	6	10	3	12	1	4	9	1	1	20	28	2	26	22	14	5	5	5	5	4	11	5	5	15	5	15	15	5	15	5	5	5	5	5	22	5	5	20	20	13	20	5	24	1	12	6	17	18	6	28	30	4	28	31	28	5	31	29	29
3730	12	5	1	14	3	27	29	14	5	5	1	6	1	3	1	1	1	9	1	1	1	28	23	26	5	14	5	5	5	5	1	11	5	5	5	5	5	5	12	12	12	12	1	12	1	23	1	1	1	1	1	1	1	1	1	1	1	1	4	1	7	29	21	7	3	12	5	21	15	15
3740	5	5	5	14	9	27	5	14	5	5	2	6	3	3	1	1	4	9	1	1	12	28	1	26	5	14	5	5	5	5	5	11	5	5	5	5	5	5	5	5	5	5	5	5	5	12	5	5	12	12	5	12	25	15	29	29	31	29	3	31	5	5	4	23	25	5	3	25	3	3
3750	5	5	12	14	5	27	25	14	5	5	1	6	8	3	1	1	9	9	1	1	1	28	3	26	14	14	5	5	5	5	14	11	5	5	5	5	5	5	5	14	5	5	5	5	5	14	5	5	1	1	1	12	1	9	1	1	16	16	3	16	5	25	5	5	31	12	1	31	7	7
3760	5	5	5	14	26	27	5	14	5	5	1	6	3	3	1	1	4	9	1	1	1	28	26	26	3	14	5	5	5	5	3	11	5	5	5	5	5	5	14	14	5	14	5	5	28	26	28	28	1	1	20	28	28	28	28	28	31	31	22	31	5	5	15	31	5	5	5	15	22	22
3770	5	5	5	14	1	27	5	14	5	5	1	6	3	3	1	1	4	9	1	1	14	28	31	26	3	14	5	5	5	5	14	11	5	5	5	5	5	5	5	14	5	5	5	5	27	31	20	27	5	21	27	20	31	31	29	31	21	29	23	21	1	5	12	1	5	5	5	12	23	23
3780	5	5	5	14	2	27	14	14	5	5	1	6	3	3	1	1	4	9	1	1	1	28	26	26	5	14	5	5	5	5	5	11	5	5	5	5	5	5	5	5	5	5	5	5	30	31	30	30	1	1	29	31	29	29	14	29	14	14	2	21	5	14	13	13	5	5	13	13	13	13
3790	5	5	5	14	1	27	5	14	5	5	2	6	3	3	1	1	4	9	1	1	1	28	18	26	5	14	5	5	5	5	4	11	5	5	5	5	5	5	5	15	5	5	5	5	29	29	29	29	1	1	29	29	29	29	29	29	29	29	20	31	5	5	21	12	2	5	4	27	28	28
3800	5	5	5	14	27	27	5	14	5	5	1	6	3	3	1	1	4	9	1	1	1	28	16	26	3	14	5	5	5	5	3	11	5	5	5	5	5	5	5	14	5	5	5	5	16	16	27	27	1	1	16	27	26	26	16	26	16	16	2	16	5	5	27	27	5	5	1	27	6	6
3810	5	5	5	14	31	27	5	14	5	5	2	6	3	3	1	1	1	9	1	1	6	28	26	26	5	14	5	5	5	5	5	11	5	5	5	5	5	5	5	5	5	5	5	5	20	31	1	20	1	6	1	1	1	1	1	1	7	7	1	16	5	5	31	31	5	5	11	31	18	18
3820	5	5	5	14	12	27	5	14	5	5	2	6	3	3	1	1	4	9	1	1	17	28	3	26	14	14	5	5	5	5	5	11	5	5	5	5	5	5	5	5	5	5	5	5	5	14	5	5	17	17	17	28	17	17	17	17	26	26	6	26	5	5	15	12	5	5	5	15	20	20
3830	5	5	14	14	19	27	5	14	5	5	2	6	3	3	1	1	1	9	1	1	4	28	26	26	3	14	5	5	5	5	4	11	5	5	5	5	5	5	5	15	5	5	5	5	4	26	5	15	4	9	15	15	23	23	23	23	29	29	2	31	5	5	11	30	3	14	2	11	2	2
3840	5	5	5	14	27	27	14	14	5	5	1	6	3	3	1	1	4	9	1	1	1	28	26	26	5	14	5	5	5	5	4	11	5	5	5	5	5	5	5	15	5	5	5	5	20	31	20	20	1	1	20	20	28	28	28	28	31	31	5	31	5	14	27	27	2	5	5	27	5	5
3850	5	5	5	14	5	27	5	14	5	5	5	6	3	3	1	1	4	9	1	1	1	28	21	26	3	14	5	5	5	5	4	11	5	5	5	5	5	5	4	15	15	15	5	15	23	21	23	23	1	1	1	23	1	9	1	1	3	7	16	14	5	5	5	5	5	5	3	5	16	16
3860	5	5	14	14	5	27	5	14	5	5	1	6	3	3	1	1	9	9	1	1	1	28	26	26	3	14	5	5	5	5	3	11	5	5	5	5	5	5	14	14	14	14	3	14	7	26	7	7	1	1	3	7	7	18	7	7	7	7	1	7	5	5	5	5	5	14	5	5	12	12
3870	6	5	3	14	2	27	5	14	5	5	3	6	6	3	9	1	1	9	1	1	1	28	19	26	3	14	5	5	5	5	4	11	5	5	5	5	5	5	15	15	15	15	15	15	4	19	15	15	1	1	1	23	1	1	1	9	16	6	2	16	13	5	13	13	2	16	2	13	2	2
3880	5	5	5	14	21	27	5	14	5	5	2	6	5	3	1	1	1	9	1	1	1	28	17	26	5	14	5	5	5	5	5	11	5	5	5	5	5	5	5	5	5	5	5	5	23	28	1	23	1	1	1	1	1	1	1	1	12	12	4	20	5	5	8	21	5	5	15	22	15	15
3890	5	5	22	14	5	27	5	14	5	5	4	6	3	3	1	1	1	9	1	1	1	28	17	26	5	14	5	5	5	5	5	11	5	5	5	5	5	5	5	5	5	5	5	5	5	28	5	5	1	1	12	12	12	12	12	12	14	21	10	25	5	5	1	5	24	22	4	28	10	10
3900	5	5	5	14	5	27	14	14	5	5	17	6	3	3	1	1	3	9	1	1	1	28	16	26	3	14	5	5	5	5	5	11	5	5	5	5	5	5	5	5	5	5	5	5	16	16	27	27	1	1	7	27	7	7	3	7	3	3	5	26	5	14	13	5	5	5	3	13	14	14
3910	5	5	15	14	20	27	5	14	5	5	1	6	1	3	1	1	4	9	1	1	1	28	26	26	5	14	5	5	5	5	5	11	5	5	5	5	5	5	5	5	5	5	5	5	31	31	28	31	1	1	28	28	28	28	28	28	24	28	17	28	5	5	5	20	4	15	3	15	26	26
3920	5	5	5	14	3	27	5	14	5	5	6	6	1	3	1	1	1	9	1	1	1	28	18	26	3	14	5	5	5	5	3	11	5	5	5	5	5	5	5	14	5	5	5	5	9	18	9	23	1	1	1	9	1	1	1	1	1	1	2	6	5	5	5	14	5	5	2	5	2	2
3930	5	5	14	14	16	27	5	14	5	5	10	6	1	3	1	1	1	9	1	1	1	28	26	26	5	14	5	5	5	5	3	11	5	5	5	5	5	5	5	14	5	5	5	5	12	31	1	12	1	1	1	1	1	1	1	1	1	1	23	17	5	5	26	27	5	14	1	31	23	23
3940	5	5	5	14	30	27	5	14	5	5	2	6	1	3	1	1	1	9	1	1	1	28	25	26	5	14	5	5	5	5	5	11	5	5	5	5	5	5	5	5	5	5	5	5	5	25	5	5	1	1	1	12	1	1	1	1	1	1	2	6	5	5	13	30	5	5	17	13	17	17
3950	5	5	5	14	22	27	12	14	5	5	4	6	1	3	1	1	1	9	1	1	20	28	4	26	5	14	5	5	5	5	4	11	5	5	5	5	5	5	5	15	5	5	5	5	5	15	5	5	20	20	12	20	12	12	1	12	1	1	8	9	5	12	10	22	5	5	5	24	22	22
3960	5	5	25	14	31	27	5	14	5	5	2	6	3	3	1	1	4	9	1	1	1	28	26	26	5	14	5	5	5	5	5	11	5	5	5	5	5	5	5	5	5	5	5	5	28	31	28	28	1	1	28	28	28	28	24	28	30	30	6	30	5	5	4	31	5	25	5	15	20	20
3970	5	5	5	14	3	27	14	14	5	5	3	6	1	3	1	1	1	9	1	1	1	28	31	26	5	14	5	5	5	5	5	11	5	5	5	5	5	5	5	5	5	5	5	5	18	31	1	29	1	1	1	1	1	1	1	1	1	1	13	7	14	14	5	14	5	5	5	5	13	13
3980	5	5	5	14	13	27	5	14	5	5	2	6	4	3	7	1	1	9	1	1	1	28	11	26	5	14	5	5	5	5	5	11	5	5	5	5	5	5	5	5	5	5	12	5	5	25	1	12	1	1	1	1	1	1	7	7	18	18	9	26	5	5	4	13	4	5	5	4	23	23
3990	2	5	3	14	22	27	5	14	5	5	4	6	3	3	1	1	1	9	1	1	1	28	16	26	5	14	5	5	5	5	5	11	5	5	5	5	5	5	5	5	5	5	5	5	5	27	5	5	1	1	1	12	1	1	9	1	25	18	4	25	5	5	1	22	3	8	2	7	10	10
4000	5	5	5	14	31	27	22	14	5	5	1	6	1	3	1	1	1	9	1	1	1	28	26	26	5	14	5	5	5	5	11	11	5	5	5	5	5	5	25	25	5	25	5	5	23	31	1	23	1	1	1	1	1	1	1	1	1	1	4	1	5	22	31	31	5	5	21	31	29	29
4010	5	5	25	14	3	27	15	14	5	5	4	6	3	3	2	1	1	9	5	1	5	28	4	26	15	14	5	5	5	5	5	11	5	5	5	5	5	5	5	5	5	5	5	5	5	15	5	5	5	5	13	5	2	20	2	2	8	8	11	19	10	15	3	19	3	25	2	3	19	19
4020	5	5	3	14	22	27	5	14	5	5	1	6	1	3	1	1	1	9	1	1	1	28	16	26	5	14	5	5	5	5	5	11	5	5	5	5	5	5	5	5	5	5	5	5	1	27	1	12	1	1	1	1	1	1	1	1	1	1	4	1	5	5	5	22	5	14	18	5	18	18
4030	5	5	5	14	3	27	5	14	5	5	5	6	21	3	1	1	1	9	1	1	7	28	3	26	14	14	5	5	5	5	5	11	5	5	5	5	5	5	5	5	5	5	5	5	5	14	5	5	7	7	1	21	1	1	5	1	21	21	10	21	5	5	19	14	5	5	4	30	10	10
4040	2	5	22	14	5	27	3	14	5	5	4	6	1	3	1	1	1	9	1	1	15	28	14	26	5	14	5	5	5	5	3	11	5	5	5	5	14	5	5	14	5	5	5	5	5	14	5	5	5	23	1	5	1	1	1	1	1	1	2	9	5	14	15	5	5	22	25	15	30	30
4050	5	5	14	14	22	27	5	14	5	5	26	6	1	3	1	1	1	9	1	1	1	28	3	26	14	14	5	5	5	5	5	11	5	5	5	5	5	5	5	5	5	5	5	5	5	14	5	5	7	1	1	21	1	1	1	1	1	1	6	26	5	5	13	22	5	14	5	13	20	20
4060	5	5	14	14	28	27	5	14	5	5	27	6	1	3	1	1	1	9	1	1	5	28	3	26	14	14	5	5	5	5	5	11	5	5	5	5	5	5	5	5	5	5	5	5	5	14	5	5	12	12	1	12	1	1	1	1	1	1	1	27	5	5	31	28	5	14	18	31	18	18
4070	5	5	11	14	2	27	13	14	5	5	5	6	5	3	5	1	5	9	5	1	5	28	2	26	5	14	5	5	5	5	5	11	5	5	5	5	5	5	5	5	5	5	5	5	5	13	5	5	5	5	5	5	5	5	5	5	5	5	15	5	5	13	13	13	2	25	5	13	15	15
4080	5	5	5	14	21	27	5	14	5	5	2	6	3	3	1	1	1	9	1	1	1	28	3	26	14	14	5	5	5	5	5	11	5	5	5	5	5	5	5	5	5	5	5	5	5	14	5	5	1	1	1	12	1	1	6	1	16	16	5	16	5	5	4	21	5	5	5	15	5	5
4090	5	5	5	14	13	27	5	14	5	5	2	6	3	3	1	1	4	9	1	1	23	28	7	26	5	14	5	5	5	5	4	11	5	5	5	5	5	5	5	15	5	5	5	5	5	21	5	5	23	23	29	23	29	29	29	29	29	29	3	31	5	5	28	13	5	5	31	28	31	31
4100	29	5	5	14	25	27	3	14	22	5	5	6	4	3	30	1	2	9	23	1	2	28	7	26	3	14	24	5	5	5	3	11	5	5	5	5	5	5	14	14	5	14	4	24	4	7	4	4	28	28	2	28	2	2	15	30	30	15	1	30	3	22	4	25	15	29	4	15	9	9
4110	5	5	13	14	11	27	3	14	3	5	10	6	9	3	1	1	1	9	1	1	1	28	3	26	22	14	5	5	5	5	5	11	5	5	5	5	5	5	5	5	5	5	5	5	5	22	5	5	1	1	1	12	1	1	1	1	4	9	1	10	2	3	14	19	2	13	1	22	1	1
4120	15	5	3	14	3	27	14	14	5	5	2	6	3	3	1	1	1	9	4	1	9	28	3	26	14	14	5	5	5	5	5	11	5	5	5	5	5	5	5	5	5	5	5	5	5	14	5	5	9	9	23	23	9	23	29	9	29	29	19	31	3	14	3	3	8	25	3	8	19	19
4130	5	5	27	14	14	27	14	14	5	5	2	6	25	3	1	1	1	9	1	1	1	28	3	26	5	14	5	5	5	5	5	11	5	5	5	5	5	5	5	5	5	5	5	5	5	14	5	5	1	1	1	12	1	1	1	1	29	29	5	31	3	14	2	14	31	27	5	31	5	5
4140	5	5	3	14	3	27	14	14	5	5	2	6	3	3	1	1	1	9	1	1	1	28	31	26	3	14	5	5	5	5	5	11	5	5	5	5	5	5	5	5	5	5	5	5	31	31	31	31	1	1	31	31	30	31	30	31	30	30	14	30	14	14	5	14	5	14	5	5	14	14
4150	13	5	5	14	2	27	5	14	5	5	2	6	1	3	1	1	1	9	1	1	12	28	4	26	5	14	5	5	5	5	5	11	5	5	5	5	5	5	5	5	5	5	5	5	5	15	5	5	12	12	1	12	1	1	1	1	1	1	2	6	12	5	5	20	19	13	6	30	6	6
4160	5	5	14	14	11	27	14	14	5	5	1	6	1	3	1	1	1	9	1	1	1	28	26	26	5	14	5	5	5	5	4	11	5	5	5	5	5	5	5	15	5	5	5	5	12	31	1	12	1	1	1	1	1	1	1	1	1	1	1	1	3	14	3	11	7	14	7	7	7	7
4170	5	5	14	14	27	27	5	14	5	5	3	6	19	3	1	1	1	9	1	1	23	28	26	26	5	14	5	5	5	5	3	11	5	5	5	5	5	5	5	14	5	5	5	5	5	31	1	5	1	23	1	1	1	1	1	1	26	26	31	26	5	5	19	27	3	14	1	19	31	31
4180	5	5	2	14	12	27	22	14	3	5	1	6	5	3	1	1	1	9	1	1	1	28	21	26	5	14	5	5	5	5	5	11	5	5	5	5	5	5	5	5	5	5	5	5	12	21	1	12	1	1	1	1	1	1	1	1	12	12	3	12	3	22	1	21	1	13	18	1	18	18
4190	5	5	5	14	5	27	5	14	5	5	1	6	3	3	1	1	1	9	1	1	1	28	1	26	5	14	5	5	5	5	4	11	5	5	5	5	5	5	5	15	5	5	5	5	5	12	5	5	1	1	1	12	1	1	6	1	16	16	27	16	5	5	5	5	15	5	2	15	27	27
4200	5	5	5	14	21	27	18	14	5	5	3	6	3	3	1	1	1	9	1	1	1	28	2	26	5	14	5	5	5	5	5	11	5	5	5	5	5	5	5	5	5	5	5	5	5	13	5	5	1	1	29	12	25	29	25	29	15	25	2	25	1	29	4	21	11	5	3	11	8	8
4210	5	5	21	14	3	27	14	14	5	5	2	6	6	3	1	1	1	9	1	1	1	28	9	26	5	14	5	5	5	5	4	11	5	5	5	5	5	5	15	15	5	15	5	5	5	23	5	5	1	1	1	12	1	1	1	1	2	6	2	2	3	14	1	3	21	21	2	21	2	2
4220	5	5	3	14	30	27	5	14	14	5	2	6	1	3	1	1	1	9	1	1	1	28	7	26	5	14	5	5	5	5	3	11	5	5	5	5	14	5	5	14	5	5	5	5	12	21	1	12	1	1	1	1	1	1	1	1	1	1	1	6	3	14	17	30	5	14	2	28	6	6
4230	5	5	5	14	27	27	5	14	5	5	2	6	3	3	1	1	1	9	1	1	1	28	7	26	3	14	5	5	5	5	5	11	5	5	5	5	5	5	5	5	5	5	5	5	1	7	1	12	1	1	1	1	1	1	1	1	7	7	26	16	5	5	5	27	5	5	5	5	31	31
4240	5	5	5	14	21	27	14	14	5	5	2	6	3	3	1	1	4	9	1	1	1	28	7	26	3	14	5	5	5	5	4	11	5	5	5	5	5	5	5	15	5	5	5	5	1	7	1	12	1	1	1	1	9	9	17	9	26	26	5	26	5	14	5	21	5	5	16	5	27	27
4250	5	5	5	14	5	27	5	14	5	5	2	6	3	3	1	1	1	9	1	1	1	28	19	26	5	14	5	5	5	5	3	11	5	5	5	5	5	5	5	14	5	5	5	5	10	30	24	24	1	1	15	28	28	23	28	28	31	31	22	31	5	5	5	5	5	5	5	5	22	22
4260	5	5	8	14	14	27	22	14	3	5	2	6	2	3	1	1	26	9	4	1	24	28	4	26	15	14	5	5	5	5	5	11	5	5	5	5	5	5	5	5	5	5	5	5	5	15	5	5	5	24	5	5	31	31	31	31	21	31	1	27	5	22	5	14	22	22	17	22	17	17
4270	5	5	5	14	29	27	5	14	5	5	1	6	3	3	1	1	15	9	1	1	4	28	17	26	5	14	5	5	5	5	5	11	5	5	5	5	5	5	5	5	5	5	5	5	28	28	28	28	1	9	4	28	23	15	7	23	7	7	13	7	5	5	29	29	2	5	4	31	24	24
4280	1	5	1	14	5	27	3	14	8	5	2	6	1	3	27	1	4	9	9	1	1	28	9	26	3	14	5	5	5	5	5	11	5	5	5	5	5	5	5	5	5	5	5	5	4	18	4	15	4	9	4	4	4	4	18	31	18	18	28	26	19	8	11	30	1	1	4	18	28	28
4290	5	5	5	14	5	27	24	14	4	5	4	6	4	3	4	1	5	9	3	1	4	28	6	26	1	14	3	5	7	5	1	11	2	5	4	5	1	10	1	1	3	7	3	3	3	6	1	3	6	11	17	6	4	28	4	4	11	4	6	11	5	24	7	5	3	5	3	7	16	16
4300	4	5	9	14	1	27	4	14	15	5	5	6	10	3	26	1	5	9	1	1	12	28	5	26	5	14	5	5	3	5	9	11	3	5	3	5	1	3	12	9	21	21	23	21	5	5	3	23	4	12	31	11	4	31	4	26	5	10	2	5	9	15	9	9	4	9	14	9	22	22
4310	18	5	5	14	2	27	3	14	25	5	17	6	15	3	3	1	5	9	4	1	4	28	4	26	12	14	2	5	14	5	25	11	7	5	3	5	2	7	5	30	2	14	17	2	4	23	19	17	5	4	15	30	11	15	4	11	4	15	3	17	17	25	5	17	5	29	3	5	3	3
4320	11	5	4	14	4	27	8	14	2	5	4	6	23	3	4	1	1	9	5	1	16	28	15	26	5	14	5	5	2	5	3	11	3	5	14	5	5	14	20	14	5	20	5	5	30	15	2	30	2	27	9	2	9	9	5	9	4	23	3	4	4	8	5	4	1	11	11	12	11	11
4330	3	5	3	14	3	27	4	14	4	5	3	6	3	3	2	1	4	9	1	1	1	28	4	26	9	14	4	5	4	5	5	11	3	5	22	5	3	22	4	14	11	4	3	11	3	9	4	3	4	1	11	4	5	11	3	13	9	3	1	18	21	4	23	21	4	3	21	23	21	21
4340	2	5	2	14	5	27	2	14	2	5	1	6	1	3	5	1	1	9	12	1	3	28	6	26	2	14	31	5	3	5	5	11	31	5	5	5	14	31	2	14	2	8	8	31	3	6	4	8	4	21	9	4	1	9	1	12	1	1	1	1	5	2	5	5	5	2	26	5	26	26
4350	2	5	2	14	5	27	3	14	17	5	7	6	21	3	29	1	11	9	1	1	3	28	2	26	2	14	3	5	3	5	1	11	3	5	2	5	25	8	3	29	3	3	25	3	5	2	22	25	5	7	3	22	5	11	4	29	3	29	19	7	12	26	15	12	3	2	2	25	19	19
4360	2	5	2	14	2	27	3	14	3	5	25	6	12	3	5	1	5	9	4	1	23	28	3	26	3	14	5	5	5	5	5	11	5	5	5	5	5	5	5	5	5	5	5	5	5	3	5	5	5	23	5	5	5	5	5	5	5	12	15	25	2	3	1	2	1	2	3	1	25	25
4370	5	5	5	14	21	27	5	14	5	5	2	6	1	3	1	1	1	9	1	1	1	28	18	26	3	14	5	5	5	5	5	11	5	5	5	5	5	5	5	5	5	5	5	5	11	18	15	25	1	1	1	23	1	1	1	1	1	1	1	6	5	5	7	21	3	5	5	7	12	12
4380	5	5	5	14	16	27	5	14	5	5	1	6	3	3	2	1	1	9	1	1	13	28	19	26	5	14	5	5	5	5	3	11	5	5	5	5	5	5	5	14	5	5	5	5	5	30	5	5	20	20	6	20	2	6	2	2	8	8	1	16	5	5	14	27	5	5	7	14	7	7
4390	5	5	3	14	5	27	5	14	5	5	4	6	27	3	1	1	1	9	1	1	1	28	9	26	5	14	5	5	5	5	5	11	5	5	5	5	5	5	5	5	5	5	5	5	23	23	23	23	1	1	1	23	1	1	1	1	27	27	30	31	5	5	5	5	20	14	3	20	30	30
4400	5	5	21	14	15	27	14	14	5	5	2	6	14	3	1	1	1	9	1	1	1	28	3	26	3	14	5	5	5	5	3	11	5	5	5	5	5	5	14	14	14	14	14	14	3	3	5	14	1	1	1	12	1	1	1	1	29	21	11	31	3	14	4	25	21	21	4	29	11	11
4410	5	5	14	14	22	27	5	14	5	5	2	6	3	3	1	1	4	9	1	1	6	28	18	26	5	14	5	5	5	5	3	11	5	5	5	5	14	5	5	14	5	5	5	5	29	29	29	29	2	6	26	31	11	26	11	18	3	11	23	8	5	5	8	22	5	14	4	22	23	23
4420	5	5	5	14	5	27	5	14	5	5	3	6	1	3	1	1	1	9	1	1	6	28	13	26	5	14	5	5	5	5	3	11	5	5	5	5	5	5	5	14	5	5	5	5	5	13	5	5	6	6	20	20	20	20	12	20	12	12	5	21	5	5	5	5	5	5	5	5	5	5
4430	5	5	5	14	21	27	5	14	5	5	1	6	3	3	1	1	1	9	1	1	1	28	17	26	3	14	5	5	5	5	5	11	5	5	5	5	5	5	5	5	5	5	5	5	18	26	29	29	1	1	29	29	18	29	18	18	7	18	2	7	5	5	29	21	5	5	20	29	20	20
4440	5	5	5	14	21	27	14	14	5	5	2	6	3	3	1	1	9	9	1	1	30	28	3	26	3	14	5	5	5	5	11	11	5	5	5	5	5	5	25	25	25	25	3	25	3	3	3	3	29	31	4	29	9	9	9	9	18	18	5	26	5	14	2	21	13	5	5	13	5	5
4450	5	5	5	14	3	27	3	14	5	5	1	6	3	3	1	1	4	9	1	1	1	28	26	26	3	14	5	5	5	5	4	11	5	5	5	5	5	5	5	15	5	5	5	5	26	26	31	31	1	1	30	31	30	30	24	31	30	30	3	31	5	14	5	14	5	5	5	5	14	14
4460	31	5	5	14	5	27	3	14	5	5	1	6	1	3	1	1	2	9	6	1	1	28	2	26	5	14	5	5	5	5	5	11	5	5	5	5	5	5	5	5	5	5	5	5	13	13	2	13	2	6	2	2	2	2	1	6	1	1	24	1	11	14	1	25	3	31	4	7	24	24
4470	5	5	5	14	28	27	5	14	5	5	2	6	3	3	1	1	1	9	1	1	6	28	18	26	5	14	5	5	5	5	5	11	5	5	5	5	5	5	5	5	5	5	5	5	18	29	29	29	2	6	29	31	29	29	29	29	29	29	3	31	5	5	28	28	3	5	14	31	14	14
4480	5	5	13	14	5	27	5	14	5	5	18	6	1	3	1	1	1	9	1	1	1	28	3	26	7	14	5	5	5	5	25	11	5	5	5	5	5	5	5	25	5	5	5	5	1	7	12	12	1	1	1	12	1	1	1	1	1	1	3	18	5	5	5	5	21	13	3	21	3	3
4490	5	5	5	14	5	27	5	14	5	5	3	6	2	3	4	1	1	9	1	1	1	28	14	26	5	14	5	5	5	5	5	11	5	5	5	5	5	5	5	5	5	5	5	5	5	14	5	5	1	1	5	12	12	12	23	23	28	28	2	31	5	5	5	5	25	5	1	25	6	6
4500	5	5	5	14	31	27	5	14	5	5	1	6	2	3	1	1	1	9	1	1	1	28	16	26	5	14	5	5	5	5	11	11	5	5	5	5	5	5	14	25	14	14	5	14	20	27	12	20	1	1	1	12	1	1	1	1	6	6	14	6	5	5	27	31	5	5	5	27	14	14
4510	5	5	5	14	5	27	5	14	5	5	2	6	3	3	1	1	1	9	1	1	1	28	26	26	3	14	5	5	5	5	3	11	5	5	5	5	5	5	14	14	5	14	5	5	19	26	30	30	1	1	31	31	31	31	28	31	31	31	29	31	5	5	5	5	5	5	5	5	29	29
4520	5	5	14	14	5	27	14	14	5	5	23	6	1	3	1	1	1	9	1	1	1	28	18	26	5	14	5	5	5	5	5	11	5	5	5	5	5	5	5	5	5	5	5	5	5	29	5	5	1	1	1	12	1	1	1	1	1	1	15	23	5	14	5	5	5	14	4	5	15	15
4530	5	5	5	14	7	27	22	14	5	5	1	6	3	3	1	1	1	9	1	1	6	28	3	26	14	14	5	5	5	5	5	11	5	5	5	5	5	5	5	5	5	5	5	5	5	14	5	5	5	6	1	5	1	1	1	1	7	7	1	7	3	22	25	7	4	5	3	25	7	7
4540	5	5	5	14	16	27	14	14	5	5	18	6	7	3	1	1	1	9	1	1	1	28	7	26	3	14	5	5	5	5	4	11	5	5	5	5	5	5	5	15	5	5	1	5	1	7	7	1	1	1	7	7	1	7	1	1	1	7	1	18	3	14	4	16	13	5	26	24	26	26
4550	5	5	3	14	20	27	5	14	5	5	2	6	3	3	1	1	4	9	1	1	20	28	9	26	5	14	5	5	5	5	4	11	5	5	5	5	5	5	5	15	5	5	5	5	23	23	5	23	20	20	20	20	28	28	28	28	31	31	31	31	5	5	23	20	3	14	4	29	31	31
4560	5	5	5	14	18	27	5	14	5	5	7	6	1	3	1	1	1	9	1	1	6	28	18	26	5	14	5	5	5	5	12	11	5	5	5	5	5	5	5	12	5	5	5	5	12	29	1	12	6	6	1	6	1	1	1	1	1	1	17	7	5	5	15	29	5	5	4	15	17	17
4570	5	5	14	14	10	27	21	14	5	5	2	6	3	3	1	1	4	9	1	1	31	28	3	26	14	14	5	5	5	5	3	11	5	5	5	5	5	5	5	14	5	5	5	5	5	14	5	5	22	31	22	22	30	30	29	31	31	29	4	31	1	21	1	17	14	14	5	21	15	15
4580	5	5	5	14	29	27	5	14	5	5	1	6	1	3	1	1	1	9	1	1	1	28	26	26	5	14	5	5	5	5	5	11	5	5	5	5	5	5	5	5	5	5	5	5	12	31	12	12	1	1	1	12	1	1	1	1	1	1	30	1	5	5	5	29	15	5	2	15	30	30
4590	3	5	3	14	21	27	5	14	5	5	1	6	1	3	1	1	1	9	1	1	5	28	2	26	5	14	5	5	5	5	5	11	5	5	5	5	5	5	5	5	5	5	5	5	5	13	5	5	12	12	1	12	1	1	1	1	1	1	17	1	1	5	5	21	3	3	1	14	17	17
4600	2	5	29	14	1	27	5	14	5	5	1	6	3	3	6	1	1	9	1	1	1	28	11	26	5	14	5	5	5	5	3	11	5	5	5	5	5	5	5	14	5	5	5	5	5	25	5	5	1	1	1	12	1	1	2	6	8	8	3	16	7	5	3	7	28	31	20	31	27	27
4610	5	5	5	14	24	27	5	14	23	5	1	6	12	3	1	1	1	9	1	1	1	28	26	26	5	14	5	5	14	5	5	11	5	5	5	5	5	5	5	5	5	14	5	5	12	31	12	12	1	1	1	12	1	1	1	1	12	12	4	12	5	23	4	24	15	5	4	15	4	4
4620	5	5	5	14	6	27	5	14	5	5	17	6	5	3	1	1	1	9	1	1	1	28	26	26	5	14	5	5	5	5	5	11	5	5	5	5	5	5	5	5	5	5	5	5	5	31	5	5	1	1	12	12	12	12	5	12	5	5	2	28	5	5	6	20	5	5	2	20	2	2
4630	5	5	3	14	5	27	5	14	5	5	2	6	8	3	1	1	1	9	1	1	1	28	17	26	5	14	5	5	5	5	4	11	5	5	15	5	15	15	15	15	5	15	5	5	23	28	9	23	1	1	1	9	1	1	1	1	16	16	6	16	5	5	5	5	8	14	5	22	20	20
4640	5	5	5	14	28	27	14	14	5	5	1	6	3	3	1	1	4	9	1	1	1	28	26	26	3	14	5	5	5	5	15	11	5	5	5	5	5	5	5	15	5	5	5	5	26	26	31	31	1	1	30	31	30	30	31	31	31	31	15	31	3	14	30	31	5	5	5	30	15	15
4650	5	5	5	14	27	27	5	14	5	5	1	6	3	3	1	1	18	9	1	1	1	28	1	26	5	14	5	5	5	5	5	11	5	5	5	5	5	5	5	5	5	5	5	5	12	12	1	12	1	1	1	1	18	18	18	18	18	18	5	18	5	5	31	27	5	5	12	31	12	12
4660	3	5	3	14	14	27	5	14	5	5	1	6	3	3	1	1	4	9	1	1	1	28	18	26	5	14	5	5	5	5	11	11	5	5	5	5	5	5	25	25	14	25	5	14	29	29	29	29	1	1	23	29	23	23	21	23	21	21	22	21	5	5	25	14	3	3	4	25	30	30
4670	5	5	5	14	17	27	5	14	5	5	2	6	3	3	1	1	1	9	1	1	1	28	26	26	5	14	5	5	5	5	14	11	5	5	5	5	5	5	14	14	5	14	5	5	23	31	23	23	1	1	12	23	1	12	1	1	27	7	1	27	5	5	17	28	5	5	12	28	12	12
4680	5	5	5	14	12	27	14	14	5	5	1	6	3	3	1	1	1	9	1	1	1	28	17	26	3	14	5	5	5	5	5	11	5	5	5	5	5	5	5	5	5	5	5	5	1	26	1	12	1	1	1	1	1	1	12	1	27	21	7	27	5	14	15	12	5	5	1	15	7	7
4690	5	5	27	14	5	27	5	14	5	5	1	6	1	3	1	1	1	9	1	1	1	28	7	26	5	14	5	5	5	5	4	11	5	5	5	5	5	5	15	15	5	15	5	5	1	21	12	12	1	1	1	12	1	1	1	1	1	1	9	1	20	5	3	20	8	27	4	8	9	9
4700	5	5	5	14	5	27	14	14	5	5	2	6	3	3	4	1	4	9	1	1	1	28	26	26	5	14	5	5	5	5	5	11	5	5	5	5	5	5	5	5	5	5	5	5	29	31	29	29	1	1	29	29	29	29	23	29	23	29	3	28	5	14	5	5	12	5	7	12	7	7
4710	5	5	5	14	31	27	14	14	5	5	2	6	3	3	18	1	1	9	1	1	6	28	10	26	3	14	5	5	5	5	5	11	5	5	5	5	5	5	5	5	5	5	5	5	2	19	2	13	6	6	6	6	1	6	18	18	18	18	13	26	3	14	19	31	5	5	1	30	20	20
4720	5	5	30	14	11	27	14	14	5	5	27	6	1	3	1	1	1	9	1	1	20	28	7	26	5	14	5	5	5	5	4	11	5	5	5	5	5	5	5	15	5	5	5	5	12	21	1	12	1	20	1	1	1	1	1	1	1	1	5	27	5	14	4	25	28	30	27	28	27	27
4730	5	5	5	14	5	27	5	14	5	5	2	6	3	3	1	1	1	9	1	1	1	28	26	26	3	14	5	5	5	5	3	11	5	5	5	5	5	5	5	14	5	5	5	5	26	26	31	31	1	1	30	31	31	31	31	31	31	31	11	31	5	5	5	5	5	5	5	5	25	25
4740	13	5	2	14	1	27	14	14	5	5	6	6	1	3	1	1	1	9	1	1	1	28	26	26	5	14	5	5	5	5	5	11	5	5	5	5	5	5	5	5	5	5	5	5	21	31	1	21	1	1	1	1	1	1	9	1	4	9	2	17	12	14	1	12	23	13	2	23	2	2
4750	5	5	13	14	17	27	5	14	5	5	2	6	14	3	1	1	1	9	1	1	12	28	26	26	3	14	5	5	5	5	4	11	5	5	5	5	5	5	5	15	5	5	5	5	12	26	12	12	1	12	1	12	1	1	1	1	21	21	2	27	5	5	24	28	5	13	22	24	22	22
4760	3	5	3	14	11	27	5	14	5	5	25	6	1	3	1	1	1	9	1	1	1	28	31	26	5	14	5	5	5	5	15	11	5	5	5	5	5	5	5	15	5	5	5	5	29	31	1	29	1	1	1	1	1	1	1	1	1	1	2	29	5	5	24	25	5	3	2	24	2	2
4770	5	5	5	14	20	27	14	14	5	5	1	6	1	3	1	1	1	9	1	1	1	28	18	26	5	14	5	5	5	5	3	11	5	5	5	5	5	5	5	14	5	5	5	5	12	29	1	12	1	1	1	1	1	1	1	1	1	1	2	1	3	14	18	27	5	5	26	29	26	26
4780	5	5	21	14	3	27	5	14	5	5	2	6	11	3	2	1	4	9	1	1	12	28	26	26	5	14	5	5	5	5	5	11	5	5	5	5	5	5	5	5	5	5	5	5	13	31	2	13	2	12	2	2	2	10	2	2	19	19	1	19	12	5	16	21	4	21	1	26	1	1
4790	5	5	5	14	31	27	5	14	5	5	1	6	3	3	1	1	4	9	1	1	1	28	26	26	5	14	5	5	5	5	4	11	5	5	5	5	5	5	5	15	5	5	5	5	31	31	31	31	1	1	22	31	30	30	3	31	2	3	5	6	5	5	2	31	2	5	13	2	13	13
4800	5	5	5	14	3	27	1	14	5	5	5	6	5	3	4	1	15	9	1	1	23	28	21	26	2	14	5	5	5	5	5	11	5	5	5	5	5	5	5	5	5	5	5	5	5	27	5	5	5	23	2	5	28	24	5	28	5	5	4	5	5	12	2	14	31	5	12	31	23	23
4810	2	5	6	14	2	27	5	14	5	5	11	6	3	3	1	1	1	9	1	1	15	28	3	26	14	14	5	5	5	5	5	11	5	5	5	5	5	5	5	5	5	5	5	5	5	14	5	5	5	23	1	5	1	1	1	1	1	7	5	18	13	5	24	13	5	6	20	24	20	20
4820	5	5	14	14	3	27	14	14	5	5	1	6	3	3	1	1	1	9	1	1	1	28	9	26	3	14	5	5	5	5	3	11	5	5	5	5	5	5	5	14	5	5	5	5	1	18	1	12	1	1	1	1	1	1	1	1	7	7	3	7	3	14	3	3	3	14	19	3	19	19
4830	5	5	5	14	20	27	5	14	5	5	24	6	1	3	1	1	1	9	1	1	1	28	9	26	5	14	5	5	5	5	5	11	5	5	5	5	5	5	5	5	5	5	5	5	23	23	4	23	1	1	1	9	1	1	1	1	5	1	27	24	5	5	1	20	27	5	2	27	27	27
4840	22	5	3	14	1	27	3	14	22	5	23	6	3	3	1	1	3	9	1	1	1	28	31	26	3	14	5	5	5	5	2	11	5	5	5	5	5	5	5	13	5	5	5	5	14	31	14	14	1	1	7	21	7	7	3	7	3	3	6	29	27	22	30	27	4	22	3	30	16	16
4850	5	5	3	14	26	27	5	14	5	5	2	6	4	3	1	1	1	9	1	1	1	28	5	26	5	14	5	5	5	5	5	11	5	5	5	5	5	5	5	5	5	5	5	5	5	5	5	5	1	1	1	12	1	1	1	1	6	9	4	6	5	5	31	31	2	14	5	31	15	15
4860	5	5	14	14	20	27	5	14	5	5	7	6	3	3	1	1	1	9	1	1	28	28	2	26	14	14	5	5	5	5	5	11	5	5	5	5	5	5	5	5	5	5	5	5	5	22	5	5	28	28	17	28	6	17	6	6	1	16	19	7	5	5	1	20	5	14	3	12	19	19
4870	5	5	5	14	5	27	5	14	5	5	28	6	1	3	1	1	1	9	1	1	1	28	26	26	4	14	5	5	5	5	5	11	5	5	5	5	5	5	5	5	12	5	1	12	1	26	1	1	1	1	1	1	1	1	1	1	1	1	6	28	5	5	5	5	15	5	2	15	6	6
4880	5	5	13	14	30	27	5	14	5	5	28	6	3	3	1	1	1	9	1	1	6	28	17	26	5	14	5	5	5	5	5	11	5	5	5	5	5	5	5	5	5	5	5	5	18	28	23	29	1	6	1	23	1	1	1	1	3	7	4	31	5	5	27	30	5	13	4	27	4	4
4890	5	5	5	14	16	27	5	14	5	5	1	6	16	3	1	1	9	9	1	1	1	28	3	26	14	14	5	5	5	5	5	11	5	5	5	5	5	5	5	5	5	5	5	5	5	14	5	5	9	1	4	23	1	9	1	1	16	16	1	16	5	5	27	27	4	5	19	31	26	26
4900	5	5	3	14	22	27	5	14	5	5	4	6	3	3	1	1	1	9	3	1	3	28	3	26	3	14	5	5	5	5	5	11	5	5	5	5	5	5	5	5	5	5	5	5	3	3	3	14	3	3	3	3	7	7	3	7	3	3	4	11	5	5	8	22	3	14	15	8	15	15
4910	5	5	5	14	5	27	5	14	5	5	4	6	19	3	4	1	4	9	1	1	1	28	25	26	5	14	5	5	5	5	4	11	5	5	5	5	5	5	15	15	5	15	5	5	21	25	1	21	1	1	1	1	4	9	4	4	9	19	10	9	5	5	3	5	3	5	2	3	10	10
4920	5	5	5	14	27	27	5	14	5	5	6	6	1	3	1	1	1	9	1	1	6	28	3	26	14	14	5	5	5	5	5	11	5	5	5	5	5	5	5	5	5	5	5	5	5	14	5	5	6	6	12	20	1	12	1	1	1	1	27	6	5	5	20	27	5	5	1	20	27	27
4930	3	5	3	14	3	27	27	14	5	5	5	6	3	3	5	1	5	9	3	1	15	28	4	26	30	14	5	5	5	5	3	11	5	5	5	5	14	5	5	14	5	5	5	5	15	30	5	15	5	25	5	5	5	5	3	5	3	3	7	14	11	27	1	11	1	3	3	1	7	7
4940	5	5	5	14	12	27	5	14	5	5	6	6	1	3	1	1	1	9	1	1	1	28	18	26	3	14	5	5	5	5	5	11	5	5	5	5	5	5	5	5	5	5	5	5	9	18	1	23	1	1	1	1	1	1	1	1	1	1	2	6	5	5	5	12	5	5	5	5	13	13
4950	5	5	14	14	6	27	5	14	5	5	1	6	3	3	1	1	1	9	1	1	1	28	11	26	3	14	5	5	5	5	4	11	5	5	5	5	5	5	15	15	15	15	4	15	11	11	4	11	1	1	1	9	1	1	1	1	18	7	4	18	5	5	1	20	14	14	9	21	9	9
4960	5	5	12	14	5	27	5	14	5	5	27	6	5	3	1	1	1	9	1	1	12	28	31	26	4	14	5	5	5	5	5	11	5	5	5	5	5	5	5	5	5	5	5	5	5	31	5	5	12	12	1	12	1	1	1	1	1	12	15	27	5	5	5	5	5	12	5	5	15	15
4970	5	5	16	14	4	27	5	14	5	5	15	6	1	3	1	1	1	9	1	1	12	28	18	26	5	14	5	5	5	5	3	11	5	5	5	5	14	5	14	14	5	14	5	5	5	29	5	5	12	12	1	12	1	1	1	1	1	1	2	23	4	5	4	4	1	27	2	9	2	2
4980	5	5	5	14	31	27	5	14	5	5	1	6	3	3	1	1	4	9	1	1	1	28	26	26	5	14	5	5	5	5	4	11	5	5	5	5	5	5	5	15	5	5	5	5	27	31	13	27	1	1	20	20	28	28	28	28	31	31	1	31	5	5	26	31	5	5	9	31	9	9
4990	5	5	5	14	5	27	5	14	5	5	1	6	14	3	5	1	4	9	1	1	1	28	26	26	5	14	5	5	5	5	4	11	5	5	5	5	5	5	5	15	5	5	5	5	9	31	23	23	1	1	15	23	15	15	4	15	25	25	28	29	5	5	5	5	13	5	1	13	28	28
5000	5	5	5	14	9	27	3	14	3	5	19	6	1	3	1	1	1	9	4	1	9	28	10	26	5	14	5	5	5	5	5	11	5	5	5	5	5	5	5	5	5	5	5	5	15	24	4	15	18	9	1	18	1	1	1	1	1	1	5	26	1	3	2	9	2	5	15	2	15	15
5010	5	5	14	14	15	27	5	14	5	5	4	6	3	3	1	1	1	9	1	1	4	28	29	26	5	14	5	5	5	5	5	11	5	5	5	5	5	5	5	5	5	5	5	5	12	29	5	12	1	9	12	12	12	12	12	12	29	21	21	29	5	5	2	15	12	14	2	20	27	27
5020	2	5	25	14	4	27	13	14	5	5	31	6	1	3	1	1	1	9	1	1	13	28	2	26	14	14	5	5	5	5	5	11	5	5	5	5	5	5	5	5	5	5	5	5	12	22	1	12	1	20	1	1	1	1	1	1	1	1	31	31	5	13	1	15	3	30	1	7	31	31
5030	5	5	5	14	5	27	5	14	5	5	16	6	1	3	1	1	1	9	1	1	1	28	3	26	5	14	5	5	5	5	3	11	5	5	5	5	5	5	5	14	5	5	5	5	14	14	5	14	1	1	12	12	1	12	1	1	1	1	5	16	21	5	12	21	5	5	5	12	5	5
5040	5	5	7	14	27	27	5	14	5	5	2	6	3	3	1	1	1	9	1	1	1	28	26	26	3	14	5	5	5	5	4	11	5	5	5	5	5	5	15	15	15	15	4	15	26	26	26	26	1	1	26	26	26	26	26	26	26	26	4	26	5	5	2	27	18	21	11	26	11	11
5050	5	5	14	14	14	27	5	14	14	5	17	6	2	3	2	1	3	9	3	1	2	28	7	26	3	14	5	5	5	5	4	11	5	5	5	5	5	5	5	15	5	5	5	5	5	7	5	5	14	8	8	14	2	8	2	2	2	2	4	17	5	14	4	14	19	14	25	19	25	25
5060	5	5	5	14	12	27	14	14	5	5	1	6	7	3	1	1	1	9	1	1	1	28	18	26	5	14	5	5	5	5	4	11	5	5	5	5	5	5	5	15	5	5	5	5	12	29	1	12	1	1	1	1	1	1	1	1	7	7	18	7	5	14	5	12	5	5	5	5	29	29
5070	5	5	5	14	12	27	5	14	5	5	4	6	3	3	1	1	1	9	1	1	1	28	18	26	3	14	5	5	5	5	5	11	5	5	5	5	5	5	5	5	5	5	12	5	1	18	1	12	1	1	1	1	1	1	3	1	14	3	4	25	5	5	5	12	5	5	4	5	4	4
5080	5	5	5	14	31	27	5	14	5	5	27	6	4	3	4	1	4	9	1	1	1	28	19	26	5	14	5	5	5	5	5	11	5	5	5	5	5	5	5	5	5	5	5	5	13	30	24	13	1	1	4	28	4	4	4	4	4	4	5	31	5	5	28	31	5	5	5	28	5	5
5090	5	5	18	14	26	27	14	14	5	5	3	6	5	3	1	1	1	9	1	1	13	28	2	26	5	14	5	5	5	5	5	11	5	5	5	5	5	5	5	5	5	5	5	5	5	13	5	5	12	20	1	12	1	1	1	1	12	12	13	21	3	14	14	26	3	29	2	14	13	13
5100	5	5	5	14	21	27	5	14	5	5	1	6	1	3	1	1	1	9	1	1	1	28	6	26	3	14	5	5	5	5	5	11	5	5	5	5	5	5	5	5	5	5	5	5	6	16	1	20	1	1	1	1	1	1	1	1	1	1	8	1	1	5	31	21	5	5	1	31	16	16
5110	3	5	3	14	8	27	5	14	5	5	2	6	14	3	1	1	1	9	13	1	1	28	16	26	3	14	5	5	5	5	5	11	5	5	5	5	5	5	5	5	5	5	5	5	7	16	1	21	1	20	1	1	1	1	1	1	21	21	16	27	5	5	18	22	3	3	1	18	16	16
5120	5	5	5	14	6	27	5	14	5	5	1	6	8	3	1	1	1	9	1	1	1	28	19	26	5	14	5	5	5	5	3	11	5	5	5	5	5	5	5	14	5	5	5	5	5	30	5	5	1	1	1	12	1	1	1	1	8	16	1	16	5	5	31	20	2	5	1	31	1	1
5130	5	5	14	14	23	27	14	14	5	5	1	6	3	3	3	1	1	9	1	1	6	28	26	26	5	14	5	5	5	5	3	11	5	5	5	5	5	5	5	14	5	5	5	5	23	31	23	23	2	6	28	28	31	28	31	31	31	31	7	31	5	14	9	23	4	14	5	9	21	21
5140	5	5	5	14	20	27	14	14	5	5	20	6	3	3	1	1	1	9	1	1	1	28	3	26	14	14	5	5	5	5	4	11	5	5	5	5	5	5	5	15	5	5	5	5	12	14	12	12	1	1	1	12	1	1	1	1	3	7	20	27	3	14	5	27	5	5	5	5	20	20
5150	5	5	14	14	29	27	5	14	5	5	2	6	3	3	12	1	1	9	1	1	1	28	18	26	3	14	5	5	5	5	5	11	5	5	5	5	5	5	5	5	5	5	5	5	1	18	1	12	1	1	1	1	1	1	12	12	21	21	1	27	5	5	29	29	2	14	24	31	28	28
5160	5	5	5	14	5	27	5	14	5	5	13	6	1	3	1	1	1	9	1	1	1	28	1	26	14	14	5	5	5	5	4	11	5	5	5	5	5	5	5	15	5	5	5	5	12	21	1	12	1	1	1	1	1	1	1	1	1	1	16	20	5	5	5	5	5	5	5	5	27	27
5170	5	5	5	14	5	27	5	14	5	5	22	6	1	3	1	1	1	9	1	1	1	28	6	26	5	14	5	5	5	5	5	11	5	5	5	5	5	5	5	5	5	5	5	5	12	20	1	12	1	1	1	1	1	1	1	1	1	1	5	27	5	5	5	5	21	5	24	21	24	24
5180	2	5	2	14	5	27	5	14	5	5	7	6	5	3	5	1	3	9	2	1	2	28	2	26	27	14	5	5	5	5	5	11	5	5	5	5	5	5	5	5	5	5	5	5	5	27	5	5	5	2	4	5	11	11	5	25	5	5	31	21	5	5	1	5	2	2	2	6	31	31
5190	5	5	5	14	21	27	14	14	5	5	31	6	3	3	3	1	3	9	1	1	23	28	3	26	3	14	5	5	5	5	5	11	5	5	5	5	5	5	5	5	5	5	5	5	14	3	3	14	7	23	7	7	3	7	3	3	3	3	4	31	5	14	27	21	1	5	4	27	4	4
5200	11	5	2	14	3	27	5	14	15	5	3	6	5	3	5	1	5	9	1	1	5	28	7	26	3	14	5	5	5	5	5	11	5	5	5	5	5	5	5	5	5	5	14	5	3	7	5	14	5	12	5	5	5	5	5	5	5	5	1	14	14	15	5	14	14	19	5	14	12	12
5210	5	5	4	14	28	27	13	14	5	5	2	6	5	3	1	1	1	9	1	1	1	28	10	26	5	14	5	5	5	5	4	11	5	5	5	5	5	5	15	15	5	15	5	5	5	24	5	5	1	1	12	12	12	12	12	12	1	12	2	6	2	13	5	28	25	15	8	25	8	8
5220	5	5	5	14	26	27	5	14	5	5	2	6	3	3	1	1	4	9	1	1	1	28	31	26	5	14	5	5	5	5	8	11	5	5	5	5	5	5	5	22	5	5	5	5	29	31	29	29	1	1	23	29	23	23	29	23	29	29	4	31	5	5	27	31	1	5	6	27	17	17
5230	5	5	25	14	7	27	5	14	5	5	4	6	3	3	9	1	1	9	1	1	6	28	11	26	3	14	5	5	5	5	5	11	5	5	5	5	5	5	5	5	5	5	5	5	21	11	1	21	6	6	1	6	1	1	9	9	18	18	14	18	5	5	1	21	16	25	3	16	14	14
5240	5	5	14	14	17	27	14	14	5	5	1	6	1	3	1	1	1	9	1	1	12	28	27	26	5	14	5	5	5	5	5	11	5	5	5	5	5	5	5	5	5	5	5	5	16	27	12	27	5	12	1	12	1	1	1	1	1	1	23	1	3	14	4	26	14	14	3	25	29	29
5250	5	5	5	14	21	27	5	14	5	5	2	6	15	3	1	1	1	9	1	1	1	28	1	26	14	14	5	5	5	5	3	11	5	5	5	5	5	5	14	14	14	14	3	14	3	21	3	3	1	1	1	7	1	1	1	1	23	23	4	28	4	5	18	29	5	5	15	29	15	15
5260	5	5	5	14	13	27	14	14	5	5	2	6	3	3	1	1	1	9	1	1	1	28	26	26	3	14	5	5	5	5	5	11	5	5	5	5	5	5	5	5	5	5	5	5	18	26	21	29	1	1	1	21	1	1	1	1	7	7	2	16	5	14	31	13	1	5	5	31	13	13
5270	5	5	5	14	5	27	5	14	5	5	3	6	1	3	1	1	1	9	1	1	1	28	7	26	3	14	5	5	5	5	3	11	5	5	5	5	5	5	14	14	5	14	1	5	1	7	1	1	1	1	1	1	1	1	1	1	1	1	3	7	5	5	5	5	5	5	27	5	27	27
5280	5	5	5	14	30	27	5	14	5	5	2	6	3	3	1	1	4	9	1	1	28	28	8	26	3	14	5	5	5	5	3	11	5	5	5	5	5	5	14	14	14	14	3	14	3	8	3	3	20	28	20	27	28	28	28	28	31	31	11	31	1	5	28	31	5	5	5	28	25	25
5290	5	5	5	14	31	27	14	14	5	5	1	6	2	3	1	1	1	9	1	1	24	28	3	26	14	14	5	5	5	5	4	11	5	5	5	5	5	5	5	15	5	5	5	5	5	14	5	5	28	28	9	28	9	9	4	9	10	10	4	17	3	14	19	31	5	5	16	30	26	26
5300	5	5	5	14	27	27	14	14	5	5	2	6	3	3	1	1	1	9	1	1	1	28	26	26	5	14	5	5	5	5	3	11	5	5	5	5	5	5	5	14	5	5	5	5	29	31	29	29	1	1	29	29	29	29	21	29	21	21	6	27	3	14	16	27	5	5	5	27	20	20
5310	5	5	14	14	29	27	14	14	5	5	1	6	1	3	1	1	1	9	1	1	1	28	18	26	3	14	5	5	5	5	4	11	5	5	5	5	5	5	5	15	5	5	5	5	18	18	1	29	1	1	1	1	1	1	1	1	1	1	5	1	3	14	4	29	25	14	5	25	5	5
5320	5	5	5	14	19	27	5	14	5	5	26	6	1	3	1	1	1	9	1	1	2	28	18	26	3	14	4	5	5	5	3	11	5	5	5	5	5	5	5	14	5	5	23	15	4	18	1	23	6	6	1	6	1	1	1	1	1	1	1	26	5	5	31	30	3	5	16	31	16	16
5330	11	5	3	14	3	27	22	14	5	5	6	6	1	3	1	1	1	9	1	1	1	28	11	26	5	14	5	5	5	5	3	11	5	5	5	5	5	5	5	14	5	5	5	5	5	25	5	5	1	1	1	12	1	1	1	1	1	1	14	6	3	22	22	3	2	11	2	22	22	22
5340	5	5	25	14	30	27	5	14	5	5	15	6	3	3	1	1	1	9	1	1	1	28	29	26	5	14	5	5	5	5	4	11	5	5	5	5	5	5	15	15	5	15	5	5	29	29	9	29	1	1	1	9	1	1	1	1	1	7	1	23	5	5	4	30	30	25	22	30	27	27
5350	5	5	3	14	22	27	5	14	5	5	2	6	3	3	1	1	1	9	1	1	1	28	18	26	3	14	5	5	5	5	3	11	5	5	5	5	5	5	5	14	5	5	5	5	1	18	12	12	1	1	1	12	1	1	1	1	7	7	8	16	5	5	22	22	3	14	5	22	22	22
5360	5	5	3	14	5	27	14	14	5	5	21	6	1	3	1	1	1	9	1	1	1	28	18	26	3	14	5	5	5	5	5	11	5	5	5	5	5	5	5	5	5	5	5	5	15	18	15	15	1	1	1	23	1	1	1	1	1	1	5	21	5	14	5	5	5	14	2	5	13	13
5370	23	5	3	14	4	27	5	14	5	5	4	6	15	3	4	1	4	9	1	1	2	28	27	26	5	14	5	5	5	5	14	11	5	5	5	5	5	5	5	14	5	5	5	5	5	27	5	5	12	6	5	12	15	15	5	15	24	15	2	24	1	5	17	9	5	29	13	28	13	13
5380	5	5	5	14	5	27	5	14	21	5	1	6	1	3	1	1	1	9	1	1	1	28	1	26	12	14	5	5	5	5	5	11	5	5	5	5	5	5	5	5	5	5	5	5	5	12	5	5	1	1	1	12	1	1	1	1	1	1	2	1	14	21	23	14	3	5	2	29	2	2
5390	5	5	12	14	21	27	5	14	5	5	1	6	3	3	1	1	1	9	1	1	1	28	26	26	5	14	5	5	5	5	4	11	5	5	5	5	5	5	15	15	5	15	5	5	31	31	31	31	1	1	28	31	28	28	28	28	31	31	3	31	4	5	3	29	3	12	3	3	3	3
5400	12	5	2	14	3	27	14	14	5	5	27	6	2	3	1	1	1	9	1	1	12	28	15	26	5	14	5	5	5	5	11	11	5	5	5	5	5	5	25	25	5	25	5	5	5	15	5	5	12	12	1	12	1	1	1	1	1	6	5	27	30	14	5	30	27	20	19	27	30	30
5410	5	5	5	14	4	27	3	14	5	5	1	6	1	3	1	1	1	9	1	1	23	28	12	26	5	14	5	5	5	5	5	11	5	5	5	5	5	5	5	5	5	5	5	5	5	12	5	5	9	23	1	23	1	1	1	1	1	1	3	1	29	14	2	29	15	5	21	24	21	21
5420	9	5	5	14	5	27	5	14	5	5	2	6	3	3	1	1	1	9	1	1	18	28	3	26	14	14	5	5	5	5	5	11	5	5	5	5	5	5	5	5	5	5	5	5	12	14	12	12	1	18	1	12	1	1	1	1	7	7	3	16	5	5	5	5	25	23	13	25	22	22
5430	5	5	3	14	14	27	21	14	5	5	26	6	3	3	1	1	1	9	1	1	1	28	17	26	5	14	5	5	5	5	5	11	5	5	5	5	5	5	5	5	5	5	5	5	1	28	1	12	1	1	1	1	1	1	1	1	3	7	28	26	5	21	31	14	5	14	3	31	31	31
5440	5	5	5	14	19	27	5	14	13	5	3	6	3	3	1	1	1	9	1	1	22	28	18	26	3	14	5	5	5	5	5	11	5	5	5	5	5	5	5	5	5	5	5	5	3	18	3	14	12	27	7	21	1	7	6	1	7	16	4	7	5	13	25	30	1	5	4	29	4	4
5450	2	5	31	14	3	27	14	14	5	5	14	6	1	3	1	1	1	9	1	1	1	28	3	26	14	14	5	5	5	5	5	11	5	5	5	5	5	5	5	5	5	5	5	5	5	14	5	5	1	1	1	12	1	1	1	1	1	1	21	21	3	14	31	3	4	31	1	31	21	21
5460	5	5	5	14	1	27	3	14	15	5	2	6	14	3	1	1	1	9	11	1	1	28	9	26	1	14	5	5	5	5	5	11	5	5	5	5	5	5	5	5	5	5	5	5	5	9	5	5	4	18	15	15	23	23	4	23	31	25	15	31	21	25	1	21	1	5	5	1	15	15
5470	5	5	5	14	3	27	5	14	5	5	2	6	3	3	1	1	1	9	1	1	5	28	3	26	14	14	5	5	5	5	15	11	5	5	5	5	5	5	5	15	5	5	5	5	5	14	5	5	12	12	1	12	1	1	1	1	1	7	5	6	5	5	14	14	5	5	12	14	12	12
5480	5	5	5	14	5	27	5	14	5	5	1	6	1	3	1	1	1	9	1	1	1	28	15	26	5	14	5	5	5	5	5	11	5	5	5	5	5	5	5	5	5	5	5	5	1	15	1	12	1	1	1	1	1	1	1	1	1	1	4	1	5	5	5	5	24	5	17	24	17	17
5490	5	5	5	14	28	27	5	14	5	5	2	6	3	3	1	1	1	9	1	1	12	28	16	26	5	14	5	5	5	5	5	11	5	5	5	5	5	5	5	5	5	5	5	5	5	27	5	5	12	12	1	12	1	1	1	1	7	7	4	16	5	5	5	28	14	5	4	14	4	4
5500	5	5	5	14	5	27	5	14	5	5	1	6	1	3	1	1	1	9	2	1	20	28	1	26	5	14	5	5	5	5	3	11	5	5	5	5	5	5	14	14	5	14	5	5	5	12	5	5	12	20	1	12	1	1	1	1	1	1	2	1	25	5	1	25	1	5	14	1	22	22
5510	5	5	14	14	2	27	5	14	5	5	27	6	1	3	1	1	1	9	1	1	5	28	16	26	5	14	5	5	5	5	5	11	5	5	5	5	5	5	5	5	5	5	5	5	12	27	12	12	1	12	1	12	1	1	1	1	1	1	1	27	5	5	21	13	2	14	31	27	31	31
5520	5	5	30	14	28	27	5	14	5	5	28	6	3	3	1	1	1	9	1	1	1	28	7	26	3	14	20	5	5	5	4	11	5	5	5	5	5	5	5	15	5	5	1	20	1	7	1	1	1	1	1	1	1	1	1	1	3	7	10	31	5	5	10	28	4	30	4	10	10	10
5530	5	5	5	14	3	27	3	14	5	5	7	6	1	3	1	1	1	9	1	1	1	28	26	26	5	14	5	5	5	5	5	11	5	5	5	5	5	5	5	5	5	5	5	5	12	31	1	12	1	1	1	1	1	1	1	1	1	1	1	7	3	14	11	3	5	5	1	25	1	1
5540	4	5	5	14	4	27	14	14	3	5	28	6	3	3	3	1	5	9	1	1	4	28	24	26	5	14	5	5	5	5	18	11	5	5	5	5	5	5	15	29	15	15	5	15	5	24	5	5	9	9	5	23	1	5	3	7	3	3	18	31	11	14	3	11	2	15	4	8	18	18
5550	5	5	5	14	1	27	5	14	5	5	2	6	2	3	1	1	1	9	12	1	1	28	5	26	5	14	5	5	5	5	5	11	5	5	5	5	5	5	5	5	5	5	5	5	5	5	5	5	5	12	5	5	12	12	5	12	13	13	2	13	1	5	1	1	1	5	1	1	6	6
5560	23	5	5	14	2	27	3	14	5	5	1	6	1	3	1	1	1	9	1	1	12	28	3	26	14	14	5	5	5	5	5	11	5	5	5	5	5	5	5	5	5	5	5	5	5	14	5	5	12	12	1	12	1	1	1	1	1	1	8	1	5	14	20	13	1	23	3	20	8	8
5570	5	5	13	14	22	27	5	14	5	5	28	6	1	3	1	1	1	9	1	1	1	28	16	26	5	14	5	5	5	5	5	11	5	5	5	5	5	5	5	5	5	5	13	5	2	27	12	13	1	1	1	12	1	1	1	1	1	1	14	28	1	5	3	27	3	13	4	3	25	25
5580	5	5	5	14	14	27	14	14	5	5	8	6	1	3	1	1	1	9	1	1	12	28	17	26	5	14	5	5	5	5	5	11	5	5	5	5	5	5	5	5	5	5	5	5	28	28	1	28	12	12	1	12	1	1	1	1	1	1	2	16	3	14	3	14	4	5	1	11	6	6
5590	13	5	3	14	29	27	3	14	3	5	13	6	3	3	1	1	1	9	1	1	1	28	16	26	3	14	5	5	5	5	3	11	5	5	5	5	5	5	14	14	14	14	3	14	16	16	7	16	1	1	7	7	7	7	3	7	3	3	3	22	3	3	5	29	30	22	23	30	29	29
5600	5	5	5	14	11	27	5	14	5	5	7	6	1	3	1	1	1	9	1	1	6	28	18	26	5	14	5	5	5	5	5	11	5	5	5	5	5	5	5	5	5	5	5	5	12	29	1	12	2	6	1	6	1	1	1	1	1	1	5	7	5	5	5	25	5	5	15	5	15	15
5610	5	5	7	14	15	27	14	14	5	5	1	6	1	3	1	1	1	9	1	1	1	28	16	26	5	14	5	5	5	5	11	11	5	5	5	5	5	5	14	25	14	14	3	14	7	27	1	7	1	1	1	1	1	1	1	1	1	1	4	1	5	14	1	15	30	21	5	31	15	15
5620	5	5	19	14	5	27	5	14	5	5	4	6	8	3	1	1	1	9	1	1	1	28	18	26	3	14	5	5	5	5	7	11	5	5	5	5	5	5	12	21	12	12	1	12	1	18	1	1	1	1	1	1	1	1	1	1	27	16	4	31	5	5	5	5	19	30	19	30	19	19
5630	5	5	5	14	16	27	5	14	5	5	21	6	2	3	1	1	6	9	1	1	1	28	1	26	14	14	5	5	5	5	5	11	5	5	5	5	5	5	5	5	5	5	5	5	12	21	1	12	1	1	1	1	6	6	6	6	1	6	1	21	5	5	1	27	19	5	1	26	1	1
5640	5	5	16	14	8	27	14	14	5	5	5	6	19	3	3	1	3	9	1	1	4	28	11	26	3	14	5	5	5	5	4	11	5	5	5	5	5	5	5	15	5	5	5	5	11	11	11	25	4	9	3	11	3	3	3	3	19	19	12	30	3	14	3	8	14	27	1	14	12	12
5650	12	5	5	14	17	27	3	14	5	5	2	6	3	3	2	1	4	9	1	1	1	28	8	26	3	14	5	5	5	5	11	11	5	5	5	5	5	5	25	25	25	25	25	25	3	8	15	25	1	1	12	23	23	23	28	28	31	31	3	31	3	14	29	26	3	12	14	29	14	14
5660	5	5	5	14	16	27	5	14	5	5	1	6	3	3	3	1	1	9	1	1	17	28	3	26	14	14	5	5	5	5	5	11	5	5	5	5	5	5	5	5	5	5	5	5	5	14	5	5	17	17	17	28	17	17	19	26	30	19	4	31	5	5	31	27	5	5	4	31	4	4
5670	5	5	5	14	5	27	5	14	5	5	3	6	3	3	1	1	4	9	5	1	28	28	18	26	5	14	5	5	5	5	18	11	5	5	5	5	5	5	5	29	5	5	5	5	5	29	5	5	23	28	9	23	9	9	3	9	3	3	2	3	5	5	5	5	20	5	20	20	20	20
5680	5	5	5	14	5	27	5	14	5	5	2	6	29	3	1	1	1	9	4	1	1	28	27	26	5	14	5	5	5	5	5	11	5	5	5	5	5	5	5	5	5	5	5	5	23	27	15	23	1	9	1	23	1	1	1	1	29	29	1	31	5	5	5	5	14	5	5	14	12	12
5690	5	5	14	14	3	27	5	14	5	5	2	6	4	3	3	1	4	9	1	1	31	28	2	26	14	14	5	5	5	5	5	11	5	5	5	5	5	5	5	5	5	5	5	5	5	22	5	5	31	31	16	31	26	26	19	26	2	19	5	2	20	5	3	27	7	14	9	7	23	23
5700	20	5	1	14	4	27	6	14	4	5	4	6	4	3	11	1	4	9	1	1	27	28	1	26	17	14	5	5	5	5	5	11	5	5	5	5	5	5	5	5	5	5	5	5	4	17	5	15	31	27	4	31	4	4	4	11	3	4	5	11	6	17	2	17	9	20	6	17	20	20
5710	5	5	5	14	5	27	15	14	5	5	2	6	5	3	18	1	5	9	3	1	5	28	10	26	5	14	5	5	5	5	5	11	5	5	5	5	5	5	5	5	5	5	5	5	5	24	5	5	5	14	5	5	5	5	26	29	31	31	3	31	14	15	21	14	4	5	5	29	14	14
5720	5	5	5	14	20	27	5	14	5	5	1	6	1	3	1	1	1	9	1	1	1	28	1	26	14	14	5	5	5	5	5	11	5	5	5	5	5	5	5	5	5	5	5	5	5	21	5	5	12	1	1	12	1	1	1	1	1	1	3	1	5	5	1	20	27	5	21	27	21	21
5730	5	5	5	14	3	27	5	14	5	5	1	6	3	3	1	1	2	9	1	1	1	28	18	26	3	14	5	5	5	5	14	11	5	5	5	5	5	5	5	14	5	5	5	5	7	18	21	21	1	1	27	21	27	27	27	27	27	27	12	27	5	5	5	14	5	5	4	5	23	23
5740	15	5	5	14	3	27	21	14	5	5	1	6	3	3	1	1	4	9	1	1	1	28	19	26	5	14	5	5	5	5	5	11	5	5	5	5	5	5	5	5	5	5	5	5	30	30	30	30	1	1	21	31	29	29	7	29	7	7	12	7	29	21	29	29	5	15	3	29	21	21
5750	5	5	4	14	31	27	5	14	5	5	3	6	3	3	1	1	1	9	1	1	1	28	3	26	14	14	5	5	5	5	3	11	5	5	5	5	5	5	5	14	5	5	5	5	5	14	12	5	1	1	1	12	1	1	1	1	7	7	6	7	5	5	5	31	5	15	1	5	6	6
5760	5	5	5	14	5	27	5	14	24	5	5	6	4	3	3	1	4	9	1	1	12	28	26	26	5	14	1	5	5	5	5	11	5	5	5	5	5	5	5	5	14	5	1	21	1	31	1	1	1	12	4	1	4	4	4	11	4	4	31	15	5	24	5	5	5	5	3	5	31	31
5770	2	5	2	14	10	27	5	14	5	5	1	6	3	3	7	1	11	9	3	1	25	28	2	26	30	14	5	5	5	5	5	11	5	5	12	5	5	12	5	5	5	5	5	5	14	30	5	14	15	25	4	15	4	11	7	18	1	7	8	1	1	5	1	17	1	2	5	1	22	22
5780	5	5	5	14	4	27	5	14	5	5	23	6	1	3	1	1	1	9	1	1	1	28	3	26	14	14	5	5	5	5	14	11	5	5	5	5	5	5	14	14	14	14	5	14	5	14	5	5	1	1	1	12	1	1	1	1	1	1	3	23	15	5	4	15	9	5	8	9	8	8
5790	24	5	2	14	2	27	8	14	2	5	2	6	4	3	5	1	5	9	5	1	5	28	23	26	5	14	5	5	5	5	5	11	5	5	5	5	5	5	5	5	5	5	5	5	5	23	5	5	5	5	5	5	5	5	5	5	30	15	25	30	2	8	8	2	3	24	5	8	25	25
5800	5	5	5	14	6	27	5	14	5	5	2	6	3	3	1	1	4	9	1	1	1	28	16	26	5	14	5	5	5	5	3	11	5	5	5	5	5	5	14	14	14	14	5	14	5	27	5	5	1	1	12	12	23	23	23	23	29	29	27	31	5	5	5	20	30	5	3	30	27	27
5810	5	5	14	14	12	27	3	14	5	5	1	6	3	3	1	1	4	9	1	1	1	28	26	26	3	14	5	5	5	5	3	11	5	5	5	5	5	5	5	14	5	5	5	5	30	26	22	30	1	1	27	27	31	31	29	31	29	29	4	29	3	14	18	21	5	14	30	29	30	30
5820	5	5	5	14	8	27	3	14	5	5	5	6	1	3	1	1	1	9	1	1	1	28	14	26	5	14	5	5	5	5	5	11	5	5	5	5	5	5	5	5	5	5	5	5	5	14	5	5	1	1	1	12	1	1	1	1	1	1	10	12	2	14	4	8	4	5	5	4	24	24
5830	5	5	3	14	25	27	3	14	23	5	28	6	1	3	1	1	1	9	1	1	1	28	7	26	5	14	5	5	5	5	5	11	5	5	5	5	5	5	5	5	5	5	5	5	12	21	12	12	1	1	1	12	1	1	1	1	1	1	3	28	2	29	19	30	4	14	12	19	21	21
5840	23	5	4	14	9	27	3	14	30	5	5	6	3	3	27	1	5	9	20	1	2	28	13	26	2	14	5	5	5	5	5	11	5	5	5	5	5	5	5	5	5	5	5	5	5	13	5	5	12	20	5	12	5	5	14	27	5	14	1	5	4	30	5	9	3	23	2	14	6	6
5850	5	5	5	14	16	27	14	14	5	5	27	6	1	3	1	1	1	9	1	1	6	28	2	26	5	14	5	5	5	5	3	11	5	5	5	5	5	5	5	14	5	5	5	5	5	13	5	5	6	6	1	20	1	1	1	1	1	1	1	27	3	14	16	16	1	5	20	16	20	20
5860	5	5	5	14	22	27	14	14	5	5	2	6	3	3	1	1	1	9	1	1	1	28	11	26	3	14	5	5	5	5	15	11	5	5	5	5	5	5	5	15	5	5	5	5	7	11	21	21	1	1	7	21	7	7	3	7	3	3	5	8	5	14	30	22	3	5	8	30	22	22
5870	5	5	5	14	13	27	5	14	5	5	3	6	3	3	9	1	1	9	1	1	1	28	1	26	14	14	5	5	5	5	5	11	5	5	5	5	5	5	5	5	5	5	5	5	21	21	1	21	1	1	1	1	1	1	4	9	11	11	16	11	5	5	2	13	27	5	1	27	16	16
5880	3	5	7	14	5	27	5	14	5	5	8	6	2	3	1	1	4	9	5	1	5	28	3	26	3	14	5	5	5	5	5	11	5	5	5	5	5	5	5	5	5	5	5	5	22	3	24	22	5	5	4	24	10	4	2	17	2	2	11	8	5	5	7	5	3	7	5	7	25	25
5890	18	5	5	14	3	27	25	14	5	5	1	6	3	3	10	1	2	9	4	1	4	28	21	26	5	14	5	5	5	5	5	11	5	5	5	5	5	5	5	5	5	5	5	5	5	21	2	5	2	4	2	2	2	2	4	10	11	11	1	18	7	25	3	7	3	29	30	3	31	31
5900	1	5	1	14	18	27	5	14	5	5	7	6	3	3	3	1	2	9	5	1	5	28	1	26	24	14	1	5	1	5	1	11	5	5	5	5	3	5	1	7	1	1	1	1	11	28	5	18	5	5	2	5	2	2	3	8	3	3	6	7	3	5	5	18	15	1	1	15	6	6
5910	13	5	4	14	8	27	5	14	5	5	1	6	1	3	1	1	1	9	5	1	12	28	26	26	5	14	5	5	5	5	4	11	5	5	5	5	5	5	5	15	5	5	5	5	12	31	1	12	1	12	1	1	1	1	1	1	1	1	7	1	4	5	7	19	2	24	1	16	7	7
5920	5	5	1	14	5	27	5	14	5	5	3	6	15	3	5	1	5	9	7	1	1	28	4	26	3	14	5	5	5	5	5	11	5	5	5	5	5	5	5	5	5	5	5	5	15	11	24	15	1	7	17	28	20	28	5	20	15	15	3	25	5	5	1	5	9	12	22	9	22	22
5930	5	5	14	14	5	27	5	14	5	5	1	6	1	3	1	1	1	9	1	1	1	28	7	26	5	14	5	5	5	5	5	11	5	5	5	5	5	5	5	5	5	5	5	5	12	21	1	12	1	1	1	1	1	1	1	1	1	1	4	1	5	5	5	5	5	14	12	5	23	23
5940	5	5	14	14	28	27	5	14	5	5	1	6	3	3	1	1	1	9	1	1	9	28	16	26	5	14	5	5	5	5	5	11	5	5	5	5	5	5	5	5	5	5	5	5	20	27	1	20	1	9	1	1	1	1	1	1	1	7	15	1	3	5	26	31	5	14	3	31	25	25
5950	5	5	5	14	31	27	5	14	5	5	1	6	3	3	1	1	1	9	1	1	1	28	17	26	5	14	5	5	5	5	5	11	5	5	5	5	5	5	5	5	5	5	5	5	6	28	1	20	1	1	1	1	1	1	12	1	21	21	5	21	5	5	20	31	2	5	29	20	29	29
5960	5	5	21	14	1	27	5	14	5	5	1	6	7	3	1	1	1	9	1	1	1	28	26	26	5	14	5	5	5	5	5	11	5	5	5	5	5	5	5	5	5	5	5	5	23	31	12	23	1	1	1	12	1	1	1	1	1	7	5	1	9	5	1	9	9	21	2	9	13	13
5970	5	5	5	14	4	27	5	14	5	5	14	6	2	3	2	1	3	9	1	1	1	28	14	26	5	14	3	5	5	5	3	11	5	5	5	5	5	5	3	14	14	14	3	14	3	14	14	3	1	1	12	21	3	21	2	8	2	2	3	22	20	5	4	28	4	5	3	4	3	3
5980	5	5	14	14	28	27	14	14	5	5	1	6	3	3	1	1	1	9	1	1	1	28	10	26	5	14	5	5	5	5	5	11	5	5	5	5	5	5	5	5	5	5	5	5	15	24	5	15	1	1	12	12	12	12	12	12	12	21	16	12	3	14	4	31	22	14	3	30	16	16
5990	5	5	5	14	3	27	5	14	5	5	1	6	1	3	1	1	1	9	1	1	1	28	26	26	3	14	5	5	5	5	3	11	5	5	5	5	5	5	14	14	5	14	5	5	1	26	12	12	1	1	1	12	1	1	1	1	1	1	8	1	3	5	3	3	13	5	1	22	16	16
6000	14	5	3	14	31	27	14	14	5	5	20	6	1	3	1	1	1	9	12	1	1	28	1	26	12	14	5	5	5	5	5	11	5	5	5	5	5	5	5	5	5	5	5	5	12	12	1	12	1	12	1	1	1	1	1	1	1	1	4	20	5	14	7	31	3	14	4	7	4	4
6010	5	5	5	14	28	27	5	14	5	5	1	6	1	3	1	1	1	9	1	1	1	28	7	26	3	14	5	5	5	5	5	11	5	5	5	5	5	5	5	5	5	5	5	5	12	7	1	12	1	1	1	1	1	1	1	1	1	1	3	1	5	5	15	28	5	5	3	15	3	3
6020	5	5	25	14	14	27	5	14	5	5	30	6	1	3	1	1	1	9	1	1	1	28	17	26	5	14	5	5	5	5	5	11	5	5	5	5	5	5	5	5	5	5	5	5	12	28	1	12	1	1	1	1	1	1	1	1	1	1	1	31	5	5	3	14	18	25	7	18	7	7
6030	5	5	5	14	29	27	5	14	5	5	11	6	5	3	5	1	5	9	1	1	5	28	3	26	21	14	5	5	5	5	5	11	5	5	5	5	5	5	5	5	5	5	5	5	5	21	5	5	5	12	5	5	5	5	5	5	5	5	26	25	5	5	11	29	5	5	3	25	26	26
6040	5	5	5	14	16	27	5	14	5	5	12	6	1	3	1	1	1	9	1	1	6	28	26	26	3	14	5	5	5	5	5	11	5	5	5	5	5	5	5	5	5	5	5	5	12	26	1	12	1	6	1	1	1	1	1	1	1	1	4	12	5	5	18	27	5	5	15	29	15	15
6050	5	5	5	14	14	27	5	14	5	5	2	6	3	3	1	1	1	9	1	1	1	28	26	26	3	14	5	5	5	5	11	11	5	5	5	5	5	5	5	25	5	5	5	5	18	26	29	29	1	1	29	29	29	29	29	29	29	29	5	31	5	5	5	14	5	5	5	5	5	5
6060	5	5	5	14	12	27	5	14	5	5	4	6	2	3	5	1	5	9	2	1	15	28	29	26	5	14	5	5	5	5	5	11	5	5	5	5	5	5	5	5	5	5	5	5	5	29	5	5	5	24	5	5	5	5	29	5	31	31	3	31	5	5	15	12	5	5	3	15	3	3
6070	5	5	14	14	16	27	5	14	5	5	2	6	3	3	1	1	1	9	1	1	1	28	1	26	21	14	5	5	5	5	3	11	5	5	5	5	5	5	5	14	5	5	5	5	21	21	1	21	1	1	1	1	1	1	1	1	7	7	2	16	5	5	13	27	5	14	10	13	10	10
6080	5	5	5	14	5	27	22	14	5	5	21	6	4	3	4	1	4	9	1	1	1	28	17	26	2	14	5	5	5	5	5	11	5	5	5	5	5	5	5	5	5	5	5	5	1	17	1	12	1	1	1	1	4	9	4	4	4	4	3	29	28	22	4	28	9	5	10	9	19	19
6090	5	5	12	14	26	27	5	14	5	5	1	6	1	3	1	1	1	9	1	1	1	28	5	26	5	14	5	5	5	5	3	11	5	5	5	5	5	5	5	14	5	5	5	5	12	5	12	12	1	1	1	12	1	1	1	1	1	1	19	1	5	5	2	31	12	12	4	20	19	19
6100	2	5	21	14	14	27	5	14	5	5	28	6	5	3	4	1	5	9	1	1	1	28	24	26	5	14	5	5	5	5	5	11	5	5	5	5	5	5	5	5	5	5	5	5	4	24	5	15	1	1	5	12	5	5	15	15	4	15	27	28	5	5	3	14	3	27	3	3	27	27
6110	5	5	25	14	3	27	14	14	5	5	7	6	1	3	1	1	1	9	1	1	1	28	7	26	3	14	5	5	5	5	3	11	14	5	5	5	14	14	5	14	5	5	12	5	1	7	1	12	1	1	1	1	1	1	1	1	1	1	20	7	3	14	3	3	27	25	2	27	20	20
6120	4	5	3	14	2	27	5	14	28	5	5	6	2	3	9	1	1	9	1	1	12	28	29	26	5	14	5	5	5	5	5	11	5	5	5	5	5	5	5	5	5	5	5	5	12	29	12	12	1	12	1	12	1	1	1	9	6	6	2	20	16	28	31	16	4	11	21	31	27	27
6130	5	5	25	14	16	27	5	14	5	5	2	6	3	3	1	1	4	9	1	1	1	28	26	26	5	14	5	5	5	5	3	11	5	5	5	5	5	5	5	14	5	5	5	5	16	31	27	27	1	1	27	27	31	31	30	31	30	30	5	30	5	5	27	27	4	25	19	31	30	30
6140	5	5	5	14	16	27	5	14	5	5	1	6	1	3	1	1	1	9	1	1	12	28	3	26	14	14	5	5	5	5	3	11	5	5	5	5	5	5	5	14	5	5	5	5	5	14	5	5	12	12	1	12	1	1	1	1	1	1	25	1	5	5	28	27	5	5	1	28	29	29
6150	5	5	5	14	1	27	14	14	5	5	1	6	1	3	6	1	1	9	1	1	1	28	9	26	5	14	5	5	5	5	5	11	5	5	5	5	5	5	5	5	5	5	5	5	5	23	5	5	1	1	1	12	1	1	1	6	1	1	4	1	13	14	28	20	1	5	4	28	4	4
6160	5	5	5	14	26	27	14	14	5	5	2	6	1	3	1	1	1	9	1	1	1	28	26	26	5	14	5	5	5	5	3	11	5	5	5	5	5	5	14	14	5	14	5	5	5	31	12	5	1	1	1	12	1	1	1	1	1	1	16	6	5	14	31	31	1	5	3	31	16	16
6170	5	5	13	14	11	27	3	14	3	5	7	6	1	3	1	1	1	9	1	1	1	28	31	26	3	14	5	5	5	5	3	11	5	5	5	5	5	5	5	14	5	5	5	5	5	31	5	5	7	1	1	21	1	1	1	1	1	1	4	7	3	3	1	11	1	13	4	1	4	4
6180	1	5	18	14	26	27	6	14	3	5	2	6	1	3	15	1	3	9	2	1	9	28	2	26	4	14	2	5	5	5	2	11	20	5	4	5	14	28	14	22	13	14	5	13	12	10	1	12	18	17	5	18	3	14	4	25	16	9	6	16	2	16	1	26	1	18	5	1	20	20
6190	5	5	5	14	2	27	5	14	14	5	1	6	3	3	1	1	1	9	1	1	1	28	11	26	5	14	5	5	5	5	5	11	5	5	5	5	5	5	5	5	5	5	5	5	9	25	12	23	1	1	1	12	1	1	12	1	21	21	4	21	21	14	1	27	4	5	4	9	4	4
6200	3	5	29	14	5	27	5	14	1	5	6	6	3	3	1	1	1	9	1	1	1	28	26	26	3	14	5	5	5	5	4	11	5	5	5	5	5	5	15	15	15	15	15	15	1	26	1	23	1	1	1	1	1	1	3	1	3	3	3	16	1	12	3	12	24	29	3	30	3	3
6210	5	5	5	14	1	27	5	14	5	5	1	6	2	3	6	1	1	9	1	1	1	28	18	26	5	14	5	5	5	5	5	11	5	5	5	5	5	5	5	5	5	5	5	5	5	29	5	5	1	1	1	12	2	1	2	6	2	2	4	6	25	5	9	29	5	5	21	23	29	29
6220	5	5	31	14	4	27	21	14	5	5	25	6	1	3	1	1	1	9	1	1	5	28	2	26	13	14	5	5	5	5	3	11	5	5	5	5	5	5	5	14	5	5	5	5	5	13	5	5	5	12	5	5	1	12	1	1	1	1	18	29	1	21	3	9	2	31	3	8	18	18
6230	5	5	5	14	3	27	5	14	5	5	31	6	1	3	1	1	4	9	1	1	1	28	7	26	3	14	5	5	5	5	4	11	5	5	5	5	5	5	5	15	5	5	5	5	7	7	1	21	1	1	1	1	9	9	1	9	1	1	1	31	5	5	30	14	5	5	6	30	6	6
6240	22	5	5	14	31	27	3	14	3	5	2	6	5	3	4	1	1	9	1	1	1	28	26	26	5	14	5	5	5	5	5	11	5	5	5	5	5	5	5	5	5	5	5	5	26	31	25	31	1	1	28	29	28	28	28	28	28	28	2	28	3	3	27	31	5	22	10	27	10	10
6250	23	5	3	14	28	27	3	14	5	5	1	6	1	3	1	1	1	9	1	1	1	28	7	26	5	14	5	5	5	5	5	11	5	5	5	5	5	5	5	5	5	5	5	5	1	21	1	12	1	1	1	1	1	1	1	1	1	1	5	1	3	14	5	31	18	29	12	29	12	12
6260	1	5	1	14	27	27	3	14	3	5	12	6	3	3	3	1	3	9	3	1	3	28	11	26	3	14	5	5	5	5	25	11	5	5	12	5	1	12	5	29	5	5	5	5	14	11	3	14	3	3	3	3	3	3	3	3	3	3	9	21	3	3	5	27	5	1	5	5	23	23
6270	3	5	21	14	24	27	29	14	5	5	1	6	2	3	1	1	1	9	5	1	12	28	2	26	5	14	5	5	5	5	5	11	5	5	5	5	5	5	5	5	5	5	5	5	5	13	5	5	5	12	1	5	1	1	1	1	1	6	2	1	4	29	2	24	31	21	23	31	28	28
6280	5	5	5	14	17	27	14	14	5	5	2	6	18	3	1	1	1	9	1	1	1	28	23	26	5	14	5	5	5	5	5	11	5	5	5	5	5	5	5	5	5	5	5	5	23	23	9	23	1	1	1	9	1	1	1	1	18	18	19	26	5	14	17	28	1	5	5	17	30	30
6290	5	5	5	14	18	27	5	14	5	5	6	6	1	3	1	1	1	9	12	1	4	28	3	26	14	14	5	5	5	5	5	11	5	5	5	5	5	5	5	5	5	5	5	5	5	14	5	5	23	23	1	23	1	1	7	1	1	7	1	6	5	5	5	29	12	5	12	12	12	12
6300	5	5	5	14	27	27	5	14	5	5	1	6	3	3	1	1	9	9	1	1	28	28	3	26	14	14	5	5	5	5	5	11	5	5	5	5	5	5	5	5	5	5	5	5	5	14	5	5	20	28	1	20	9	9	9	9	18	18	10	18	5	5	2	27	5	5	2	13	10	10
6310	5	5	3	14	29	27	5	14	5	5	17	6	3	3	1	1	1	9	23	1	4	28	4	26	14	14	5	5	5	5	4	11	5	5	5	5	5	5	5	15	5	5	5	5	5	25	5	5	23	23	1	23	1	1	1	1	3	7	19	26	5	5	25	29	5	14	5	25	30	30
6320	5	5	5	14	2	27	14	14	5	5	9	6	1	3	1	1	1	9	1	1	1	28	20	26	3	14	5	5	5	5	3	11	5	5	5	5	14	5	5	14	5	5	5	5	20	27	1	20	1	1	1	1	1	1	1	1	1	1	11	9	14	14	3	22	2	5	4	8	11	11
6330	5	5	27	14	28	27	5	14	5	5	5	6	13	3	2	1	3	9	1	1	1	28	24	26	5	14	5	5	5	5	5	11	5	5	5	5	5	5	5	5	5	5	5	5	24	24	24	24	1	1	2	28	8	8	2	8	5	13	2	5	5	5	4	28	3	27	15	11	24	24
6340	5	5	13	14	3	27	30	14	5	5	5	6	30	3	1	1	1	9	1	1	1	28	31	26	5	14	5	5	5	5	5	11	5	5	5	5	5	5	5	5	5	5	5	5	1	31	12	12	1	1	1	12	1	1	1	1	31	31	5	31	27	30	3	27	23	13	6	29	20	20
6350	14	5	3	14	26	27	5	14	5	5	15	6	3	3	1	1	1	9	1	1	1	28	3	26	3	14	5	5	5	5	5	11	5	5	5	5	5	5	5	5	5	5	5	5	21	3	7	21	1	1	7	7	7	7	3	7	3	3	12	25	5	5	28	31	5	14	5	28	12	12
6360	5	5	14	14	20	27	3	14	5	5	1	6	1	3	1	1	1	9	1	1	1	28	1	26	14	14	5	5	5	5	5	11	5	5	5	5	5	5	5	5	5	5	5	5	12	21	1	12	1	1	1	1	1	1	1	1	1	1	1	1	5	14	20	20	3	14	12	27	12	12
6370	1	5	25	14	3	27	12	14	5	5	3	6	5	3	18	1	3	9	4	1	4	28	3	26	3	14	5	5	5	5	5	11	5	5	5	5	5	5	5	5	5	5	5	5	3	3	3	14	4	4	3	11	3	3	29	18	23	29	4	29	9	12	11	18	1	29	2	18	10	10
6380	5	5	5	14	3	27	5	14	5	5	1	6	2	3	1	1	2	9	2	1	2	28	8	26	3	14	5	5	5	5	5	11	5	5	5	5	5	5	5	5	5	5	5	5	3	8	14	14	2	2	2	22	2	2	6	6	6	6	1	6	24	5	22	30	5	5	16	22	16	16
6390	11	5	3	14	21	27	3	14	7	5	1	6	1	3	5	1	4	9	1	1	15	28	18	26	5	14	5	5	5	5	5	11	5	5	5	5	5	5	5	5	5	5	5	5	5	29	5	5	12	23	5	12	5	15	1	5	17	1	6	17	2	7	2	27	10	11	1	10	6	6
6400	5	5	5	14	5	27	5	14	5	5	1	6	2	3	4	1	4	9	1	1	23	28	3	26	3	14	5	5	5	5	3	11	5	5	5	5	5	5	5	14	5	5	5	5	5	3	5	5	23	23	15	23	15	15	25	15	30	30	1	31	5	5	5	5	5	5	10	5	17	17
6410	5	5	14	14	16	27	14	14	5	5	1	6	3	3	1	1	1	9	1	1	1	28	8	26	3	14	5	5	5	5	11	11	5	5	5	5	5	5	14	25	14	14	14	14	3	8	14	14	1	1	21	21	21	21	21	21	21	21	23	21	5	14	22	27	5	14	3	22	29	29
6420	5	5	14	14	17	27	14	14	5	5	2	6	3	3	1	1	4	9	1	1	17	28	11	26	5	14	5	5	5	5	14	11	5	5	5	5	5	5	5	14	5	5	5	5	5	25	5	5	17	17	28	28	28	28	28	28	31	31	7	31	3	14	12	26	5	14	5	12	21	21
6430	14	5	2	14	5	27	5	14	5	5	14	6	3	3	1	1	1	9	5	1	5	28	14	26	3	14	5	5	5	5	5	11	5	5	5	5	5	5	5	5	5	5	5	5	5	14	5	5	5	5	1	5	1	1	3	1	3	3	4	14	5	5	5	5	11	22	19	25	19	19
6440	5	5	5	14	3	27	3	14	5	5	5	6	3	3	1	1	1	9	1	1	9	28	6	26	5	14	5	5	5	5	4	11	5	5	5	5	5	5	5	15	5	5	5	5	12	20	1	12	1	9	1	1	1	1	1	1	7	7	2	21	3	14	3	3	28	5	2	31	2	2
6450	5	5	5	14	3	27	14	14	5	5	1	6	1	3	1	1	1	9	1	1	1	28	4	26	25	14	5	5	5	5	14	11	5	5	5	5	5	5	5	14	5	5	5	5	25	25	25	25	1	1	1	29	1	1	1	1	1	1	8	1	3	14	3	3	21	5	2	21	8	8
6460	5	5	12	14	5	27	5	14	5	5	2	6	3	3	1	1	4	9	1	1	1	28	26	26	3	14	5	5	5	5	5	11	5	5	5	5	5	5	5	5	5	5	5	5	26	26	31	31	1	1	31	31	31	31	24	31	30	30	14	30	5	5	5	5	5	12	5	5	14	14
6470	5	5	13	14	22	27	3	14	5	5	3	6	3	3	3	1	3	9	1	1	1	28	11	26	3	14	5	5	5	5	2	11	5	5	5	5	5	5	5	13	5	5	5	5	7	11	7	21	1	1	3	7	3	3	3	3	3	3	5	3	3	14	30	22	1	13	31	31	31	31
6480	5	5	5	14	21	27	5	14	5	5	1	6	1	3	1	1	1	9	1	1	1	28	7	26	3	14	5	5	5	5	3	11	5	5	5	5	14	5	14	14	14	14	3	14	7	7	7	7	1	1	1	7	1	1	1	1	1	1	2	1	5	5	14	21	4	5	2	25	2	2
6490	30	5	3	14	7	27	14	14	5	5	1	6	1	3	1	1	1	9	1	1	1	28	26	26	3	14	5	5	5	5	5	11	5	5	5	5	5	5	5	5	5	5	5	5	5	26	7	5	1	1	1	7	1	1	1	1	1	1	4	1	3	14	16	7	3	30	2	16	10	10
6500	2	5	7	14	5	27	5	14	5	5	1	6	1	3	1	1	1	9	1	1	1	28	26	26	3	14	5	5	5	5	5	11	5	5	5	5	5	5	5	5	5	5	5	5	20	26	1	20	1	1	1	1	1	1	1	1	1	1	3	1	5	5	5	5	25	16	3	25	3	3
6510	1	5	26	14	5	27	3	14	3	5	1	6	5	3	4	1	3	9	4	1	4	28	7	26	3	14	5	5	15	5	5	11	5	5	5	5	5	5	5	5	5	15	5	5	12	7	9	12	4	4	11	9	11	11	26	11	31	31	5	31	25	3	1	25	4	26	5	9	5	5
6520	5	5	5	14	5	27	5	14	5	5	3	6	5	3	1	1	1	9	1	1	1	28	26	26	3	14	21	5	5	5	5	11	5	5	5	5	5	5	5	5	5	5	21	21	4	26	7	29	1	1	7	7	7	7	7	7	7	21	5	7	5	5	15	5	4	5	5	15	5	5
6530	5	5	5	14	27	27	5	14	5	5	2	6	3	3	4	1	4	9	1	1	1	28	10	26	5	14	5	5	5	5	5	11	5	5	5	5	5	5	5	5	5	5	5	5	15	24	15	15	1	1	15	23	15	15	15	15	25	25	5	30	5	5	26	27	5	5	4	31	15	15
6540	5	5	14	14	18	27	5	14	5	5	1	6	6	3	1	1	1	9	1	1	1	28	26	26	3	14	5	5	5	5	4	11	5	5	5	5	15	5	15	15	15	15	15	15	4	26	15	15	1	1	1	23	1	1	1	1	6	6	27	6	5	5	3	29	16	14	3	16	27	27
6550	5	5	5	14	27	27	5	14	5	5	2	6	3	3	1	1	1	9	1	1	1	28	3	26	3	14	5	5	5	5	3	11	5	5	5	5	5	5	5	14	5	5	5	5	3	3	14	14	1	1	1	21	1	1	1	1	7	7	4	16	5	5	1	27	25	5	1	29	9	9
6560	5	5	5	14	26	27	5	14	5	5	4	6	3	3	1	1	4	9	1	1	31	28	27	26	5	14	5	5	5	5	5	11	5	5	5	5	5	5	5	5	5	5	5	5	5	27	5	5	23	31	23	23	9	23	9	9	9	18	4	9	5	5	21	31	5	5	4	21	4	4
6570	2	5	5	14	2	27	5	14	5	5	1	6	4	3	1	1	4	9	1	1	1	28	31	26	3	14	5	5	5	5	5	11	5	5	5	5	5	5	5	5	5	5	5	5	26	31	31	31	1	1	22	31	25	30	23	29	29	23	4	29	15	5	4	24	29	13	23	29	23	23
6580	5	5	5	14	1	27	5	14	5	5	12	6	5	3	5	1	5	9	5	1	5	28	1	26	12	14	5	5	5	5	5	11	5	5	5	5	5	5	5	5	13	5	5	13	5	12	5	5	5	5	5	5	5	5	5	5	5	5	4	12	19	5	1	26	14	5	17	21	17	17
6590	4	5	4	14	19	27	3	14	25	5	5	6	3	3	1	1	5	9	9	1	2	28	19	26	1	14	3	5	3	5	2	11	1	5	1	5	2	1	3	2	3	3	3	3	2	26	6	8	2	17	3	6	1	14	4	1	4	11	4	15	5	25	4	30	4	4	18	4	18	18
6600	5	5	21	14	3	27	5	14	5	5	6	6	1	3	1	1	1	9	1	1	1	28	26	26	3	14	5	5	5	5	3	11	5	5	5	5	5	5	14	14	5	14	5	5	21	26	21	21	1	1	1	21	1	1	1	1	1	1	26	6	15	5	2	25	11	21	2	19	26	26
6610	5	5	14	14	26	27	14	14	3	5	1	6	3	3	1	1	4	9	1	1	1	28	26	26	5	14	5	5	5	5	5	11	5	5	5	5	5	5	5	5	5	5	5	5	30	31	19	30	1	1	19	26	10	19	17	17	26	26	13	26	5	14	15	31	5	14	1	15	20	20
6620	5	5	14	14	31	27	14	14	5	5	2	6	1	3	1	1	4	9	1	1	1	28	26	26	3	14	5	5	5	5	3	11	5	5	5	5	5	5	14	14	14	14	5	14	26	26	31	31	1	1	31	31	29	31	29	29	29	29	3	31	3	14	26	31	5	14	3	31	3	3
6630	5	5	5	14	16	27	5	14	5	5	2	6	3	3	1	1	1	9	1	1	1	28	18	26	5	14	5	5	5	5	5	11	5	5	5	5	5	5	5	5	5	5	5	5	14	29	5	14	1	1	1	12	1	1	1	1	7	7	4	16	5	5	1	27	19	5	23	26	23	23
6640	5	5	5	14	12	27	5	14	5	5	2	6	3	3	1	1	1	9	4	1	15	28	26	26	3	14	5	5	5	5	5	11	5	5	5	5	5	5	5	5	5	5	5	5	28	26	28	28	5	15	23	28	23	23	23	23	29	29	12	31	5	5	5	12	22	5	5	22	12	12
6650	5	5	5	14	5	27	14	14	5	5	1	6	1	3	1	1	1	9	1	1	1	28	8	26	3	14	5	5	5	5	5	11	5	5	5	5	5	5	5	5	5	5	5	5	3	8	14	14	1	1	21	21	21	21	7	21	7	7	3	7	3	14	5	14	5	5	11	5	11	11
6660	22	5	3	14	16	27	14	14	5	5	7	6	5	3	3	1	5	9	5	1	5	28	25	26	5	14	5	5	5	5	5	11	5	5	5	5	5	5	5	5	5	5	5	5	14	25	5	14	5	5	5	5	5	5	5	14	5	5	2	21	5	14	1	27	2	22	31	6	31	31
6670	5	5	5	14	6	27	12	14	5	5	10	6	1	3	1	1	1	9	1	1	12	28	18	26	5	14	5	5	5	5	4	11	5	5	5	5	5	5	15	15	15	15	5	15	5	29	5	5	12	12	1	12	1	1	1	1	1	1	22	17	5	12	24	20	5	5	3	24	22	22
6680	5	5	5	14	31	27	5	14	5	5	2	6	11	3	1	1	1	9	1	1	1	28	26	26	5	14	5	5	5	5	5	11	5	5	5	5	5	5	5	5	5	5	5	5	12	31	12	12	1	1	1	12	1	1	1	1	18	18	2	26	5	5	30	31	5	5	8	30	8	8
6690	5	5	5	14	24	27	5	14	5	5	5	6	3	3	11	1	5	9	5	1	5	28	5	26	5	14	5	5	5	5	4	11	5	5	5	5	5	5	5	15	5	5	5	5	5	5	5	5	5	5	5	5	5	5	25	25	25	25	2	25	1	5	5	28	13	5	10	13	10	10
6700	5	5	5	14	12	27	5	14	5	5	1	6	1	3	1	1	1	9	1	1	12	28	18	26	5	14	5	5	5	5	5	11	5	5	5	5	5	5	5	5	5	5	5	5	5	29	5	5	12	12	1	12	1	1	1	1	1	1	5	1	5	5	12	12	5	5	5	12	5	5
6710	5	5	14	14	3	27	14	14	5	5	1	6	3	3	1	1	1	9	1	1	1	28	7	26	3	14	5	5	5	5	3	11	5	5	5	5	5	5	14	14	14	14	3	14	7	7	1	7	1	1	1	1	1	1	1	1	1	7	2	1	3	14	3	3	7	14	3	7	8	8
6720	4	5	31	14	27	27	1	14	5	5	27	6	1	3	1	1	1	9	1	1	1	28	3	26	3	14	5	5	5	5	5	11	5	5	5	5	5	5	5	5	5	5	5	5	1	3	1	12	1	1	1	1	1	1	1	1	1	1	1	27	5	12	31	27	1	31	26	31	26	26
6730	14	5	1	14	5	27	15	14	5	5	6	6	3	3	1	1	1	9	1	1	3	28	6	26	2	14	5	5	14	5	5	11	5	5	5	5	5	5	5	5	5	14	5	5	1	6	1	12	7	7	7	7	1	7	1	1	1	7	4	6	4	15	29	15	1	21	4	29	4	4
6740	20	5	3	14	5	27	5	14	5	5	5	6	5	3	5	1	5	9	5	1	5	28	3	26	14	14	5	5	5	5	5	11	5	5	5	5	5	5	5	5	5	5	5	5	13	14	5	13	5	5	5	5	5	5	5	5	5	5	4	5	5	5	3	5	4	27	21	11	29	29
6750	5	5	3	14	13	27	5	14	5	5	4	6	15	3	1	1	1	9	5	1	28	28	5	26	14	14	5	5	5	5	5	11	5	5	5	5	5	5	5	5	5	5	5	5	5	14	5	5	23	28	1	23	1	1	1	1	23	23	19	23	4	5	6	24	2	14	4	6	19	19
6760	5	5	5	14	18	27	5	14	5	5	1	6	1	3	1	1	1	9	1	1	1	28	4	26	14	14	5	5	5	5	4	11	5	5	5	5	5	5	15	15	15	15	5	15	5	25	5	5	1	1	1	12	1	1	1	1	1	1	3	1	5	5	31	29	5	5	2	31	8	8
6770	5	5	5	14	26	27	5	14	5	5	2	6	3	3	1	1	4	9	1	1	20	28	8	26	5	14	5	5	5	5	5	11	5	5	5	5	5	5	5	5	5	5	5	5	5	22	5	5	12	20	12	12	23	23	4	23	11	11	5	19	5	5	31	31	5	5	22	31	22	22
6780	6	5	5	14	3	27	5	14	5	5	1	6	3	3	3	1	3	9	1	1	1	28	17	26	5	14	5	5	5	5	3	11	5	5	5	5	5	5	5	14	5	5	5	5	20	28	1	20	1	1	3	1	3	3	3	3	3	3	11	7	3	5	4	3	15	20	4	15	11	11
6790	5	5	5	14	2	27	31	14	5	5	18	6	4	3	4	1	4	9	5	1	5	28	19	26	3	14	5	5	5	5	5	11	12	5	5	5	5	12	5	5	5	5	5	5	5	19	5	5	5	5	4	5	4	4	4	4	4	4	25	18	30	31	26	30	5	5	4	31	25	25
6800	5	5	31	14	5	27	5	14	5	5	31	6	1	3	1	1	1	9	1	1	1	28	7	26	5	14	5	5	5	5	3	11	5	5	5	5	5	5	14	14	5	14	5	5	12	21	1	12	1	1	1	1	1	1	1	1	1	1	22	31	5	5	5	5	31	31	2	31	22	22
6810	3	5	31	14	9	27	5	14	5	5	7	6	1	3	1	1	1	9	1	1	1	28	31	26	3	14	12	5	5	5	5	11	5	5	5	5	5	5	5	5	5	5	1	12	1	31	1	1	1	1	1	1	1	1	1	1	1	1	4	7	1	5	1	9	1	31	15	1	15	15
6820	5	5	1	14	28	27	5	14	5	5	29	6	1	3	1	1	4	9	4	1	4	28	17	26	3	14	15	5	5	5	5	11	5	5	5	5	5	5	5	5	5	5	5	15	9	26	23	23	4	4	4	23	4	4	9	9	1	9	15	29	4	5	1	28	11	12	4	18	15	15
6830	23	5	5	14	31	27	1	14	5	5	5	6	5	3	2	1	29	9	5	1	5	28	26	26	5	14	5	5	5	5	5	11	5	5	5	5	5	5	5	5	5	5	5	5	24	31	5	24	5	5	2	5	31	31	5	31	5	5	24	5	5	12	11	31	2	23	4	19	24	24
6840	3	5	22	14	20	27	5	14	5	5	4	6	3	3	2	1	5	9	1	1	1	28	11	26	3	14	5	5	5	5	5	11	5	5	5	5	5	5	5	5	5	5	5	5	9	11	15	23	1	1	12	23	1	12	7	6	7	7	10	18	5	5	3	20	17	22	2	26	10	10
6850	5	5	5	14	3	27	5	14	5	5	10	6	5	3	1	1	8	9	1	1	17	28	29	26	3	14	5	5	5	5	5	11	5	5	5	5	5	5	5	5	5	5	5	5	15	29	4	15	17	17	3	17	22	8	5	27	5	5	11	24	12	5	2	21	2	5	4	2	11	11
6860	5	5	14	14	5	27	5	14	5	5	2	6	1	3	1	1	1	9	1	1	1	28	18	26	5	14	5	5	5	5	4	11	5	5	5	5	5	5	5	15	5	5	5	5	1	29	1	12	1	1	1	1	1	1	1	1	1	1	26	6	5	5	5	5	2	14	4	13	26	26
6870	5	5	5	14	13	27	5	14	5	5	4	6	3	3	5	1	4	9	1	1	1	28	18	26	3	14	5	5	5	5	5	11	5	5	5	5	5	5	5	5	5	5	5	5	9	18	23	23	1	1	17	23	17	17	20	28	27	27	27	31	2	5	1	13	6	5	5	6	27	27
6880	5	5	16	14	5	27	5	14	5	5	2	6	16	3	1	1	1	9	1	1	1	28	26	26	5	14	5	5	5	5	5	11	5	5	5	5	5	5	5	5	5	5	5	5	16	31	20	27	1	1	1	20	1	1	1	1	2	16	2	2	5	5	31	5	3	27	24	31	24	24
6890	5	5	12	14	16	27	14	14	5	5	6	6	7	3	1	1	1	9	1	1	1	28	16	26	3	14	5	5	5	5	5	11	5	5	5	5	5	5	5	5	5	5	5	5	1	16	1	12	1	1	1	1	1	1	1	1	1	7	1	6	5	14	5	27	31	12	28	31	28	28
6900	5	5	15	14	7	27	14	14	5	5	20	6	1	3	1	1	1	9	1	1	17	28	3	26	14	14	5	5	5	5	3	11	5	5	5	5	5	5	5	14	5	5	5	5	5	14	5	5	9	17	1	23	1	1	1	1	1	1	20	20	3	14	1	7	13	15	2	20	20	20
6910	5	5	5	14	5	27	5	14	5	5	6	6	1	3	1	1	1	9	1	1	1	28	6	26	5	14	5	5	5	5	5	11	5	5	5	5	5	5	5	5	5	5	5	5	13	20	13	13	1	1	1	20	1	1	1	1	1	1	5	6	5	5	21	5	4	5	14	29	14	14
6920	5	5	5	14	3	27	5	14	5	5	1	6	14	3	1	1	1	9	1	1	1	28	1	26	14	14	5	5	5	5	5	11	5	5	5	5	5	5	5	5	5	5	5	5	12	21	1	12	1	1	1	1	1	1	1	1	21	21	31	21	3	5	20	3	1	5	5	20	31	31
6930	5	5	5	14	16	27	5	14	5	5	1	6	3	3	7	1	1	9	1	1	12	28	26	26	5	14	5	5	5	5	4	11	5	5	5	5	5	5	5	15	5	5	5	5	12	31	1	12	1	12	1	1	1	1	7	7	7	7	16	7	5	5	20	27	5	5	2	20	16	16
6940	5	5	5	14	16	27	5	14	14	5	17	6	1	3	1	1	1	9	1	1	1	28	17	26	5	14	5	5	5	5	3	11	5	5	5	5	5	5	5	14	5	5	5	5	12	28	12	12	1	1	1	12	1	1	1	1	1	1	5	17	3	14	30	16	4	5	2	30	13	13
6950	5	5	5	14	31	27	14	14	5	5	2	6	3	3	1	1	1	9	1	1	1	28	26	26	5	14	5	5	5	5	4	11	5	5	5	5	5	5	5	15	5	5	5	5	31	31	31	31	1	1	20	31	20	20	20	20	27	27	5	27	5	14	28	31	5	5	14	28	14	14
6960	5	5	5	14	24	27	14	14	5	5	1	6	1	3	1	1	1	9	1	1	12	28	28	26	5	14	5	5	5	5	5	11	5	5	5	5	5	5	5	5	5	5	5	5	20	28	5	20	12	12	1	12	1	1	1	1	1	1	1	1	3	14	10	30	4	5	21	10	21	21
6970	5	5	5	14	31	27	5	14	5	5	1	6	3	3	1	1	1	9	1	1	12	28	3	26	14	14	5	5	5	5	5	11	5	5	5	5	5	5	5	5	5	5	5	5	5	14	5	5	12	12	12	12	12	12	1	12	7	7	4	7	5	5	31	31	5	5	29	31	29	29
6980	5	5	5	14	5	27	5	14	5	5	12	6	7	3	1	1	1	9	1	1	1	28	11	26	5	14	5	5	5	5	5	11	5	5	5	5	5	5	5	5	5	5	5	5	5	25	5	5	1	1	1	12	1	1	3	1	1	7	14	12	8	5	5	22	31	5	2	31	22	22
6990	5	5	21	14	26	27	5	14	5	5	2	6	3	3	1	1	4	9	1	1	31	28	17	26	5	14	5	5	5	5	3	11	5	5	5	5	5	5	5	14	5	5	5	5	5	28	5	5	31	31	29	31	30	29	31	31	29	31	23	31	5	5	20	31	3	21	1	27	23	23
7000	5	5	14	14	18	27	5	14	5	5	2	6	3	3	1	1	4	9	1	1	1	28	17	26	5	14	5	5	5	5	4	11	5	5	5	5	5	5	15	15	5	15	5	5	25	28	25	25	1	1	25	29	25	25	29	29	29	29	3	31	5	5	31	29	5	14	1	31	7	7
7010	5	5	5	14	31	27	5	14	5	5	1	6	3	3	1	1	1	9	1	1	26	28	5	26	14	14	5	5	5	5	5	11	5	5	5	5	5	5	5	5	5	5	5	5	5	14	5	5	26	26	31	31	31	31	29	31	29	29	1	29	5	5	28	31	3	5	3	31	7	7
7020	5	5	14	14	13	27	5	14	5	5	3	6	3	3	1	1	1	9	1	1	1	28	16	26	3	14	5	5	5	5	5	11	5	5	5	5	5	5	5	5	5	5	5	5	7	16	21	21	1	1	21	21	21	21	29	21	29	29	5	29	5	5	2	13	25	14	5	30	5	5
7030	5	5	14	14	21	27	5	14	5	5	5	6	3	3	1	1	1	9	1	1	1	28	31	26	5	14	5	5	5	5	5	11	5	5	5	5	5	5	5	5	5	5	5	5	7	31	7	21	1	1	1	7	1	1	1	1	7	7	3	21	5	5	8	21	3	14	14	8	14	14
7040	2	5	3	14	12	27	5	14	5	5	5	6	5	3	5	1	2	9	1	1	18	28	12	26	5	14	5	5	5	5	3	11	5	5	5	5	5	5	5	14	5	5	5	5	5	12	5	5	18	18	13	29	13	13	5	13	5	5	1	5	3	5	5	21	5	8	28	5	28	28
7050	5	5	14	14	31	27	14	14	5	5	5	6	3	3	1	1	1	9	1	1	1	28	16	26	5	14	5	5	5	5	3	11	5	5	5	5	5	5	5	14	5	5	5	5	20	27	12	20	1	1	1	12	1	1	1	1	21	7	8	21	3	14	8	31	5	14	3	22	8	8
7060	4	5	5	14	20	27	5	14	5	5	2	6	3	3	6	1	1	9	1	1	28	28	3	26	14	14	5	5	5	5	3	11	5	5	5	5	5	5	5	14	5	5	5	5	5	14	5	5	5	28	1	5	1	1	8	6	2	8	3	2	5	5	2	20	3	15	7	8	7	7
7070	5	5	5	14	17	27	5	14	5	5	1	6	1	3	1	1	1	9	1	1	12	28	6	26	5	14	5	5	5	5	5	11	5	5	5	5	5	5	5	5	5	5	5	5	5	20	5	5	12	12	1	12	1	1	1	1	1	1	10	1	5	5	2	28	2	5	2	2	10	10
7080	5	5	24	14	2	27	5	14	5	5	2	6	2	3	5	1	2	9	5	1	22	28	18	26	5	14	5	5	5	5	5	11	5	5	5	5	5	5	5	5	5	5	5	5	5	29	5	5	13	22	13	13	13	13	2	13	2	2	5	2	2	5	2	2	2	24	5	2	5	5
7090	5	5	5	14	5	27	13	14	5	5	10	6	1	3	1	1	1	9	5	1	12	28	4	26	14	14	5	5	5	5	5	11	5	5	5	5	5	5	5	5	5	5	5	5	5	25	5	5	12	12	1	12	1	1	1	1	1	1	5	17	6	13	15	20	4	5	7	15	21	21
7100	15	5	1	14	27	27	14	14	5	5	31	6	1	3	1	1	1	9	1	1	28	28	31	26	3	14	5	5	5	5	5	11	5	5	5	5	5	5	5	5	5	5	5	5	29	31	4	29	9	28	1	9	1	1	1	1	1	1	2	31	3	14	4	27	31	23	2	31	2	2
7110	5	5	5	14	7	27	5	14	5	5	1	6	1	3	1	1	1	9	1	1	1	28	26	26	3	14	5	5	5	5	3	11	5	5	5	5	5	5	14	14	5	14	5	5	2	26	2	13	1	1	1	6	1	1	1	1	1	1	4	1	5	5	3	21	13	5	29	22	29	29
7120	5	5	5	14	1	27	5	14	5	5	1	6	3	3	1	1	1	9	1	1	1	28	18	26	3	14	5	5	5	5	3	11	5	5	5	5	5	5	14	14	14	14	3	14	7	18	7	7	1	1	7	7	7	7	1	7	7	7	2	7	5	5	21	12	3	5	13	21	13	13
7130	2	5	5	14	28	27	14	14	5	5	5	6	18	3	1	1	1	9	1	1	1	28	7	26	3	14	5	5	5	5	4	11	5	5	5	5	5	5	5	15	5	5	5	5	7	7	1	21	1	1	7	1	7	7	3	7	18	18	20	29	5	14	4	28	6	13	5	17	20	20
7140	7	5	3	14	11	27	15	14	5	5	3	6	1	3	1	1	1	9	1	1	23	28	5	26	5	14	5	5	5	5	5	11	5	5	5	5	5	5	5	5	5	5	5	5	5	5	5	5	23	23	1	23	1	1	1	1	1	1	4	7	3	15	3	11	3	7	5	3	15	15
7150	5	5	14	14	6	27	5	14	5	5	1	6	6	3	1	1	1	9	1	1	1	28	16	26	3	14	5	5	5	5	5	11	5	5	5	5	5	5	5	5	5	5	5	5	1	16	1	12	1	1	1	1	1	1	1	1	6	6	8	6	5	5	3	20	3	14	3	3	8	8
7160	5	5	5	14	5	27	5	14	5	5	2	6	3	3	1	1	4	9	1	1	6	28	19	26	5	14	5	5	5	5	5	11	5	5	5	5	5	5	5	5	5	5	5	5	24	30	24	24	2	6	24	24	24	24	23	28	29	29	25	31	5	5	24	5	5	5	5	24	25	25
7170	5	5	5	14	28	27	14	14	5	5	28	6	1	3	1	1	1	9	1	1	1	28	3	26	14	14	5	5	5	5	4	11	5	5	5	5	5	5	5	15	5	5	5	5	5	14	5	5	1	1	1	12	1	1	1	1	1	1	1	28	3	14	4	31	21	5	28	29	28	28
7180	5	5	22	14	21	27	5	14	5	5	2	6	3	3	1	1	1	9	1	1	1	28	26	26	5	14	5	5	5	5	3	11	5	5	5	5	5	5	5	14	5	5	5	5	23	31	1	23	1	1	1	1	1	1	1	1	7	7	2	16	5	5	3	21	31	22	19	31	19	19
7190	5	5	5	14	29	27	5	14	5	5	1	6	1	3	1	1	1	9	1	1	1	28	17	26	5	14	5	5	5	5	3	11	5	5	5	5	5	5	14	14	14	14	14	14	1	28	1	21	1	1	1	1	1	1	1	1	1	1	12	1	5	5	25	29	5	5	5	25	12	12
7200	5	5	5	14	7	27	14	14	1	5	5	6	7	3	12	1	5	9	1	1	12	28	2	26	14	14	5	5	5	5	4	11	5	5	5	5	5	5	5	15	5	5	5	5	13	22	13	13	5	12	5	13	5	5	1	12	16	7	3	27	3	21	31	7	3	5	3	31	3	3
7210	5	5	5	14	27	27	5	14	5	5	1	6	5	3	1	1	1	9	1	1	4	28	28	26	5	14	5	5	5	5	5	11	5	5	5	5	5	5	5	5	5	5	5	5	12	28	1	12	1	9	1	1	1	1	23	1	23	23	26	23	5	5	2	27	29	5	3	31	26	26
7220	5	5	5	14	21	27	5	14	5	5	8	6	1	3	1	1	1	9	1	1	1	28	3	26	14	14	5	5	5	5	3	11	5	5	5	5	5	5	5	14	5	5	5	5	5	14	5	5	1	1	1	12	1	1	1	1	1	1	2	16	5	5	5	21	5	5	10	5	10	10
7230	5	5	5	14	31	27	14	14	5	5	2	6	3	3	1	1	4	9	1	1	1	28	26	26	5	14	5	5	5	5	5	11	5	5	5	5	5	5	5	5	5	5	5	5	26	31	31	31	1	1	31	31	31	31	31	31	31	31	5	31	1	14	20	31	5	5	5	20	5	5
7240	5	5	29	14	14	27	14	14	5	5	7	6	1	3	1	1	1	9	1	1	1	28	26	26	5	14	12	5	5	5	3	11	5	5	5	5	5	5	5	14	5	5	1	12	1	31	1	1	1	1	1	1	1	1	12	1	5	12	3	21	5	14	5	14	12	29	2	12	8	8
7250	5	5	27	14	2	27	1	14	13	5	20	6	2	3	2	1	5	9	1	1	13	28	5	26	5	14	5	5	5	5	4	11	15	5	5	5	15	15	5	15	5	5	5	5	5	5	5	5	13	20	13	13	13	13	2	13	2	2	4	20	7	20	2	16	7	27	11	16	11	11
7260	5	5	5	14	1	27	14	14	5	5	2	6	3	3	1	1	1	9	1	1	1	28	18	26	5	14	5	5	5	5	5	11	5	5	5	5	5	5	5	5	5	5	5	5	12	29	1	12	1	1	1	1	1	1	1	1	7	7	5	16	22	14	29	27	2	5	22	31	22	22
7270	15	5	3	14	2	27	22	14	5	5	2	6	4	3	1	1	1	9	1	1	1	28	23	26	3	14	5	5	5	5	5	11	5	5	5	5	5	5	5	5	5	5	5	5	12	29	1	12	1	1	1	1	1	1	1	1	23	9	2	28	2	22	5	2	5	25	24	5	24	24
7280	4	5	1	14	1	27	5	14	31	5	1	6	1	3	1	1	4	9	14	1	3	28	27	26	1	14	5	5	5	5	5	11	5	5	5	5	5	5	5	5	5	5	5	5	5	27	13	5	5	14	13	13	15	24	8	23	1	16	13	1	7	31	12	7	4	9	5	23	13	13
7290	5	5	8	14	5	27	5	14	5	5	2	6	14	3	1	1	1	9	1	1	20	28	14	26	3	14	5	5	5	5	5	11	5	5	5	5	5	5	5	5	5	5	5	5	5	14	5	5	1	20	1	12	1	1	1	1	21	21	2	27	5	5	5	5	16	22	16	27	16	16
7300	3	5	23	14	5	27	5	14	5	5	5	6	27	3	1	1	1	9	1	1	1	28	7	26	3	14	5	5	5	5	5	11	5	5	5	5	5	5	5	5	5	5	5	5	7	7	1	21	1	1	1	1	12	1	5	12	21	27	9	21	5	5	3	5	3	29	1	3	9	9
7310	5	5	5	14	13	27	5	14	5	5	2	6	3	3	1	1	1	9	1	1	1	28	19	26	5	14	5	5	5	5	4	11	5	5	5	5	5	5	5	15	5	5	5	5	24	30	24	24	1	1	23	28	23	23	23	23	29	29	5	31	5	5	5	13	5	5	5	5	5	5
7320	5	5	5	14	5	27	5	14	5	5	1	6	3	3	1	1	1	9	1	1	1	28	26	26	5	14	5	5	5	5	11	11	5	5	5	5	5	5	5	25	5	5	5	5	31	31	31	31	1	1	31	31	31	31	31	31	31	31	5	31	5	5	5	5	13	5	5	13	5	5
7330	5	5	5	14	27	27	5	14	5	5	2	6	3	3	1	1	1	9	1	1	1	28	26	26	5	14	5	5	5	5	3	11	5	5	5	5	5	5	5	14	5	5	5	5	27	31	27	27	1	1	31	27	31	31	31	31	27	31	1	27	5	5	31	27	5	5	20	31	20	20
7340	5	5	2	14	17	27	13	14	5	5	4	6	5	3	1	1	3	9	1	1	15	28	1	26	12	14	5	5	5	5	14	11	5	5	5	5	5	5	5	14	5	5	5	5	5	12	5	5	23	23	23	23	30	29	28	31	28	28	1	28	5	13	5	28	5	13	20	5	20	20
7350	1	5	1	14	5	27	3	14	27	5	1	6	1	3	1	1	1	9	1	1	1	28	1	26	5	14	1	5	5	5	3	11	5	5	5	5	5	5	5	14	1	5	1	1	1	12	1	1	1	1	1	1	1	1	1	1	1	1	2	1	5	27	20	5	2	1	2	20	2	2
7360	3	5	3	14	2	27	4	14	14	5	1	6	5	3	5	1	5	9	5	1	5	28	1	26	5	14	5	5	5	5	4	11	5	5	5	5	5	5	5	15	5	5	5	5	5	12	5	5	14	5	5	14	5	5	5	5	14	5	5	21	22	25	3	22	3	3	5	3	5	5
7370	5	5	14	14	28	27	14	14	5	5	2	6	8	3	1	1	1	9	1	1	12	28	5	26	5	14	5	5	5	5	5	11	5	5	5	5	5	5	5	5	5	5	5	5	5	5	5	5	12	12	1	12	1	1	1	1	8	16	5	8	5	14	3	28	22	14	1	22	12	12
7380	5	5	5	14	5	27	5	14	5	5	1	6	1	3	1	1	1	9	1	1	1	28	3	26	5	14	5	5	5	5	5	11	5	5	5	5	5	5	5	5	5	5	5	5	12	14	1	12	1	1	1	1	1	1	1	1	1	1	1	1	14	5	30	14	1	5	29	31	29	29
7390	5	5	3	14	2	27	21	14	5	5	2	6	18	3	1	1	1	9	1	1	1	28	9	26	5	14	5	5	5	5	5	11	5	5	5	5	5	5	5	5	5	5	5	5	12	23	1	12	1	1	1	1	1	1	1	1	18	18	1	26	25	21	13	30	5	14	5	13	12	12
7400	5	5	5	14	29	27	5	14	5	5	1	6	3	3	1	1	1	9	1	1	28	28	3	26	14	14	5	5	5	5	3	11	5	5	5	5	5	5	5	14	5	5	5	5	5	14	5	5	28	28	28	28	28	28	28	28	31	31	3	31	5	5	18	29	5	5	25	29	25	25
7410	5	5	5	14	5	27	14	14	5	5	30	6	1	3	1	1	1	9	1	1	1	28	19	26	3	14	5	5	5	5	5	11	5	5	5	5	5	5	5	5	5	5	5	5	6	19	1	20	1	1	1	1	1	1	1	1	1	1	1	31	14	14	15	14	5	5	1	15	1	1
7420	5	5	5	14	5	27	5	14	5	5	23	6	1	3	1	1	1	9	1	1	1	28	3	26	3	14	5	5	5	5	5	11	5	5	5	5	5	5	5	5	5	5	5	5	1	3	1	12	1	1	1	1	1	1	1	1	1	1	27	23	5	5	12	5	5	5	1	12	27	27
7430	5	5	5	14	27	27	5	14	5	5	1	6	3	3	7	1	1	9	1	1	1	28	3	26	14	14	5	5	5	5	5	11	5	5	5	5	5	5	5	5	5	5	5	5	5	14	5	5	1	1	1	12	1	1	7	7	7	7	5	7	4	5	23	31	5	5	4	23	15	15
7440	5	5	3	14	2	27	5	14	5	5	1	6	4	3	1	1	9	9	1	1	1	28	16	26	3	14	5	5	5	5	5	11	5	5	5	5	5	5	5	5	5	5	5	5	6	16	1	20	1	1	1	1	9	9	9	9	9	9	1	9	5	5	5	13	21	14	17	21	17	17
7450	5	5	5	14	10	27	5	14	5	5	2	6	7	3	1	1	1	9	1	1	1	28	1	26	25	14	12	5	5	5	5	11	5	5	5	5	5	5	5	5	5	5	1	12	1	29	1	1	1	1	1	1	1	1	1	1	16	7	2	16	5	5	8	24	5	5	2	22	2	2
7460	5	5	5	14	3	27	14	14	5	5	24	6	1	3	1	1	4	9	1	1	1	28	26	26	3	14	5	5	5	5	5	11	5	5	5	5	5	5	5	5	5	5	5	5	12	26	1	12	1	1	1	1	1	9	1	1	1	1	5	28	3	14	3	3	15	5	5	25	5	5
7470	5	5	5	14	31	27	5	14	5	5	2	6	3	3	1	1	1	9	1	1	12	28	19	26	5	14	5	5	5	5	4	11	5	5	5	5	5	5	5	15	5	5	5	5	5	30	5	5	12	12	1	12	1	1	1	1	7	7	17	16	5	5	28	31	5	5	2	28	17	17
7480	5	5	5	14	2	27	5	14	5	5	2	6	3	3	1	1	1	9	1	1	1	28	17	26	5	14	5	5	5	5	11	11	5	5	5	5	5	5	5	25	5	5	5	5	20	28	20	20	1	1	1	20	1	1	1	1	7	7	5	16	14	5	5	22	15	5	5	15	5	5
7490	5	5	5	14	2	27	14	14	5	5	20	6	3	3	1	1	1	9	1	1	12	28	3	26	3	14	5	5	5	5	5	11	5	5	5	5	5	5	5	5	5	5	5	5	3	3	5	14	12	12	12	12	21	12	3	21	3	3	4	27	14	14	10	22	1	5	23	17	23	23
7500	27	5	3	14	26	27	14	14	5	5	29	6	1	3	1	1	1	9	1	1	10	28	17	26	5	14	3	5	5	5	4	11	5	5	5	5	5	5	15	15	15	15	5	25	15	28	4	15	9	17	1	9	1	1	1	1	1	1	20	29	4	14	18	26	5	27	3	29	27	27
7510	2	5	16	14	23	27	5	14	5	5	3	6	25	3	3	1	2	9	15	1	5	28	4	26	3	14	5	5	5	5	3	11	5	5	5	5	5	5	5	14	5	5	5	5	10	11	5	24	5	15	13	5	14	13	5	14	3	25	14	3	2	5	5	28	5	16	5	5	14	14
7520	5	5	5	14	16	27	5	14	5	5	2	6	3	3	1	1	4	9	1	1	1	28	28	26	5	14	5	5	5	5	2	11	5	5	5	5	13	5	13	13	5	13	5	5	28	28	28	28	1	1	28	28	28	28	28	28	31	31	18	31	5	5	31	27	5	5	3	31	18	18
7530	15	5	5	14	27	27	5	14	5	5	2	6	21	3	1	1	1	9	1	1	1	28	26	26	5	14	5	5	5	5	5	11	5	5	5	5	5	5	5	5	5	5	5	5	12	31	5	12	1	1	1	12	1	1	1	1	21	21	9	27	5	5	7	27	5	15	3	21	18	18
7540	5	5	5	14	12	27	3	14	15	5	23	6	3	3	1	1	4	9	1	1	1	28	26	26	5	14	5	5	5	5	5	11	5	5	5	5	5	5	5	5	5	5	5	5	31	31	29	31	1	1	7	29	18	18	3	18	3	3	1	29	5	25	5	12	27	5	17	27	17	17
7550	5	5	5	14	5	27	5	14	5	5	1	6	30	3	1	1	1	9	1	1	27	28	12	26	5	14	5	5	5	5	5	11	5	5	5	5	5	5	5	5	5	5	5	5	5	12	1	5	7	27	7	7	1	7	1	1	28	31	1	28	5	5	14	5	5	5	1	14	1	1
7560	5	5	5	14	14	27	5	14	5	5	2	6	27	3	1	1	1	9	1	1	1	28	16	26	3	14	5	5	5	5	24	11	5	5	5	5	5	5	13	24	5	13	5	5	12	16	1	12	1	1	1	1	1	1	1	1	27	27	5	27	5	5	21	14	2	5	5	27	5	5
7570	5	5	21	14	22	27	19	14	5	5	2	6	13	3	1	1	1	9	1	1	5	28	22	26	3	14	5	5	5	5	3	11	5	5	5	5	14	5	5	14	5	5	5	5	5	22	5	5	12	12	1	12	1	1	1	1	13	20	3	13	2	30	9	22	1	21	17	9	26	26
7580	5	5	5	14	29	27	5	14	5	5	2	6	3	3	1	1	1	9	1	1	1	28	19	26	3	14	5	5	5	5	4	11	5	5	5	5	5	5	5	15	5	5	5	5	19	19	30	30	1	1	31	31	31	31	30	31	30	30	4	30	5	5	12	29	5	5	1	12	9	9
7590	5	5	2	14	5	27	5	14	5	5	1	6	1	3	1	1	1	9	1	1	6	28	11	26	3	14	5	5	5	5	5	11	5	5	5	5	5	5	5	5	5	5	5	5	15	11	4	15	6	6	1	17	1	1	12	1	1	12	13	1	5	5	1	5	1	13	2	1	13	13
7600	5	5	5	14	31	27	14	14	5	5	1	6	3	3	1	1	1	9	1	1	1	28	9	26	5	14	5	5	5	5	5	11	5	5	5	5	5	5	5	5	5	5	5	5	20	23	1	20	1	1	1	1	1	1	1	1	1	7	2	1	5	14	27	31	5	5	2	27	2	2
7610	5	5	5	14	13	27	5	14	5	5	2	6	1	3	1	1	1	9	1	1	12	28	19	26	5	14	5	5	5	5	5	11	5	5	5	5	5	5	5	5	5	5	5	5	31	30	31	31	5	12	30	31	31	31	30	31	31	31	11	31	5	5	5	13	5	5	5	5	25	25
7620	2	5	30	14	5	27	3	14	5	5	16	6	5	3	5	1	5	9	5	1	5	28	6	26	5	14	5	5	5	5	3	11	5	5	5	5	5	5	5	14	5	5	5	5	5	20	5	5	5	5	5	5	5	5	5	5	5	5	2	27	5	14	3	5	3	30	13	3	13	13
7630	5	5	13	14	16	27	11	14	5	5	2	6	3	3	1	1	3	9	1	1	1	28	26	26	5	14	5	5	5	5	5	11	5	5	5	5	5	5	5	5	5	5	5	5	30	31	30	30	1	1	27	31	27	27	27	27	27	27	3	27	3	25	4	16	5	13	3	15	3	3
7640	5	5	22	14	5	27	14	14	5	5	2	6	1	3	1	1	1	9	1	1	1	28	16	26	5	14	5	5	5	5	4	11	5	5	5	5	5	5	5	15	5	5	5	5	22	27	3	22	1	1	1	7	1	1	1	1	1	1	1	6	25	14	3	25	3	22	12	3	12	12
7650	13	5	2	14	3	27	5	14	5	5	2	6	4	3	1	1	5	9	1	1	1	28	6	26	5	14	5	5	5	5	5	11	5	5	5	5	5	5	5	5	5	5	5	5	5	20	5	5	1	1	5	12	5	5	5	12	15	15	16	24	4	5	10	11	5	13	1	24	16	16
7660	5	5	27	14	29	27	14	14	5	5	2	6	5	3	1	1	1	9	1	1	1	28	17	26	5	14	5	5	5	5	5	11	5	5	5	5	5	5	5	5	5	5	5	5	12	28	1	12	1	1	1	1	1	1	1	1	12	12	11	20	4	14	29	29	3	27	4	29	11	11
7670	5	5	14	14	3	27	5	14	5	5	2	6	3	3	1	1	4	9	1	1	1	28	16	26	5	14	5	5	5	5	5	11	5	5	5	5	5	5	5	5	5	5	5	5	12	27	12	12	1	1	1	12	9	9	23	9	29	29	26	31	12	5	7	21	5	14	3	21	26	26
7680	3	5	3	14	3	27	14	14	5	5	25	6	3	3	7	1	1	9	1	1	1	28	29	26	3	14	5	5	5	5	15	11	5	5	5	5	5	5	5	15	5	5	5	5	5	29	5	5	1	1	1	12	1	1	7	7	1	7	1	29	3	14	3	3	3	3	17	3	17	17
7690	5	5	14	14	3	27	21	14	5	5	27	6	1	3	7	1	1	9	1	1	1	28	26	26	5	14	5	5	5	5	5	11	5	5	5	5	5	5	5	5	5	5	5	5	1	31	12	12	1	1	1	12	1	1	1	7	1	1	5	27	21	21	1	21	7	14	19	7	30	30
7700	5	5	31	14	26	27	5	14	5	5	16	6	1	3	1	1	1	9	1	1	1	28	26	26	5	14	5	5	5	5	3	11	5	5	5	5	5	5	14	14	5	14	15	5	4	31	15	15	1	1	1	23	1	1	1	1	1	1	3	16	5	5	22	31	4	31	4	30	11	11
7710	13	5	5	14	26	27	5	14	5	5	1	6	3	3	1	1	1	9	1	1	1	28	26	26	5	14	5	5	5	5	3	11	5	5	5	5	5	5	14	14	5	14	5	5	28	31	9	28	1	1	9	9	1	9	1	1	7	7	3	7	5	5	5	31	5	13	2	5	8	8
7720	14	5	5	14	31	27	25	14	5	5	5	6	3	3	1	1	1	9	1	1	1	28	1	26	1	14	5	5	5	5	1	11	5	5	5	5	5	5	12	12	12	12	1	12	1	1	1	1	1	1	1	1	1	1	1	1	18	7	4	29	4	25	29	31	5	14	4	29	4	4
7730	1	5	30	14	14	27	5	14	5	5	2	6	5	3	4	1	10	9	1	1	4	28	17	26	5	14	5	5	5	5	5	11	5	5	5	5	5	5	5	5	5	5	5	5	5	28	5	5	4	9	4	15	4	10	15	4	15	15	1	24	5	5	21	14	2	31	8	27	16	16
7740	5	5	8	14	26	27	5	14	5	5	2	6	3	3	1	1	1	9	1	1	12	28	26	26	5	14	5	5	5	5	5	11	5	5	5	5	5	5	5	5	5	5	5	5	28	31	23	28	1	12	1	23	1	1	1	1	7	7	9	16	5	5	5	31	9	22	5	23	23	23
7750	5	5	5	14	30	27	14	14	5	5	2	6	2	3	2	1	16	9	4	1	15	28	2	26	3	14	5	5	5	5	5	11	5	5	5	5	5	5	5	5	5	5	5	5	5	8	5	5	4	15	3	15	2	16	2	2	2	2	27	2	3	14	2	30	3	5	5	8	27	27
7760	5	5	5	14	28	27	5	14	5	5	1	6	4	3	1	1	1	9	1	1	1	28	16	26	5	14	5	5	5	5	5	11	5	5	5	5	5	5	5	5	5	5	5	5	20	27	1	20	1	1	1	1	1	1	1	1	1	9	1	1	3	5	17	31	5	5	17	28	17	17
7770	5	5	5	14	7	27	5	14	5	5	1	6	3	3	5	1	4	9	5	1	5	28	26	26	3	14	5	5	5	5	4	11	5	5	5	5	5	5	5	15	5	5	5	5	26	26	28	31	5	5	28	28	28	28	28	28	31	31	24	31	5	5	5	21	5	5	5	5	24	24
7780	15	5	3	14	3	27	22	14	5	5	2	6	1	3	1	1	1	9	1	1	1	28	16	26	5	14	12	5	5	5	3	11	5	5	5	5	5	5	5	14	5	5	12	12	5	27	12	12	1	1	1	12	1	1	1	1	1	1	4	6	3	22	3	3	15	25	23	25	23	23
7790	3	5	11	14	5	27	3	14	5	5	25	6	4	3	5	1	15	9	5	1	21	28	26	26	1	14	5	5	5	5	5	11	5	5	5	5	5	5	5	5	5	5	5	5	1	26	5	12	5	21	5	5	15	15	4	15	4	4	2	25	5	14	6	5	1	11	3	6	8	8
7800	1	5	26	14	7	27	5	14	23	5	2	6	2	3	2	1	5	9	1	1	12	28	2	26	5	14	5	5	5	5	5	11	5	5	5	5	5	5	5	5	5	5	5	5	5	13	5	5	5	12	5	5	2	5	2	2	2	2	1	2	1	23	4	7	4	26	17	4	17	17
7810	5	5	5	14	10	27	5	14	5	5	2	6	11	3	1	1	1	9	1	1	1	28	18	26	3	14	5	5	5	5	5	11	5	5	5	5	5	5	5	5	5	5	5	5	1	18	1	12	1	1	1	1	1	1	1	1	11	18	5	19	5	5	26	24	5	5	25	31	25	25
7820	15	5	5	14	3	27	5	14	5	5	2	6	3	3	1	1	4	9	1	1	1	28	26	26	5	14	5	5	5	5	3	11	5	5	5	5	5	5	5	14	5	5	5	5	23	31	23	23	1	1	9	23	9	9	9	9	31	18	14	31	5	5	5	14	20	15	4	20	25	25
7830	19	5	2	14	5	27	21	14	5	5	18	6	5	3	1	1	1	9	1	1	1	28	16	26	5	14	5	5	5	5	3	11	5	5	5	5	5	5	14	14	5	14	5	5	7	27	21	21	1	1	1	21	1	1	1	1	1	12	24	18	5	21	2	5	2	19	5	2	24	24
7840	14	5	4	14	24	27	5	14	5	5	26	6	1	3	1	1	1	9	1	1	1	28	17	26	3	14	5	5	5	5	4	11	5	5	5	5	5	5	5	15	5	5	5	5	18	26	28	29	1	1	15	28	1	23	1	1	1	1	3	26	5	5	15	24	4	25	27	15	27	27
7850	5	5	14	14	3	27	3	14	5	5	1	6	13	3	1	1	1	9	1	1	1	28	6	26	5	14	5	5	5	5	5	11	5	5	5	5	5	5	5	5	5	5	5	5	12	20	1	12	1	1	1	1	1	1	1	1	20	20	12	20	13	14	5	22	6	14	5	20	12	12
7860	5	5	5	14	10	27	5	14	5	5	2	6	3	3	1	1	1	9	1	1	1	28	16	26	3	14	5	5	5	5	5	11	5	5	5	5	5	5	5	5	5	5	5	5	20	16	20	20	1	1	20	20	13	20	22	20	22	22	9	22	5	5	13	24	5	5	5	13	23	23
7870	14	5	3	14	30	27	5	14	5	5	2	6	1	3	1	1	1	9	1	1	1	28	21	26	5	14	5	5	5	5	5	11	5	5	5	5	5	5	5	5	5	5	5	5	12	21	1	12	1	1	1	1	1	1	1	1	1	1	1	6	5	5	20	30	3	14	12	27	12	12
7880	1	5	3	14	1	27	10	14	4	5	5	6	3	3	1	1	1	9	4	1	4	28	23	26	5	14	5	5	5	5	5	11	5	5	5	5	5	5	5	5	5	5	5	5	15	23	4	15	4	4	4	4	9	9	12	9	12	21	4	12	9	10	1	9	6	7	4	6	4	4
7890	5	5	5	14	26	27	2	14	2	5	5	6	28	3	3	1	3	9	1	1	1	28	11	26	4	14	5	5	12	5	3	11	5	5	5	5	5	5	3	14	12	21	12	12	4	11	1	23	1	1	1	1	3	7	3	3	26	31	5	31	2	2	27	26	4	5	5	31	5	5
7900	5	5	4	14	11	27	5	14	5	5	1	6	1	3	1	1	1	9	1	1	1	28	29	26	5	14	5	5	5	5	5	11	5	5	5	5	5	5	5	5	5	5	5	5	5	29	5	5	1	1	1	12	1	1	1	1	1	1	1	1	5	5	2	25	28	15	23	28	23	23
7910	5	5	5	14	14	27	5	14	5	5	1	6	3	3	1	1	1	9	1	1	5	28	3	26	14	14	5	5	5	5	14	11	5	5	5	5	5	5	5	14	5	5	5	5	5	14	5	5	12	12	1	12	1	1	1	1	7	7	5	7	5	5	5	14	5	5	5	5	5	5
7920	1	5	2	14	16	27	5	14	5	5	3	6	18	3	1	1	1	9	1	1	1	28	3	26	21	14	5	5	5	5	4	11	5	5	5	5	5	5	5	15	5	5	5	5	12	21	1	12	1	1	1	1	1	1	1	1	18	18	4	18	5	5	5	27	3	6	25	14	25	25
7930	5	5	21	14	30	27	5	14	5	5	3	6	3	3	1	1	1	9	1	1	1	28	1	26	5	14	5	5	5	5	3	11	5	5	5	5	5	5	5	14	5	5	5	5	12	12	1	12	1	1	1	1	1	1	1	1	7	7	1	7	4	5	10	30	5	21	19	24	26	26
7940	5	5	5	14	22	27	5	14	5	5	1	6	3	3	1	1	1	9	1	1	1	28	16	26	5	14	5	5	5	5	3	11	5	5	5	5	5	5	5	14	5	5	5	5	27	27	27	27	1	1	27	27	27	27	27	27	27	27	1	27	5	5	22	22	5	5	27	22	27	27
7950	5	5	5	14	5	27	5	14	5	5	2	6	3	3	1	1	1	9	1	1	9	28	3	26	3	14	5	5	5	5	3	11	5	5	5	5	5	5	5	14	5	5	5	5	3	3	5	14	1	9	1	12	1	1	6	1	16	16	18	16	5	5	5	5	5	5	5	5	29	29
7960	5	5	5	14	8	27	14	14	5	5	1	6	1	3	1	1	1	9	1	1	1	28	7	26	3	14	5	5	5	5	4	11	5	5	5	5	5	5	5	15	5	5	5	5	1	7	1	12	1	1	1	1	1	1	1	1	1	1	1	1	5	14	8	22	3	5	10	8	17	17
7970	5	5	5	14	27	27	5	14	5	5	26	6	1	3	1	1	1	9	1	1	1	28	16	26	3	14	5	5	5	5	3	11	5	5	5	5	5	5	14	14	14	14	3	14	7	16	1	7	1	1	1	1	1	1	6	1	2	6	13	26	5	5	31	27	3	5	3	31	22	22
7980	5	5	5	14	13	27	5	14	5	5	12	6	1	3	1	1	1	9	1	1	5	28	3	26	14	14	5	5	5	5	5	11	5	5	5	5	5	5	5	5	5	5	5	5	5	14	5	5	12	12	6	12	1	6	1	1	1	1	12	12	5	5	19	13	5	5	4	30	23	23
7990	5	5	5	14	8	27	14	14	5	5	2	6	13	3	1	1	4	9	1	1	5	28	11	26	3	14	5	5	5	5	3	11	5	5	5	5	5	5	5	14	5	5	5	5	4	11	15	15	5	12	4	15	4	4	1	9	20	20	4	20	1	14	8	16	5	5	3	22	11	11
8000	1	5	25	14	5	27	5	14	5	5	19	6	1	3	1	1	1	9	1	1	12	28	3	26	14	14	5	5	5	5	5	11	5	5	5	5	5	5	5	5	5	5	5	5	5	14	5	5	12	12	1	12	1	1	1	1	1	1	14	26	13	5	5	13	31	29	3	31	14	14
8010	21	5	5	14	13	27	5	14	5	5	1	6	3	3	1	1	1	9	1	1	1	28	4	26	4	14	5	5	5	5	5	11	5	5	5	5	5	5	5	5	5	5	5	5	4	4	4	15	1	1	1	9	1	1	1	1	7	7	5	7	5	5	8	13	2	21	13	8	13	13
8020	2	5	5	14	2	27	2	14	5	5	14	6	1	3	1	1	1	9	1	1	1	28	26	26	5	14	5	5	5	5	5	11	5	5	5	5	5	5	5	5	5	5	5	5	12	31	21	12	1	1	1	21	1	1	1	1	1	1	23	21	2	13	2	2	2	13	5	2	23	23
8030	5	5	13	14	16	27	14	14	5	5	1	6	1	3	1	1	1	9	1	1	1	28	19	26	3	14	5	5	5	5	11	11	5	5	5	5	5	5	15	25	15	15	15	15	4	19	15	15	1	1	23	23	12	23	1	12	1	1	1	1	3	14	16	16	5	13	1	27	1	1
8040	5	5	9	14	5	27	12	14	4	5	2	6	1	3	1	1	1	9	1	1	1	28	31	26	5	14	5	5	5	5	5	11	5	5	5	5	5	5	5	5	5	5	5	5	30	31	25	30	1	1	27	29	27	27	27	27	27	27	1	27	23	23	31	23	1	23	25	31	29	29
8050	5	5	5	14	21	27	5	14	5	5	14	6	3	3	1	1	1	9	1	1	1	28	1	26	14	14	5	5	5	5	5	11	5	5	5	5	5	5	5	5	5	5	5	5	12	21	1	12	1	1	1	1	7	1	3	7	3	3	5	14	5	5	5	21	5	5	21	5	21	21
8060	12	5	3	14	4	27	5	14	5	5	2	6	29	3	2	1	1	9	1	1	1	28	3	26	14	14	5	5	5	5	5	11	5	5	5	5	5	5	5	5	5	5	5	5	5	14	5	5	1	1	20	12	13	20	2	13	27	31	27	27	12	5	24	23	3	21	2	30	27	27
8070	5	5	3	14	1	27	13	14	5	5	1	6	1	3	1	1	1	9	1	1	12	28	26	26	5	14	5	5	5	5	5	11	5	5	5	5	5	5	5	5	5	5	5	5	5	31	5	5	12	12	12	12	12	12	1	12	1	1	3	1	6	13	2	6	12	14	3	20	3	3
8080	5	5	16	14	19	27	22	14	5	5	1	6	7	3	1	1	1	9	1	1	9	28	3	26	14	14	5	5	5	5	5	11	5	5	5	5	5	5	5	5	5	5	5	5	14	14	5	14	9	9	1	23	1	1	1	1	7	7	3	7	2	22	2	19	29	27	20	31	27	27
8090	5	5	14	14	1	27	20	14	5	5	16	6	1	3	1	1	1	9	1	1	1	28	9	26	3	14	5	5	5	5	5	11	5	5	5	5	5	5	5	5	5	5	5	5	25	18	1	25	1	1	1	1	1	1	1	1	1	1	8	16	23	20	15	23	2	14	3	24	8	8
8100	5	5	14	14	14	27	5	14	5	5	1	6	3	3	1	1	1	9	1	1	1	28	26	26	3	14	5	5	5	5	3	11	5	5	5	5	5	5	14	14	14	14	14	14	3	26	14	14	1	1	21	21	21	21	21	21	21	21	5	21	5	5	14	14	3	14	5	14	5	5
8110	5	5	5	14	5	27	8	14	5	5	27	6	1	3	1	1	1	9	1	1	15	28	8	26	3	14	5	5	5	5	5	11	5	5	5	5	5	5	5	5	5	5	5	5	5	8	5	5	23	23	1	23	1	1	1	1	1	1	6	27	8	22	3	22	31	5	4	31	17	17
8120	5	5	7	14	17	27	5	14	5	5	1	6	3	3	1	1	1	9	1	1	1	28	26	26	5	14	5	5	5	5	5	11	5	5	5	5	5	5	5	5	5	5	5	5	12	31	1	12	1	1	1	1	1	1	1	1	7	7	2	7	1	5	31	17	4	21	3	31	8	8
8130	5	5	5	14	18	27	5	14	5	5	1	6	3	3	1	1	4	9	1	1	1	28	3	26	3	14	5	5	5	5	3	11	5	5	5	5	5	5	14	14	5	14	5	5	3	3	14	14	1	1	21	21	29	29	25	29	25	25	4	29	5	5	27	29	5	5	4	27	4	4
8140	5	5	12	14	5	27	5	14	5	5	6	6	1	3	1	1	4	9	1	1	1	28	17	26	3	14	5	5	5	5	5	11	5	5	5	5	5	5	5	5	5	5	5	5	26	26	18	31	1	1	9	18	9	9	1	9	1	1	19	6	5	5	1	5	20	12	4	20	19	19
8150	5	5	5	14	3	27	14	14	5	5	1	6	1	3	1	1	1	9	1	1	1	28	1	26	14	14	5	5	5	5	5	11	5	5	5	5	5	5	5	5	5	5	5	5	12	21	12	12	1	1	1	12	1	1	1	1	1	1	5	1	3	14	1	3	20	5	21	20	21	21
8160	5	5	5	14	1	27	25	14	5	5	1	6	1	3	1	1	1	9	1	1	1	28	1	26	14	14	5	5	5	5	5	11	5	5	5	5	5	5	5	5	5	5	5	5	12	21	1	12	1	1	1	1	1	1	1	1	1	1	16	1	25	25	15	29	5	5	3	15	16	16
8170	5	5	5	14	5	27	14	14	5	5	1	6	3	3	1	1	5	9	1	1	1	28	26	26	5	14	5	5	5	5	5	11	5	5	5	5	5	5	5	5	5	5	5	5	26	31	27	31	1	1	27	27	27	27	27	27	1	27	3	1	5	14	5	5	13	5	3	13	3	3
8180	5	5	20	14	22	27	5	14	5	5	2	6	6	3	1	1	1	9	1	1	1	28	16	26	5	14	5	5	5	5	4	11	5	5	5	5	5	5	5	15	5	5	5	5	1	27	1	12	1	1	1	1	1	1	1	1	6	6	1	6	5	5	5	22	27	20	9	27	9	9
8190	5	5	5	14	21	27	5	14	5	5	1	6	3	3	1	1	1	9	1	1	1	28	3	26	14	14	5	5	5	5	5	11	5	5	5	5	5	5	5	5	5	5	5	5	3	14	14	14	1	1	21	21	21	21	29	21	18	29	21	18	5	5	15	21	4	5	1	15	21	21
8200	5	5	5	14	5	27	5	14	5	5	2	6	1	3	1	1	1	9	1	1	5	28	15	26	5	14	5	5	5	5	5	11	5	5	5	5	5	5	5	5	5	5	5	5	5	15	5	5	12	12	1	12	1	1	1	1	12	1	5	20	5	5	5	5	5	5	13	5	13	13
8210	5	5	13	14	3	27	10	14	2	5	1	6	4	3	4	1	4	9	1	1	1	28	26	26	5	14	15	5	5	5	5	11	5	5	5	5	5	5	5	5	5	5	4	15	24	31	24	24	1	1	4	28	4	4	4	4	4	4	25	9	4	10	4	11	20	13	5	28	25	25
8220	3	5	5	14	4	27	5	14	5	5	24	6	4	3	5	1	5	9	5	1	5	28	28	26	3	14	5	5	5	5	5	11	5	5	5	5	5	5	5	5	5	5	5	5	5	31	5	5	5	5	5	5	5	5	4	5	4	4	15	24	12	5	4	23	20	14	5	28	15	15
8230	5	5	27	14	12	27	14	14	5	5	2	6	3	3	1	1	1	9	1	1	12	28	16	26	5	14	5	5	5	5	5	11	5	5	5	5	5	5	5	5	5	5	5	5	5	27	5	5	5	12	5	5	12	12	5	12	14	14	5	22	5	14	3	12	22	27	20	22	20	20
8240	5	5	15	14	1	27	5	14	5	5	4	6	5	3	1	1	1	9	1	1	6	28	2	26	14	14	5	5	5	5	15	11	5	5	5	5	5	5	5	15	5	5	5	5	22	22	22	22	2	6	5	22	12	12	7	12	21	21	18	29	5	5	1	12	19	15	1	26	18	18
8250	5	5	14	14	31	27	5	14	5	5	2	6	7	3	1	1	1	9	1	1	1	28	17	26	3	14	5	5	5	5	5	11	5	5	5	5	5	5	5	5	5	5	5	5	26	26	28	31	1	1	9	28	1	9	1	1	7	7	3	16	5	5	1	31	25	14	7	29	7	7
8260	5	5	15	14	2	27	8	14	2	5	22	6	22	3	1	1	1	9	1	1	12	28	3	26	14	14	5	5	5	5	5	11	5	5	5	5	5	5	5	5	5	5	5	5	5	14	5	5	5	12	5	5	12	12	5	12	5	22	5	22	2	8	10	2	4	15	2	10	13	13
8270	5	5	5	14	26	27	5	14	5	5	1	6	3	3	1	1	4	9	1	1	23	28	3	26	14	14	5	5	5	5	3	11	5	5	5	5	5	5	5	14	5	5	5	5	5	14	5	5	23	23	23	23	23	23	23	23	23	29	12	23	5	5	16	31	5	5	3	27	21	21
8280	5	5	5	14	22	27	5	14	5	5	1	6	3	3	1	1	1	9	1	1	12	28	16	26	3	14	5	5	5	5	5	11	5	5	5	5	5	5	5	5	5	5	5	5	1	16	5	12	12	12	7	12	7	7	1	7	21	7	28	21	5	5	3	22	3	5	2	3	28	28
8290	5	5	5	14	15	27	5	14	5	5	3	6	31	3	2	1	15	9	1	1	12	28	7	26	2	14	5	5	5	5	5	11	5	5	5	5	5	5	5	5	5	5	5	5	2	16	5	13	5	12	5	5	4	15	4	10	16	31	3	16	5	5	4	15	23	5	3	23	3	3
8300	5	5	5	14	20	27	5	14	5	5	4	6	1	3	1	1	1	9	1	1	1	28	28	26	5	14	5	5	5	5	5	11	5	5	5	5	5	5	5	5	5	5	5	5	9	28	23	23	1	1	1	23	1	1	1	1	6	1	5	17	5	5	28	20	3	5	3	31	14	14
8310	4	5	27	14	28	27	14	14	5	5	2	6	3	3	1	1	1	9	1	1	20	28	31	26	3	14	5	5	5	5	4	11	5	5	5	5	5	5	5	15	5	5	5	5	31	31	31	31	2	20	30	31	30	31	17	31	17	26	5	17	5	14	5	28	17	31	2	28	13	13
8320	14	5	3	14	5	27	3	14	31	5	18	6	1	3	1	1	13	9	3	1	3	28	2	26	4	14	12	5	5	5	4	11	5	5	25	5	4	25	4	4	5	15	9	12	2	10	28	17	3	3	3	31	13	22	1	20	1	1	4	18	4	31	3	15	3	14	5	3	15	15
8330	5	5	5	14	2	27	4	14	5	5	1	6	3	3	1	1	1	9	5	1	1	28	18	26	5	14	5	5	5	5	3	11	5	5	5	5	5	5	5	14	5	5	5	5	12	29	1	12	1	12	1	1	1	1	12	1	27	21	24	27	4	15	10	10	5	5	4	24	24	24
8340	5	5	29	14	8	27	14	14	5	5	17	6	5	3	1	1	1	9	1	1	1	28	18	26	5	14	5	5	5	5	3	11	5	5	5	5	5	5	5	14	5	5	5	5	21	29	12	21	1	1	12	12	12	12	5	12	5	5	3	28	5	14	5	22	14	29	3	14	3	3
8350	1	5	1	14	2	27	3	14	14	5	28	6	3	3	14	1	1	9	1	1	6	28	7	26	3	14	5	5	5	5	9	11	5	5	5	5	5	5	12	23	12	12	1	12	1	7	1	1	6	6	1	6	1	1	3	21	3	3	30	31	2	14	4	2	4	1	2	4	30	30
8360	15	5	2	14	11	27	14	14	5	5	7	6	1	3	1	1	1	9	1	1	1	28	7	26	3	14	5	5	5	5	5	11	5	5	5	5	5	5	5	5	5	5	5	5	1	7	12	12	1	1	1	12	1	1	1	1	1	1	5	7	3	14	4	11	27	24	13	31	13	13
8370	5	5	14	14	1	27	25	14	5	5	2	6	3	3	1	1	1	9	1	1	1	28	26	26	3	14	5	5	5	5	5	11	5	5	5	5	5	5	5	5	5	5	5	5	18	26	29	29	1	1	29	29	29	29	21	29	21	21	2	27	11	25	9	18	3	14	11	18	19	19
8380	5	5	14	14	22	27	12	14	5	5	2	6	1	3	1	1	1	9	1	1	1	28	27	26	5	14	5	5	5	5	5	11	5	5	5	5	5	5	5	5	5	5	5	5	29	27	29	29	1	1	12	29	12	12	1	12	1	1	1	6	1	12	21	27	2	14	10	27	17	17
8390	8	5	5	14	10	27	5	14	5	5	1	6	1	3	1	1	1	9	5	1	14	28	25	26	5	14	5	5	5	5	4	11	5	5	5	5	5	5	5	15	5	5	5	5	5	25	5	5	14	14	1	14	1	1	1	1	1	1	7	1	5	5	3	24	3	22	1	3	7	7
8400	5	5	26	14	5	27	5	14	5	5	1	6	1	3	1	1	1	9	1	1	20	28	4	26	14	14	5	5	5	5	5	11	5	5	5	5	5	5	5	5	5	5	5	5	5	25	5	5	20	20	1	20	1	1	1	1	6	1	5	6	5	5	5	5	23	31	8	23	22	22
8410	5	5	22	14	14	27	5	14	5	5	1	6	3	3	1	1	1	9	1	1	1	28	1	26	5	14	5	5	5	5	5	11	5	5	5	5	5	5	5	5	5	5	5	5	12	12	12	12	1	1	1	12	1	1	1	1	7	7	5	7	5	5	30	14	3	22	8	30	22	22
8420	5	5	5	14	31	27	14	14	5	5	1	6	4	3	1	1	4	9	5	1	5	28	7	26	5	14	5	5	5	5	5	11	5	5	5	5	5	5	5	5	5	5	5	5	5	21	5	5	5	5	12	5	23	23	4	23	4	4	11	9	3	14	26	31	5	5	3	31	11	11
8430	5	5	22	14	12	27	5	14	5	5	1	6	3	3	1	1	1	9	1	1	1	28	18	26	3	14	5	5	5	5	3	11	5	5	5	5	5	5	5	14	5	5	5	5	1	18	1	12	1	1	1	1	1	1	1	1	7	7	5	7	5	5	5	12	19	22	10	30	24	24
8440	5	5	5	14	18	27	5	14	5	5	1	6	1	3	1	1	1	9	1	1	1	28	7	26	3	14	5	5	5	5	5	11	5	5	5	5	5	5	5	5	5	5	5	5	1	7	1	12	1	1	1	1	1	1	1	1	1	1	1	1	5	5	12	29	5	5	1	12	1	1
8450	4	5	23	14	28	27	14	14	5	5	12	6	1	3	1	1	1	9	1	1	1	28	3	26	3	14	5	5	5	5	3	11	5	5	5	5	5	5	5	14	5	5	5	5	3	3	14	14	1	1	1	21	1	1	1	1	1	1	3	12	3	14	17	31	4	23	3	17	3	3
8460	5	5	5	14	5	27	5	14	5	5	4	6	3	3	1	1	1	9	1	1	20	28	1	26	21	14	5	5	5	5	5	11	5	5	5	5	5	5	5	5	5	5	5	5	5	21	5	5	13	20	13	13	13	20	20	20	27	27	14	31	5	5	5	5	5	5	2	5	22	22
8470	5	5	13	14	5	27	3	14	5	5	29	6	1	3	1	1	1	9	1	1	1	28	31	26	3	14	5	5	5	5	5	11	5	5	5	5	5	5	5	5	5	5	5	5	12	31	1	12	1	1	1	1	1	1	1	1	1	1	5	29	5	14	3	5	20	13	5	27	5	5
8480	5	5	5	14	2	27	5	14	5	5	1	6	1	3	1	1	1	9	1	1	24	28	16	26	3	14	21	5	5	5	4	11	5	5	5	5	5	5	5	15	5	5	7	21	1	16	3	7	18	28	1	18	1	1	1	1	1	1	3	1	5	5	24	13	5	5	31	24	31	31
8490	17	5	5	14	27	27	14	14	5	5	8	6	1	3	1	1	1	9	1	1	1	28	23	26	5	14	5	5	5	5	5	11	5	5	5	5	5	5	5	5	5	5	5	5	12	23	1	12	1	1	1	1	1	1	1	1	1	1	13	16	5	14	12	27	1	28	2	12	13	13
8500	5	5	5	14	3	27	13	14	5	5	2	6	2	3	1	1	1	9	1	1	21	28	26	26	3	14	5	5	5	5	4	11	5	5	5	5	5	5	5	15	5	5	5	5	5	26	5	5	12	21	1	12	1	1	1	1	6	6	6	6	13	13	5	22	5	5	5	5	20	20
8510	5	5	14	14	21	27	14	14	5	5	2	6	3	3	1	1	4	9	1	1	1	28	20	26	5	14	5	5	5	5	5	11	5	5	5	5	5	5	5	5	5	5	5	5	20	20	20	20	1	1	20	20	23	28	23	23	29	29	2	31	3	14	14	21	5	14	13	14	13	13
8520	5	5	5	14	29	27	5	14	5	5	2	6	25	3	1	1	1	9	1	1	1	28	6	26	5	14	5	5	5	5	5	11	5	5	5	5	5	5	5	5	5	5	5	5	13	20	13	13	1	1	6	20	1	6	1	1	29	29	18	31	2	5	28	31	5	5	4	28	18	18
8530	5	5	5	14	26	27	5	14	5	5	1	6	3	3	1	1	1	9	1	1	1	28	4	26	14	14	5	5	5	5	3	11	5	5	5	5	5	5	5	14	5	5	5	5	5	25	5	5	1	1	1	12	1	1	1	1	7	7	3	7	5	5	16	31	5	5	12	27	21	21
8540	1	5	5	14	5	27	5	14	5	5	4	6	12	3	1	1	1	9	1	1	9	28	26	26	3	14	5	5	5	5	4	11	5	5	5	5	5	5	5	15	5	5	5	5	16	26	27	27	1	9	1	27	1	1	1	1	12	12	14	23	5	5	5	5	20	12	3	20	14	14
8550	5	5	5	14	26	27	5	14	5	5	2	6	3	3	1	1	5	9	1	1	17	28	26	26	3	14	5	5	5	5	3	11	5	5	5	5	5	5	5	14	5	5	5	5	16	26	27	27	4	17	28	31	28	28	28	28	31	31	2	31	5	5	31	31	5	5	16	31	16	16
8560	4	5	8	14	5	27	5	14	5	5	1	6	5	3	5	1	4	9	1	1	1	28	6	26	3	14	4	5	5	5	3	11	14	5	5	5	14	14	5	14	5	5	4	15	26	16	7	26	1	1	3	7	11	11	25	25	25	25	3	29	5	5	2	5	10	19	6	10	16	16
8570	13	5	3	14	16	27	14	14	5	5	1	6	3	3	1	1	4	9	1	1	1	28	26	26	5	14	5	5	5	5	3	11	5	5	5	5	5	5	5	14	5	5	5	5	31	31	31	31	1	1	28	31	28	28	28	28	31	31	16	31	5	14	2	27	31	22	5	31	27	27
8580	5	5	5	14	1	27	5	14	5	5	2	6	23	3	1	1	4	9	1	1	15	28	1	26	14	14	5	5	5	5	3	11	5	5	5	5	5	5	14	14	5	14	5	5	5	21	5	5	23	23	4	23	4	4	3	9	29	29	7	31	5	5	2	12	2	5	4	2	18	18
8590	14	5	5	14	5	27	14	14	5	5	1	6	3	3	1	1	1	9	1	1	1	28	20	26	5	14	5	5	5	5	5	11	5	5	5	5	5	5	5	5	5	5	5	5	1	20	1	12	1	1	1	1	1	1	1	1	7	7	5	7	14	14	3	14	14	14	5	14	5	5
8600	27	5	5	14	3	27	5	14	5	5	1	6	3	3	1	1	1	9	1	1	1	28	31	26	3	14	5	5	5	5	3	11	5	5	5	5	5	5	5	14	5	5	5	5	22	31	22	22	1	1	27	27	27	27	27	27	27	27	4	27	14	5	3	14	27	27	8	27	19	19
8610	5	5	5	14	17	27	3	14	5	5	26	6	7	3	1	1	7	9	1	1	8	28	1	26	21	14	5	5	5	5	5	11	5	5	5	5	5	5	5	5	5	5	5	5	3	21	3	14	3	16	3	3	7	7	5	7	1	21	27	26	2	14	9	17	4	5	2	9	27	27
8620	5	5	25	14	31	27	10	14	5	5	3	6	20	3	4	1	4	9	1	1	17	28	3	26	14	14	5	5	5	5	5	11	5	5	5	5	2	5	5	13	5	5	5	5	5	14	5	5	9	17	4	23	4	4	4	4	28	28	4	31	2	24	3	31	3	25	30	3	30	30
8630	1	5	5	14	5	27	5	14	5	5	2	6	29	3	1	1	1	9	1	1	23	28	17	26	3	14	5	5	5	5	4	11	5	5	5	5	5	5	5	15	5	5	5	5	24	26	5	24	9	23	1	23	1	1	1	1	29	29	5	31	5	5	8	5	5	12	4	22	15	15
8640	5	5	14	14	13	27	5	14	5	5	9	6	3	3	1	1	1	9	1	1	1	28	18	26	3	14	5	5	5	5	14	11	5	5	5	5	5	5	5	14	5	5	5	5	1	18	12	12	1	1	1	12	1	1	1	1	1	7	21	9	1	5	2	20	5	14	4	13	29	29
8650	5	5	5	14	5	27	5	14	5	5	31	6	1	3	1	1	1	9	1	1	4	28	31	26	3	14	5	5	5	5	5	11	5	5	5	5	5	5	5	5	5	5	5	5	29	31	29	29	4	9	1	29	1	1	1	1	1	1	15	31	5	5	5	5	5	5	1	5	23	23
8660	14	5	3	14	16	27	14	14	5	5	1	6	1	3	1	1	1	9	1	1	1	28	3	26	3	14	5	5	5	5	5	11	5	5	5	5	5	5	5	5	5	5	21	5	3	3	1	21	1	1	1	1	1	1	1	1	1	1	2	1	3	14	16	16	5	14	21	27	27	27
8670	5	5	5	14	5	27	14	14	5	5	28	6	1	3	1	1	1	9	1	1	1	28	16	26	5	14	5	5	5	5	4	11	5	5	5	5	5	5	5	15	5	5	5	5	21	27	21	21	1	1	1	21	1	1	1	1	1	1	1	28	5	14	5	5	15	5	15	15	23	23
8680	1	5	12	14	22	27	26	14	5	5	3	6	1	3	3	1	3	9	1	1	2	28	2	26	30	14	5	5	5	5	5	11	5	5	5	5	5	5	5	5	5	5	5	5	6	30	6	20	2	6	1	6	7	7	7	7	18	7	2	18	2	31	4	22	4	12	8	4	8	8
8690	5	5	5	14	16	27	3	14	22	5	2	6	3	3	1	1	1	9	1	1	12	28	28	26	3	14	5	5	5	5	5	11	5	5	5	5	5	5	5	5	5	5	5	5	22	31	22	22	1	12	27	27	27	27	27	27	27	27	14	27	5	22	27	27	5	5	1	27	21	21
8700	5	5	21	14	27	27	14	14	5	5	2	6	3	3	3	1	1	9	1	1	1	28	26	26	5	14	5	5	5	5	5	11	5	5	5	5	5	5	5	5	5	5	5	5	24	31	24	24	1	1	15	28	23	23	23	29	18	29	2	26	3	14	27	27	5	21	2	27	2	2
8710	5	5	14	14	19	27	5	14	5	5	2	6	1	3	1	1	2	9	1	1	9	28	29	26	3	14	5	5	5	5	5	11	5	5	5	5	5	5	5	5	5	5	5	5	5	29	5	5	9	9	15	23	30	24	31	31	30	31	7	30	5	5	9	30	1	14	1	9	7	7
8720	5	5	5	14	3	27	5	14	5	5	1	6	1	3	1	1	7	9	1	1	5	28	7	26	3	14	5	5	5	5	5	11	5	5	5	5	5	5	5	5	5	5	5	5	5	7	5	5	12	12	1	12	1	7	1	1	1	1	29	1	18	5	3	18	3	5	4	3	29	29
8730	1	5	1	14	25	27	5	14	5	5	2	6	7	3	1	1	1	9	1	1	1	28	7	26	5	14	5	5	5	5	3	11	5	5	5	5	5	5	14	14	5	14	5	5	20	21	6	20	1	1	1	6	1	1	1	1	7	7	3	16	5	5	5	25	29	1	24	29	30	30
8740	5	5	5	14	16	27	5	14	5	5	8	6	1	3	1	1	1	9	1	1	1	28	3	26	14	14	5	5	5	5	5	11	5	5	5	5	5	5	5	5	5	5	5	5	5	14	5	5	1	1	1	12	1	1	1	1	1	1	3	16	5	5	26	27	5	5	24	31	30	30
8750	5	5	12	14	5	27	5	14	5	5	1	6	15	3	1	1	1	9	1	1	13	28	29	26	5	14	5	5	5	5	5	11	5	5	5	5	5	5	5	5	5	5	5	5	24	29	2	24	2	20	2	2	6	6	2	6	28	24	2	28	5	5	25	5	5	12	15	25	24	24
8760	5	5	14	14	2	27	14	14	5	5	2	6	2	3	1	1	1	9	1	1	1	28	16	26	3	14	5	5	5	5	5	11	5	5	5	5	5	5	5	5	5	5	5	5	1	16	5	12	1	1	12	12	12	12	23	12	17	28	15	17	3	14	3	8	31	14	3	31	25	25
8770	5	5	5	14	3	27	3	14	15	5	2	6	2	3	1	1	1	9	1	1	1	28	26	26	3	14	5	5	5	5	24	11	5	5	5	5	5	5	13	24	5	13	5	5	26	26	20	31	1	1	2	20	6	6	2	6	2	2	15	2	15	25	3	25	3	5	3	3	25	25
8780	5	5	5	14	5	27	5	14	5	5	6	6	3	3	1	1	1	9	1	1	12	28	3	26	14	14	5	5	5	5	4	11	5	5	5	5	15	5	5	15	5	5	5	5	5	14	5	5	12	12	1	12	1	1	3	1	3	3	2	16	5	5	5	5	5	5	3	5	8	8
8790	3	5	14	14	5	27	5	14	5	5	1	6	3	3	1	1	1	9	1	1	1	28	17	26	5	14	5	5	5	5	5	11	5	5	5	5	5	5	5	5	5	5	5	5	23	28	9	23	1	1	1	9	1	1	1	1	7	7	1	7	5	5	5	5	11	14	6	25	6	6
8800	5	5	8	14	8	27	5	14	5	5	2	6	1	3	1	1	1	9	1	1	1	28	3	26	3	14	5	5	5	5	5	11	5	5	5	5	5	5	5	5	5	5	5	5	3	3	14	14	1	1	21	21	21	21	21	21	21	21	2	27	5	5	2	22	2	22	10	2	10	10
8810	5	5	14	14	14	27	5	14	5	5	1	6	3	3	1	1	1	9	1	1	17	28	11	26	3	14	5	5	5	5	11	11	5	5	5	5	5	5	14	25	14	14	3	14	3	11	3	3	17	17	16	26	6	16	6	6	16	16	5	16	5	5	22	14	5	14	5	22	5	5
8820	19	5	5	14	2	27	5	14	5	5	3	6	4	3	4	1	5	9	5	1	5	28	3	26	3	14	5	5	5	5	3	11	5	5	5	5	5	5	5	14	5	5	5	5	5	3	5	5	5	5	5	5	5	5	4	15	11	4	3	11	10	5	5	10	15	30	5	15	14	14
8830	5	5	14	14	31	27	14	14	5	5	1	6	3	3	1	1	1	9	1	1	1	28	26	26	3	14	5	5	5	5	3	11	5	5	5	5	14	5	5	14	5	5	5	5	26	26	23	31	1	1	1	23	1	1	1	1	7	7	3	7	3	14	31	31	3	14	23	31	29	29
8840	5	5	5	14	16	27	14	14	5	5	2	6	3	3	1	1	1	9	1	1	9	28	26	26	5	14	5	5	5	5	5	11	5	5	5	5	5	5	5	5	5	5	5	5	29	31	29	29	4	9	29	29	29	29	29	29	29	29	5	31	5	14	6	27	5	5	5	20	5	5
8850	5	5	5	14	5	27	14	14	5	5	8	6	3	3	1	1	1	9	1	1	1	28	18	26	3	14	5	5	5	5	4	11	5	5	5	5	5	5	5	15	5	5	5	5	7	18	12	21	1	1	1	12	1	1	3	1	3	3	5	8	5	14	5	5	5	5	5	5	5	5
8860	5	5	23	14	5	27	3	14	12	5	30	6	4	3	4	1	4	9	1	1	10	28	18	26	5	14	5	5	5	5	5	11	5	5	5	5	5	5	5	5	5	5	5	5	5	29	5	5	19	17	4	30	4	4	4	4	4	4	4	30	15	21	2	15	29	23	9	31	9	9
8870	5	5	5	14	27	27	5	14	5	5	3	6	3	3	1	1	4	9	1	1	20	28	4	26	14	14	5	5	5	5	3	11	5	5	5	5	5	5	5	14	5	5	5	5	5	25	5	5	20	20	20	20	28	28	28	28	31	31	5	31	5	5	22	27	5	5	14	22	14	14
8880	15	5	5	14	2	27	5	14	5	5	1	6	5	3	2	1	1	9	1	1	7	28	16	26	5	14	5	5	5	5	3	11	5	5	5	5	5	5	5	14	5	5	5	5	29	27	31	29	1	7	31	31	31	31	27	31	27	27	1	27	2	5	3	2	6	15	1	16	1	1
8890	5	5	5	14	2	27	4	14	4	5	7	6	1	3	7	1	1	9	19	1	4	28	16	26	3	14	5	5	5	5	3	11	5	5	5	5	5	5	5	14	5	5	5	5	6	16	6	20	4	19	1	17	1	1	7	7	3	7	2	7	18	4	3	26	18	5	11	18	19	19
8900	5	5	12	14	13	27	5	14	5	5	30	6	1	3	1	1	1	9	1	1	12	28	6	26	5	14	5	5	5	5	5	11	5	5	5	5	5	5	5	5	5	5	5	5	12	20	12	12	1	12	1	12	1	1	1	1	1	1	25	31	5	5	5	13	5	12	5	5	25	25
8910	5	5	14	14	31	27	5	14	5	5	2	6	3	3	1	1	1	9	1	1	9	28	18	26	5	14	5	5	5	5	5	11	5	5	5	5	5	5	5	5	5	5	5	5	7	29	12	21	1	9	12	12	1	12	1	1	7	7	1	16	5	5	28	31	3	14	1	31	1	1
8920	3	5	3	14	27	27	14	14	5	5	2	6	31	3	1	1	1	9	1	1	20	28	5	26	5	14	5	5	5	5	5	11	5	5	5	5	5	5	5	5	5	5	5	5	5	5	5	5	12	20	1	12	1	1	1	1	29	31	19	31	3	14	31	27	3	3	2	31	19	19
8930	5	5	5	14	26	27	5	14	5	5	1	6	3	3	3	1	4	9	1	1	1	28	19	26	5	14	5	5	5	5	5	11	5	5	5	5	5	5	5	5	5	5	5	5	19	30	30	30	1	1	31	31	31	31	31	31	26	31	9	26	5	5	18	31	5	5	4	29	9	9
8940	5	5	5	14	3	27	5	14	5	5	2	6	3	3	5	1	1	9	1	1	5	28	26	26	5	14	5	5	5	5	2	11	5	5	5	5	5	5	13	13	5	13	5	5	20	31	12	20	5	12	1	12	1	1	5	12	14	14	26	22	21	5	3	21	14	5	3	14	26	26
8950	5	5	2	14	1	27	14	14	5	5	1	6	3	3	1	1	26	9	1	1	6	28	1	26	5	14	5	5	5	5	5	11	5	5	5	5	5	5	5	5	5	5	5	5	12	12	1	12	6	6	2	6	26	26	6	26	16	16	1	16	22	14	27	27	5	13	2	27	6	6
8960	5	5	5	14	14	27	5	14	5	5	10	6	9	3	1	1	1	9	1	1	1	28	26	26	5	14	5	5	5	5	3	11	5	5	5	5	14	5	5	14	5	5	2	5	20	31	1	20	1	1	1	1	1	1	1	1	1	9	12	17	5	5	5	14	25	5	2	25	20	20
8970	8	5	3	14	30	27	5	14	5	5	2	6	17	3	1	1	1	9	1	1	1	28	5	26	5	14	5	5	5	5	5	11	5	5	5	5	5	5	5	5	5	5	5	5	5	5	5	5	1	1	1	12	1	1	1	1	17	17	4	17	5	5	3	30	5	8	4	14	4	4
8980	5	5	11	14	5	27	5	14	5	5	2	6	3	3	1	1	1	9	1	1	2	28	3	26	3	14	5	5	5	5	3	11	5	5	5	5	5	5	14	14	14	14	14	14	3	3	5	14	6	6	20	20	20	20	20	20	27	27	5	27	5	5	5	5	5	25	5	5	5	5
8990	5	5	27	14	27	27	5	14	5	5	1	6	18	3	1	1	1	9	1	1	1	28	3	26	14	14	5	5	5	5	5	11	5	5	5	5	5	5	5	5	5	5	5	5	12	14	1	12	1	1	1	1	1	1	1	1	18	18	3	18	5	5	5	27	13	27	26	13	26	26
9000	5	5	14	14	5	27	5	14	5	5	1	6	11	3	1	1	4	9	1	1	1	28	3	26	14	14	5	5	5	5	5	11	5	5	5	5	5	5	5	5	5	5	5	5	5	14	5	5	1	1	12	12	12	23	1	12	18	18	1	18	5	5	12	5	3	14	5	21	12	12
9010	5	5	5	14	7	27	14	14	5	5	2	6	3	3	1	1	1	9	1	1	1	28	18	26	3	14	5	5	5	5	3	11	5	5	5	5	5	5	14	14	5	14	5	5	18	18	29	29	1	1	29	29	29	29	29	29	29	29	3	31	3	14	3	7	5	5	3	14	3	3
9020	2	5	19	14	5	27	20	14	5	5	4	6	4	3	1	1	1	9	1	1	9	28	3	26	8	14	5	5	5	5	5	11	5	5	5	5	5	5	5	5	5	5	5	5	5	8	5	5	9	9	9	23	9	9	4	9	4	4	17	4	5	20	3	5	6	19	5	16	28	28
9030	1	5	1	14	4	27	2	14	2	5	3	6	3	3	16	1	9	9	1	1	1	28	1	26	1	14	14	5	25	5	4	11	3	5	8	5	4	8	4	4	3	25	5	14	1	1	1	12	1	1	1	1	1	9	3	16	3	3	15	3	4	2	7	4	3	1	1	7	23	23
9040	4	5	4	14	11	27	5	14	5	5	7	6	1	3	1	1	1	9	1	1	12	28	13	26	5	14	5	5	5	5	5	11	5	5	5	5	5	5	5	5	5	5	5	5	5	13	5	5	12	12	1	12	1	1	1	1	1	1	5	7	5	5	3	25	2	4	17	8	28	28
9050	5	5	5	14	19	27	1	14	1	5	12	6	1	3	5	1	5	9	1	1	28	28	27	26	4	14	2	5	4	5	4	11	2	5	10	5	6	10	2	17	2	10	2	2	2	31	2	2	4	28	5	10	5	5	1	5	1	1	3	12	3	1	3	19	3	5	14	3	14	14
9060	4	5	4	14	5	27	4	14	4	5	2	6	7	3	5	1	28	9	20	1	2	28	3	26	3	14	4	5	15	5	3	11	5	5	5	5	7	5	5	7	4	15	3	4	3	3	3	3	3	20	2	3	5	28	3	5	13	7	2	13	5	4	3	5	3	4	19	3	19	19
9070	1	5	5	14	12	27	3	14	3	5	3	6	1	3	4	1	3	9	4	1	10	28	3	26	3	14	26	5	3	5	24	11	12	5	5	5	1	12	13	28	1	22	4	26	4	3	6	4	2	10	5	6	4	14	2	4	18	6	22	18	2	3	3	20	8	12	5	8	22	22
9080	4	5	4	14	7	27	3	14	26	5	3	6	4	3	5	1	2	9	1	1	15	28	2	26	27	14	5	5	5	5	3	11	5	5	3	5	5	14	4	14	18	15	5	29	10	27	2	24	2	23	2	2	8	2	14	22	19	25	5	19	5	26	15	21	2	4	1	24	12	12
9090	4	5	4	14	2	27	25	14	4	5	4	6	25	3	1	1	2	9	1	1	4	28	5	26	5	14	5	5	2	5	26	11	22	5	3	5	4	22	2	26	2	2	26	13	2	5	1	26	1	9	2	1	9	2	5	9	9	25	3	9	13	25	1	13	17	4	26	17	26	26
9100	4	5	4	14	6	27	11	14	1	5	4	6	11	3	30	1	26	9	1	1	1	28	28	26	1	14	2	5	25	5	24	11	1	5	1	5	5	1	4	24	2	25	3	2	1	28	10	7	1	1	3	17	3	26	3	30	4	11	12	4	1	18	2	6	1	4	4	6	23	23
9110	6	5	1	14	1	27	12	14	5	5	7	6	5	3	2	1	9	9	24	1	4	28	5	26	30	14	11	5	26	5	19	11	10	5	2	5	4	10	3	19	3	26	2	11	12	30	4	20	11	24	1	11	2	9	5	2	3	5	5	7	1	12	5	1	14	6	9	14	23	23
9120	3	5	7	14	5	27	4	14	4	5	4	6	5	3	13	1	6	9	4	1	4	28	3	26	3	14	24	5	4	5	4	11	5	5	13	5	4	13	4	4	2	4	5	24	5	3	20	5	5	4	2	20	2	6	5	13	4	5	4	4	9	4	5	23	5	7	5	5	15	15
9130	7	5	1	14	1	27	3	14	8	5	5	6	1	3	1	1	3	9	1	1	20	28	1	26	9	14	1	5	5	5	4	11	13	5	5	5	4	13	15	4	26	15	4	26	4	9	9	4	1	20	3	9	6	3	1	6	23	1	1	23	2	8	14	6	3	7	13	14	20	20
9140	5	5	5	14	4	27	15	14	4	5	3	6	5	3	1	1	1	9	21	1	4	28	12	26	2	14	2	5	1	5	2	11	25	5	5	5	24	25	6	24	10	6	2	10	2	20	5	2	4	29	1	15	1	1	5	1	7	5	21	7	27	15	5	31	12	5	3	12	21	21
9150	2	5	2	14	4	27	1	14	1	5	3	6	4	3	2	1	1	9	5	1	8	28	2	26	11	14	1	5	3	5	8	11	5	5	2	5	5	13	3	22	3	3	12	7	3	19	3	21	19	22	6	19	21	6	30	27	3	30	4	3	4	1	9	4	3	2	1	18	9	9
9160	12	5	5	14	2	27	25	14	5	5	12	6	2	3	10	1	28	9	28	1	1	28	4	26	4	14	2	5	4	5	4	11	3	5	3	5	4	3	6	4	2	17	18	2	4	4	14	18	4	28	4	25	2	28	30	10	2	30	5	20	2	25	21	2	2	12	15	27	15	15
9170	3	5	3	14	5	27	25	14	3	5	19	6	2	3	13	1	18	9	3	1	28	28	9	26	1	14	4	5	25	5	19	11	9	5	4	5	5	9	2	30	6	30	3	17	3	9	2	3	2	31	2	2	1	26	3	20	5	8	27	30	5	25	2	5	2	3	4	2	31	31
9180	1	5	1	14	3	27	4	14	9	5	23	6	1	3	3	1	1	9	3	1	28	28	20	26	4	14	20	5	1	5	1	11	4	5	4	5	1	4	29	1	4	29	1	28	1	28	4	1	17	31	9	17	14	9	1	14	3	1	1	29	6	9	2	16	2	1	1	2	1	1
9190	3	5	3	14	31	27	5	14	22	5	3	6	7	3	5	1	12	9	3	1	3	28	20	26	3	14	18	5	5	5	5	11	5	5	5	5	5	5	5	5	4	5	3	18	6	27	8	16	3	3	5	8	13	12	3	13	3	7	1	3	4	22	4	31	4	3	1	4	1	1
9200	5	5	3	14	1	27	25	14	5	5	17	6	1	3	1	1	1	9	1	1	1	28	7	26	5	14	5	5	5	5	14	11	5	5	5	5	5	5	5	14	5	5	5	5	7	21	1	21	1	1	1	1	1	1	1	1	1	1	3	17	14	25	28	21	5	14	9	28	18	18
9210	5	5	5	14	23	27	3	14	5	5	1	6	1	3	1	1	1	9	1	1	1	28	26	26	5	14	5	5	5	5	5	11	5	5	5	5	5	5	5	5	5	5	5	5	3	31	14	14	1	1	1	21	1	1	1	1	1	1	5	1	5	14	5	23	5	5	5	5	5	5
9220	5	5	5	14	22	27	21	14	5	5	2	6	3	3	4	1	1	9	1	1	1	28	26	26	3	14	5	5	5	5	5	11	5	5	5	5	5	5	5	5	5	5	5	5	26	26	31	31	1	1	16	31	16	16	8	26	10	8	5	10	3	21	26	22	3	5	4	26	15	15
9230	5	5	5	14	31	27	5	14	5	5	16	6	3	3	1	1	1	9	1	1	1	28	18	26	3	14	5	5	5	5	3	11	5	5	5	5	5	5	14	14	14	14	3	14	7	18	7	7	1	1	1	7	1	1	1	1	3	7	1	16	5	5	5	31	5	5	5	5	12	12
9240	13	5	5	14	19	27	8	14	3	5	4	6	1	3	1	1	1	9	1	1	1	28	1	26	18	14	5	5	5	5	5	11	5	5	5	5	5	5	5	5	5	5	3	5	3	18	3	3	1	1	1	7	1	1	1	1	1	1	17	9	3	8	1	19	5	13	3	12	26	26
9250	5	5	16	14	5	27	5	14	5	5	2	6	4	3	1	1	1	9	7	1	1	28	18	26	3	14	5	5	5	5	3	11	5	5	5	5	5	5	14	14	14	14	3	14	7	18	1	7	1	7	1	1	1	1	1	1	9	9	1	17	5	5	5	5	28	27	17	28	17	17
9260	5	5	5	14	5	27	5	14	5	5	1	6	3	3	1	1	1	9	1	1	1	28	26	26	3	14	5	5	5	5	3	11	5	5	5	5	5	5	5	14	5	5	5	5	26	26	31	31	1	1	31	31	31	31	28	31	31	31	17	31	5	5	5	5	10	5	2	24	17	17
9270	5	5	13	14	1	27	5	14	5	5	1	6	1	3	1	1	1	9	1	1	1	28	8	26	5	14	5	5	5	5	5	11	5	5	5	5	5	5	5	5	5	5	5	5	5	22	1	5	1	1	1	1	1	1	1	1	1	1	4	1	1	5	1	1	2	13	15	6	15	15
9280	5	5	29	14	1	27	14	14	1	5	2	6	21	3	1	1	1	9	1	1	1	28	17	26	3	14	15	5	3	5	3	11	5	5	5	5	3	5	3	3	3	3	5	25	1	26	1	12	1	1	1	1	1	1	1	1	14	21	2	22	11	21	25	18	1	29	2	29	2	2
9290	5	5	14	14	5	27	14	14	5	5	2	6	3	3	1	1	4	9	1	1	1	28	26	26	3	14	5	5	5	5	3	11	5	5	5	5	5	5	14	14	5	14	5	5	19	26	30	30	1	1	22	31	22	30	27	27	27	27	15	27	5	14	5	5	19	14	3	30	25	25
9300	30	5	3	14	5	27	5	14	5	5	12	6	1	3	1	1	1	9	1	1	6	28	17	26	5	14	5	5	5	5	5	11	5	5	5	5	5	5	5	5	5	5	5	5	13	28	2	13	6	6	1	6	1	1	1	1	1	1	2	12	5	5	5	5	9	30	9	23	17	17
9310	15	5	2	14	3	27	14	14	5	5	7	6	1	3	1	1	4	9	1	1	13	28	3	26	3	14	14	5	5	5	5	11	5	5	5	5	5	5	5	5	5	5	3	14	3	3	21	3	5	20	12	21	9	23	1	9	1	1	5	7	3	14	3	3	24	24	5	30	5	5
9320	5	5	29	14	27	27	5	14	5	5	1	6	11	3	1	1	1	9	1	1	1	28	18	26	5	14	5	5	5	5	3	11	5	5	5	5	5	5	5	14	5	5	5	5	20	29	6	20	1	1	1	6	1	1	1	1	18	18	8	18	5	5	3	27	31	29	3	31	8	8
9330	5	5	5	14	4	27	5	14	5	5	2	6	3	3	1	1	1	9	1	1	1	28	26	26	5	14	5	5	5	5	5	11	5	5	5	5	5	5	5	5	5	5	5	5	31	31	31	31	1	1	28	31	28	28	28	28	31	31	22	31	5	5	15	15	5	5	3	15	22	22
9340	5	5	13	14	29	27	3	14	22	5	1	6	1	3	1	1	1	9	1	1	1	28	8	26	3	14	5	5	15	5	5	11	5	5	5	5	5	5	5	5	15	15	5	15	21	8	7	21	1	1	1	7	1	1	1	1	1	1	5	1	2	22	1	31	1	13	5	1	5	5
9350	5	5	19	14	1	27	5	14	5	5	1	6	3	3	5	1	1	9	1	1	12	28	3	26	14	14	5	5	5	5	5	11	5	5	5	5	5	5	5	5	5	5	5	5	5	14	5	5	12	12	5	12	12	12	1	12	7	7	5	7	5	5	31	12	5	30	5	31	5	5
9360	1	5	22	14	24	27	14	14	5	5	1	6	8	3	1	1	1	9	1	1	1	28	16	26	3	14	5	5	5	5	5	11	5	5	5	5	5	5	5	5	5	5	5	5	6	16	6	20	1	1	1	6	1	1	1	1	16	16	3	16	5	14	5	24	31	27	1	31	7	7
9370	5	5	15	14	5	27	5	14	5	5	1	6	3	3	1	1	1	9	6	1	1	28	1	26	5	14	5	5	5	5	5	11	5	5	5	5	5	5	5	5	5	5	5	5	5	12	5	5	20	6	12	20	12	12	1	12	7	7	1	7	5	5	7	5	3	15	29	7	29	29
9380	5	5	5	14	12	27	29	14	5	5	1	6	1	3	1	1	1	9	1	1	1	28	11	26	3	14	5	5	5	5	5	11	5	5	5	5	5	5	5	5	5	5	1	5	1	11	1	1	1	1	1	1	1	1	1	1	1	1	1	1	2	29	25	20	2	5	1	30	1	1
9390	5	5	5	14	27	27	5	14	5	5	1	6	3	3	1	1	4	9	1	1	9	28	16	26	3	14	5	5	5	5	5	11	5	5	5	5	5	5	5	5	5	5	5	5	8	16	22	22	4	9	30	30	30	30	28	31	31	31	3	31	5	5	27	27	5	5	8	27	8	8
9400	4	5	14	14	16	27	5	14	5	5	29	6	1	3	1	1	1	9	1	1	1	28	18	26	5	14	5	5	5	5	3	11	5	5	5	5	14	5	5	14	5	5	5	5	12	29	1	12	1	1	1	1	1	1	1	1	1	1	5	29	5	5	6	27	2	25	5	6	5	5
9410	5	5	5	14	9	27	3	14	5	5	1	6	7	3	9	1	1	9	1	1	1	28	17	26	5	14	5	5	5	5	5	11	5	5	5	5	5	5	5	5	5	5	5	5	24	28	4	24	1	1	1	9	1	1	1	9	7	7	5	7	3	14	3	18	1	5	3	7	14	14
9420	5	5	5	14	13	27	5	14	5	5	10	6	1	3	1	1	1	9	1	1	23	28	6	26	3	14	12	5	5	5	3	11	5	5	5	5	5	5	14	14	5	14	1	12	1	16	1	1	1	23	1	1	1	1	6	1	1	6	24	17	4	5	20	24	4	5	3	28	30	30
9430	5	5	3	14	4	27	23	14	5	5	2	6	16	3	1	1	1	9	1	1	13	28	18	26	5	14	5	5	5	5	5	11	5	5	5	5	5	5	5	5	5	5	5	5	5	29	5	5	1	20	1	12	1	1	1	1	16	16	3	16	4	23	1	4	14	14	4	21	11	11
9440	5	5	5	14	22	27	5	14	5	5	10	6	3	3	1	1	2	9	1	1	12	28	5	26	5	14	5	5	5	5	5	11	5	5	5	5	5	5	5	5	5	5	5	5	5	5	5	5	12	12	1	12	1	6	1	1	1	7	2	17	5	5	2	22	14	5	2	22	2	2
9450	5	5	5	14	5	27	5	14	5	5	1	6	1	3	1	1	1	9	1	1	5	28	3	26	14	14	5	5	5	5	14	11	5	5	5	5	5	5	5	14	5	5	5	5	5	14	5	5	12	12	1	12	1	1	1	1	1	1	1	1	5	5	5	5	15	5	15	15	23	23
9460	5	5	5	14	5	27	5	14	5	5	18	6	1	3	1	1	1	9	1	1	1	28	26	26	5	14	5	5	5	5	3	11	5	5	5	5	5	5	5	14	5	5	5	5	12	31	12	12	1	1	1	12	1	1	1	1	1	1	4	18	5	5	5	5	5	5	4	5	4	4
9470	5	5	31	14	31	27	3	14	3	5	1	6	3	3	1	1	18	9	1	1	9	28	17	26	3	14	5	5	5	5	5	11	5	5	5	5	5	5	5	5	5	5	5	5	15	26	4	15	9	9	4	9	11	18	29	18	21	29	5	21	3	3	2	31	4	31	5	10	5	5
9480	5	5	5	14	1	27	14	14	5	5	15	6	2	3	3	1	1	9	1	1	1	28	28	26	5	14	5	5	5	5	5	11	5	5	5	5	5	5	5	5	5	5	5	5	17	28	28	28	1	1	2	28	6	6	2	16	2	2	4	24	14	14	5	21	15	5	4	15	4	4
9490	6	5	2	14	5	27	21	14	5	5	5	6	1	3	4	1	1	9	1	1	1	28	2	26	5	14	5	5	5	5	5	11	5	5	5	5	5	5	5	5	5	5	5	5	5	13	5	5	12	1	21	12	12	21	5	23	24	12	10	24	4	21	4	15	4	6	1	4	17	17
9500	5	5	14	14	22	27	5	14	5	5	1	6	8	3	1	1	1	9	1	1	1	28	6	26	5	14	5	5	5	5	5	11	5	5	5	5	5	5	5	5	5	5	5	5	20	20	1	20	1	1	1	1	1	1	1	1	8	16	4	16	5	5	22	22	5	14	21	22	29	29
9510	5	5	5	14	5	27	5	14	5	5	2	6	3	3	1	1	1	9	1	1	1	28	26	26	3	14	5	5	5	5	5	11	5	5	5	5	5	5	5	5	5	5	5	5	18	26	29	29	1	1	21	29	21	21	21	21	29	21	2	31	5	5	5	5	5	5	5	5	13	13
9520	17	5	5	14	5	27	5	14	5	5	1	6	1	3	1	1	1	9	1	1	1	28	1	26	1	14	5	5	5	5	5	11	5	5	5	5	5	5	5	5	5	5	5	5	1	1	12	12	1	1	1	12	1	1	1	1	1	1	4	1	5	5	12	5	3	28	4	21	4	4
9530	5	5	8	14	22	27	5	14	5	5	1	6	3	3	1	1	4	9	1	1	28	28	6	26	5	14	13	5	5	5	5	11	5	5	5	5	5	5	5	5	5	5	5	13	5	20	5	5	28	28	28	28	28	28	28	28	31	31	2	31	5	5	8	22	3	22	14	8	22	22
9540	1	5	5	14	28	27	5	14	5	5	2	6	8	3	1	1	1	9	1	1	12	28	7	26	3	14	5	5	5	5	3	11	5	5	5	5	5	5	5	14	5	5	3	5	7	7	1	7	1	12	1	1	1	1	1	1	16	16	1	16	5	5	12	28	1	12	1	12	1	1
9550	5	5	14	14	9	27	5	14	5	5	28	6	1	3	1	1	1	9	1	1	1	28	10	26	3	14	5	5	5	5	5	11	5	5	5	5	5	5	5	5	5	5	5	5	19	19	3	30	1	1	1	7	1	1	1	1	1	1	5	28	5	5	4	23	4	14	14	4	14	14
9560	5	5	5	14	31	27	5	14	5	5	2	6	11	3	1	1	1	9	1	1	1	28	7	26	5	14	5	5	5	5	3	11	5	5	5	5	5	5	5	14	5	5	5	5	12	21	1	12	1	1	1	1	1	1	1	1	18	18	2	26	5	5	26	31	5	5	31	31	31	31
9570	5	5	5	14	5	27	5	14	5	5	29	6	1	3	1	1	1	9	1	1	1	28	4	26	5	14	5	5	5	5	4	11	5	5	5	5	5	5	15	15	5	15	5	5	5	15	5	5	1	1	1	12	1	1	1	1	1	1	2	29	5	5	5	5	20	5	12	20	20	20
9580	5	5	5	14	27	27	5	14	5	5	1	6	1	3	1	1	1	9	1	1	1	28	31	26	3	14	5	5	5	5	5	11	5	5	5	5	5	5	5	5	5	5	5	5	28	31	28	28	1	1	28	28	24	28	28	28	31	28	1	31	5	5	31	27	5	5	15	31	23	23
9590	5	5	5	14	12	27	5	14	5	5	1	6	3	3	1	1	1	9	1	1	23	28	18	26	3	14	5	5	5	5	11	11	5	5	5	5	5	5	25	25	25	25	3	25	7	18	1	7	1	23	1	1	1	1	1	1	7	7	5	7	5	5	12	12	5	5	5	12	5	5
9600	3	5	14	14	30	27	5	14	5	5	31	6	1	3	1	1	1	9	1	1	12	28	4	26	25	14	5	5	5	5	4	11	5	5	5	5	5	5	5	15	5	5	5	5	5	25	5	5	12	12	1	12	1	1	1	1	1	1	11	31	5	5	16	30	3	14	5	16	25	25
9610	5	5	5	14	21	27	5	14	5	5	1	6	7	3	1	1	1	9	1	1	1	28	31	26	3	14	5	5	5	5	3	11	5	5	5	5	5	5	5	14	5	5	5	5	12	31	1	12	1	1	1	1	1	1	1	1	1	7	5	1	5	5	5	21	5	5	3	5	14	14
9620	5	5	5	14	14	27	5	14	5	5	3	6	4	3	3	1	1	9	1	1	28	28	5	26	5	14	15	5	5	5	14	11	5	5	5	5	5	5	5	14	5	5	5	15	5	5	5	5	12	28	1	12	9	1	18	18	18	18	3	18	5	5	5	14	5	5	11	5	11	11
9630	14	5	3	14	3	27	5	14	5	5	2	6	12	3	9	1	1	9	1	1	1	28	18	26	3	14	5	5	5	5	5	11	5	5	5	5	5	5	5	5	5	5	5	5	12	18	12	12	1	1	1	12	1	1	4	9	29	23	1	31	7	5	6	7	3	14	2	16	6	6
9640	15	5	5	14	3	27	5	14	5	5	2	6	4	3	1	1	4	9	1	1	24	28	12	26	5	14	5	5	5	5	5	11	5	5	5	5	5	5	5	5	5	5	5	5	5	12	5	5	20	28	20	20	23	28	31	23	29	31	4	31	31	5	14	31	5	15	2	14	10	10
9650	3	5	13	14	23	27	12	14	5	5	5	6	5	3	5	1	5	9	5	1	5	28	22	26	3	14	5	5	5	5	5	11	5	5	5	5	5	5	5	5	5	5	5	5	5	22	5	5	5	5	5	5	5	5	5	5	5	5	5	5	4	12	28	23	3	22	5	31	5	5
9660	14	5	3	14	11	27	8	14	1	5	22	6	1	3	1	1	9	9	12	1	1	28	5	26	5	14	13	5	5	5	3	11	5	5	5	5	5	5	5	14	5	5	5	13	14	5	5	14	5	12	5	5	9	23	1	9	1	1	2	27	5	16	2	25	23	14	23	28	28	28
9670	5	5	3	14	22	27	5	14	5	5	2	6	25	3	1	1	4	9	1	1	28	28	2	26	14	14	5	5	5	5	3	11	5	5	5	5	5	5	14	14	14	14	5	14	5	22	5	5	28	28	28	28	6	28	2	6	30	30	22	30	5	5	3	22	26	14	2	26	22	22
9680	5	5	5	14	31	27	5	14	5	5	2	6	5	3	1	1	1	9	1	1	1	28	10	26	3	14	5	5	5	5	4	11	5	5	5	5	5	5	15	15	5	15	5	5	19	19	30	30	1	1	29	31	29	29	29	29	29	29	3	31	5	5	1	31	29	5	3	29	3	3
9690	5	5	5	14	16	27	5	14	5	5	1	6	3	3	1	1	1	9	1	1	17	28	26	26	5	14	5	5	5	5	3	11	5	5	5	5	5	5	5	14	5	5	5	5	13	31	2	13	17	17	9	17	9	9	9	9	18	18	21	18	5	5	16	27	5	5	5	27	21	21
9700	5	5	5	14	20	27	14	14	5	5	2	6	3	3	1	1	4	9	1	1	1	28	19	26	5	14	5	5	5	5	4	11	5	5	5	5	5	5	5	15	5	5	5	5	24	30	24	24	1	1	28	28	28	28	20	28	27	27	2	27	4	14	26	28	5	5	4	31	10	10
9710	5	5	23	14	7	27	5	14	5	5	20	6	1	3	1	1	1	9	1	1	1	28	27	26	5	14	5	5	5	5	14	11	5	5	5	5	5	5	5	14	5	5	5	5	12	27	1	12	7	1	1	7	1	1	1	1	1	1	8	20	5	5	2	21	27	23	3	27	8	8
9720	5	5	21	14	7	27	3	14	5	5	1	6	1	3	1	1	1	9	1	1	1	28	16	26	5	14	5	5	5	5	5	11	5	5	5	5	5	5	5	5	5	5	5	5	12	27	12	12	1	1	12	12	1	12	1	1	1	1	1	1	3	14	1	7	18	21	11	18	18	18
9730	5	5	5	14	16	27	5	14	5	5	2	6	5	3	1	1	4	9	1	1	1	28	19	26	5	14	5	5	5	5	18	11	5	5	5	5	5	5	21	29	5	21	5	5	30	30	30	30	1	1	29	31	29	29	29	29	29	29	10	31	5	5	20	27	5	5	4	20	10	10
9740	5	5	5	14	17	27	5	14	12	5	22	6	2	3	4	1	4	9	1	1	9	28	2	26	14	14	5	5	5	5	5	11	5	5	5	5	5	5	5	5	5	5	5	5	5	22	5	5	9	9	9	23	9	9	3	9	2	8	15	22	1	12	27	17	2	5	1	27	23	23
9750	5	5	15	14	26	27	5	14	5	5	1	6	3	3	12	1	1	9	1	1	12	28	16	26	5	14	5	5	5	5	5	11	5	5	5	5	5	5	5	5	5	5	5	5	5	27	5	5	12	12	1	12	1	1	12	12	16	21	1	16	5	5	1	31	4	15	2	9	6	6
9760	5	5	3	14	26	27	5	14	5	5	2	6	2	3	1	1	1	9	1	1	17	28	3	26	3	14	5	5	5	5	3	11	5	5	5	5	5	5	14	14	14	14	3	14	3	3	3	3	17	17	31	26	31	31	31	31	31	31	18	31	5	5	31	31	5	14	3	31	18	18
9770	5	5	5	14	1	27	5	14	12	5	6	6	1	3	1	1	1	9	1	1	1	28	26	26	5	14	5	5	5	5	5	11	5	5	5	5	5	5	5	5	5	5	5	5	12	31	12	12	1	1	12	12	1	12	1	1	1	1	5	6	1	12	1	1	6	5	11	6	25	25
9780	5	5	5	14	20	27	5	14	5	5	29	6	3	3	1	1	1	9	1	1	12	28	3	26	14	14	5	5	5	5	3	11	5	5	5	5	5	5	5	14	5	5	5	5	5	14	5	5	12	12	1	12	1	1	3	1	3	3	17	29	5	5	2	20	2	5	2	2	17	17
9790	5	5	15	14	31	27	5	14	5	5	17	6	5	3	5	1	5	9	5	1	5	28	9	26	5	14	5	5	5	5	5	11	5	5	5	5	5	5	5	5	5	5	5	5	5	23	5	5	5	5	5	5	5	5	5	5	5	5	14	28	5	5	19	31	3	15	1	19	21	21
9800	5	5	5	14	17	27	14	14	5	5	1	6	3	3	1	1	4	9	1	1	1	28	10	26	5	14	5	5	5	5	5	11	5	5	5	5	5	5	5	5	5	5	5	5	10	24	24	24	1	1	28	28	28	28	30	28	30	30	2	31	5	14	30	28	5	5	24	30	24	24
9810	5	5	5	14	1	27	12	14	5	5	2	6	2	3	5	1	1	9	1	1	20	28	1	26	14	14	5	5	5	5	5	11	5	5	5	5	5	5	5	5	5	5	13	5	5	21	5	13	20	20	1	20	1	1	5	12	27	13	1	27	1	12	4	1	30	5	1	30	1	1
9820	5	5	19	14	5	27	5	14	5	5	8	6	1	3	1	1	1	9	1	1	1	28	25	26	3	14	5	5	5	5	3	11	5	5	5	5	5	5	5	14	12	5	1	12	1	25	1	1	1	1	1	1	1	1	1	1	1	1	2	16	15	5	19	15	4	30	20	19	20	20
9830	5	5	5	14	5	27	29	14	5	5	3	6	3	3	1	1	1	9	1	1	1	28	3	26	14	14	5	5	5	5	3	11	5	5	5	5	5	5	5	14	5	5	5	5	5	14	5	5	1	1	1	12	1	1	1	1	7	7	3	7	19	29	4	30	4	5	3	4	3	3
9840	5	5	5	14	25	27	14	14	5	5	2	6	3	3	1	1	1	9	1	1	1	28	26	26	3	14	5	5	5	5	3	11	5	5	5	5	5	5	5	14	5	5	1	5	1	26	1	1	1	1	1	1	1	1	1	1	7	7	2	16	3	14	4	25	5	5	23	15	28	28
9850	5	5	5	14	5	27	5	14	5	5	28	6	3	3	3	1	4	9	1	1	1	28	3	26	3	14	5	5	5	5	11	11	5	5	5	5	5	5	25	25	25	25	11	25	3	3	11	11	1	1	11	18	3	11	3	3	3	3	5	31	5	5	5	5	5	5	5	5	5	5
9860	9	5	1	14	3	27	2	14	5	5	4	6	3	3	4	1	4	9	4	1	12	28	29	26	3	14	5	5	5	5	5	11	5	5	5	5	5	5	5	5	5	5	5	5	12	29	12	12	1	23	4	12	4	4	5	4	14	14	5	25	2	13	4	8	27	9	19	31	30	30
9870	5	5	5	14	27	27	14	14	5	5	4	6	3	3	1	1	1	9	1	1	1	28	10	26	5	14	5	5	5	5	5	11	5	5	5	5	5	5	5	5	5	5	5	5	5	24	5	5	1	1	1	12	1	1	12	1	7	21	5	18	3	14	31	27	5	5	14	31	14	14
9880	5	5	8	14	29	27	5	14	5	5	19	6	1	3	1	1	9	9	1	1	1	28	17	26	5	14	5	5	5	5	5	11	5	5	5	5	5	5	5	5	5	5	5	5	12	28	1	12	1	1	1	1	9	9	1	9	1	1	9	26	5	5	15	29	5	22	3	15	18	18
9890	5	5	5	14	27	27	5	14	5	5	2	6	3	3	1	1	1	9	1	1	9	28	10	26	5	14	5	5	5	5	3	11	5	5	5	5	5	5	14	14	14	14	5	14	24	24	24	24	4	9	15	24	23	23	23	23	29	29	27	31	4	5	27	31	5	5	1	27	27	27
9900	5	5	5	14	27	27	5	14	5	5	2	6	4	3	1	1	1	9	1	1	1	28	26	26	5	14	5	5	5	5	4	11	5	5	5	5	5	5	5	15	5	5	5	5	30	31	30	30	1	1	31	31	31	31	31	31	31	31	5	31	5	5	17	27	5	5	1	28	12	12
9910	5	5	5	14	16	27	22	14	5	5	3	6	8	3	1	1	1	9	1	1	1	28	26	26	5	14	5	5	5	5	15	11	5	5	5	5	5	5	5	15	5	5	5	5	12	31	1	12	1	1	1	1	1	1	1	1	16	16	5	16	5	22	4	27	20	5	12	28	12	12
9920	5	5	16	14	5	27	5	14	5	5	1	6	7	3	1	1	12	9	5	1	5	28	3	26	14	14	5	5	5	5	5	11	5	5	5	5	5	5	5	5	5	5	5	5	14	14	12	14	5	5	5	12	1	12	1	1	7	7	1	7	5	5	3	5	22	27	20	22	20	20
9930	11	5	3	14	30	27	14	14	5	5	2	6	8	3	14	1	5	9	1	1	1	28	5	26	5	14	5	5	5	5	5	11	5	5	5	5	5	5	5	5	5	5	5	5	1	5	12	12	1	1	5	12	5	5	2	14	2	8	9	2	4	14	23	30	2	11	1	28	9	9
9940	5	5	5	14	14	27	3	14	5	5	2	6	3	3	1	1	1	9	1	1	1	28	29	26	3	14	5	5	5	5	5	11	5	5	5	5	5	5	5	5	5	5	5	5	9	29	12	23	1	1	12	12	12	12	23	12	29	29	2	31	5	14	28	14	3	5	28	31	28	28
9950	5	5	3	14	4	27	22	14	5	5	3	6	9	3	1	1	1	9	1	1	1	28	26	26	3	14	5	5	5	5	5	11	5	5	5	5	5	5	5	5	5	5	5	5	20	26	6	20	1	1	1	6	1	1	1	1	18	9	13	18	3	22	4	11	27	14	4	31	24	24
9960	2	5	8	14	6	27	5	14	5	5	4	6	3	3	2	1	8	9	4	1	15	28	14	26	3	14	5	5	5	5	5	11	5	5	5	5	5	5	5	5	5	5	5	5	24	14	2	24	5	15	2	13	8	8	14	8	14	14	4	25	2	5	1	6	1	8	4	1	4	4
9970	24	5	3	14	21	27	4	14	5	5	4	6	3	3	1	1	1	9	1	1	1	28	26	26	5	14	5	5	5	5	4	11	5	5	5	5	5	5	15	15	15	15	4	15	17	31	1	17	1	1	1	1	1	1	1	1	7	7	15	18	4	15	31	29	1	30	5	31	15	15
9980	12	5	5	14	5	27	5	14	5	5	1	6	1	3	1	1	1	9	1	1	1	28	6	26	3	14	5	5	5	5	5	11	5	5	5	5	5	5	5	5	5	5	5	5	6	16	1	20	1	1	1	1	1	1	1	1	1	1	3	1	5	5	5	5	5	12	14	5	14	14
9990	5	5	5	14	5	27	5	14	5	5	30	6	1	3	1	1	1	9	1	1	1	28	17	26	5	14	5	5	5	5	5	11	5	5	5	5	5	5	5	5	5	5	5	5	23	28	23	23	1	1	1	23	1	1	1	1	1	1	3	31	14	5	5	14	5	5	9	5	18	18
10000	4	5	3	14	24	27	5	14	13	5	1	6	1	3	1	1	1	9	1	1	4	28	3	26	14	14	5	5	5	5	22	11	5	5	5	5	5	5	8	22	22	22	5	22	5	14	12	5	1	9	1	12	1	1	1	1	6	1	1	6	5	13	8	24	3	11	5	8	12	12
10010	5	5	12	14	31	27	14	14	5	5	4	6	3	3	1	1	1	9	1	1	1	28	16	26	5	14	5	5	5	5	4	11	5	5	5	5	5	5	5	15	5	5	5	5	12	27	12	12	1	1	12	12	21	12	12	21	21	21	15	29	3	14	1	31	1	12	1	1	23	23
10020	5	5	5	14	8	27	5	14	5	5	2	6	3	3	1	1	4	9	1	1	12	28	3	26	14	14	5	5	5	5	4	11	5	5	5	5	5	5	5	15	5	5	5	5	3	14	14	14	5	12	15	14	15	15	23	23	25	29	4	30	5	5	8	22	5	5	14	22	25	25
10030	24	5	5	14	22	27	14	14	5	5	5	6	5	3	1	1	1	9	1	1	1	28	31	26	5	14	5	5	15	5	5	11	5	5	5	5	5	5	5	5	15	15	5	15	5	31	5	5	1	1	1	12	1	1	6	1	20	20	1	20	3	14	4	22	22	24	1	30	1	1
10040	5	5	5	14	31	27	5	14	5	5	2	6	2	3	1	1	1	9	4	1	23	28	7	26	5	14	5	5	5	5	5	11	5	5	5	5	5	5	5	5	5	5	5	5	5	21	5	5	12	23	12	12	12	12	12	12	20	20	7	20	5	5	28	31	5	5	3	28	7	7
10050	5	5	5	14	17	27	5	14	5	5	1	6	5	3	1	1	1	9	1	1	1	28	26	26	5	14	5	5	5	5	5	11	5	5	5	5	5	5	5	5	5	5	5	5	20	31	1	20	1	1	1	1	1	1	1	1	1	12	5	1	5	5	6	28	1	5	17	6	28	28
10060	5	5	5	14	24	27	5	14	5	5	3	6	30	3	2	1	1	9	1	1	1	28	3	26	14	14	5	5	5	5	15	11	5	5	5	5	5	5	5	15	5	5	5	5	5	14	5	5	1	1	1	12	1	1	2	6	31	30	5	31	5	5	3	24	13	5	6	22	20	20
10070	5	5	5	14	5	27	14	14	5	5	2	6	3	3	1	1	1	9	1	1	1	28	3	26	14	14	5	5	5	5	15	11	5	5	5	5	5	5	5	15	5	5	5	5	5	14	5	5	1	1	12	12	12	12	23	12	29	29	7	31	25	14	5	25	5	5	2	5	16	16
10080	5	5	5	14	12	27	14	14	5	5	2	6	3	3	1	1	1	9	1	1	1	28	10	26	5	14	5	5	5	5	4	11	5	5	5	5	5	5	5	15	5	5	5	5	5	24	5	5	1	1	12	12	12	12	12	12	29	21	11	31	5	14	5	12	5	5	2	5	19	19
10090	5	5	3	14	5	27	5	14	5	5	6	6	4	3	1	1	1	9	1	1	1	28	3	26	5	14	5	5	5	5	3	11	5	5	5	5	5	5	5	14	5	5	5	5	5	14	5	5	1	1	1	12	1	1	9	1	1	9	2	6	5	5	5	5	13	14	12	13	20	20
10100	5	5	5	14	27	27	14	14	5	5	1	6	8	3	1	1	1	9	1	1	1	28	6	26	5	14	5	5	5	5	4	11	5	5	5	5	5	5	15	15	5	15	5	5	12	20	1	12	1	1	1	1	1	1	1	1	16	16	4	16	3	14	14	27	5	5	14	14	25	25
10110	5	5	5	14	31	27	5	14	5	5	1	6	3	3	4	1	4	9	1	1	12	28	16	26	3	14	5	5	5	5	5	11	5	5	5	5	5	5	5	5	5	5	5	5	1	16	5	12	1	12	1	12	9	9	9	9	6	18	3	6	5	5	1	31	12	5	3	12	3	3
10120	5	5	5	14	1	27	3	14	14	5	12	6	1	3	1	1	1	9	1	1	1	28	3	26	5	14	12	5	5	5	3	11	5	5	5	5	5	5	5	14	5	5	12	12	5	14	1	12	1	1	1	1	1	1	1	1	1	1	2	12	23	14	1	23	13	5	5	20	13	13
10130	5	5	5	14	27	27	5	14	5	5	2	6	3	3	1	1	4	9	1	1	1	28	17	26	3	14	5	5	5	5	4	11	5	5	5	5	5	5	5	15	5	5	5	5	6	26	20	20	1	1	20	20	28	28	23	28	25	29	27	30	5	5	27	27	5	5	2	27	27	27
10140	5	5	5	14	2	27	3	14	5	5	27	6	5	3	5	1	5	9	1	1	1	28	3	26	14	14	5	5	5	5	5	11	5	5	5	5	5	5	5	5	5	5	5	5	5	14	5	5	5	1	5	5	5	5	5	5	5	5	4	27	3	14	3	8	26	5	22	26	30	30
10150	5	5	3	14	2	27	5	14	5	5	31	6	1	3	5	1	1	9	1	1	1	28	16	26	3	14	5	5	5	5	24	11	5	5	5	5	5	5	13	24	5	13	5	5	1	16	1	12	1	1	1	1	1	1	23	12	4	23	1	31	13	5	5	13	6	14	9	20	9	9
10160	5	5	5	14	15	27	5	14	5	5	2	6	2	3	6	1	1	9	1	1	1	28	26	26	3	14	5	5	5	5	5	11	5	5	5	5	5	5	5	5	5	5	5	5	1	26	1	12	1	1	1	1	1	1	2	6	2	2	8	2	2	5	7	24	4	5	2	18	8	8
10170	5	5	14	14	4	27	25	14	5	5	2	6	3	3	9	1	1	9	1	1	12	28	19	26	5	14	5	5	5	5	3	11	5	5	5	5	14	5	5	14	5	5	5	5	30	30	25	30	5	12	5	25	1	12	9	9	18	18	1	26	15	25	4	15	12	14	12	23	12	12
10180	20	5	5	14	29	27	5	14	5	5	25	6	3	3	1	1	7	9	1	1	1	28	19	26	5	14	5	5	5	5	5	11	5	5	5	5	5	5	5	5	5	5	5	5	15	30	1	15	1	1	1	1	7	7	3	7	3	3	3	25	5	5	4	29	4	20	7	4	7	7
10190	5	5	25	14	29	27	5	14	5	5	5	6	4	3	17	1	4	9	1	1	1	28	18	26	5	14	5	5	5	5	5	11	5	5	5	5	5	5	5	5	5	5	5	5	29	29	29	29	1	1	4	29	4	4	6	17	17	17	24	28	5	5	18	29	5	25	4	29	24	24
10200	3	5	2	14	23	27	12	14	5	5	1	6	4	3	3	1	3	9	4	1	15	28	1	26	1	14	5	5	5	5	5	11	5	5	5	5	5	5	5	5	5	5	5	5	13	1	5	13	5	15	9	5	18	18	9	18	1	9	1	1	5	12	2	23	2	8	10	2	17	17
10210	5	5	5	14	14	27	14	14	5	5	1	6	3	3	1	1	1	9	1	1	1	28	19	26	3	14	5	5	5	5	4	11	5	5	5	5	5	5	5	15	5	5	5	5	12	19	1	12	1	1	1	1	1	1	1	1	7	7	16	7	3	14	26	14	5	5	4	31	26	26
10220	5	5	5	14	31	27	14	14	5	5	2	6	3	3	1	1	4	9	1	1	7	28	19	26	3	14	5	5	5	5	3	11	5	5	5	5	5	5	14	14	5	14	5	5	19	19	30	30	1	7	27	31	31	31	28	31	31	31	4	31	5	14	27	31	1	5	29	27	29	29
10230	9	5	3	14	3	27	5	14	14	5	1	6	9	3	1	1	1	9	7	1	4	28	9	26	5	14	5	5	5	5	5	11	5	5	5	5	5	5	5	5	5	5	5	5	23	23	23	23	4	18	1	23	1	1	1	1	9	9	24	9	5	14	5	14	3	18	2	14	24	24
10240	5	5	14	14	18	27	5	14	5	5	1	6	3	3	5	1	1	9	1	1	1	28	26	26	3	14	5	5	5	5	14	11	5	5	5	5	5	5	14	14	14	14	5	14	27	26	31	27	1	1	31	31	31	31	31	31	31	31	21	31	5	5	18	29	3	14	3	18	21	21
10250	5	5	5	14	2	27	5	14	5	5	1	6	1	3	1	1	1	9	1	1	12	28	4	26	14	14	5	5	5	5	5	11	5	5	5	5	5	5	5	5	5	5	5	5	5	25	5	5	12	12	1	12	1	1	1	1	1	1	15	1	21	5	25	27	4	5	5	25	15	15
10260	13	5	5	14	19	27	5	14	5	5	1	6	3	3	1	1	12	9	1	1	1	28	26	26	5	14	5	5	5	5	5	11	5	5	5	5	5	5	5	5	5	5	5	5	12	31	12	12	1	1	1	12	12	12	12	12	27	21	3	27	5	5	27	30	5	13	8	27	8	8
10270	5	5	5	14	31	27	5	14	5	5	1	6	3	3	1	1	5	9	2	1	13	28	26	26	3	14	5	5	5	5	5	11	5	5	5	5	5	5	5	5	5	5	5	5	26	26	26	31	5	13	31	31	31	31	31	31	31	31	5	31	5	5	17	31	5	5	14	28	14	14
10280	1	5	5	14	1	27	25	14	5	5	27	6	3	3	1	1	2	9	4	1	14	28	8	26	3	14	5	5	5	5	5	11	5	5	5	5	5	5	5	5	5	5	5	5	5	8	5	5	30	25	27	30	7	27	3	7	3	3	3	27	29	25	1	29	5	12	4	12	11	11
10290	5	5	5	14	13	27	5	14	5	5	2	6	5	3	1	1	5	9	1	1	23	28	4	26	5	14	5	5	5	5	4	11	5	5	5	5	5	5	5	15	5	5	5	5	5	15	5	5	5	23	5	5	5	5	5	12	5	5	1	13	5	5	8	13	4	5	18	19	18	18
10300	5	5	5	14	14	27	5	14	5	5	3	6	2	3	4	1	21	9	4	1	4	28	31	26	5	14	5	5	5	5	5	11	5	5	5	5	5	5	5	5	5	5	5	5	15	31	4	15	4	4	4	4	29	29	18	29	9	26	1	18	3	5	2	14	5	5	1	13	1	1
10310	24	5	2	14	2	27	8	14	5	5	5	6	5	3	4	1	5	9	1	1	1	28	3	26	3	14	5	5	5	5	5	11	5	5	5	5	5	5	5	5	5	5	5	5	1	3	1	12	1	1	1	1	12	12	5	23	5	5	3	5	2	22	17	2	5	24	16	28	16	16
10320	5	5	5	14	29	27	30	14	5	5	2	6	3	3	1	1	1	9	1	1	13	28	28	26	5	14	5	5	5	5	3	11	5	5	5	5	5	5	14	14	5	14	5	5	5	28	5	5	20	20	1	20	1	1	1	1	21	7	24	27	3	30	4	29	31	5	5	31	24	24
10330	5	5	5	14	19	27	5	14	5	5	1	6	3	3	1	1	23	9	1	1	1	28	20	26	5	14	5	5	5	5	5	11	5	5	5	5	5	5	5	5	5	5	5	5	12	20	1	12	1	1	1	1	23	23	23	23	31	29	3	31	5	5	4	30	1	5	1	9	7	7
10340	5	5	25	14	5	27	5	14	5	5	2	6	23	3	4	1	2	9	5	1	5	28	16	26	3	14	5	5	5	5	5	11	5	5	5	5	5	5	5	5	5	5	5	5	13	16	13	13	5	5	2	13	2	2	2	10	28	28	4	28	5	5	4	5	1	25	12	9	23	23
10350	5	5	14	14	5	27	5	14	5	5	2	6	3	3	1	1	1	9	1	1	17	28	8	26	5	14	5	5	5	5	4	11	5	5	5	5	5	5	5	15	5	5	5	5	5	22	5	5	17	17	9	28	23	9	15	23	11	25	3	19	5	5	12	5	3	14	5	21	14	14
10360	5	5	14	14	5	27	5	14	5	5	1	6	3	3	1	1	4	9	1	1	1	28	17	26	5	14	5	5	5	5	3	11	5	5	5	5	5	5	5	14	5	5	5	5	23	28	23	23	1	1	23	23	23	23	23	23	29	29	1	29	5	5	5	5	5	14	5	5	12	12
10370	5	5	11	14	16	27	5	14	5	5	20	6	1	3	1	1	1	9	1	1	1	28	17	26	5	14	5	5	5	5	11	11	5	5	5	5	5	5	5	25	5	5	5	5	20	28	20	20	1	1	1	20	1	1	1	1	1	1	8	20	5	5	26	27	4	25	3	26	8	8
10380	5	5	15	14	5	27	25	14	5	5	1	6	3	3	3	1	4	9	1	1	1	28	26	26	3	14	5	5	5	5	5	11	5	5	5	5	5	5	5	5	5	5	5	5	26	26	31	31	1	1	31	31	31	31	28	31	31	31	7	31	15	25	4	15	4	15	5	4	21	21
10390	5	5	21	14	5	27	5	14	5	5	1	6	3	3	1	1	4	9	1	1	1	28	8	26	3	14	5	5	5	5	3	11	5	5	5	5	5	5	5	14	5	5	5	5	8	8	22	22	1	1	16	27	26	26	26	26	19	26	5	26	5	5	20	5	5	21	12	20	12	12
10400	5	5	15	14	13	27	5	14	5	5	8	6	1	3	1	1	1	9	1	1	1	28	26	26	3	14	5	5	5	5	5	11	5	5	5	5	5	5	5	5	5	5	5	5	7	26	1	21	1	1	1	1	1	1	1	1	1	1	4	16	5	5	1	13	9	15	4	9	4	4
10410	5	5	27	14	17	27	21	14	5	5	2	6	3	3	1	1	28	9	1	1	1	28	26	26	5	14	5	5	5	5	5	11	5	5	5	5	5	5	5	5	5	5	5	5	12	31	12	12	1	1	5	12	28	28	28	28	31	31	4	31	4	21	7	17	1	27	4	7	4	4
10420	5	5	8	14	3	27	14	14	5	5	6	6	3	3	1	1	7	9	1	1	1	28	6	26	5	14	5	5	5	5	14	11	5	5	5	5	5	5	14	14	14	14	5	14	20	20	6	20	1	1	1	6	7	7	3	7	3	3	30	16	3	14	3	3	14	22	3	14	30	30
10430	5	5	21	14	28	27	14	14	5	5	1	6	1	3	1	1	1	9	1	1	20	28	26	26	5	14	5	5	5	5	5	11	5	5	5	5	5	5	5	5	5	5	5	5	23	31	1	23	20	20	12	20	1	12	1	1	1	1	18	1	3	14	4	31	2	21	4	10	18	18
10440	5	5	5	14	21	27	5	14	5	5	1	6	1	3	1	1	1	9	1	1	1	28	26	26	3	14	5	5	5	5	5	11	5	5	5	5	5	5	5	5	5	5	5	5	1	26	1	12	1	1	1	1	1	1	1	1	1	1	7	1	5	5	1	21	1	5	5	1	21	21
10450	5	5	5	14	3	27	14	14	5	5	4	6	3	3	4	1	23	9	1	1	12	28	11	26	5	14	5	5	5	5	4	11	5	5	5	5	5	5	5	15	5	5	5	5	5	25	5	5	12	12	5	12	23	23	23	23	21	29	2	29	3	14	5	3	5	5	2	5	2	2
10460	5	5	5	14	5	27	5	14	5	5	3	6	3	3	1	1	1	9	1	1	1	28	26	26	5	14	5	5	5	5	3	11	5	5	5	5	3	5	3	3	14	14	3	14	13	31	22	22	1	1	7	27	7	7	3	7	3	3	11	3	5	5	5	5	12	5	3	12	11	11
10470	5	5	5	14	20	27	5	14	5	5	20	6	1	3	1	1	1	9	1	1	1	28	16	26	5	14	5	5	5	5	5	11	5	5	5	5	5	5	5	5	5	5	5	5	20	27	1	20	1	1	1	1	1	1	1	1	1	1	9	20	5	5	3	20	13	5	2	22	17	17
10480	5	5	5	14	18	27	5	14	5	5	2	6	2	3	6	1	1	9	1	1	1	28	26	26	5	14	5	5	5	5	11	11	5	5	5	5	5	5	5	25	5	5	5	5	25	31	25	25	1	1	1	29	1	1	2	6	24	2	18	24	5	5	25	29	5	5	2	25	26	26
10490	5	5	5	14	5	27	5	14	5	5	1	6	3	3	1	1	4	9	1	1	1	28	19	26	5	14	5	5	5	5	4	11	5	5	5	5	5	5	5	15	5	5	5	5	13	30	13	13	1	1	13	20	24	24	28	28	31	31	11	31	5	5	5	5	5	5	5	5	25	25
10500	5	5	21	14	5	27	14	14	5	5	1	6	3	3	1	1	1	9	1	1	1	28	26	26	5	14	5	5	5	5	3	11	5	5	5	5	5	5	5	14	5	5	5	5	27	31	27	27	1	1	1	27	1	1	1	1	7	7	1	7	5	14	5	5	5	21	1	5	1	1
10510	5	5	5	14	27	27	3	14	5	5	2	6	3	3	1	1	4	9	1	1	1	28	26	26	3	14	13	5	5	5	4	11	5	5	5	5	5	5	5	15	5	5	2	13	26	26	18	26	1	1	18	18	18	18	18	18	18	18	5	26	3	14	5	27	5	5	5	5	5	5
10520	3	5	29	14	21	27	6	14	5	5	1	6	3	3	3	1	4	9	1	1	1	28	17	26	3	14	5	5	5	5	3	11	5	5	5	5	5	5	5	14	5	5	5	5	26	26	26	31	1	1	4	26	11	4	25	11	25	25	1	29	5	20	1	21	8	29	1	16	1	1
10530	5	5	5	14	14	27	5	14	5	5	1	6	1	3	1	1	1	9	1	1	5	28	3	26	3	14	5	5	5	5	5	11	5	5	5	5	5	5	5	5	5	5	5	5	16	3	21	27	1	12	1	21	1	1	1	1	1	1	3	1	5	5	27	14	5	5	30	27	30	30
10540	5	5	3	14	19	27	5	14	5	5	2	6	3	3	1	1	1	9	1	1	16	28	4	26	14	14	5	5	5	5	4	11	5	5	5	5	5	5	5	15	5	5	5	5	14	25	5	14	16	16	20	27	20	20	20	20	27	27	5	27	5	5	19	30	5	14	8	30	22	22
10550	5	5	14	14	3	27	14	14	5	5	2	6	7	3	1	1	1	9	1	1	12	28	11	26	3	14	5	5	5	5	5	11	5	5	5	5	5	5	5	5	5	5	5	5	3	11	3	14	12	12	1	21	1	1	1	1	7	7	1	16	8	14	22	8	5	14	22	22	27	27
10560	5	5	5	14	17	27	5	14	5	5	1	6	3	3	1	1	1	9	1	1	20	28	11	26	3	14	5	5	5	5	3	11	5	5	5	5	5	5	5	14	5	5	5	5	3	11	5	14	20	20	20	20	12	20	12	12	21	21	2	21	5	5	9	28	5	5	15	23	24	24
10570	5	5	23	14	12	27	14	14	5	5	1	6	3	3	1	1	4	9	1	1	1	28	31	26	3	14	5	5	5	5	3	11	5	5	5	5	5	5	5	14	5	5	5	5	24	31	24	24	1	1	28	28	28	28	24	28	30	30	5	31	5	14	1	12	19	23	20	26	20	20
10580	5	5	26	14	19	27	14	14	3	5	5	6	14	3	2	1	5	9	1	1	1	28	4	26	14	14	5	5	5	5	14	11	5	5	5	5	5	5	5	14	5	5	5	5	5	25	5	5	1	1	1	12	12	12	5	20	14	14	5	14	3	14	5	19	27	31	10	27	24	24
10590	14	5	3	14	5	27	5	14	5	5	4	6	4	3	1	1	1	9	1	1	21	28	17	26	5	14	5	5	5	5	5	11	5	5	5	5	5	5	5	5	5	5	5	5	5	28	5	5	21	21	7	21	1	7	1	1	4	9	1	4	5	5	5	5	30	14	1	30	1	1
10600	5	5	5	14	3	27	14	14	5	5	2	6	3	3	1	1	3	9	1	1	1	28	26	26	3	14	5	5	5	5	3	11	5	5	5	5	5	5	5	14	5	5	5	5	11	26	25	25	1	1	25	29	25	25	14	29	14	14	14	22	3	14	3	3	15	5	4	25	25	25
10610	5	5	27	14	30	27	5	14	5	5	2	6	3	3	1	1	1	9	1	1	1	28	26	26	3	14	5	5	5	5	4	11	5	5	5	5	5	5	5	15	5	5	5	5	26	26	30	31	1	1	31	31	31	31	29	31	29	29	25	31	5	5	14	30	1	27	1	21	29	29
10620	5	5	14	14	5	27	25	14	5	5	1	6	3	3	1	1	1	9	1	1	1	28	26	26	5	14	5	5	5	5	5	11	5	5	5	5	5	5	5	5	5	5	5	5	31	31	31	31	1	1	31	31	31	31	30	31	30	30	21	31	25	25	5	25	15	14	3	15	21	21
10630	5	5	5	14	29	27	14	14	5	5	1	6	3	3	1	1	4	9	1	1	1	28	3	26	14	14	5	5	5	5	3	11	5	5	5	5	5	5	5	14	5	5	5	5	5	14	15	5	1	1	15	23	15	15	29	23	25	29	4	29	3	14	25	29	5	5	10	25	10	10
10640	5	5	5	14	31	27	5	14	5	5	2	6	3	3	1	1	1	9	1	1	6	28	10	26	5	14	5	5	5	5	5	11	5	5	5	5	5	5	5	5	5	5	5	5	24	24	24	24	2	6	24	24	28	28	28	28	29	31	2	31	5	5	30	31	5	5	2	30	2	2
10650	5	5	14	14	16	27	5	14	5	5	2	6	3	3	1	1	4	9	1	1	1	28	26	26	5	14	5	5	5	5	5	11	5	5	5	5	5	5	5	5	5	5	5	5	17	31	28	28	1	1	28	28	28	28	28	28	31	31	14	31	5	5	7	27	3	14	3	7	14	14
10660	5	5	3	14	2	27	24	14	5	5	1	6	2	3	1	1	1	9	1	1	1	28	16	26	3	14	5	5	5	5	5	11	5	5	5	5	5	5	5	5	5	5	5	5	2	16	2	13	1	1	1	6	1	1	1	1	6	6	9	6	4	24	12	10	1	14	3	12	18	18
10670	5	5	5	14	27	27	11	14	5	5	2	6	3	3	9	1	5	9	1	1	1	28	29	26	3	14	5	5	5	5	3	11	5	5	5	5	5	5	5	14	5	5	5	5	12	29	12	12	1	1	12	12	1	12	9	9	18	18	4	26	4	25	26	31	5	5	14	31	25	25
10680	5	5	6	14	3	27	5	14	5	5	11	6	1	3	1	1	1	9	23	1	4	28	5	26	12	14	5	5	5	5	5	11	5	5	5	5	5	5	5	5	5	5	5	5	5	12	5	5	23	23	1	23	1	1	1	1	1	1	2	18	10	5	3	19	12	20	1	21	6	6
10690	24	5	4	14	13	27	2	14	2	5	4	6	11	3	1	1	1	9	3	1	8	28	17	26	5	14	5	5	5	5	5	11	5	5	5	5	5	5	5	5	5	5	5	5	5	28	5	5	3	8	3	14	7	7	1	7	16	18	25	26	2	2	1	13	5	24	3	12	25	25
10700	5	5	5	14	2	27	15	14	4	5	3	6	2	3	5	1	25	9	5	1	5	28	24	26	5	14	5	5	5	5	5	11	5	5	5	5	5	5	5	5	5	5	5	5	15	24	5	15	5	5	5	5	25	25	30	25	14	30	18	14	27	15	2	27	5	5	5	13	29	29
10710	3	5	12	14	1	27	13	14	2	5	3	6	10	3	1	1	1	9	1	1	1	28	18	26	5	14	5	5	5	5	12	11	5	5	5	5	5	5	5	12	5	5	5	5	12	29	1	12	1	1	1	1	1	1	1	1	17	17	29	26	1	13	18	1	3	21	2	18	31	31
10720	5	5	11	14	31	27	5	14	5	5	2	6	3	3	1	1	1	9	1	1	9	28	3	26	14	14	5	5	5	5	3	11	5	5	5	5	5	5	5	14	5	5	5	5	5	14	5	5	9	9	9	23	9	9	23	9	29	29	1	31	5	5	5	31	31	25	12	31	12	12
10730	5	5	31	14	26	27	5	14	5	5	2	6	3	3	1	1	1	9	1	1	23	28	3	26	14	14	5	5	5	5	5	11	5	5	5	5	5	5	5	5	5	5	5	5	14	14	5	14	12	23	1	12	1	1	1	1	7	7	13	16	5	5	3	31	28	31	2	31	13	13
10740	5	5	5	14	22	27	5	14	5	5	4	6	3	3	1	1	1	9	1	1	1	28	8	26	3	14	5	5	5	5	5	11	5	5	5	5	5	5	5	5	5	5	5	5	8	8	14	22	1	1	1	21	1	1	1	1	7	7	3	18	5	5	15	22	5	5	11	15	11	11
10750	5	5	5	14	5	27	5	14	5	5	5	6	3	3	1	1	1	9	1	1	1	28	26	26	3	14	5	5	5	5	3	11	5	5	5	5	5	5	5	14	5	5	5	5	26	26	31	31	1	1	26	31	26	26	26	26	26	26	3	31	5	5	5	5	1	5	13	12	22	22
10760	5	5	14	14	17	27	5	14	5	5	1	6	3	3	1	1	1	9	1	1	1	28	26	26	3	14	5	5	5	5	5	11	5	5	5	5	5	5	5	5	5	5	5	5	26	26	31	31	1	1	31	31	31	31	31	31	29	31	4	29	5	5	20	28	3	14	4	27	4	4
10770	15	5	3	14	27	27	14	14	5	5	1	6	3	3	1	1	4	9	2	1	10	28	28	26	3	14	5	5	5	5	3	11	5	5	5	5	5	5	5	14	5	5	5	5	31	31	31	31	4	10	31	31	31	31	20	31	27	27	4	27	3	14	29	27	5	25	4	29	4	4
10780	5	5	3	14	7	27	5	14	5	5	1	6	3	3	1	1	1	9	1	1	9	28	17	26	3	14	5	5	5	5	5	11	5	5	5	5	5	5	5	5	5	5	5	5	26	26	31	31	1	9	31	31	28	31	28	28	31	31	26	31	5	5	14	21	3	14	5	14	31	31
10790	3	5	3	14	31	27	5	14	5	5	3	6	11	3	9	1	1	9	1	1	9	28	26	26	3	14	15	5	5	5	5	11	5	5	5	5	5	5	5	5	5	5	1	15	1	26	1	1	1	9	1	1	1	1	1	9	29	18	4	29	5	5	12	31	1	3	4	12	4	4
10800	5	5	5	14	5	27	5	14	5	5	10	6	4	3	3	1	1	9	2	1	2	28	4	26	2	14	12	5	5	5	5	11	5	5	5	5	5	5	5	5	5	5	5	12	28	10	4	28	2	2	21	10	3	21	4	3	4	4	2	10	5	5	4	5	31	5	11	31	19	19
10810	15	5	1	14	5	27	5	14	5	5	5	6	2	3	4	1	4	9	1	1	1	28	1	26	5	14	5	5	5	5	5	11	5	5	5	5	5	5	5	5	5	5	5	5	12	12	1	12	9	1	4	9	4	4	4	4	10	10	3	24	5	5	4	5	4	23	15	4	25	25
10820	5	5	27	14	3	27	29	14	2	5	4	6	4	3	4	1	1	9	1	1	1	28	3	26	3	14	5	5	5	5	3	11	5	5	5	5	14	5	14	14	14	14	3	14	3	3	3	3	1	1	1	7	4	1	4	4	4	4	5	4	11	31	3	11	31	27	14	31	14	14
10830	5	5	14	14	31	27	5	14	5	5	1	6	3	3	1	1	4	9	1	1	1	28	26	26	3	14	5	5	5	5	3	11	5	5	5	5	5	5	5	14	5	5	5	5	26	26	23	31	1	1	9	23	9	9	9	9	18	18	22	18	5	5	26	31	5	14	5	31	22	22
10840	5	5	22	14	3	27	14	14	5	5	2	6	5	3	1	1	1	9	1	1	12	28	14	26	5	14	5	5	5	5	5	11	5	5	5	5	5	5	5	5	5	5	5	5	5	14	5	5	12	12	1	12	1	1	9	1	12	23	3	20	22	14	29	22	1	22	3	29	3	3
10850	2	5	2	14	2	27	1	14	1	5	1	6	1	3	2	1	19	9	4	1	4	28	3	26	4	14	31	5	3	5	3	11	5	5	5	5	3	5	3	3	5	3	1	31	1	11	7	1	4	4	2	18	2	19	1	2	1	1	2	1	13	1	29	13	2	2	13	31	13	13
10860	5	5	8	14	3	27	5	14	5	5	7	6	3	3	1	1	1	9	1	1	1	28	18	26	5	14	5	5	5	5	5	11	5	5	5	5	5	5	5	5	5	5	5	5	12	29	1	12	1	1	1	1	1	1	1	1	1	7	2	7	3	5	3	3	21	22	28	21	28	28
10870	5	5	14	14	3	27	14	14	5	5	1	6	1	3	1	1	1	9	1	1	1	28	26	26	5	14	5	5	5	5	3	11	5	5	5	5	5	5	5	14	5	5	5	5	12	31	1	12	1	1	1	1	1	1	1	1	1	1	13	1	3	14	3	3	8	14	5	8	13	13
10880	5	5	16	14	16	27	14	14	5	5	3	6	11	3	1	1	1	9	1	1	1	28	6	26	5	14	5	5	5	5	5	11	5	5	5	5	5	5	5	5	5	5	5	5	12	20	1	12	1	1	1	1	1	1	1	1	11	18	7	11	5	14	16	27	1	27	3	16	7	7
10890	5	5	6	14	3	27	3	14	3	5	4	6	5	3	5	1	5	9	5	1	21	28	2	26	16	14	5	5	5	5	3	11	5	5	5	5	5	5	5	14	5	5	5	5	5	16	5	5	5	21	5	5	5	5	5	5	5	5	9	15	12	3	5	21	23	20	2	23	17	17
10900	4	5	17	14	3	27	3	14	5	5	9	6	4	3	2	1	4	9	1	1	1	28	7	26	1	14	3	5	5	5	5	11	5	5	5	5	5	5	5	5	5	5	3	14	3	7	3	3	3	1	5	3	5	15	1	13	1	9	13	9	5	14	2	14	11	17	2	19	13	13
10910	3	5	14	14	23	27	25	14	5	5	28	6	3	3	19	1	1	9	1	1	2	28	4	26	5	14	5	5	5	5	5	11	5	5	5	5	5	5	5	5	5	5	5	5	5	15	5	5	6	6	12	20	5	12	3	30	3	3	3	31	5	25	16	23	2	14	2	16	8	8
10920	5	5	5	14	31	27	3	14	5	5	27	6	1	3	1	1	1	9	1	1	1	28	7	26	3	14	5	5	5	5	5	11	5	5	5	5	5	5	5	5	5	5	5	5	1	7	1	12	1	1	1	1	1	1	1	1	1	1	1	27	5	14	17	31	5	5	1	28	1	1
10930	5	5	5	14	1	27	5	14	5	5	12	6	1	3	1	1	1	9	1	1	4	28	9	26	5	14	5	5	5	5	4	11	5	5	5	5	5	5	5	15	5	5	5	5	5	23	5	5	1	9	1	12	1	1	1	1	1	1	2	12	22	5	2	27	7	5	10	16	10	10
10940	5	5	5	14	3	27	1	14	7	5	1	6	9	3	4	1	3	9	4	1	4	28	1	26	13	14	5	5	5	5	5	11	5	5	5	5	5	5	5	5	5	5	5	5	20	20	5	20	10	4	3	24	4	3	4	4	1	9	2	1	1	7	21	7	4	5	24	29	24	24
10950	5	5	14	14	20	27	14	14	5	5	2	6	2	3	1	1	4	9	1	1	12	28	16	26	3	14	5	5	5	5	4	11	5	5	5	5	5	5	5	15	5	5	5	5	6	16	20	20	5	12	20	20	28	28	28	28	28	28	5	28	3	14	5	27	5	14	5	5	5	5
10960	5	5	5	14	3	27	5	14	14	5	3	6	11	3	1	1	1	9	1	1	1	28	14	26	5	14	5	5	5	5	5	11	5	5	5	5	5	5	5	5	5	5	5	5	5	14	5	5	1	1	1	12	1	1	1	1	16	18	4	16	3	14	3	3	28	5	24	31	24	24
10970	5	5	5	14	26	27	5	14	5	5	1	6	3	3	1	1	4	9	1	1	1	28	26	26	3	14	5	5	5	5	4	11	5	5	5	5	5	5	5	15	5	5	5	5	26	26	31	31	1	1	31	31	31	31	30	31	30	30	26	31	5	5	27	31	5	5	5	27	31	31
10980	5	5	25	14	27	27	5	14	5	5	1	6	3	3	2	1	4	9	1	1	26	28	19	26	5	14	5	5	5	5	3	11	5	5	5	5	5	5	5	14	5	5	5	5	5	30	5	5	16	26	20	27	23	28	23	28	31	29	25	31	5	5	16	27	4	25	5	26	25	25
10990	13	5	3	14	12	27	14	14	5	5	2	6	14	3	1	1	1	9	1	1	12	28	28	26	5	14	5	5	5	5	5	11	5	5	5	5	5	5	5	5	5	5	5	5	5	28	5	5	12	12	12	12	12	12	5	12	14	14	25	22	3	14	8	21	4	22	3	19	25	25
11000	5	5	5	14	5	27	5	14	5	5	1	6	3	3	1	1	1	9	1	1	1	28	3	26	14	14	5	5	5	5	11	11	5	5	5	5	5	5	25	25	5	25	5	5	5	14	5	5	1	1	1	12	1	1	1	1	7	7	12	7	5	5	5	5	5	5	5	5	12	12
11010	5	5	5	14	26	27	5	14	5	5	13	6	1	3	1	1	1	9	1	1	1	28	9	26	5	14	5	5	5	5	3	11	5	5	5	5	5	5	5	14	5	5	5	5	5	23	5	5	1	1	1	12	1	1	1	1	1	1	2	20	5	5	18	31	1	5	5	18	13	13
11020	20	5	5	14	19	27	5	14	13	5	2	6	3	3	4	1	4	9	1	1	23	28	10	26	5	14	5	5	5	5	5	11	5	5	5	5	5	5	5	5	5	5	5	5	5	24	5	5	15	23	4	15	4	4	4	4	11	11	3	19	2	13	3	19	26	20	19	26	19	19
11030	2	5	2	14	3	27	5	14	5	5	2	6	2	3	1	1	2	9	5	1	2	28	14	26	5	14	5	5	5	5	3	11	5	5	5	5	14	5	5	14	5	5	5	5	5	14	2	5	13	13	2	13	2	2	2	6	2	2	3	2	3	5	2	3	1	2	4	6	11	11
11040	5	5	17	14	12	27	5	14	5	5	1	6	3	3	1	1	1	9	1	1	1	28	3	26	14	14	5	5	5	5	5	11	5	5	5	5	5	5	5	5	5	5	5	5	3	14	14	14	1	1	21	21	7	21	16	7	26	16	1	26	1	5	1	12	28	28	27	28	27	27
11050	5	5	7	14	6	27	5	14	5	5	1	6	3	3	1	1	4	9	1	1	12	28	19	26	5	14	5	5	5	5	3	11	5	5	5	5	5	5	5	14	5	5	5	5	13	30	2	13	12	12	20	20	28	28	28	28	29	31	2	29	5	5	2	20	14	21	25	22	30	30
11060	5	5	5	14	27	27	25	14	5	5	10	6	3	3	1	1	4	9	1	1	9	28	3	26	14	14	5	5	5	5	14	11	5	5	5	5	5	5	14	14	14	14	5	14	5	14	5	5	18	9	29	29	29	29	14	29	3	14	1	19	3	25	5	27	5	5	20	5	20	20
11070	3	5	3	14	27	27	3	14	5	5	1	6	3	3	1	1	1	9	1	1	1	28	29	26	5	14	5	5	5	5	4	11	5	5	5	5	5	5	15	15	15	15	4	15	9	29	9	9	1	1	9	9	9	9	23	9	25	29	6	29	3	14	28	27	3	3	3	31	16	16
11080	28	5	5	14	5	27	5	14	5	5	29	6	1	3	1	1	1	9	1	1	1	28	22	26	5	14	5	5	5	5	5	11	5	5	5	5	5	5	5	5	5	5	5	5	5	22	5	5	1	1	12	12	1	12	1	1	1	1	3	29	5	5	5	5	5	28	3	5	3	3
11090	5	5	5	14	5	27	5	14	5	5	20	6	1	3	1	1	1	9	1	1	1	28	16	26	3	14	5	5	5	5	5	11	5	5	5	5	5	5	5	5	5	5	5	5	7	16	5	21	1	1	12	12	1	12	1	1	1	1	1	20	5	5	3	5	4	5	18	11	18	18
11100	5	5	5	14	23	27	5	14	5	5	3	6	30	3	1	1	1	9	1	1	1	28	21	26	5	14	5	5	5	5	5	11	5	5	5	5	5	5	5	5	5	5	5	5	1	21	1	12	1	1	1	1	1	1	1	1	28	31	2	31	5	5	4	23	11	5	4	11	10	10
11110	1	5	12	14	1	27	13	14	4	5	2	6	30	3	1	1	1	9	5	1	15	28	22	26	3	14	13	5	5	5	3	11	5	5	5	5	5	5	14	14	5	14	5	13	5	22	5	5	5	15	12	5	1	12	1	1	31	31	5	31	27	24	18	27	3	12	4	18	15	15
11120	14	5	5	14	5	27	2	14	5	5	1	6	1	3	1	1	1	9	1	1	1	28	7	26	5	14	5	5	5	5	5	11	5	5	5	5	5	5	5	5	5	5	5	5	12	21	12	12	1	1	1	12	1	1	1	1	1	1	14	1	5	13	14	5	1	14	2	21	22	22
11130	5	5	13	14	5	27	14	14	5	5	2	6	3	3	1	1	4	9	1	1	1	28	24	26	5	14	5	5	5	5	11	11	5	5	5	5	5	5	25	25	25	25	14	25	5	24	14	14	1	1	21	21	29	29	18	29	18	18	3	26	5	14	5	5	5	13	3	5	3	3
11140	2	5	14	14	13	27	5	14	14	5	2	6	3	3	1	1	1	9	1	1	1	28	1	26	14	14	5	5	5	5	4	11	5	5	5	5	5	5	5	15	5	5	5	5	12	21	1	12	1	1	1	1	1	1	1	1	7	7	3	16	5	14	5	13	2	22	3	13	3	3
11150	5	5	22	14	14	27	14	14	5	5	1	6	5	3	1	1	1	9	1	1	12	28	16	26	3	14	5	5	5	5	3	11	5	5	5	5	5	5	14	14	14	14	14	14	3	16	5	14	12	12	1	12	1	1	7	1	27	21	5	27	5	14	5	14	5	22	5	5	5	5
11160	5	5	13	14	31	27	14	14	5	5	1	6	30	3	1	1	1	9	1	1	1	28	6	26	3	14	5	5	5	5	3	11	5	5	5	5	5	5	14	14	14	14	3	14	7	16	7	7	1	1	7	7	1	7	1	1	31	31	6	31	3	14	28	31	3	13	5	31	20	20
11170	5	5	3	14	30	27	5	14	5	5	4	6	21	3	1	1	1	9	1	1	1	28	16	26	3	14	5	5	5	5	3	11	5	5	5	5	5	5	14	14	14	14	3	14	16	16	6	16	1	1	1	6	1	1	1	1	27	21	16	31	4	5	30	30	3	14	2	30	16	16
11180	5	5	31	14	4	27	26	14	5	5	1	6	14	3	1	1	1	9	1	1	2	28	8	26	3	14	5	5	5	5	14	11	5	5	5	5	5	5	14	14	14	14	3	14	3	8	1	3	1	6	1	1	1	1	1	1	21	21	12	21	19	31	8	19	1	31	2	16	20	20
11190	5	5	14	14	20	27	5	14	5	5	1	6	1	3	1	1	1	9	1	1	1	28	6	26	3	14	5	5	5	5	5	11	5	5	5	5	5	5	5	5	5	5	5	5	6	16	1	20	1	1	1	1	1	1	1	1	1	1	15	1	5	5	5	20	5	14	5	5	15	15
11200	5	5	14	14	5	27	5	14	5	5	2	6	3	3	1	1	4	9	5	1	5	28	9	26	5	14	5	5	5	5	3	11	5	5	5	5	5	5	5	14	5	5	5	5	4	23	15	15	5	5	15	15	15	15	23	23	25	29	5	30	5	5	14	5	3	14	6	14	20	20
11210	5	5	5	14	22	27	5	14	5	5	1	6	7	3	1	1	1	9	1	1	1	28	18	26	5	14	5	5	5	5	5	11	5	5	5	5	5	5	5	5	5	5	5	5	21	29	1	21	1	1	1	1	1	1	1	1	7	7	8	7	5	5	27	22	5	5	3	27	8	8
11220	2	5	12	14	31	27	5	14	5	5	31	6	3	3	7	1	1	9	1	1	9	28	17	26	5	14	5	5	5	5	5	11	5	5	5	5	5	5	5	5	5	5	5	5	5	28	5	5	1	9	1	12	1	1	3	7	3	3	3	31	5	5	31	31	2	20	11	31	11	11
11230	5	5	5	14	5	27	5	14	5	5	1	6	3	3	1	1	4	9	1	1	1	28	8	26	5	14	5	5	5	5	4	11	5	5	5	5	5	5	5	15	5	5	5	5	13	22	13	13	1	1	20	20	24	28	28	28	31	31	5	31	5	5	5	5	5	5	5	5	5	5
11240	5	5	3	14	13	27	14	14	5	5	2	6	3	3	1	1	1	9	1	1	28	28	3	26	14	14	5	5	5	5	5	11	5	5	5	5	5	5	5	5	5	5	5	5	5	14	5	5	28	28	15	28	23	23	23	23	29	29	1	31	5	14	13	13	3	14	1	22	1	1
11250	5	5	5	14	5	27	5	14	5	5	2	6	3	3	1	1	4	9	1	1	1	28	16	26	3	14	5	5	5	5	5	11	5	5	5	5	5	5	5	5	5	5	5	5	16	16	27	27	1	1	21	27	29	29	29	29	29	29	1	31	5	5	5	5	5	5	5	5	12	12
11260	12	5	3	14	5	27	5	14	5	5	2	6	3	3	1	1	9	9	5	1	5	28	11	26	5	14	5	5	5	5	4	11	5	5	5	5	5	5	5	15	5	5	5	5	5	25	5	5	5	5	5	5	12	23	5	12	21	14	23	27	29	5	11	29	1	21	3	18	29	29
11270	5	5	3	14	18	27	5	14	5	5	12	6	1	3	1	1	1	9	2	1	2	28	31	26	5	14	5	5	5	5	5	11	5	5	5	5	5	5	5	5	5	5	5	5	27	31	6	27	2	2	1	6	1	1	1	1	1	1	3	12	5	5	22	29	5	14	13	22	22	22
11280	5	5	15	14	4	27	3	14	3	5	11	6	1	3	1	1	1	9	2	1	1	28	17	26	5	14	5	5	5	5	5	11	5	5	5	5	5	5	5	5	5	5	5	5	12	28	1	12	1	6	1	1	1	1	1	1	1	1	5	18	3	3	18	11	4	15	6	18	20	20
11290	5	5	5	14	5	27	5	14	5	5	14	6	5	3	1	1	14	9	1	1	1	28	20	26	5	14	5	5	5	5	4	11	5	5	5	5	5	5	5	15	5	5	5	5	5	20	5	5	7	1	5	21	14	14	5	21	5	5	30	14	5	5	5	5	18	5	4	29	30	30
11300	5	5	5	14	16	27	5	14	5	5	17	6	1	3	1	1	1	9	1	1	12	28	17	26	5	14	5	5	5	5	5	11	5	5	5	5	5	5	5	5	5	5	5	5	23	28	1	23	1	12	1	1	1	1	1	1	1	1	4	17	5	5	30	27	5	5	13	30	24	24
11310	22	5	5	14	5	27	5	14	5	5	1	6	1	3	1	1	1	9	1	1	1	28	26	26	5	14	5	5	5	5	5	11	5	5	5	5	5	5	5	5	5	5	5	5	20	31	1	20	1	1	1	1	1	1	1	1	1	1	1	1	5	5	5	5	5	22	20	5	20	20
11320	5	5	8	14	19	27	5	14	5	5	1	6	1	3	1	1	1	9	1	1	9	28	18	26	3	14	5	5	5	5	4	11	5	5	5	5	5	5	15	15	15	15	4	15	9	18	1	9	1	9	1	1	1	1	1	1	1	1	28	1	5	5	2	30	26	22	3	26	31	31
11330	4	5	12	14	5	27	5	14	5	5	12	6	15	3	9	1	1	9	1	1	1	28	1	26	3	14	5	5	5	5	5	11	5	5	5	5	12	5	12	12	12	12	1	12	1	7	1	1	1	1	1	1	1	1	4	9	4	15	4	23	5	5	5	5	5	23	8	5	19	19
11340	5	5	3	14	5	27	5	14	5	5	1	6	4	3	1	1	1	9	1	1	1	28	17	26	5	14	5	5	5	5	5	11	5	5	5	5	5	5	5	5	5	5	5	5	23	28	12	23	1	1	1	12	1	1	1	1	9	9	3	9	5	5	14	5	3	14	13	14	22	22
11350	12	5	3	14	2	27	5	14	5	5	28	6	1	3	1	1	1	9	1	1	1	28	7	26	3	14	12	5	5	5	5	11	5	5	5	5	5	5	5	5	5	5	1	12	1	7	1	1	1	1	1	1	1	1	1	1	1	1	3	28	12	5	3	20	3	21	12	3	21	21
11360	20	5	3	14	10	27	5	14	5	5	1	6	1	3	1	1	1	9	4	1	4	28	26	26	5	14	5	5	5	5	5	11	5	5	5	5	5	5	5	5	5	5	5	5	7	31	21	21	4	4	1	29	1	1	1	1	1	1	1	1	5	5	1	24	16	27	21	16	21	21
11370	4	5	22	14	13	27	5	14	5	5	1	6	1	3	1	1	1	9	1	1	1	28	16	26	3	14	5	5	5	5	5	11	5	5	5	5	5	5	5	5	5	5	21	5	3	16	21	21	1	1	1	21	1	1	1	1	1	1	2	1	5	5	3	13	12	30	8	21	8	8
11380	5	5	5	14	20	27	5	14	5	5	29	6	1	3	1	1	4	9	1	1	21	28	10	26	5	14	5	5	5	5	5	11	5	5	5	5	5	5	5	5	5	5	5	5	5	24	5	5	21	21	3	21	11	11	1	18	1	1	3	29	1	5	1	20	25	5	28	29	31	31
11390	5	5	13	14	16	27	5	14	5	5	2	6	3	3	1	1	1	9	1	1	1	28	7	26	5	14	5	5	5	5	4	11	5	5	5	5	5	5	15	15	15	15	15	15	5	21	15	15	1	1	1	23	1	1	12	1	21	21	5	27	5	5	31	27	1	13	25	31	25	25
11400	5	5	5	14	5	27	14	14	5	5	1	6	1	3	1	1	1	9	1	1	23	28	3	26	14	14	5	5	5	5	5	11	5	5	5	5	5	5	5	5	5	5	5	5	5	14	5	5	12	23	1	12	1	1	1	1	1	1	2	1	5	14	5	5	5	5	15	5	24	24
11410	5	5	5	14	5	27	5	14	5	5	1	6	3	3	5	1	23	9	1	1	20	28	5	26	5	14	5	5	5	5	5	11	5	5	5	5	5	5	5	5	5	5	5	5	5	5	5	5	5	20	5	5	23	23	15	23	25	25	1	29	5	5	5	5	5	5	3	5	7	7
11420	5	5	5	14	31	27	14	14	5	5	3	6	4	3	1	1	4	9	1	1	9	28	17	26	5	14	5	5	5	5	3	11	5	5	5	5	5	5	5	14	5	5	5	5	4	28	4	15	4	9	4	4	4	4	4	9	4	4	5	11	3	14	29	31	3	5	5	29	5	5
11430	5	5	5	14	16	27	14	14	5	5	2	6	3	3	1	1	1	9	1	1	1	28	1	26	5	14	5	5	5	5	5	11	5	5	5	5	5	5	5	5	5	5	5	5	5	12	5	5	1	1	1	12	1	1	1	1	7	7	1	16	5	14	31	27	5	5	8	31	16	16
11440	14	5	3	14	1	27	3	14	5	5	5	6	5	3	5	1	5	9	1	1	1	28	2	26	4	14	5	5	5	5	5	11	5	5	5	5	5	5	5	5	5	5	5	5	5	10	5	5	1	1	5	12	5	5	5	5	5	5	9	5	5	14	4	12	4	14	4	4	9	9
11450	5	5	1	14	2	27	5	14	5	5	3	6	19	3	1	1	1	9	1	1	6	28	18	26	3	14	5	5	5	5	5	11	5	5	5	5	5	5	5	5	5	5	5	5	21	18	1	21	1	6	1	1	1	1	1	1	26	26	2	26	17	5	1	17	1	12	22	1	22	22
11460	5	5	3	14	30	27	5	14	5	5	1	6	3	3	1	1	4	9	1	1	1	28	19	26	5	14	5	5	5	5	3	11	5	5	5	5	5	5	14	14	5	14	5	5	13	30	5	13	1	1	23	12	12	23	12	12	21	21	5	21	5	5	5	30	5	14	11	5	25	25
11470	15	5	3	14	1	27	1	14	5	5	2	6	3	3	1	1	1	9	1	1	1	28	1	26	14	14	5	5	5	5	14	11	5	5	5	5	5	5	14	14	5	14	5	5	21	21	21	21	1	1	23	21	23	23	9	23	18	18	17	26	12	12	6	12	3	25	2	16	17	17
11480	5	5	21	14	5	27	5	14	5	5	24	6	1	3	1	1	1	9	1	1	1	28	3	26	14	14	5	5	5	5	5	11	5	5	5	5	5	5	5	5	5	5	5	5	21	14	12	21	1	1	1	12	1	1	1	1	1	1	3	28	5	5	1	5	29	21	14	29	14	14
11490	5	5	5	14	5	27	5	14	14	5	5	6	5	3	5	1	5	9	1	1	12	28	3	26	5	14	5	5	5	5	5	11	5	5	5	5	5	5	5	5	5	5	5	5	5	14	5	5	5	12	5	5	5	5	5	5	5	5	4	5	5	14	13	5	5	5	20	13	28	28
11500	5	5	5	14	2	27	14	14	5	5	15	6	3	3	7	1	12	9	1	1	1	28	12	26	5	14	5	5	5	5	4	11	5	5	5	5	5	5	5	15	5	5	5	5	1	12	1	12	1	1	1	1	1	12	3	7	3	3	4	25	3	14	14	8	5	5	23	14	23	23
11510	5	5	5	14	26	27	14	14	5	5	12	6	3	3	1	1	1	9	1	1	1	28	6	26	5	14	5	5	5	5	14	11	5	5	5	5	5	5	5	14	5	5	5	5	12	20	12	12	1	1	1	12	1	1	1	1	1	7	5	12	3	14	24	26	5	5	5	24	5	5
11520	5	5	5	14	30	27	14	14	5	5	8	6	1	3	1	1	1	9	1	1	1	28	1	26	5	14	5	5	5	5	5	11	5	5	5	5	5	5	5	5	5	5	5	5	12	12	1	12	1	1	1	1	1	1	1	1	1	1	2	16	5	14	16	30	3	5	2	16	2	2
11530	5	5	5	14	2	27	14	14	5	5	1	6	1	3	1	1	9	9	1	1	6	28	16	26	3	14	5	5	5	5	14	11	5	5	5	5	5	5	5	14	5	5	12	5	1	16	1	12	6	6	1	6	1	9	1	1	1	1	4	1	2	14	13	2	4	5	4	24	4	4
11540	26	5	5	14	1	27	7	14	5	5	2	6	13	3	1	1	1	9	24	1	1	28	3	26	14	14	5	5	5	5	5	11	5	5	5	5	5	5	5	5	5	5	5	5	5	14	5	5	12	28	1	12	1	1	1	1	6	20	3	6	20	21	13	20	2	31	11	13	11	11
11550	5	5	5	14	16	27	5	14	5	5	2	6	3	3	1	1	4	9	1	1	1	28	7	26	3	14	5	5	5	5	5	11	5	5	5	5	5	5	5	5	5	5	5	5	1	7	12	12	1	1	5	12	15	15	29	23	25	29	3	30	5	5	6	27	5	5	9	20	18	18
11560	5	5	5	14	3	27	14	14	5	5	3	6	7	3	1	1	1	9	1	1	12	28	3	26	14	14	5	5	5	5	5	11	5	5	5	5	5	5	5	5	5	5	5	5	5	14	5	5	12	12	1	12	1	1	1	1	7	7	5	7	25	14	21	25	1	5	14	21	14	14
11570	28	5	3	14	31	27	5	14	5	5	2	6	8	3	1	1	1	9	1	1	1	28	7	26	3	14	5	5	5	5	5	11	5	5	5	5	5	5	5	5	5	5	5	5	1	7	1	12	1	1	1	1	1	1	1	1	16	16	1	16	5	5	29	31	5	31	26	29	26	26
11580	5	5	21	14	3	27	14	14	5	5	28	6	1	3	23	1	4	9	1	1	23	28	3	26	25	14	5	5	5	5	15	11	5	5	5	5	5	5	15	15	15	15	15	15	4	25	4	15	4	23	4	4	4	4	9	23	4	9	1	28	4	14	5	11	12	21	16	12	16	16
11590	5	5	5	14	31	27	5	14	5	5	5	6	3	3	6	1	1	9	1	1	1	28	16	26	3	14	5	5	5	5	5	11	5	5	5	5	5	5	5	5	5	5	5	5	6	16	12	20	1	1	1	12	1	1	6	6	16	16	17	27	5	5	27	31	5	5	2	27	17	17
11600	14	5	5	14	13	27	14	14	5	5	1	6	3	3	1	1	17	9	1	1	1	28	26	26	3	14	12	5	5	5	3	11	5	5	5	5	14	5	5	14	5	5	1	12	8	26	7	16	1	1	3	7	10	26	17	17	26	26	3	26	5	14	5	13	27	14	3	27	3	3
11610	15	5	5	14	27	27	5	14	5	5	5	6	3	3	1	1	1	9	1	1	12	28	27	26	5	14	5	5	5	5	4	11	5	5	5	5	5	5	5	15	5	5	5	5	5	27	5	5	12	12	1	12	1	1	6	1	16	16	21	27	5	5	31	27	5	15	5	31	21	21
11620	5	5	5	14	3	27	21	14	5	5	1	6	3	3	1	1	4	9	1	1	1	28	26	26	3	14	5	5	5	5	5	11	5	5	5	5	5	5	5	5	5	5	5	5	26	26	27	31	1	1	27	27	31	31	24	31	30	30	8	31	31	21	21	31	5	5	5	21	22	22
11630	5	5	5	14	21	27	5	14	5	5	1	6	3	3	1	1	1	9	1	1	6	28	6	26	5	14	5	5	5	5	5	11	5	5	5	5	5	5	5	5	5	5	5	5	13	20	2	13	6	6	6	6	6	6	16	6	16	16	4	16	5	5	3	21	5	5	31	14	31	31
11640	1	5	31	14	20	27	5	14	5	5	29	6	4	3	4	1	4	9	1	1	1	28	26	26	5	14	5	5	5	5	3	11	5	5	5	5	5	5	14	14	5	14	5	5	28	31	28	28	1	1	4	28	4	4	4	4	4	4	6	29	5	5	1	20	30	31	1	31	6	6
11650	5	5	5	14	1	27	5	14	5	5	1	6	1	3	7	1	1	9	1	1	12	28	3	26	14	14	5	5	5	5	4	11	5	5	5	5	5	5	5	15	5	5	5	5	5	14	5	5	12	12	1	12	1	1	1	7	1	1	2	1	15	5	3	23	10	5	13	19	13	13
11660	5	5	5	14	5	27	5	14	5	5	1	6	3	3	1	1	1	9	1	1	13	28	4	26	5	14	5	5	5	5	5	11	5	5	5	5	5	5	5	5	5	5	5	5	5	15	5	5	12	20	1	12	1	1	1	1	7	7	11	7	5	5	5	5	5	5	4	5	11	11
11670	4	5	3	14	15	27	5	14	5	5	1	6	3	3	1	1	9	9	1	1	1	28	20	26	5	14	5	5	5	5	5	11	5	5	5	5	5	5	5	5	5	5	5	5	12	20	1	12	1	1	1	1	9	9	9	9	18	18	4	18	5	5	4	15	9	11	1	9	9	9
11680	5	5	3	14	20	27	14	14	5	5	28	6	3	3	1	1	7	9	9	1	4	28	10	26	3	14	5	5	5	5	4	11	5	5	5	5	5	5	5	15	5	5	5	5	22	19	13	22	1	9	1	20	7	7	3	7	3	3	1	31	5	14	13	20	1	14	1	20	1	1
11690	5	5	31	14	19	27	5	14	5	5	2	6	2	3	1	1	1	9	1	1	28	28	24	26	5	14	5	5	5	5	5	11	5	5	5	5	5	5	5	5	5	5	5	5	14	24	5	14	23	28	9	23	1	9	1	1	2	6	22	2	5	5	27	30	1	31	2	27	22	22
11700	5	5	14	14	5	27	5	14	5	5	2	6	3	3	1	1	4	9	1	1	9	28	3	26	14	14	5	5	5	5	5	11	5	5	5	5	5	5	5	5	5	5	5	5	5	14	5	5	9	9	9	23	9	9	9	9	18	18	1	26	12	5	5	12	5	14	2	5	6	6
11710	5	5	5	14	5	27	5	14	5	5	1	6	3	3	1	1	1	9	1	1	28	28	26	26	5	14	5	5	5	5	4	11	5	5	15	5	15	15	5	15	5	5	5	5	5	31	5	5	28	28	12	28	12	12	12	12	14	21	20	21	5	5	12	5	5	5	1	12	20	20
11720	5	5	21	14	18	27	5	14	5	5	2	6	2	3	1	1	1	9	1	1	1	28	3	26	3	14	5	5	5	5	5	11	5	5	5	5	5	5	5	5	5	5	5	5	14	3	3	14	1	1	1	7	1	1	9	1	17	17	8	17	5	5	2	29	21	21	3	27	8	8
11730	5	5	24	14	31	27	5	14	5	5	1	6	1	3	1	1	1	9	1	1	6	28	10	26	5	14	5	5	5	5	5	11	5	5	5	5	5	5	5	5	5	5	5	5	5	24	5	5	16	6	1	27	1	1	1	1	1	1	1	1	5	5	29	31	2	24	7	31	7	7
11740	5	5	5	14	5	27	5	14	5	5	2	6	14	3	1	1	1	9	1	1	12	28	16	26	3	14	5	5	5	5	3	11	5	5	5	5	5	5	5	14	5	5	5	5	1	16	1	12	1	12	1	1	1	1	1	1	21	21	5	27	5	5	2	5	5	5	10	13	24	24
11750	5	5	5	14	3	27	14	14	5	5	1	6	3	3	1	1	4	9	1	1	1	28	26	26	5	14	5	5	5	5	4	11	5	5	5	5	5	5	5	15	5	5	5	5	31	31	31	31	1	1	27	31	31	31	30	31	31	30	20	31	3	14	3	3	28	5	1	31	20	20
11760	5	5	5	14	20	27	5	14	5	5	2	6	3	3	1	1	4	9	1	1	1	28	26	26	5	14	5	5	5	5	5	11	5	5	5	5	5	5	5	5	5	5	5	5	30	31	14	30	1	1	21	21	29	29	29	29	18	29	21	26	5	5	5	20	5	5	5	5	21	21
11770	5	5	20	14	5	27	5	14	5	5	28	6	8	3	2	1	5	9	5	1	5	28	3	26	5	14	5	5	5	5	15	11	5	5	5	5	5	5	5	15	5	5	5	5	5	14	5	5	5	5	5	5	5	5	2	13	2	8	8	28	5	5	5	5	9	20	1	23	16	16
11780	5	5	5	14	5	27	14	14	5	5	2	6	14	3	1	1	1	9	1	1	1	28	9	26	5	14	5	5	5	5	3	11	5	5	5	5	5	5	14	14	5	14	5	5	23	23	1	23	1	1	1	1	1	1	1	1	29	21	5	31	14	14	5	14	5	5	13	5	13	13
11790	5	5	5	14	16	27	14	14	5	5	1	6	3	3	1	1	1	9	1	1	1	28	26	26	3	14	5	5	5	5	11	11	5	5	5	5	5	5	14	25	5	14	5	5	19	26	30	30	1	1	31	31	31	31	31	31	31	31	3	31	5	14	16	27	5	5	31	27	31	31
11800	3	5	14	14	16	27	5	14	5	5	4	6	7	3	1	1	1	9	1	1	1	28	26	26	3	14	5	5	5	5	5	11	5	5	5	5	5	5	5	5	5	5	5	5	1	26	12	12	1	1	1	12	1	1	1	1	3	7	5	11	5	5	28	27	3	14	1	31	12	12
11810	5	5	5	14	1	27	14	14	5	5	1	6	1	3	1	1	1	9	1	1	1	28	19	26	5	14	5	5	5	5	5	11	5	5	5	5	5	5	5	5	5	5	5	5	5	30	5	5	1	1	1	12	1	1	1	1	1	1	4	1	14	14	9	21	5	5	4	23	4	4
11820	5	5	5	14	27	27	14	14	5	5	2	6	3	3	1	1	1	9	1	1	1	28	3	26	14	14	5	5	5	5	5	11	5	5	5	5	5	5	5	5	5	5	5	5	5	14	5	5	1	1	12	12	12	12	12	12	21	21	5	27	3	14	27	27	5	5	22	27	22	22
11830	23	5	3	14	7	27	21	14	5	5	20	6	1	3	1	1	1	9	1	1	1	28	31	26	5	14	5	5	5	5	5	11	5	5	5	5	5	5	5	5	5	5	5	5	30	31	27	30	1	1	6	27	6	6	1	6	1	1	29	20	1	21	4	7	10	29	3	10	29	29
11840	5	5	25	14	26	27	14	14	5	5	1	6	3	3	1	1	1	9	1	1	12	28	12	26	5	14	5	5	5	5	5	11	5	5	5	5	5	5	5	5	5	5	5	5	5	12	12	5	5	12	1	12	1	1	1	1	7	7	4	7	5	14	3	31	29	25	4	29	4	4
11850	14	5	5	14	10	27	5	14	5	5	1	6	3	3	1	1	4	9	1	1	1	28	26	26	3	14	5	5	5	5	5	11	5	5	5	5	5	5	5	5	5	5	5	5	26	26	28	31	1	1	24	28	24	24	28	28	31	31	17	31	5	5	3	24	3	14	3	3	26	26
11860	1	5	12	14	21	27	5	14	5	5	1	6	1	3	1	1	1	9	1	1	9	28	7	26	3	14	5	5	5	5	3	11	5	5	5	5	5	5	5	14	5	5	5	5	21	7	1	21	1	9	1	1	1	1	1	1	1	1	1	1	5	5	5	21	5	12	23	5	23	23
11870	5	5	5	14	5	27	5	14	5	5	2	6	3	3	1	1	1	9	1	1	20	28	4	26	5	14	5	5	5	5	4	11	5	5	5	5	5	5	5	15	5	5	5	5	5	15	5	5	12	20	5	12	12	12	12	12	21	21	21	27	5	5	15	5	5	5	5	15	21	21
11880	4	5	3	14	8	27	5	14	5	5	1	6	14	3	1	1	1	9	1	1	1	28	16	26	5	14	5	5	5	5	4	11	5	5	5	5	5	5	5	15	5	5	5	5	12	27	1	12	1	1	1	1	1	1	1	1	21	21	2	21	5	5	22	22	4	11	28	30	28	28
11890	5	5	21	14	31	27	5	14	5	5	2	6	8	3	1	1	1	9	1	1	20	28	3	26	14	14	5	5	5	5	5	11	5	5	5	5	5	5	5	5	5	5	5	5	5	14	5	5	12	20	12	12	12	12	5	12	22	22	1	22	5	5	31	31	3	21	9	31	9	9
11900	3	5	3	14	30	27	5	14	5	5	1	6	1	3	1	1	1	9	1	1	1	28	29	26	3	14	5	5	5	5	15	11	5	5	5	5	5	5	5	15	5	5	5	5	23	29	9	23	1	1	1	9	1	1	1	1	1	1	3	1	5	5	5	30	16	3	21	27	21	21
11910	5	5	5	14	27	27	5	14	5	5	26	6	1	3	1	1	1	9	1	1	1	28	4	26	5	14	5	5	5	5	5	11	5	5	5	5	5	5	5	5	5	5	5	5	5	15	1	5	1	1	1	1	1	1	1	1	1	1	17	26	5	5	15	27	5	5	3	15	26	26
11920	5	5	5	14	3	27	14	14	5	5	3	6	3	3	3	1	1	9	1	1	1	28	16	26	5	14	5	5	5	5	5	11	5	5	5	5	5	5	5	5	5	5	5	5	6	27	1	20	1	1	1	1	1	1	3	7	3	3	3	3	7	14	3	7	1	5	3	7	3	3
11930	5	5	25	14	2	27	4	14	11	5	3	6	22	3	4	1	5	9	1	1	1	28	5	26	25	14	5	5	5	5	12	11	5	5	5	5	5	5	5	12	5	5	5	5	5	25	5	5	1	1	21	12	21	21	1	29	16	27	1	16	4	11	19	10	3	25	20	19	20	20
11940	5	5	8	14	14	27	5	14	5	5	1	6	3	3	1	1	1	9	1	1	1	28	19	26	5	14	5	5	5	5	3	11	5	5	5	5	5	5	5	14	5	5	5	5	15	30	12	15	1	1	1	12	1	1	7	1	1	7	2	1	5	5	3	14	21	22	28	21	28	28
11950	5	5	13	14	4	27	5	14	5	5	4	6	20	3	1	1	1	9	1	1	1	28	23	26	5	14	5	5	5	5	5	11	5	5	5	5	5	5	5	5	5	5	5	5	12	23	1	12	1	1	1	1	1	1	1	1	20	20	4	28	12	5	5	23	12	13	1	12	9	9
11960	5	5	20	14	28	27	5	14	5	5	1	6	27	3	5	1	5	9	1	1	12	28	18	26	5	14	5	5	5	5	5	11	5	5	5	5	5	5	5	5	5	5	5	5	5	29	5	5	5	12	5	5	5	5	5	5	27	27	20	27	5	5	5	28	15	20	4	15	28	28
11970	5	5	5	14	21	27	14	14	5	5	2	6	3	3	1	1	4	9	1	1	12	28	19	26	5	14	5	5	5	5	3	11	5	5	5	5	14	5	5	14	5	5	5	5	30	30	30	30	5	12	25	30	25	25	29	29	29	29	5	31	5	14	5	21	5	5	5	5	5	5
11980	26	5	5	14	13	27	5	14	5	5	1	6	1	3	1	1	1	9	1	1	1	28	1	26	1	14	5	5	5	5	5	11	5	5	5	5	5	5	5	5	5	5	5	5	1	1	12	12	1	1	1	12	1	1	1	1	1	1	2	1	5	5	2	13	31	31	5	31	13	13
11990	5	5	5	14	20	27	14	14	5	5	2	6	14	3	1	1	1	9	1	1	24	28	4	26	14	14	5	5	5	5	3	11	5	5	5	5	5	5	14	14	5	14	5	5	14	25	14	14	5	28	21	14	21	21	1	21	27	21	9	27	4	14	5	28	5	5	5	5	23	23
12000	5	5	1	14	5	27	5	14	5	5	2	6	2	3	2	1	27	9	5	1	2	28	14	26	5	14	5	5	5	5	5	11	5	5	5	5	5	5	5	5	5	5	5	5	5	14	5	5	14	13	5	14	2	27	2	2	2	2	3	2	9	5	4	23	16	12	3	26	3	3
