Iteration	Posterior	Likelihood	Prior	er[1][1]	er[2][2]	er[3][3]	er[4][4]	er[5][5]	extirpation_rate	rate_bg
0	-58.46437	-60.46204	1.997674	0.6509171	0.6509171	0.6509171	0.6509171	0.6509171	0.6509171	0.01
10	-55.69011	-56.42197	0.7318549	0.5075274	0.5075274	0.5075274	0.5075274	0.5075274	0.5075274	0.02967934
20	-54.97283	-54.67273	-0.3001063	1.456159	1.456159	1.456159	1.456159	1.456159	1.456159	0.03242311
30	-55.73841	-53.99415	-1.744255	1.996508	1.996508	1.996508	1.996508	1.996508	1.996508	0.04364158
40	-55.01314	-55.44751	0.434369	1.224204	1.224204	1.224204	1.224204	1.224204	1.224204	0.02466226
50	-56.66777	-57.11079	0.4430154	0.7532386	0.7532386	0.7532386	0.7532386	0.7532386	0.7532386	0.04682258
60	-54.79081	-55.11885	0.3280377	1.181948	1.181948	1.181948	1.181948	1.181948	1.181948	0.0296734
70	-55.62678	-54.04007	-1.586709	1.939103	1.939103	1.939103	1.939103	1.939103	1.939103	0.04214887
80	-54.79694	-55.04862	0.2516851	1.189047	1.189047	1.189047	1.189047	1.189047	1.189047	0.03161225
90	-54.9235	-55.42977	0.506266	0.985514	0.985514	0.985514	0.985514	0.985514	0.985514	0.03447099
100	-55.93594	-53.90784	-2.028104	2.111216	2.111216	2.111216	2.111216	2.111216	2.111216	0.04539146
110	-55.62133	-56.00364	0.3823166	1.340111	1.340111	1.340111	1.340111	1.340111	1.340111	0.02074007
120	-54.87358	-54.99477	0.121194	1.297862	1.297862	1.297862	1.297862	1.297862	1.297862	0.02927409
130	-56.95969	-53.57724	-3.382457	2.716728	2.716728	2.716728	2.716728	2.716728	2.716728	0.0499251
140	-56.67459	-53.65321	-3.02138	2.613144	2.613144	2.613144	2.613144	2.613144	2.613144	0.04295451
150	-54.83527	-55.64183	0.8065627	0.8573743	0.8573743	0.8573743	0.8573743	0.8573743	0.8573743	0.03001874
160	-56.5395	-54.10014	-2.439355	2.184537	2.184537	2.184537	2.184537	2.184537	2.184537	0.05861485
170	-57.81071	-56.31232	-1.498389	1.603278	1.603278	1.603278	1.603278	1.603278	1.603278	0.0790098
180	-56.08703	-53.83582	-2.251204	2.28193	2.28193	2.28193	2.28193	2.28193	2.28193	0.0395384
190	-55.28866	-54.6363	-0.6523626	1.667222	1.667222	1.667222	1.667222	1.667222	1.667222	0.0296061
200	-59.28938	-55.04573	-4.243643	2.722397	2.722397	2.722397	2.722397	2.722397	2.722397	0.1167741
210	-56.26647	-56.7772	0.5107247	0.7541628	0.7541628	0.7541628	0.7541628	0.7541628	0.7541628	0.04373742
220	-61.47703	-59.64436	-1.832667	1.527094	1.527094	1.527094	1.527094	1.527094	1.527094	0.1295492
230	-54.79555	-55.0761	0.2805437	1.197424	1.197424	1.197424	1.197424	1.197424	1.197424	0.03024092
240	-55.24708	-56.57424	1.327158	0.7814472	0.7814472	0.7814472	0.7814472	0.7814472	0.7814472	0.01903053
250	-54.76814	-55.66818	0.9000438	0.9001376	0.9001376	0.9001376	0.9001376	0.9001376	0.9001376	0.02606393
260	-54.89111	-55.90415	1.013045	0.7233823	0.7233823	0.7233823	0.7233823	0.7233823	0.7233823	0.02678622
270	-55.26651	-56.33662	1.070116	0.5308841	0.5308841	0.5308841	0.5308841	0.5308841	0.5308841	0.02225818
280	-54.87828	-55.26723	0.388947	1.060841	1.060841	1.060841	1.060841	1.060841	1.060841	0.03448089
290	-55.03955	-54.54959	-0.4899651	1.489689	1.489689	1.489689	1.489689	1.489689	1.489689	0.03657354
300	-54.83282	-55.6287	0.7958844	0.8642242	0.8642242	0.8642242	0.8642242	0.8642242	0.8642242	0.03012439
310	-54.98159	-54.61969	-0.361891	1.446664	1.446664	1.446664	1.446664	1.446664	1.446664	0.03517078
320	-56.10137	-56.49112	0.389744	0.8598012	0.8598012	0.8598012	0.8598012	0.8598012	0.8598012	0.04542781
330	-56.48571	-53.77661	-2.709104	2.512355	2.512355	2.512355	2.512355	2.512355	2.512355	0.03866364
340	-55.19344	-55.28046	0.08701554	1.138778	1.138778	1.138778	1.138778	1.138778	1.138778	0.040821
350	-56.84771	-53.61858	-3.229124	2.628956	2.628956	2.628956	2.628956	2.628956	2.628956	0.05119214
360	-55.73936	-54.2335	-1.505866	2.024165	2.024165	2.024165	2.024165	2.024165	2.024165	0.032413
370	-55.99536	-55.07066	-0.9247016	1.509187	1.509187	1.509187	1.509187	1.509187	1.509187	0.05424361
380	-55.78536	-54.69616	-1.089201	1.904785	1.904785	1.904785	1.904785	1.904785	1.904785	0.02758155
390	-55.84962	-54.7002	-1.149417	1.634839	1.634839	1.634839	1.634839	1.634839	1.634839	0.05213265
400	-55.69912	-55.40431	-0.2948097	1.610527	1.610527	1.610527	1.610527	1.610527	1.610527	0.02335167
410	-56.93332	-54.12754	-2.805782	2.310316	2.310316	2.310316	2.310316	2.310316	2.310316	0.06485812
420	-54.87719	-55.84956	0.9723698	0.9316184	0.9316184	0.9316184	0.9316184	0.9316184	0.9316184	0.02330728
430	-54.89568	-55.42895	0.53327	0.9798425	0.9798425	0.9798425	0.9798425	0.9798425	0.9798425	0.03383067
440	-56.68768	-54.32324	-2.364446	2.471786	2.471786	2.471786	2.471786	2.471786	2.471786	0.02978842
450	-55.49503	-54.22695	-1.268084	1.773799	1.773799	1.773799	1.773799	1.773799	1.773799	0.04365766
460	-55.76337	-56.42262	0.6592501	0.455124	0.455124	0.455124	0.455124	0.455124	0.455124	0.0273066
470	-54.91769	-55.01661	0.09891986	1.198467	1.198467	1.198467	1.198467	1.198467	1.198467	0.03619365
480	-57.94754	-54.29821	-3.649323	3.103804	3.103804	3.103804	3.103804	3.103804	3.103804	0.03025341
490	-55.11105	-54.47157	-0.6394728	1.596712	1.596712	1.596712	1.596712	1.596712	1.596712	0.03393775
500	-54.95006	-54.96141	0.01135324	1.233411	1.233411	1.233411	1.233411	1.233411	1.233411	0.03699842
510	-55.03108	-54.5426	-0.4884862	1.502799	1.502799	1.502799	1.502799	1.502799	1.502799	0.03553719
520	-56.32623	-53.82099	-2.505231	2.287906	2.287906	2.287906	2.287906	2.287906	2.287906	0.05033649
530	-55.09257	-54.66819	-0.4243784	1.420277	1.420277	1.420277	1.420277	1.420277	1.420277	0.03952084
540	-57.12705	-56.00513	-1.121913	1.49252	1.49252	1.49252	1.49252	1.49252	1.49252	0.06840112
550	-57.07757	-57.00017	-0.07739938	1.657502	1.657502	1.657502	1.657502	1.657502	1.657502	0.01700784
560	-55.00098	-54.72661	-0.2743678	1.467268	1.467268	1.467268	1.467268	1.467268	1.467268	0.0308826
570	-56.14531	-56.76441	0.6191023	0.6644985	0.6644985	0.6644985	0.6644985	0.6644985	0.6644985	0.03983697
580	-55.91039	-56.86844	0.9580485	1.125632	1.125632	1.125632	1.125632	1.125632	1.125632	0.01748503
590	-56.29099	-54.48591	-1.805074	1.892711	1.892711	1.892711	1.892711	1.892711	1.892711	0.0579087
600	-57.13904	-54.33481	-2.804223	2.689724	2.689724	2.689724	2.689724	2.689724	2.689724	0.02957735
610	-58.67699	-54.90777	-3.769224	2.553775	2.553775	2.553775	2.553775	2.553775	2.553775	0.1024836
620	-54.99485	-55.4454	0.4505504	0.9956323	0.9956323	0.9956323	0.9956323	0.9956323	0.9956323	0.03590581
630	-56.65413	-55.69557	-0.9585591	1.459203	1.459203	1.459203	1.459203	1.459203	1.459203	0.06224279
640	-54.78636	-55.7377	0.951338	0.8330782	0.8330782	0.8330782	0.8330782	0.8330782	0.8330782	0.02659757
650	-54.86211	-54.89536	0.03325512	1.313278	1.313278	1.313278	1.313278	1.313278	1.313278	0.03101083
660	-55.25588	-54.50491	-0.7509683	1.549144	1.549144	1.549144	1.549144	1.549144	1.549144	0.04193708
670	-55.81647	-56.47566	0.6591893	0.7014682	0.7014682	0.7014682	0.7014682	0.7014682	0.7014682	0.03832677
680	-55.2928	-56.13118	0.8383873	0.6676792	0.6676792	0.6676792	0.6676792	0.6676792	0.6676792	0.03201194
690	-54.91492	-56.08735	1.172425	0.74456	0.74456	0.74456	0.74456	0.74456	0.74456	0.02266755
700	-55.94271	-57.50532	1.562609	0.7090308	0.7090308	0.7090308	0.7090308	0.7090308	0.7090308	0.01551214
710	-55.28513	-54.26338	-1.021756	1.737972	1.737972	1.737972	1.737972	1.737972	1.737972	0.03684068
720	-55.33361	-54.44877	-0.8848477	1.600618	1.600618	1.600618	1.600618	1.600618	1.600618	0.04301945
730	-55.31961	-54.63216	-0.6874539	1.498372	1.498372	1.498372	1.498372	1.498372	1.498372	0.04376187
740	-55.67883	-56.38196	0.7031325	0.447991	0.447991	0.447991	0.447991	0.447991	0.447991	0.02544966
750	-55.52238	-56.46075	0.9383678	1.086824	1.086824	1.086824	1.086824	1.086824	1.086824	0.01906397
760	-55.47117	-55.19535	-0.2758176	1.270795	1.270795	1.270795	1.270795	1.270795	1.270795	0.04589781
770	-57.3207	-53.5128	-3.807895	2.923156	2.923156	2.923156	2.923156	2.923156	2.923156	0.05053196
780	-56.09881	-53.83192	-2.266889	2.216609	2.216609	2.216609	2.216609	2.216609	2.216609	0.04609387
790	-59.94313	-53.50132	-6.441814	4.285159	4.285159	4.285159	4.285159	4.285159	4.285159	0.05734191
800	-55.03374	-55.50297	0.4692327	0.9766147	0.9766147	0.9766147	0.9766147	0.9766147	0.9766147	0.0362364
810	-55.45619	-54.62116	-0.8350268	1.761886	1.761886	1.761886	1.761886	1.761886	1.761886	0.02904331
820	-55.94542	-54.95336	-0.9920623	1.546707	1.546707	1.546707	1.546707	1.546707	1.546707	0.05364438
830	-61.7803	-55.58304	-6.197259	3.444734	3.444734	3.444734	3.444734	3.444734	3.444734	0.2018111
840	-59.0619	-55.47543	-3.586477	2.419923	2.419923	2.419923	2.419923	2.419923	2.419923	0.1125973
850	-56.79851	-53.64206	-3.156455	2.588479	2.588479	2.588479	2.588479	2.588479	2.588479	0.05171257
860	-54.96698	-56.03739	1.070416	0.6580025	0.6580025	0.6580025	0.6580025	0.6580025	0.6580025	0.02532933
870	-55.86316	-53.89722	-1.965934	2.119919	2.119919	2.119919	2.119919	2.119919	2.119919	0.04187343
880	-55.00296	-55.8534	0.8504426	0.7635919	0.7635919	0.7635919	0.7635919	0.7635919	0.7635919	0.03098684
890	-54.87324	-54.9246	0.05135419	1.317489	1.317489	1.317489	1.317489	1.317489	1.317489	0.03020248
900	-55.53664	-54.84487	-0.691767	1.460211	1.460211	1.460211	1.460211	1.460211	1.460211	0.04756845
910	-57.63532	-56.31252	-1.322802	2.186785	2.186785	2.186785	2.186785	2.186785	2.186785	0.01909975
920	-55.86036	-54.72332	-1.137039	1.627253	1.627253	1.627253	1.627253	1.627253	1.627253	0.05232583
930	-55.41336	-56.20935	0.7959828	0.6684257	0.6684257	0.6684257	0.6684257	0.6684257	0.6684257	0.03340282
940	-56.77691	-53.69332	-3.083589	2.533916	2.533916	2.533916	2.533916	2.533916	2.533916	0.05378167
950	-56.85861	-54.23626	-2.622343	2.223657	2.223657	2.223657	2.223657	2.223657	2.223657	0.06479597
960	-54.89564	-55.14873	0.2530945	1.262386	1.262386	1.262386	1.262386	1.262386	1.262386	0.02748776
970	-59.75627	-54.71633	-5.03994	3.097983	3.097983	3.097983	3.097983	3.097983	3.097983	0.1229206
980	-57.84857	-54.36411	-3.484468	2.52078	2.52078	2.52078	2.52078	2.52078	2.52078	0.08250706
990	-56.81863	-53.95423	-2.864403	2.647376	2.647376	2.647376	2.647376	2.647376	2.647376	0.03423671
1000	-55.96841	-55.02677	-0.9416459	1.520274	1.520274	1.520274	1.520274	1.520274	1.520274	0.05390882
1010	-54.74705	-55.40941	0.6623643	1.00537	1.00537	1.00537	1.00537	1.00537	1.00537	0.02863034
1020	-55.2603	-55.86604	0.60574	0.8531739	0.8531739	0.8531739	0.8531739	0.8531739	0.8531739	0.03685311
1030	-56.43836	-55.27376	-1.164598	1.571677	1.571677	1.571677	1.571677	1.571677	1.571677	0.0604876
1040	-56.18984	-56.77675	0.5869084	0.6951578	0.6951578	0.6951578	0.6951578	0.6951578	0.6951578	0.04122333
1050	-55.25666	-55.71772	0.461058	0.9366611	0.9366611	0.9366611	0.9366611	0.9366611	0.9366611	0.03860769
1060	-56.75948	-53.63207	-3.127411	2.658416	2.658416	2.658416	2.658416	2.658416	2.658416	0.04354623
1070	-54.78478	-55.41757	0.6327897	0.9750514	0.9750514	0.9750514	0.9750514	0.9750514	0.9750514	0.03083817
1080	-54.96083	-55.66758	0.7067544	0.8653637	0.8653637	0.8653637	0.8653637	0.8653637	0.8653637	0.03289282
1090	-57.23899	-54.55145	-2.687539	2.197796	2.197796	2.197796	2.197796	2.197796	2.197796	0.07304738
1100	-54.76514	-55.65814	0.8930026	0.8982079	0.8982079	0.8982079	0.8982079	0.8982079	0.8982079	0.02630872
1110	-55.46365	-55.73529	0.2716424	1.364288	1.364288	1.364288	1.364288	1.364288	1.364288	0.02207279
1120	-55.55301	-54.44288	-1.110136	1.867404	1.867404	1.867404	1.867404	1.867404	1.867404	0.0305117
1130	-55.87492	-54.51493	-1.359997	2.009169	2.009169	2.009169	2.009169	2.009169	2.009169	0.02892505
1140	-54.89078	-55.21767	0.3268878	1.233721	1.233721	1.233721	1.233721	1.233721	1.233721	0.02697073
1150	-56.22428	-54.04036	-2.183927	2.10996	2.10996	2.10996	2.10996	2.10996	2.10996	0.05318715
1160	-56.74281	-53.62083	-3.121987	2.63898	2.63898	2.63898	2.63898	2.63898	2.63898	0.04506006
1170	-56.43979	-54.75334	-1.686448	1.813943	1.813943	1.813943	1.813943	1.813943	1.813943	0.06087784
1180	-55.144	-54.90284	-0.2411621	1.310615	1.310615	1.310615	1.310615	1.310615	1.310615	0.04101766
1190	-59.03536	-56.39774	-2.637616	1.994451	1.994451	1.994451	1.994451	1.994451	1.994451	0.1071005
1200	-54.76862	-55.62457	0.8559457	0.8821155	0.8821155	0.8821155	0.8821155	0.8821155	0.8821155	0.0278173
1210	-55.27213	-54.69429	-0.5778377	1.640119	1.640119	1.640119	1.640119	1.640119	1.640119	0.02910803
1220	-59.04397	-55.37627	-3.667701	2.460951	2.460951	2.460951	2.460951	2.460951	2.460951	0.1121491
1230	-54.7545	-55.33204	0.5775362	1.062135	1.062135	1.062135	1.062135	1.062135	1.062135	0.02849407
1240	-55.47364	-56.35279	0.879157	0.474337	0.474337	0.474337	0.474337	0.474337	0.474337	0.02338219
1250	-58.43764	-54.3763	-4.061334	2.743235	2.743235	2.743235	2.743235	2.743235	2.743235	0.09330087
1260	-54.75398	-55.41758	0.6636049	0.9863766	0.9863766	0.9863766	0.9863766	0.9863766	0.9863766	0.02941534
1270	-54.81123	-55.23163	0.4204035	1.072565	1.072565	1.072565	1.072565	1.072565	1.072565	0.03277364
1280	-65.23311	-55.1197	-10.11341	5.941613	5.941613	5.941613	5.941613	5.941613	5.941613	0.1664093
1290	-56.38734	-53.86759	-2.519754	2.27409	2.27409	2.27409	2.27409	2.27409	2.27409	0.0525791
1300	-58.23973	-57.72226	-0.517474	1.157211	1.157211	1.157211	1.157211	1.157211	1.157211	0.07229378
1310	-55.26635	-55.06322	-0.2031371	1.267798	1.267798	1.267798	1.267798	1.267798	1.267798	0.04292832
1320	-54.75825	-55.59384	0.8355835	0.9061133	0.9061133	0.9061133	0.9061133	0.9061133	0.9061133	0.02759914
1330	-60.93694	-54.62074	-6.316205	3.70232	3.70232	3.70232	3.70232	3.70232	3.70232	0.1413073
1340	-57.23432	-53.54988	-3.68444	2.825982	2.825982	2.825982	2.825982	2.825982	2.825982	0.05419749
1350	-55.05286	-54.98863	-0.06423091	1.242851	1.242851	1.242851	1.242851	1.242851	1.242851	0.03919344
1360	-55.39225	-54.94677	-0.4454747	1.364119	1.364119	1.364119	1.364119	1.364119	1.364119	0.0452319
1370	-56.23874	-54.41403	-1.824708	2.221838	2.221838	2.221838	2.221838	2.221838	2.221838	0.02929598
1380	-56.20716	-55.63839	-0.5687762	1.324013	1.324013	1.324013	1.324013	1.324013	1.324013	0.05543152
1390	-56.3435	-56.58466	0.241164	0.9202073	0.9202073	0.9202073	0.9202073	0.9202073	0.9202073	0.04913947
1400	-55.86351	-57.40897	1.545459	0.6763044	0.6763044	0.6763044	0.6763044	0.6763044	0.6763044	0.0158029
1410	-55.11076	-55.23485	0.1240922	1.136017	1.136017	1.136017	1.136017	1.136017	1.136017	0.03952803
1420	-57.47024	-54.62343	-2.846816	2.752057	2.752057	2.752057	2.752057	2.752057	2.752057	0.02720809
1430	-56.75379	-56.22158	-0.5322059	1.808068	1.808068	1.808068	1.808068	1.808068	1.808068	0.01943737
1440	-55.18145	-55.00215	-0.1792994	1.271921	1.271921	1.271921	1.271921	1.271921	1.271921	0.04158422
1450	-54.80193	-55.23094	0.4290043	1.073174	1.073174	1.073174	1.073174	1.073174	1.073174	0.03246013
1460	-55.78425	-54.96956	-0.8146969	1.483673	1.483673	1.483673	1.483673	1.483673	1.483673	0.05124124
1470	-56.93	-55.19743	-1.732573	1.780326	1.780326	1.780326	1.780326	1.780326	1.780326	0.06850536
1480	-57.69275	-53.96157	-3.731181	2.691023	2.691023	2.691023	2.691023	2.691023	2.691023	0.07453972
1490	-54.84375	-55.08708	0.2433255	1.151957	1.151957	1.151957	1.151957	1.151957	1.151957	0.03410284
1500	-56.00798	-53.91874	-2.089238	2.23398	2.23398	2.23398	2.23398	2.23398	2.23398	0.03720126
1510	-54.93059	-55.00734	0.07675364	1.205604	1.205604	1.205604	1.205604	1.205604	1.205604	0.03651683
1520	-55.70336	-54.08596	-1.617391	1.919417	1.919417	1.919417	1.919417	1.919417	1.919417	0.04533212
1530	-55.87635	-56.45675	0.5804004	0.7605979	0.7605979	0.7605979	0.7605979	0.7605979	0.7605979	0.04065932
1540	-55.68542	-55.26272	-0.4226981	1.655839	1.655839	1.655839	1.655839	1.655839	1.655839	0.02410707
1550	-55.96396	-54.25982	-1.704137	1.898119	1.898119	1.898119	1.898119	1.898119	1.898119	0.05174625
1560	-55.36333	-55.47252	0.1091862	1.413253	1.413253	1.413253	1.413253	1.413253	1.413253	0.02351431
1570	-56.10089	-55.70857	-0.3923235	1.692981	1.692981	1.692981	1.692981	1.692981	1.692981	0.02160929
1580	-57.05356	-55.59505	-1.458511	1.645985	1.645985	1.645985	1.645985	1.645985	1.645985	0.06935522
1590	-56.68468	-53.95815	-2.726526	2.579096	2.579096	2.579096	2.579096	2.579096	2.579096	0.03429531
1600	-56.36866	-56.0602	-0.3084622	1.190334	1.190334	1.190334	1.190334	1.190334	1.190334	0.0552196
1610	-54.90583	-55.57432	0.6684947	0.9041525	0.9041525	0.9041525	0.9041525	0.9041525	0.9041525	0.03269621
1620	-54.87232	-55.51553	0.6432091	0.9294196	0.9294196	0.9294196	0.9294196	0.9294196	0.9294196	0.03248539
1630	-57.50339	-53.55421	-3.949185	2.912317	2.912317	2.912317	2.912317	2.912317	2.912317	0.05946456
1640	-55.73163	-54.21504	-1.516586	1.848175	1.848175	1.848175	1.848175	1.848175	1.848175	0.04773807
1650	-55.03457	-54.74114	-0.2934317	1.486091	1.486091	1.486091	1.486091	1.486091	1.486091	0.03027315
1660	-55.04692	-55.72408	0.677168	0.8584615	0.8584615	0.8584615	0.8584615	0.8584615	0.8584615	0.03412712
1670	-54.93013	-55.5245	0.5943674	1.137638	1.137638	1.137638	1.137638	1.137638	1.137638	0.02462755
1680	-55.6437	-54.04984	-1.59386	1.932452	1.932452	1.932452	1.932452	1.932452	1.932452	0.04305978
1690	-54.80664	-55.21471	0.40807	1.168523	1.168523	1.168523	1.168523	1.168523	1.168523	0.02807081
1700	-55.42867	-55.23913	-0.1895449	1.235648	1.235648	1.235648	1.235648	1.235648	1.235648	0.04503898
1710	-55.76318	-53.96202	-1.801157	2.031015	2.031015	2.031015	2.031015	2.031015	2.031015	0.0429154
1720	-55.41697	-55.06014	-0.3568307	1.593103	1.593103	1.593103	1.593103	1.593103	1.593103	0.02577757
1730	-54.89187	-54.80219	-0.08968014	1.323735	1.323735	1.323735	1.323735	1.323735	1.323735	0.03435008
1740	-62.36904	-60.06003	-2.309018	1.661745	1.661745	1.661745	1.661745	1.661745	1.661745	0.157005
1750	-57.15406	-54.33586	-2.818198	2.277814	2.277814	2.277814	2.277814	2.277814	2.277814	0.07031082
1760	-56.25216	-53.82531	-2.426848	2.379887	2.379887	2.379887	2.379887	2.379887	2.379887	0.03838353
1770	-58.86575	-53.57772	-5.288034	3.461526	3.461526	3.461526	3.461526	3.461526	3.461526	0.07878367
1780	-55.15057	-54.77266	-0.3779148	1.378653	1.378653	1.378653	1.378653	1.378653	1.378653	0.04105685
1790	-57.48326	-53.4915	-3.991764	3.011407	3.011407	3.011407	3.011407	3.011407	3.011407	0.05103294
1800	-54.809	-55.55193	0.7429317	1.028307	1.028307	1.028307	1.028307	1.028307	1.028307	0.02549702
1810	-54.96343	-55.34659	0.3831656	1.038465	1.038465	1.038465	1.038465	1.038465	1.038465	0.03595585
1820	-54.97107	-55.52424	0.5531701	0.9474135	0.9474135	0.9474135	0.9474135	0.9474135	0.9474135	0.03470713
1830	-56.76309	-53.97614	-2.786954	2.336252	2.336252	2.336252	2.336252	2.336252	2.336252	0.06027921
1840	-55.40855	-56.56136	1.152808	0.9572684	0.9572684	0.9572684	0.9572684	0.9572684	0.9572684	0.01879907
1850	-55.02588	-54.80666	-0.2192196	1.46137	1.46137	1.46137	1.46137	1.46137	1.46137	0.02958391
1860	-55.63771	-54.01301	-1.624706	1.973946	1.973946	1.973946	1.973946	1.973946	1.973946	0.04063711
1870	-55.01239	-54.792	-0.2203847	1.457003	1.457003	1.457003	1.457003	1.457003	1.457003	0.02988652
1880	-55.05465	-55.38518	0.3305241	1.043835	1.043835	1.043835	1.043835	1.043835	1.043835	0.03757596
1890	-55.49711	-55.7016	0.2044936	1.03429	1.03429	1.03429	1.03429	1.03429	1.03429	0.04327529
1900	-57.46428	-54.14552	-3.318755	2.496097	2.496097	2.496097	2.496097	2.496097	2.496097	0.073562
1910	-55.37611	-56.06009	0.6839806	0.777991	0.777991	0.777991	0.777991	0.777991	0.777991	0.03628699
1920	-54.92639	-55.41274	0.4863448	0.9951108	0.9951108	0.9951108	0.9951108	0.9951108	0.9951108	0.03467021
1930	-55.63746	-55.8042	0.1667336	1.035349	1.035349	1.035349	1.035349	1.035349	1.035349	0.04486538
1940	-57.34505	-53.81374	-3.531314	2.946882	2.946882	2.946882	2.946882	2.946882	2.946882	0.03656473
1950	-54.78526	-55.09606	0.3107972	1.173303	1.173303	1.173303	1.173303	1.173303	1.173303	0.03067056
1960	-54.83176	-54.95403	0.1222713	1.267568	1.267568	1.267568	1.267568	1.267568	1.267568	0.03101801
1970	-56.42492	-53.77205	-2.652867	2.356792	2.356792	2.356792	2.356792	2.356792	2.356792	0.05049659
1980	-58.14954	-55.8764	-2.273147	1.908827	1.908827	1.908827	1.908827	1.908827	1.908827	0.08933917
1990	-55.17586	-55.66058	0.4847163	0.9386548	0.9386548	0.9386548	0.9386548	0.9386548	0.9386548	0.03760553
2000	-57.62939	-57.48843	-0.1409571	1.018288	1.018288	1.018288	1.018288	1.018288	1.018288	0.06267976
2010	-55.46655	-56.29585	0.8292971	0.535821	0.535821	0.535821	0.535821	0.535821	0.535821	0.02858601
2020	-55.3035	-56.59977	1.296271	0.5913034	0.5913034	0.5913034	0.5913034	0.5913034	0.5913034	0.01938783
2030	-55.57894	-54.27818	-1.300758	1.76597	1.76597	1.76597	1.76597	1.76597	1.76597	0.04586901
2040	-57.67233	-55.80552	-1.866814	1.772134	1.772134	1.772134	1.772134	1.772134	1.772134	0.0797318
2050	-57.3292	-54.23175	-3.097457	2.397951	2.397951	2.397951	2.397951	2.397951	2.397951	0.07228061
2060	-55.22329	-55.19101	-0.03228095	1.443418	1.443418	1.443418	1.443418	1.443418	1.443418	0.02546446
2070	-55.38176	-54.23818	-1.143579	1.742403	1.742403	1.742403	1.742403	1.742403	1.742403	0.04122166
2080	-54.80167	-55.24884	0.4471677	1.063482	1.063482	1.063482	1.063482	1.063482	1.063482	0.03239016
2090	-55.18787	-55.8771	0.6892261	1.150251	1.150251	1.150251	1.150251	1.150251	1.150251	0.02190109
2100	-54.81603	-55.5868	0.7707714	1.017808	1.017808	1.017808	1.017808	1.017808	1.017808	0.02520521
2110	-55.34208	-54.81702	-0.5250642	1.637942	1.637942	1.637942	1.637942	1.637942	1.637942	0.02773953
2120	-58.76028	-53.59137	-5.16891	3.70282	3.70282	3.70282	3.70282	3.70282	3.70282	0.04482349
2130	-55.00027	-54.69912	-0.3011531	1.473454	1.473454	1.473454	1.473454	1.473454	1.473454	0.03131757
2140	-55.28577	-56.17503	0.8892608	1.074696	1.074696	1.074696	1.074696	1.074696	1.074696	0.02043453
2150	-57.21095	-53.7524	-3.458553	2.643443	2.643443	2.643443	2.643443	2.643443	2.643443	0.06251862
2160	-62.75911	-55.53705	-7.222058	3.891849	3.891849	3.891849	3.891849	3.891849	3.891849	0.2485191
2170	-56.02922	-53.83951	-2.18971	2.242702	2.242702	2.242702	2.242702	2.242702	2.242702	0.04038307
2180	-57.8419	-54.02738	-3.814511	2.709119	2.709119	2.709119	2.709119	2.709119	2.709119	0.07809935
2190	-56.30468	-54.77545	-1.529232	1.755923	1.755923	1.755923	1.755923	1.755923	1.755923	0.05889383
2200	-57.17773	-56.04872	-1.129009	1.491702	1.491702	1.491702	1.491702	1.491702	1.491702	0.06900547
2210	-56.29128	-56.64874	0.3574618	1.41964	1.41964	1.41964	1.41964	1.41964	1.41964	0.01810684
2220	-55.86808	-54.567	-1.301081	1.988818	1.988818	1.988818	1.988818	1.988818	1.988818	0.02848189
2230	-54.96595	-55.99813	1.032176	0.6700073	0.6700073	0.6700073	0.6700073	0.6700073	0.6700073	0.02638245
2240	-58.27128	-55.96539	-2.305885	1.912869	1.912869	1.912869	1.912869	1.912869	1.912869	0.09151718
2250	-55.07442	-55.88623	0.8118095	0.7654134	0.7654134	0.7654134	0.7654134	0.7654134	0.7654134	0.03217471
2260	-55.1835	-54.60299	-0.5805074	1.617097	1.617097	1.617097	1.617097	1.617097	1.617097	0.03064484
2270	-55.15695	-55.369	0.2120441	1.083316	1.083316	1.083316	1.083316	1.083316	1.083316	0.03964757
2280	-55.05521	-56.08746	1.032245	0.6194816	0.6194816	0.6194816	0.6194816	0.6194816	0.6194816	0.02585098
2290	-56.91298	-54.05715	-2.855833	2.665787	2.665787	2.665787	2.665787	2.665787	2.665787	0.03269588
2300	-55.79177	-55.22283	-0.5689402	1.367644	1.367644	1.367644	1.367644	1.367644	1.367644	0.05081433
2310	-55.30669	-55.47319	0.166499	1.080723	1.080723	1.080723	1.080723	1.080723	1.080723	0.04167596
2320	-54.97522	-54.65357	-0.3216499	1.417208	1.417208	1.417208	1.417208	1.417208	1.417208	0.03588686
2330	-59.55865	-57.59966	-1.958991	1.678521	1.678521	1.678521	1.678521	1.678521	1.678521	0.1067593
2340	-55.10782	-55.30702	0.1991961	1.099157	1.099157	1.099157	1.099157	1.099157	1.099157	0.03909655
2350	-54.94016	-55.26319	0.3230318	1.250016	1.250016	1.250016	1.250016	1.250016	1.250016	0.02624717
2360	-56.7505	-57.17892	0.4284225	0.4711072	0.4711072	0.4711072	0.4711072	0.4711072	0.4711072	0.03632408
2370	-55.50824	-54.93797	-0.5702624	1.682862	1.682862	1.682862	1.682862	1.682862	1.682862	0.02638006
2380	-55.39531	-56.44732	1.052011	0.5007916	0.5007916	0.5007916	0.5007916	0.5007916	0.5007916	0.02119434
2390	-55.34667	-54.25751	-1.089157	1.723106	1.723106	1.723106	1.723106	1.723106	1.723106	0.04067987
2400	-58.31358	-55.00174	-3.311837	2.369374	2.369374	2.369374	2.369374	2.369374	2.369374	0.09506635
2410	-54.79197	-55.30825	0.5162811	1.032104	1.032104	1.032104	1.032104	1.032104	1.032104	0.03179298
2420	-56.04457	-56.4866	0.4420345	0.3803808	0.3803808	0.3803808	0.3803808	0.3803808	0.3803808	0.02366975
2430	-54.95204	-55.06541	0.1133679	1.179628	1.179628	1.179628	1.179628	1.179628	1.179628	0.03693551
2440	-55.11407	-55.855	0.7409387	0.8015193	0.8015193	0.8015193	0.8015193	0.8015193	0.8015193	0.03371534
2450	-54.83463	-54.93682	0.1021893	1.272925	1.272925	1.272925	1.272925	1.272925	1.272925	0.03132099
2460	-54.98081	-55.22168	0.2408708	1.106634	1.106634	1.106634	1.106634	1.106634	1.106634	0.03702283
2470	-57.28975	-54.06898	-3.220765	2.474508	2.474508	2.474508	2.474508	2.474508	2.474508	0.06974196
2480	-58.50641	-54.59156	-3.914852	3.281586	3.281586	3.281586	3.281586	3.281586	3.281586	0.02802345
2490	-56.15088	-56.61835	0.467475	0.4257687	0.4257687	0.4257687	0.4257687	0.4257687	0.4257687	0.02937326
2500	-55.42305	-54.80967	-0.613383	1.682934	1.682934	1.682934	1.682934	1.682934	1.682934	0.02753822
2510	-58.4488	-53.74226	-4.706539	3.521013	3.521013	3.521013	3.521013	3.521013	3.521013	0.03942659
2520	-55.8724	-54.51147	-1.360924	1.735995	1.735995	1.735995	1.735995	1.735995	1.735995	0.05193495
2530	-57.57429	-53.53036	-4.043922	3.095266	3.095266	3.095266	3.095266	3.095266	3.095266	0.04564082
2540	-55.25667	-55.81215	0.555477	0.8836658	0.8836658	0.8836658	0.8836658	0.8836658	0.8836658	0.03750101
2550	-58.50971	-54.69046	-3.819251	2.601449	2.601449	2.601449	2.601449	2.601449	2.601449	0.09770324
2560	-56.55323	-56.61701	0.0637875	0.9953744	0.9953744	0.9953744	0.9953744	0.9953744	0.9953744	0.0528811
2570	-54.81803	-55.48591	0.6678802	1.067887	1.067887	1.067887	1.067887	1.067887	1.067887	0.02578754
2580	-57.00643	-54.00906	-2.997369	2.40485	2.40485	2.40485	2.40485	2.40485	2.40485	0.06446302
2590	-54.8475	-55.54742	0.6999183	0.9086843	0.9086843	0.9086843	0.9086843	0.9086843	0.9086843	0.03150987
2600	-54.95594	-54.66371	-0.2922322	1.416393	1.416393	1.416393	1.416393	1.416393	1.416393	0.03490459
2610	-55.02828	-55.22283	0.1945483	1.1185	1.1185	1.1185	1.1185	1.1185	1.1185	0.03798946
2620	-54.74859	-55.50582	0.7572326	0.9637162	0.9637162	0.9637162	0.9637162	0.9637162	0.9637162	0.02767128
2630	-54.95608	-55.68813	0.7320493	0.8522641	0.8522641	0.8522641	0.8522641	0.8522641	0.8522641	0.03251011
2640	-57.51447	-57.03734	-0.4771253	0.2589308	0.2589308	0.2589308	0.2589308	0.2589308	0.2589308	0.01776778
2650	-55.04155	-55.92703	0.8854742	0.7246623	0.7246623	0.7246623	0.7246623	0.7246623	0.7246623	0.0304197
2660	-57.44946	-54.55704	-2.892426	2.271555	2.271555	2.271555	2.271555	2.271555	2.271555	0.07673263
2670	-54.96797	-55.3697	0.4017315	1.027718	1.027718	1.027718	1.027718	1.027718	1.027718	0.03589812
2680	-56.22393	-57.8497	1.625774	0.6617632	0.6617632	0.6617632	0.6617632	0.6617632	0.6617632	0.01454916
2690	-55.46369	-56.65867	1.194985	0.5210841	0.5210841	0.5210841	0.5210841	0.5210841	0.5210841	0.01925752
2700	-54.7533	-55.32267	0.5693722	1.062165	1.062165	1.062165	1.062165	1.062165	1.062165	0.02872624
2710	-55.60584	-56.36465	0.7588035	0.4543585	0.4543585	0.4543585	0.4543585	0.4543585	0.4543585	0.02465042
2720	-55.18659	-56.18356	0.9969772	0.5637337	0.5637337	0.5637337	0.5637337	0.5637337	0.5637337	0.02529608
2730	-55.96977	-56.49326	0.5234928	0.4211555	0.4211555	0.4211555	0.4211555	0.4211555	0.4211555	0.0271931
2740	-56.49141	-56.12461	-0.3667946	1.206887	1.206887	1.206887	1.206887	1.206887	1.206887	0.05676546
2750	-55.73157	-54.22223	-1.509337	1.844025	1.844025	1.844025	1.844025	1.844025	1.844025	0.0478163
2760	-62.27043	-57.03868	-5.231757	2.828754	2.828754	2.828754	2.828754	2.828754	2.828754	0.253257
2770	-60.71618	-55.13089	-5.585295	4.238039	4.238039	4.238039	4.238039	4.238039	4.238039	0.02639601
2780	-55.54787	-54.52725	-1.02062	1.621842	1.621842	1.621842	1.621842	1.621842	1.621842	0.04711225
2790	-55.2581	-55.36829	0.1101928	1.396411	1.396411	1.396411	1.396411	1.396411	1.396411	0.02430994
2800	-55.01054	-55.21687	0.2063254	1.116746	1.116746	1.116746	1.116746	1.116746	1.116746	0.03765939
2810	-54.79055	-55.07279	0.2822355	1.185382	1.185382	1.185382	1.185382	1.185382	1.185382	0.03086876
2820	-63.98989	-59.58738	-4.40251	2.271077	2.271077	2.271077	2.271077	2.271077	2.271077	0.3477271
2830	-66.99757	-59.19261	-7.804954	2.501311	2.501311	2.501311	2.501311	2.501311	2.501311	6.461102
2840	-65.4336	-57.02594	-8.40766	3.232833	3.232833	3.232833	3.232833	3.232833	3.232833	2.749024
2850	-65.34722	-58.3932	-6.95402	2.708774	2.708774	2.708774	2.708774	2.708774	2.708774	1.80477
2860	-65.18737	-56.64537	-8.541991	3.457041	3.457041	3.457041	3.457041	3.457041	3.457041	2.057082
2870	-66.70146	-60.47783	-6.223624	2.243907	2.243907	2.243907	2.243907	2.243907	2.243907	2.27511
2880	-69.24783	-64.99908	-4.248755	1.684454	1.684454	1.684454	1.684454	1.684454	1.684454	1.040766
2890	-67.2086	-55.91703	-11.29157	4.230904	4.230904	4.230904	4.230904	4.230904	4.230904	8.036467
2900	-68.361	-60.30541	-8.055585	2.274405	2.274405	2.274405	2.274405	2.274405	2.274405	13.32618
2910	-67.29764	-57.62713	-9.670518	2.964816	2.964816	2.964816	2.964816	2.964816	2.964816	16.36473
2920	-65.28768	-56.63538	-8.6523	3.463795	3.463795	3.463795	3.463795	3.463795	3.463795	2.268185
2930	-65.9152	-56.30197	-9.613238	3.728066	3.728066	3.728066	3.728066	3.728066	3.728066	3.645302
2940	-66.10616	-58.67043	-7.43573	2.631363	2.631363	2.631363	2.631363	2.631363	2.631363	3.419601
2950	-65.83493	-56.29985	-9.535082	3.730056	3.730056	3.730056	3.730056	3.730056	3.730056	3.3591
2960	-65.31648	-56.83714	-8.479345	3.33686	3.33686	3.33686	3.33686	3.33686	3.33686	2.42243
2970	-63.60509	-59.23913	-4.365963	2.30349	2.30349	2.30349	2.30349	2.30349	2.30349	0.3131602
2980	-55.80518	-55.89707	0.09188727	1.053267	1.053267	1.053267	1.053267	1.053267	1.053267	0.04698384
2990	-54.8636	-55.89459	1.030986	0.7373472	0.7373472	0.7373472	0.7373472	0.7373472	0.7373472	0.02618798
3000	-55.01378	-55.01576	0.001985168	1.385975	1.385975	1.385975	1.385975	1.385975	1.385975	0.02766734
3010	-57.10762	-54.56546	-2.542158	2.143308	2.143308	2.143308	2.143308	2.143308	2.143308	0.07089481
3020	-55.10444	-54.57711	-0.5273255	1.574467	1.574467	1.574467	1.574467	1.574467	1.574467	0.03179445
3030	-54.93384	-54.82022	-0.1136184	1.308849	1.308849	1.308849	1.308849	1.308849	1.308849	0.03623181
3040	-55.05724	-55.67733	0.6200901	1.156018	1.156018	1.156018	1.156018	1.156018	1.156018	0.02322711
3050	-58.29811	-57.51126	-0.7868548	1.271456	1.271456	1.271456	1.271456	1.271456	1.271456	0.07641488
3060	-55.42563	-55.57942	0.1537915	1.405097	1.405097	1.405097	1.405097	1.405097	1.405097	0.02286544
3070	-55.52886	-55.98844	0.4595871	0.893651	0.893651	0.893651	0.893651	0.893651	0.893651	0.04080111
3080	-56.21816	-56.09858	-0.119577	1.114911	1.114911	1.114911	1.114911	1.114911	1.114911	0.05233541
3090	-55.15882	-55.31974	0.1609117	1.108475	1.108475	1.108475	1.108475	1.108475	1.108475	0.03997763
3100	-55.09795	-54.81962	-0.2783287	1.34075	1.34075	1.34075	1.34075	1.34075	1.34075	0.04010255
3110	-55.15009	-56.35486	1.204767	0.5938759	0.5938759	0.5938759	0.5938759	0.5938759	0.5938759	0.02130036
3120	-57.18693	-55.78444	-1.40249	1.610053	1.610053	1.610053	1.610053	1.610053	1.610053	0.07076396
3130	-56.22495	-54.88121	-1.343737	1.677865	1.677865	1.677865	1.677865	1.677865	1.677865	0.05778433
3140	-57.64543	-53.52124	-4.12419	2.998892	2.998892	2.998892	2.998892	2.998892	2.998892	0.05970842
3150	-55.25684	-55.21865	-0.03819263	1.189174	1.189174	1.189174	1.189174	1.189174	1.189174	0.04223247
3160	-55.90418	-56.31585	0.4116768	0.8705845	0.8705845	0.8705845	0.8705845	0.8705845	0.8705845	0.04393522
3170	-55.22376	-54.67173	-0.5520285	1.620161	1.620161	1.620161	1.620161	1.620161	1.620161	0.02959187
3180	-56.35936	-55.43127	-0.9280939	1.47234	1.47234	1.47234	1.47234	1.47234	1.47234	0.05875794
3190	-55.8608	-56.44953	0.5887335	0.4049913	0.4049913	0.4049913	0.4049913	0.4049913	0.4049913	0.02352327
3200	-55.2923	-56.2234	0.9311002	0.5393106	0.5393106	0.5393106	0.5393106	0.5393106	0.5393106	0.02598436
3210	-55.56211	-55.94696	0.3848433	0.9308904	0.9308904	0.9308904	0.9308904	0.9308904	0.9308904	0.04198205
3220	-56.41832	-54.08507	-2.333247	2.150566	2.150566	2.150566	2.150566	2.150566	2.150566	0.0566496
3230	-56.03012	-53.98101	-2.049113	2.083648	2.083648	2.083648	2.083648	2.083648	2.083648	0.04915558
3240	-54.90237	-56.03563	1.133261	0.814505	0.814505	0.814505	0.814505	0.814505	0.814505	0.0225386
3250	-55.10059	-56.14336	1.042761	0.5923542	0.5923542	0.5923542	0.5923542	0.5923542	0.5923542	0.02500853
3260	-55.56319	-56.46383	0.9006383	0.4562983	0.4562983	0.4562983	0.4562983	0.4562983	0.4562983	0.02154138
3270	-59.63606	-57.98332	-1.652744	1.551803	1.551803	1.551803	1.551803	1.551803	1.551803	0.1027568
3280	-57.63746	-53.48115	-4.15631	3.106972	3.106972	3.106972	3.106972	3.106972	3.106972	0.049921
3290	-56.27028	-55.32664	-0.9436403	1.48815	1.48815	1.48815	1.48815	1.48815	1.48815	0.05775412
3300	-55.56542	-54.05953	-1.505896	1.94404	1.94404	1.94404	1.94404	1.94404	1.94404	0.03846817
3310	-55.84474	-54.51946	-1.325282	1.992633	1.992633	1.992633	1.992633	1.992633	1.992633	0.02894266
3320	-55.15355	-56.2031	1.049559	0.5671534	0.5671534	0.5671534	0.5671534	0.5671534	0.5671534	0.02411392
3330	-56.23875	-55.75327	-0.4854842	1.28311	1.28311	1.28311	1.28311	1.28311	1.28311	0.05526767
3340	-56.52494	-56.72219	0.1972497	0.9272241	0.9272241	0.9272241	0.9272241	0.9272241	0.9272241	0.0508863
3350	-56.25295	-57.88482	1.63187	0.7069829	0.7069829	0.7069829	0.7069829	0.7069829	0.7069829	0.01447909
3360	-55.77908	-54.87073	-0.9083506	1.528796	1.528796	1.528796	1.528796	1.528796	1.528796	0.05122276
3370	-55.53432	-55.0942	-0.4401214	1.641008	1.641008	1.641008	1.641008	1.641008	1.641008	0.02531536
3380	-56.4966	-53.87281	-2.623795	2.307309	2.307309	2.307309	2.307309	2.307309	2.307309	0.05440886
3390	-55.31785	-54.41929	-0.8985556	1.61335	1.61335	1.61335	1.61335	1.61335	1.61335	0.04245486
3400	-54.8246	-54.98429	0.1596802	1.25389	1.25389	1.25389	1.25389	1.25389	1.25389	0.0306762
3410	-58.3118	-58.58012	0.2683173	0.7111782	0.7111782	0.7111782	0.7111782	0.7111782	0.7111782	0.05657232
3420	-54.89982	-55.1899	0.2900745	1.250337	1.250337	1.250337	1.250337	1.250337	1.250337	0.02710994
3430	-55.02071	-55.37143	0.350727	1.041083	1.041083	1.041083	1.041083	1.041083	1.041083	0.03698676
3440	-54.96105	-55.77746	0.8164106	0.8003356	0.8003356	0.8003356	0.8003356	0.8003356	0.8003356	0.03129272
3450	-55.33867	-54.38378	-0.9548925	1.639259	1.639259	1.639259	1.639259	1.639259	1.639259	0.0425165
3460	-55.53225	-54.17127	-1.360977	1.819216	1.819216	1.819216	1.819216	1.819216	1.819216	0.04347181
3470	-54.77818	-55.3127	0.5345269	1.031587	1.031587	1.031587	1.031587	1.031587	1.031587	0.03124356
3480	-54.97944	-55.05919	0.07975074	1.188923	1.188923	1.188923	1.188923	1.188923	1.188923	0.03755135
3490	-55.63864	-54.78768	-0.8509584	1.8005	1.8005	1.8005	1.8005	1.8005	1.8005	0.02717085
3500	-55.54292	-56.10494	0.5620213	0.8293268	0.8293268	0.8293268	0.8293268	0.8293268	0.8293268	0.03939223
3510	-55.01946	-54.91923	-0.1002284	1.270146	1.270146	1.270146	1.270146	1.270146	1.270146	0.03855494
3520	-55.28467	-54.7028	-0.5818733	1.451914	1.451914	1.451914	1.451914	1.451914	1.451914	0.04335357
3530	-55.58967	-54.24029	-1.34938	1.941953	1.941953	1.941953	1.941953	1.941953	1.941953	0.03304205
3540	-57.83594	-53.58987	-4.246073	3.006814	3.006814	3.006814	3.006814	3.006814	3.006814	0.06640649
3550	-55.1799	-54.80072	-0.3791772	1.37222	1.37222	1.37222	1.37222	1.37222	1.37222	0.04164573
3560	-54.8908	-55.92391	1.033107	0.716775	0.716775	0.716775	0.716775	0.716775	0.716775	0.02629913
3570	-55.43435	-56.33886	0.904506	0.4834519	0.4834519	0.4834519	0.4834519	0.4834519	0.4834519	0.02343275
3580	-55.34038	-56.27437	0.9339958	0.5119091	0.5119091	0.5119091	0.5119091	0.5119091	0.5119091	0.02449792
3590	-56.2315	-54.22617	-2.005323	2.007224	2.007224	2.007224	2.007224	2.007224	2.007224	0.05537822
3600	-58.43224	-53.99853	-4.433706	3.445923	3.445923	3.445923	3.445923	3.445923	3.445923	0.03452052
3610	-55.19751	-54.4113	-0.7862087	1.593976	1.593976	1.593976	1.593976	1.593976	1.593976	0.0395292
3620	-57.3214	-53.75696	-3.564434	2.681408	2.681408	2.681408	2.681408	2.681408	2.681408	0.0643349
3630	-56.28863	-55.99166	-0.2969664	1.191981	1.191981	1.191981	1.191981	1.191981	1.191981	0.0544227
3640	-54.8912	-55.19047	0.2992742	1.102958	1.102958	1.102958	1.102958	1.102958	1.102958	0.03514381
3650	-60.0753	-54.22852	-5.846775	4.231394	4.231394	4.231394	4.231394	4.231394	4.231394	0.03467798
3660	-56.93816	-54.43077	-2.507392	2.558719	2.558719	2.558719	2.558719	2.558719	2.558719	0.0287233
3670	-58.53871	-54.59421	-3.944503	2.66387	2.66387	2.66387	2.66387	2.66387	2.66387	0.09749666
3680	-59.44362	-55.76796	-3.675665	3.291995	3.291995	3.291995	3.291995	3.291995	3.291995	0.02162892
3690	-54.76882	-55.20391	0.4350923	1.099388	1.099388	1.099388	1.099388	1.099388	1.099388	0.03086871
3700	-55.4581	-54.99374	-0.4643607	1.362778	1.362778	1.362778	1.362778	1.362778	1.362778	0.04621859
3710	-59.81658	-56.1303	-3.686285	2.392967	2.392967	2.392967	2.392967	2.392967	2.392967	0.131601
3720	-55.39335	-54.50602	-0.8873261	1.586011	1.586011	1.586011	1.586011	1.586011	1.586011	0.04447663
3730	-55.89393	-53.88574	-2.008182	2.132333	2.132333	2.132333	2.132333	2.132333	2.132333	0.04254337
3740	-55.19208	-55.18507	-0.007013768	1.18524	1.18524	1.18524	1.18524	1.18524	1.18524	0.04123366
3750	-54.83705	-54.92708	0.0900313	1.276909	1.276909	1.276909	1.276909	1.276909	1.276909	0.03146019
3760	-55.1508	-56.40845	1.257644	0.6196254	0.6196254	0.6196254	0.6196254	0.6196254	0.6196254	0.02063617
3770	-55.3999	-55.35635	-0.04354509	1.476335	1.476335	1.476335	1.476335	1.476335	1.476335	0.02406131
3780	-55.41638	-56.78409	1.367707	0.6063508	0.6063508	0.6063508	0.6063508	0.6063508	0.6063508	0.01830302
3790	-55.27673	-56.16406	0.8873258	0.6128208	0.6128208	0.6128208	0.6128208	0.6128208	0.6128208	0.02974146
3800	-54.88264	-55.94315	1.060511	0.7167714	0.7167714	0.7167714	0.7167714	0.7167714	0.7167714	0.02558824
3810	-56.36077	-58.01612	1.655342	0.7008484	0.7008484	0.7008484	0.7008484	0.7008484	0.7008484	0.01415498
3820	-55.7654	-57.0636	1.298194	0.5145852	0.5145852	0.5145852	0.5145852	0.5145852	0.5145852	0.01712398
3830	-55.11248	-55.94663	0.8341489	0.7368486	0.7368486	0.7368486	0.7368486	0.7368486	0.7368486	0.03189111
3840	-55.42834	-56.17031	0.741974	0.7191398	0.7191398	0.7191398	0.7191398	0.7191398	0.7191398	0.03516649
3850	-55.77337	-54.01745	-1.755918	1.985538	1.985538	1.985538	1.985538	1.985538	1.985538	0.04520079
3860	-55.34508	-56.33618	0.9910994	1.034132	1.034132	1.034132	1.034132	1.034132	1.034132	0.01971196
3870	-56.67846	-54.13802	-2.540439	2.212672	2.212672	2.212672	2.212672	2.212672	2.212672	0.06110224
3880	-55.17786	-54.64021	-0.537649	1.603156	1.603156	1.603156	1.603156	1.603156	1.603156	0.03023773
3890	-56.07181	-54.05984	-2.011976	2.241777	2.241777	2.241777	2.241777	2.241777	2.241777	0.03387338
3900	-56.183	-53.87109	-2.311911	2.337237	2.337237	2.337237	2.337237	2.337237	2.337237	0.03740782
3910	-54.75259	-55.5268	0.7742007	0.9377551	0.9377551	0.9377551	0.9377551	0.9377551	0.9377551	0.02818699
3920	-54.82412	-55.06319	0.239072	1.2345	1.2345	1.2345	1.2345	1.2345	1.2345	0.02940284
3930	-55.18026	-55.27852	0.09825925	1.387394	1.387394	1.387394	1.387394	1.387394	1.387394	0.02505581
3940	-55.83973	-54.48029	-1.359434	1.740857	1.740857	1.740857	1.740857	1.740857	1.740857	0.05132206
3950	-55.5512	-54.46236	-1.088844	1.656678	1.656678	1.656678	1.656678	1.656678	1.656678	0.0468462
3960	-54.77876	-55.71988	0.9411174	0.8807847	0.8807847	0.8807847	0.8807847	0.8807847	0.8807847	0.02558456
3970	-55.06583	-55.91806	0.8522371	0.7396702	0.7396702	0.7396702	0.7396702	0.7396702	0.7396702	0.03128521
3980	-56.14598	-54.00409	-2.141882	2.105927	2.105927	2.105927	2.105927	2.105927	2.105927	0.05143656
3990	-56.53623	-55.49137	-1.044864	1.508253	1.508253	1.508253	1.508253	1.508253	1.508253	0.0612886
4000	-54.75909	-55.28807	0.5289777	1.054537	1.054537	1.054537	1.054537	1.054537	1.054537	0.030285
4010	-57.06165	-54.90002	-2.161635	1.964683	1.964683	1.964683	1.964683	1.964683	1.964683	0.07091035
4020	-55.96235	-53.85954	-2.102811	2.198311	2.198311	2.198311	2.198311	2.198311	2.198311	0.04066184
4030	-55.13187	-54.68481	-0.4470529	1.420112	1.420112	1.420112	1.420112	1.420112	1.420112	0.04044087
4040	-57.77396	-53.85132	-3.922644	2.792196	2.792196	2.792196	2.792196	2.792196	2.792196	0.07359447
4050	-55.99564	-54.76016	-1.235473	1.986652	1.986652	1.986652	1.986652	1.986652	1.986652	0.02679701
4060	-54.7638	-55.43202	0.6682228	0.9727414	0.9727414	0.9727414	0.9727414	0.9727414	0.9727414	0.02986321
4070	-56.0777	-54.25657	-1.821135	1.938143	1.938143	1.938143	1.938143	1.938143	1.938143	0.05339343
4080	-55.34735	-56.19074	0.8433927	0.6356675	0.6356675	0.6356675	0.6356675	0.6356675	0.6356675	0.03151887
4090	-55.05947	-55.07175	0.01228251	1.393892	1.393892	1.393892	1.393892	1.393892	1.393892	0.02694802
4100	-58.45064	-54.60647	-3.844168	2.622821	2.622821	2.622821	2.622821	2.622821	2.622821	0.09588558
4110	-57.65732	-53.63887	-4.018449	2.896649	2.896649	2.896649	2.896649	2.896649	2.896649	0.06574225
4120	-54.99554	-55.58808	0.5925448	0.9196477	0.9196477	0.9196477	0.9196477	0.9196477	0.9196477	0.03460476
4130	-55.31333	-55.48945	0.1761183	1.074906	1.074906	1.074906	1.074906	1.074906	1.074906	0.04167985
4140	-56.54451	-57.56143	1.016923	1.161964	1.161964	1.161964	1.161964	1.161964	1.161964	0.01545241
4150	-55.59333	-54.96543	-0.6278959	1.421054	1.421054	1.421054	1.421054	1.421054	1.421054	0.04836405
4160	-56.84145	-54.43406	-2.407387	2.510285	2.510285	2.510285	2.510285	2.510285	2.510285	0.02871605
4170	-55.41235	-54.34236	-1.069988	1.81808	1.81808	1.81808	1.81808	1.81808	1.81808	0.03257532
4180	-55.91249	-53.88381	-2.028677	2.133077	2.133077	2.133077	2.133077	2.133077	2.133077	0.0433558
4190	-55.57067	-55.72813	0.1574548	1.422912	1.422912	1.422912	1.422912	1.422912	1.422912	0.02196841
4200	-57.26384	-55.38546	-1.878378	1.813523	1.813523	1.813523	1.813523	1.813523	1.813523	0.07382496
4210	-55.63395	-54.03255	-1.601402	1.995766	1.995766	1.995766	1.995766	1.995766	1.995766	0.03789211
4220	-54.99395	-54.63971	-0.354237	1.479411	1.479411	1.479411	1.479411	1.479411	1.479411	0.03261993
4230	-54.74942	-55.36563	0.6162122	1.036753	1.036753	1.036753	1.036753	1.036753	1.036753	0.02855876
4240	-54.8373	-55.08212	0.24482	1.154522	1.154522	1.154522	1.154522	1.154522	1.154522	0.03389547
4250	-55.47437	-56.54574	1.071367	0.4913652	0.4913652	0.4913652	0.4913652	0.4913652	0.4913652	0.02027916
4260	-56.05072	-54.72561	-1.325109	1.691418	1.691418	1.691418	1.691418	1.691418	1.691418	0.05510496
4270	-54.94434	-54.69128	-0.2530575	1.424355	1.424355	1.424355	1.424355	1.424355	1.424355	0.03302178
4280	-58.22136	-54.89557	-3.325785	2.387271	2.387271	2.387271	2.387271	2.387271	2.387271	0.09286576
4290	-64.62064	-55.88408	-8.736563	4.256929	4.256929	4.256929	4.256929	4.256929	4.256929	0.5970974
4300	-66.35374	-56.39961	-9.954131	3.641366	3.641366	3.641366	3.641366	3.641366	3.641366	6.003703
4310	-65.67956	-57.94003	-7.739537	2.851453	2.851453	2.851453	2.851453	2.851453	2.851453	2.971511
4320	-66.38568	-57.4658	-8.919884	3.029288	3.029288	3.029288	3.029288	3.029288	3.029288	6.805824
4330	-65.54135	-57.78966	-7.751693	2.904176	2.904176	2.904176	2.904176	2.904176	2.904176	2.708204
4340	-64.17122	-56.90246	-7.268753	3.292812	3.292812	3.292812	3.292812	3.292812	3.292812	0.7849061
4350	-65.81599	-60.70128	-5.114702	2.198162	2.198162	2.198162	2.198162	2.198162	2.198162	0.8267446
4360	-59.88202	-53.52807	-6.353946	4.037025	4.037025	4.037025	4.037025	4.037025	4.037025	0.08069852
4370	-54.76322	-55.58041	0.8171855	0.9036365	0.9036365	0.9036365	0.9036365	0.9036365	0.9036365	0.02819639
4380	-54.79299	-55.25954	0.4665535	1.139063	1.139063	1.139063	1.139063	1.139063	1.139063	0.02791467
4390	-55.22511	-54.673	-0.5521104	1.450458	1.450458	1.450458	1.450458	1.450458	1.450458	0.04220866
4400	-55.00645	-55.37359	0.3671461	1.035999	1.035999	1.035999	1.035999	1.035999	1.035999	0.03667974
4410	-55.51953	-56.39437	0.8748432	1.116381	1.116381	1.116381	1.116381	1.116381	1.116381	0.01931147
4420	-55.46929	-55.88909	0.4197952	1.305762	1.305762	1.305762	1.305762	1.305762	1.305762	0.021383
4430	-54.76038	-55.62073	0.8603499	0.9188483	0.9188483	0.9188483	0.9188483	0.9188483	0.9188483	0.0265014
4440	-55.05041	-55.81496	0.7645476	0.8040793	0.8040793	0.8040793	0.8040793	0.8040793	0.8040793	0.03286349
4450	-58.37265	-57.34793	-1.024723	0.2598569	0.2598569	0.2598569	0.2598569	0.2598569	0.2598569	0.03115264
4460	-55.864	-54.47075	-1.393246	1.753842	1.753842	1.753842	1.753842	1.753842	1.753842	0.05163479
4470	-54.76272	-55.64625	0.8835349	0.8989263	0.8989263	0.8989263	0.8989263	0.8989263	0.8989263	0.02653623
4480	-56.89005	-53.97053	-2.919513	2.678782	2.678782	2.678782	2.678782	2.678782	2.678782	0.03393731
4490	-55.21591	-54.81973	-0.3961802	1.372773	1.372773	1.372773	1.372773	1.372773	1.372773	0.04231265
4500	-54.77271	-55.1553	0.3825905	1.138453	1.138453	1.138453	1.138453	1.138453	1.138453	0.03039254
4510	-56.65196	-57.62903	0.9770678	0.3948804	0.3948804	0.3948804	0.3948804	0.3948804	0.3948804	0.01510295
4520	-56.91949	-55.51317	-1.406312	2.155959	2.155959	2.155959	2.155959	2.155959	2.155959	0.02216486
4530	-54.80833	-55.00423	0.1959057	1.221326	1.221326	1.221326	1.221326	1.221326	1.221326	0.03147395
4540	-55.05856	-55.10698	0.04842246	1.184848	1.184848	1.184848	1.184848	1.184848	1.184848	0.03903813
4550	-55.68268	-57.12495	1.442275	0.8013259	0.8013259	0.8013259	0.8013259	0.8013259	0.8013259	0.01672267
4560	-55.05739	-54.74699	-0.3104055	1.369623	1.369623	1.369623	1.369623	1.369623	1.369623	0.03908189
4570	-54.77666	-55.67376	0.8970936	0.8582751	0.8582751	0.8582751	0.8582751	0.8582751	0.8582751	0.02739498
4580	-55.23895	-55.13828	-0.1006728	1.222679	1.222679	1.222679	1.222679	1.222679	1.222679	0.04223249
4590	-55.90117	-54.02634	-1.87483	2.158597	2.158597	2.158597	2.158597	2.158597	2.158597	0.0352136
4600	-56.3846	-56.91431	0.5297065	0.7178816	0.7178816	0.7178816	0.7178816	0.7178816	0.7178816	0.04349615
4610	-55.54221	-55.12339	-0.4188198	1.328861	1.328861	1.328861	1.328861	1.328861	1.328861	0.04725605
4620	-54.83614	-55.26488	0.428736	1.175048	1.175048	1.175048	1.175048	1.175048	1.175048	0.02717182
4630	-55.4362	-55.92227	0.4860662	1.274237	1.274237	1.274237	1.274237	1.274237	1.274237	0.02128219
4640	-55.00243	-56.15025	1.147822	0.6395189	0.6395189	0.6395189	0.6395189	0.6395189	0.6395189	0.02328876
4650	-55.88439	-56.44249	0.5580921	0.4106999	0.4106999	0.4106999	0.4106999	0.4106999	0.4106999	0.02497441
4660	-54.99513	-56.19692	1.201791	0.6683953	0.6683953	0.6683953	0.6683953	0.6683953	0.6683953	0.02226078
4670	-55.20595	-55.22398	0.01802744	1.421832	1.421832	1.421832	1.421832	1.421832	1.421832	0.02531112
4680	-55.51792	-54.16051	-1.357405	1.915681	1.915681	1.915681	1.915681	1.915681	1.915681	0.03523458
4690	-55.05629	-54.649	-0.4072966	1.424351	1.424351	1.424351	1.424351	1.424351	1.424351	0.03852913
4700	-56.02924	-57.54278	1.513543	0.8134171	0.8134171	0.8134171	0.8134171	0.8134171	0.8134171	0.01542288
4710	-55.33341	-56.09702	0.7636025	0.7262528	0.7262528	0.7262528	0.7262528	0.7262528	0.7262528	0.03434608
4720	-56.70527	-56.91481	0.2095325	0.9039298	0.9039298	0.9039298	0.9039298	0.9039298	0.9039298	0.05175347
4730	-55.69937	-56.44944	0.7500717	0.5612324	0.5612324	0.5612324	0.5612324	0.5612324	0.5612324	0.03226524
4740	-55.76937	-54.78511	-0.9842575	1.566553	1.566553	1.566553	1.566553	1.566553	1.566553	0.05105382
4750	-54.86941	-55.8115	0.942092	0.7686151	0.7686151	0.7686151	0.7686151	0.7686151	0.7686151	0.02819278
4760	-55.77892	-54.68733	-1.09159	1.617246	1.617246	1.617246	1.617246	1.617246	1.617246	0.05107174
4770	-55.25275	-56.17212	0.9193745	0.5832402	0.5832402	0.5832402	0.5832402	0.5832402	0.5832402	0.02801956
4780	-55.57594	-55.45497	-0.1209773	1.1832	1.1832	1.1832	1.1832	1.1832	1.1832	0.0463846
4790	-55.13169	-55.22664	0.09495694	1.14634	1.14634	1.14634	1.14634	1.14634	1.14634	0.03995681
4800	-61.09309	-58.39701	-2.696085	1.879055	1.879055	1.879055	1.879055	1.879055	1.879055	0.1453457
4810	-55.78605	-55.49257	-0.29348	1.239907	1.239907	1.239907	1.239907	1.239907	1.239907	0.04956906
4820	-55.94571	-55.19876	-0.7469504	1.806867	1.806867	1.806867	1.806867	1.806867	1.806867	0.02415553
4830	-55.13546	-54.46675	-0.6687064	1.549431	1.549431	1.549431	1.549431	1.549431	1.549431	0.03860208
4840	-55.9878	-53.97633	-2.011474	2.073881	2.073881	2.073881	2.073881	2.073881	2.073881	0.04833475
4850	-55.11809	-55.26552	0.1474251	1.122954	1.122954	1.122954	1.122954	1.122954	1.122954	0.03951409
4860	-54.86319	-54.87659	0.01340128	1.277624	1.277624	1.277624	1.277624	1.277624	1.277624	0.03391868
4870	-57.80631	-56.34842	-1.457898	2.253345	2.253345	2.253345	2.253345	2.253345	2.253345	0.01899466
4880	-55.4884	-54.71496	-0.7734426	1.508244	1.508244	1.508244	1.508244	1.508244	1.508244	0.04672089
4890	-55.15564	-54.42004	-0.7355957	1.584958	1.584958	1.584958	1.584958	1.584958	1.584958	0.03830018
4900	-54.93052	-55.75497	0.8244543	0.8067239	0.8067239	0.8067239	0.8067239	0.8067239	0.8067239	0.03088816
4910	-57.51636	-53.61553	-3.900827	2.861567	2.861567	2.861567	2.861567	2.861567	2.861567	0.06267353
4920	-56.82565	-57.28929	0.4636411	1.421982	1.421982	1.421982	1.421982	1.421982	1.421982	0.01620506
4930	-58.42251	-54.19458	-4.227929	2.841437	2.841437	2.841437	2.841437	2.841437	2.841437	0.09048824
4940	-55.35891	-56.74167	1.382755	0.6439972	0.6439972	0.6439972	0.6439972	0.6439972	0.6439972	0.01844791
4950	-55.48441	-56.5029	1.01849	0.4812708	0.4812708	0.4812708	0.4812708	0.4812708	0.4812708	0.02077492
4960	-55.95619	-54.603	-1.353187	2.020568	2.020568	2.020568	2.020568	2.020568	2.020568	0.02803791
4970	-55.55634	-54.12456	-1.43178	1.943772	1.943772	1.943772	1.943772	1.943772	1.943772	0.03574068
4980	-56.52865	-56.94709	0.4184443	0.4455459	0.4455459	0.4455459	0.4455459	0.4455459	0.4455459	0.03351393
4990	-55.1174	-56.12194	1.004538	0.5976726	0.5976726	0.5976726	0.5976726	0.5976726	0.5976726	0.02611723
5000	-57.22171	-54.03747	-3.184243	2.467496	2.467496	2.467496	2.467496	2.467496	2.467496	0.06822448
5010	-56.0074	-54.38419	-1.623207	1.846752	1.846752	1.846752	1.846752	1.846752	1.846752	0.0532713
5020	-58.12636	-55.59472	-2.531639	2.02493	2.02493	2.02493	2.02493	2.02493	2.02493	0.09026045
5030	-54.93104	-55.33554	0.4045038	1.215955	1.215955	1.215955	1.215955	1.215955	1.215955	0.02580734
5040	-54.86595	-55.31552	0.4495737	1.033643	1.033643	1.033643	1.033643	1.033643	1.033643	0.03390371
5050	-58.82087	-54.75916	-4.061705	2.687243	2.687243	2.687243	2.687243	2.687243	2.687243	0.1045354
5060	-55.20637	-55.31363	0.1072618	1.388701	1.388701	1.388701	1.388701	1.388701	1.388701	0.02476557
5070	-55.048	-54.65995	-0.3880493	1.416621	1.416621	1.416621	1.416621	1.416621	1.416621	0.03839662
5080	-54.80717	-55.07513	0.2679545	1.161644	1.161644	1.161644	1.161644	1.161644	1.161644	0.03269793
5090	-55.49807	-55.72543	0.2273607	1.022567	1.022567	1.022567	1.022567	1.022567	1.022567	0.04308137
5100	-55.60098	-54.16919	-1.431785	1.963782	1.963782	1.963782	1.963782	1.963782	1.963782	0.03424341
5110	-55.2509	-54.31552	-0.9353805	1.717232	1.717232	1.717232	1.717232	1.717232	1.717232	0.03532138
5120	-54.97089	-55.0483	0.07741193	1.192555	1.192555	1.192555	1.192555	1.192555	1.192555	0.03738769
5130	-54.79731	-55.80228	1.004973	0.8242023	0.8242023	0.8242023	0.8242023	0.8242023	0.8242023	0.02541141
5140	-55.58463	-54.84606	-0.7385753	1.753358	1.753358	1.753358	1.753358	1.753358	1.753358	0.0268579
5150	-56.07586	-56.72501	0.6491496	0.5462488	0.5462488	0.5462488	0.5462488	0.5462488	0.5462488	0.03486613
5160	-56.752	-58.13419	1.382186	1.000603	1.000603	1.000603	1.000603	1.000603	1.000603	0.01403888
5170	-54.88091	-54.80844	-0.07246849	1.341372	1.341372	1.341372	1.341372	1.341372	1.341372	0.0326009
5180	-60.2282	-53.76701	-6.461192	3.991932	3.991932	3.991932	3.991932	3.991932	3.991932	0.09724801
5190	-56.55877	-54.39497	-2.163803	2.385078	2.385078	2.385078	2.385078	2.385078	2.385078	0.02918776
5200	-57.59092	-53.55234	-4.038584	2.946332	2.946332	2.946332	2.946332	2.946332	2.946332	0.06079087
5210	-55.01326	-54.58111	-0.4321555	1.468885	1.468885	1.468885	1.468885	1.468885	1.468885	0.03604024
5220	-55.33829	-55.19235	-0.1459395	1.228226	1.228226	1.228226	1.228226	1.228226	1.228226	0.04372793
5230	-55.06608	-54.60251	-0.4635752	1.453593	1.453593	1.453593	1.453593	1.453593	1.453593	0.03838359
5240	-56.8216	-55.99161	-0.8299958	1.928092	1.928092	1.928092	1.928092	1.928092	1.928092	0.020248
5250	-55.18856	-55.95523	0.7666693	0.7637425	0.7637425	0.7637425	0.7637425	0.7637425	0.7637425	0.03369174
5260	-54.96231	-54.71278	-0.2495265	1.440761	1.440761	1.440761	1.440761	1.440761	1.440761	0.0318167
5270	-56.3853	-54.11867	-2.266625	2.385203	2.385203	2.385203	2.385203	2.385203	2.385203	0.03234017
5280	-55.15177	-56.2905	1.138729	0.574231	0.574231	0.574231	0.574231	0.574231	0.574231	0.02226112
5290	-55.15999	-56.11825	0.9582582	0.604663	0.604663	0.604663	0.604663	0.604663	0.604663	0.02752522
5300	-57.01135	-58.03638	1.025026	0.3894737	0.3894737	0.3894737	0.3894737	0.3894737	0.3894737	0.01395715
5310	-54.76633	-55.33595	0.5696234	1.022477	1.022477	1.022477	1.022477	1.022477	1.022477	0.03059904
5320	-57.26143	-53.93591	-3.325517	2.873897	2.873897	2.873897	2.873897	2.873897	2.873897	0.03440017
5330	-55.84823	-54.82698	-1.021255	1.573228	1.573228	1.573228	1.573228	1.573228	1.573228	0.05223904
5340	-54.81645	-55.48701	0.6705569	0.9380429	0.9380429	0.9380429	0.9380429	0.9380429	0.9380429	0.03125324
5350	-55.5045	-56.06956	0.5650667	1.250466	1.250466	1.250466	1.250466	1.250466	1.250466	0.02058705
5360	-55.35638	-54.22364	-1.132742	1.751928	1.751928	1.751928	1.751928	1.751928	1.751928	0.03995614
5370	-57.04772	-54.90711	-2.140606	1.956378	1.956378	1.956378	1.956378	1.956378	1.956378	0.07067907
5380	-55.35943	-54.21608	-1.143348	1.759124	1.759124	1.759124	1.759124	1.759124	1.759124	0.03976598
5390	-55.35176	-56.27134	0.9195818	0.5114705	0.5114705	0.5114705	0.5114705	0.5114705	0.5114705	0.02482846
5400	-54.84718	-54.8902	0.04302052	1.278083	1.278083	1.278083	1.278083	1.278083	1.278083	0.03289944
5410	-56.70519	-53.7536	-2.951589	2.631793	2.631793	2.631793	2.631793	2.631793	2.631793	0.03856169
5420	-54.8238	-54.98679	0.1629862	1.252438	1.252438	1.252438	1.252438	1.252438	1.252438	0.03066019
5430	-54.86994	-54.83341	-0.03653016	1.311533	1.311533	1.311533	1.311533	1.311533	1.311533	0.03336681
5440	-55.97511	-55.11569	-0.859414	1.481214	1.481214	1.481214	1.481214	1.481214	1.481214	0.05385856
5450	-56.56471	-54.32108	-2.243629	2.073539	2.073539	2.073539	2.073539	2.073539	2.073539	0.0610099
5460	-58.13604	-53.6424	-4.493645	3.086214	3.086214	3.086214	3.086214	3.086214	3.086214	0.07283081
5470	-54.75375	-55.29507	0.5413263	1.069067	1.069067	1.069067	1.069067	1.069067	1.069067	0.02920953
5480	-58.58743	-53.50148	-5.085944	3.616282	3.616282	3.616282	3.616282	3.616282	3.616282	0.04832511
5490	-55.10338	-54.84219	-0.2611953	1.3305	1.3305	1.3305	1.3305	1.3305	1.3305	0.04023357
5500	-56.68706	-53.93941	-2.747649	2.331409	2.331409	2.331409	2.331409	2.331409	2.331409	0.05854699
5510	-56.90726	-53.81409	-3.093163	2.725502	2.725502	2.725502	2.725502	2.725502	2.725502	0.03672584
5520	-55.08934	-55.39245	0.3031105	1.05051	1.05051	1.05051	1.05051	1.05051	1.05051	0.0382079
5530	-56.13995	-55.846	-0.2939496	1.204098	1.204098	1.204098	1.204098	1.204098	1.204098	0.05305262
5540	-56.2673	-53.99501	-2.272292	2.151854	2.151854	2.151854	2.151854	2.151854	2.151854	0.05315416
5550	-57.65908	-53.86828	-3.790803	2.736402	2.736402	2.736402	2.736402	2.736402	2.736402	0.07217506
5560	-57.4715	-54.62796	-2.843542	2.751044	2.751044	2.751044	2.751044	2.751044	2.751044	0.02717465
5570	-55.47696	-54.11226	-1.3647	1.868259	1.868259	1.868259	1.868259	1.868259	1.868259	0.03928502
5580	-55.3463	-55.78463	0.4383253	1.281169	1.281169	1.281169	1.281169	1.281169	1.281169	0.02202449
5590	-54.97369	-54.73082	-0.2428724	1.365338	1.365338	1.365338	1.365338	1.365338	1.365338	0.03684606
5600	-54.75662	-55.33072	0.5740993	1.031453	1.031453	1.031453	1.031453	1.031453	1.031453	0.03003765
5610	-55.57032	-54.49612	-1.074195	1.64501	1.64501	1.64501	1.64501	1.64501	1.64501	0.04732296
5620	-55.64926	-54.98768	-0.6615835	1.429253	1.429253	1.429253	1.429253	1.429253	1.429253	0.0491886
5630	-56.1034	-54.67371	-1.429687	1.734756	1.734756	1.734756	1.734756	1.734756	1.734756	0.05577909
5640	-56.59718	-53.82713	-2.770052	2.372523	2.372523	2.372523	2.372523	2.372523	2.372523	0.05493827
5650	-54.75339	-55.49681	0.7434172	0.9487599	0.9487599	0.9487599	0.9487599	0.9487599	0.9487599	0.0286419
5660	-54.86966	-54.87804	0.008382918	1.274741	1.274741	1.274741	1.274741	1.274741	1.274741	0.03428047
5670	-55.99503	-53.85223	-2.142808	2.178217	2.178217	2.178217	2.178217	2.178217	2.178217	0.04416027
5680	-56.00492	-54.22204	-1.782882	2.164288	2.164288	2.164288	2.164288	2.164288	2.164288	0.03173488
5690	-56.30778	-53.72956	-2.578217	2.38658	2.38658	2.38658	2.38658	2.38658	2.38658	0.04403696
5700	-61.00826	-55.79623	-5.212026	3.011721	3.011721	3.011721	3.011721	3.011721	3.011721	0.1727969
5710	-57.6877	-56.85411	-0.8335898	1.328551	1.328551	1.328551	1.328551	1.328551	1.328551	0.07159069
5720	-54.79397	-55.14878	0.3548126	1.120498	1.120498	1.120498	1.120498	1.120498	1.120498	0.03225138
5730	-56.90888	-55.91068	-0.9982052	2.000093	2.000093	2.000093	2.000093	2.000093	2.000093	0.02053851
5740	-54.87052	-54.83016	-0.04036139	1.32534	1.32534	1.32534	1.32534	1.32534	1.32534	0.03259321
5750	-54.97909	-54.65396	-0.3251372	1.416241	1.416241	1.416241	1.416241	1.416241	1.416241	0.03608341
5760	-60.83118	-53.64125	-7.189925	4.738015	4.738015	4.738015	4.738015	4.738015	4.738015	0.05691295
5770	-61.00877	-55.3066	-5.702175	3.289895	3.289895	3.289895	3.289895	3.289895	3.289895	0.164768
5780	-55.8306	-53.99336	-1.837235	2.123797	2.123797	2.123797	2.123797	2.123797	2.123797	0.03651457
5790	-57.51265	-53.6412	-3.87145	2.839267	2.839267	2.839267	2.839267	2.839267	2.839267	0.06362946
5800	-54.83865	-54.95955	0.1208997	1.275442	1.275442	1.275442	1.275442	1.275442	1.275442	0.0305908
5810	-55.91367	-56.60121	0.6875386	0.5456218	0.5456218	0.5456218	0.5456218	0.5456218	0.5456218	0.03351755
5820	-57.08535	-53.59188	-3.493475	2.729925	2.729925	2.729925	2.729925	2.729925	2.729925	0.05431779
5830	-55.19218	-55.31239	0.1202031	1.122618	1.122618	1.122618	1.122618	1.122618	1.122618	0.04062843
5840	-59.97829	-53.49718	-6.481111	4.2995	4.2995	4.2995	4.2995	4.2995	4.2995	0.0581978
5850	-54.81614	-54.9807	0.1645673	1.238447	1.238447	1.238447	1.238447	1.238447	1.238447	0.0314405
5860	-55.99424	-56.37287	0.3786375	1.382591	1.382591	1.382591	1.382591	1.382591	1.382591	0.01911449
5870	-55.43152	-55.226	-0.2055206	1.242882	1.242882	1.242882	1.242882	1.242882	1.242882	0.04513868
5880	-58.19477	-56.28515	-1.909616	1.74924	1.74924	1.74924	1.74924	1.74924	1.74924	0.08739163
5890	-58.55416	-53.54217	-5.011986	3.600902	3.600902	3.600902	3.600902	3.600902	3.600902	0.04616693
5900	-62.22472	-55.64283	-6.581887	3.58876	3.58876	3.58876	3.58876	3.58876	3.58876	0.2269023
5910	-55.47054	-55.14572	-0.3248198	1.294233	1.294233	1.294233	1.294233	1.294233	1.294233	0.04605425
5920	-58.76945	-54.42901	-4.340437	2.847691	2.847691	2.847691	2.847691	2.847691	2.847691	0.1000066
5930	-55.77617	-55.43679	-0.3393788	1.63661	1.63661	1.63661	1.63661	1.63661	1.63661	0.02310378
5940	-54.79918	-55.12836	0.3291882	1.189653	1.189653	1.189653	1.189653	1.189653	1.189653	0.02922208
5950	-55.05254	-55.79229	0.7397471	0.8191019	0.8191019	0.8191019	0.8191019	0.8191019	0.8191019	0.03327669
5960	-57.24882	-54.80853	-2.44029	2.576587	2.576587	2.576587	2.576587	2.576587	2.576587	0.02589163
5970	-57.55018	-53.6983	-3.851881	2.810084	2.810084	2.810084	2.810084	2.810084	2.810084	0.06614953
5980	-54.7639	-55.5381	0.7742018	0.9211144	0.9211144	0.9211144	0.9211144	0.9211144	0.9211144	0.0288028
5990	-58.87045	-54.3856	-4.48485	3.543116	3.543116	3.543116	3.543116	3.543116	3.543116	0.03031912
6000	-55.57179	-54.07799	-1.493803	1.897898	1.897898	1.897898	1.897898	1.897898	1.897898	0.04195059
6010	-56.27776	-53.73974	-2.538019	2.362804	2.362804	2.362804	2.362804	2.362804	2.362804	0.04445545
6020	-55.69431	-56.16173	0.4674275	1.314125	1.314125	1.314125	1.314125	1.314125	1.314125	0.02005529
6030	-55.99545	-53.85724	-2.138208	2.224019	2.224019	2.224019	2.224019	2.224019	2.224019	0.03989871
6040	-54.87936	-55.35356	0.4741966	1.016128	1.016128	1.016128	1.016128	1.016128	1.016128	0.03399503
6050	-56.3004	-56.74347	0.4430631	0.3521865	0.3521865	0.3521865	0.3521865	0.3521865	0.3521865	0.01947384
6060	-56.47456	-55.51031	-0.9642501	1.47777	1.47777	1.47777	1.47777	1.47777	1.47777	0.06024
6070	-54.88733	-55.84227	0.9549441	0.7519815	0.7519815	0.7519815	0.7519815	0.7519815	0.7519815	0.02807961
6080	-58.21984	-53.43221	-4.78763	3.397677	3.397677	3.397677	3.397677	3.397677	3.397677	0.05383942
6090	-55.00956	-54.57315	-0.4364101	1.490865	1.490865	1.490865	1.490865	1.490865	1.490865	0.03458174
6100	-59.05137	-57.79201	-1.259362	1.4261	1.4261	1.4261	1.4261	1.4261	1.4261	0.090008
6110	-55.04794	-54.82009	-0.2278492	1.32847	1.32847	1.32847	1.32847	1.32847	1.32847	0.03907117
6120	-56.86571	-53.71969	-3.146018	2.720033	2.720033	2.720033	2.720033	2.720033	2.720033	0.0391499
6130	-55.8233	-56.5403	0.7170028	0.5975542	0.5975542	0.5975542	0.5975542	0.5975542	0.5975542	0.034814
6140	-55.47991	-55.30243	-0.1774731	1.537704	1.537704	1.537704	1.537704	1.537704	1.537704	0.02420745
6150	-56.22371	-54.17675	-2.046959	2.03162	2.03162	2.03162	2.03162	2.03162	2.03162	0.05480277
6160	-55.33188	-56.18088	0.8490008	0.6359595	0.6359595	0.6359595	0.6359595	0.6359595	0.6359595	0.03134709
6170	-56.098	-54.16948	-1.928521	1.992879	1.992879	1.992879	1.992879	1.992879	1.992879	0.05288027
6180	-63.2108	-58.21073	-5.000062	2.58331	2.58331	2.58331	2.58331	2.58331	2.58331	0.3302671
6190	-55.42571	-55.48375	0.05803889	1.116648	1.116648	1.116648	1.116648	1.116648	1.116648	0.04368655
6200	-55.264	-55.20184	-0.06215316	1.199639	1.199639	1.199639	1.199639	1.199639	1.199639	0.0424268
6210	-57.77704	-53.65746	-4.119579	3.195852	3.195852	3.195852	3.195852	3.195852	3.195852	0.04052469
6220	-56.02511	-55.02946	-0.9956482	1.538723	1.538723	1.538723	1.538723	1.538723	1.538723	0.05474578
6230	-55.16425	-54.37984	-0.7844101	1.624821	1.624821	1.624821	1.624821	1.624821	1.624821	0.03696655
6240	-54.91333	-54.95438	0.04105272	1.231147	1.231147	1.231147	1.231147	1.231147	1.231147	0.03607017
6250	-56.61221	-56.29456	-0.3176536	1.17447	1.17447	1.17447	1.17447	1.17447	1.17447	0.05737604
6260	-57.72427	-55.03092	-2.693354	2.140016	2.140016	2.140016	2.140016	2.140016	2.140016	0.08304498
6270	-57.92605	-53.44687	-4.47918	3.21472	3.21472	3.21472	3.21472	3.21472	3.21472	0.05599471
6280	-54.74749	-55.45841	0.710917	0.9777588	0.9777588	0.9777588	0.9777588	0.9777588	0.9777588	0.02840973
6290	-56.52237	-53.89471	-2.627657	2.51195	2.51195	2.51195	2.51195	2.51195	2.51195	0.03566929
6300	-55.32305	-56.28217	0.9591136	1.046624	1.046624	1.046624	1.046624	1.046624	1.046624	0.01995142
6310	-54.88402	-54.90799	0.02396808	1.331076	1.331076	1.331076	1.331076	1.331076	1.331076	0.03021669
6320	-55.20731	-54.3336	-0.8737114	1.666175	1.666175	1.666175	1.666175	1.666175	1.666175	0.03702359
6330	-55.78182	-54.13573	-1.64609	1.910283	1.910283	1.910283	1.910283	1.910283	1.910283	0.04757301
6340	-55.44738	-55.53264	0.08526007	1.100321	1.100321	1.100321	1.100321	1.100321	1.100321	0.04372764
6350	-56.17476	-56.65093	0.4761794	0.7937273	0.7937273	0.7937273	0.7937273	0.7937273	0.7937273	0.04419136
6360	-55.09685	-55.74216	0.6453072	1.152931	1.152931	1.152931	1.152931	1.152931	1.152931	0.02277472
6370	-57.81397	-55.04868	-2.765284	2.163957	2.163957	2.163957	2.163957	2.163957	2.163957	0.08481913
6380	-54.90322	-54.79389	-0.1093321	1.326471	1.326471	1.326471	1.326471	1.326471	1.326471	0.03484233
6390	-58.9866	-53.48018	-5.506416	3.61575	3.61575	3.61575	3.61575	3.61575	3.61575	0.07365568
6400	-55.71526	-54.09485	-1.620411	2.0427	2.0427	2.0427	2.0427	2.0427	2.0427	0.03493724
6410	-58.37495	-57.24086	-1.134088	0.2187085	0.2187085	0.2187085	0.2187085	0.2187085	0.2187085	0.01674565
6420	-55.69493	-56.94268	1.247749	0.9484423	0.9484423	0.9484423	0.9484423	0.9484423	0.9484423	0.01730457
6430	-56.39317	-53.92514	-2.468023	2.238082	2.238082	2.238082	2.238082	2.238082	2.238082	0.0538645
6440	-55.35732	-54.22017	-1.137144	1.800178	1.800178	1.800178	1.800178	1.800178	1.800178	0.03619853
6450	-55.05898	-55.04767	-0.01130612	1.402079	1.402079	1.402079	1.402079	1.402079	1.402079	0.02713609
6460	-56.21504	-57.48446	1.269414	1.004539	1.004539	1.004539	1.004539	1.004539	1.004539	0.01562191
6470	-55.59308	-56.07424	0.481157	0.8714677	0.8714677	0.8714677	0.8714677	0.8714677	0.8714677	0.04094686
6480	-55.10489	-54.45671	-0.6481771	1.589575	1.589575	1.589575	1.589575	1.589575	1.589575	0.03475403
6490	-55.82001	-54.52847	-1.291537	1.709848	1.709848	1.709848	1.709848	1.709848	1.709848	0.0512335
6500	-55.35235	-55.23456	-0.1177909	1.212476	1.212476	1.212476	1.212476	1.212476	1.212476	0.04379309
6510	-61.28578	-57.69786	-3.587913	2.224826	2.224826	2.224826	2.224826	2.224826	2.224826	0.1697529
6520	-56.04846	-53.82008	-2.228383	2.229815	2.229815	2.229815	2.229815	2.229815	2.229815	0.04313264
6530	-55.53938	-56.04704	0.5076634	0.8637333	0.8637333	0.8637333	0.8637333	0.8637333	0.8637333	0.04020841
6540	-56.05685	-53.83514	-2.221705	2.261476	2.261476	2.261476	2.261476	2.261476	2.261476	0.04007809
6550	-55.79592	-56.39072	0.5947997	0.7632916	0.7632916	0.7632916	0.7632916	0.7632916	0.7632916	0.04001965
6560	-55.92432	-55.16708	-0.7572427	1.807942	1.807942	1.807942	1.807942	1.807942	1.807942	0.02434934
6570	-57.75209	-58.03702	0.2849294	0.7575993	0.7575993	0.7575993	0.7575993	0.7575993	0.7575993	0.0547222
6580	-57.4724	-55.68958	-1.78282	1.752393	1.752393	1.752393	1.752393	1.752393	1.752393	0.07646749
6590	-62.92438	-56.0365	-6.887882	3.592463	3.592463	3.592463	3.592463	3.592463	3.592463	0.3060331
6600	-55.36832	-54.2203	-1.148015	1.809274	1.809274	1.809274	1.809274	1.809274	1.809274	0.03588884
6610	-54.92476	-55.19687	0.2721101	1.106222	1.106222	1.106222	1.106222	1.106222	1.106222	0.03590955
6620	-55.10299	-56.29748	1.194486	0.6071699	0.6071699	0.6071699	0.6071699	0.6071699	0.6071699	0.02177931
6630	-55.12521	-55.22114	0.09593258	1.147125	1.147125	1.147125	1.147125	1.147125	1.147125	0.03986192
6640	-55.08164	-56.3594	1.277765	0.7477347	0.7477347	0.7477347	0.7477347	0.7477347	0.7477347	0.02037271
6650	-58.23225	-53.89415	-4.338095	3.373966	3.373966	3.373966	3.373966	3.373966	3.373966	0.03591444
6660	-56.45303	-54.11268	-2.34035	2.14702	2.14702	2.14702	2.14702	2.14702	2.14702	0.05748429
6670	-54.77833	-55.3197	0.541373	1.100716	1.100716	1.100716	1.100716	1.100716	1.100716	0.02769331
6680	-55.14787	-55.96286	0.814986	0.7397972	0.7397972	0.7397972	0.7397972	0.7397972	0.7397972	0.03247095
6690	-56.72428	-55.94593	-0.7783539	1.373318	1.373318	1.373318	1.373318	1.373318	1.373318	0.06193972
6700	-54.94674	-55.54029	0.5935549	1.142334	1.142334	1.142334	1.142334	1.142334	1.142334	0.02444291
6710	-55.82875	-56.43746	0.6087105	1.270564	1.270564	1.270564	1.270564	1.270564	1.270564	0.01896011
6720	-58.88199	-57.86322	-1.018768	1.336576	1.336576	1.336576	1.336576	1.336576	1.336576	0.08479144
6730	-56.56047	-56.29152	-0.2689528	1.15603	1.15603	1.15603	1.15603	1.15603	1.15603	0.05650572
6740	-60.50168	-53.58042	-6.921256	4.349373	4.349373	4.349373	4.349373	4.349373	4.349373	0.08302513
6750	-56.93445	-53.83828	-3.09617	2.48417	2.48417	2.48417	2.48417	2.48417	2.48417	0.06035286
6760	-56.51842	-57.03189	0.5134682	0.7108055	0.7108055	0.7108055	0.7108055	0.7108055	0.7108055	0.04427588
6770	-55.2132	-56.0365	0.8232959	0.7117695	0.7117695	0.7117695	0.7117695	0.7117695	0.7117695	0.03247356
6780	-56.54661	-53.67608	-2.870528	2.485251	2.485251	2.485251	2.485251	2.485251	2.485251	0.0480542
6790	-56.59197	-55.27487	-1.3171	1.625547	1.625547	1.625547	1.625547	1.625547	1.625547	0.06287608
6800	-54.7836	-55.51003	0.7264241	0.9277645	0.9277645	0.9277645	0.9277645	0.9277645	0.9277645	0.02995573
6810	-55.68548	-54.29355	-1.391928	1.789528	1.789528	1.789528	1.789528	1.789528	1.789528	0.04777903
6820	-55.85041	-55.52112	-0.3292947	1.249571	1.249571	1.249571	1.249571	1.249571	1.249571	0.0504376
6830	-60.37825	-59.14957	-1.228679	1.34593	1.34593	1.34593	1.34593	1.34593	1.34593	0.1026631
6840	-56.82627	-54.96922	-1.857052	1.84865	1.84865	1.84865	1.84865	1.84865	1.84865	0.06703265
6850	-57.44675	-53.51609	-3.930652	2.937389	2.937389	2.937389	2.937389	2.937389	2.937389	0.05554479
6860	-55.56577	-55.26322	-0.3025438	1.270664	1.270664	1.270664	1.270664	1.270664	1.270664	0.047153
6870	-55.90509	-53.90153	-2.003559	2.111434	2.111434	2.111434	2.111434	2.111434	2.111434	0.04427028
6880	-55.35593	-54.3902	-0.9657283	1.773994	1.773994	1.773994	1.773994	1.773994	1.773994	0.03225288
6890	-55.94857	-54.99415	-0.9544234	1.528652	1.528652	1.528652	1.528652	1.528652	1.528652	0.0536541
6900	-54.96902	-54.91289	-0.05612977	1.391698	1.391698	1.391698	1.391698	1.391698	1.391698	0.02898482
6910	-56.02302	-55.38081	-0.6422078	1.77771	1.77771	1.77771	1.77771	1.77771	1.77771	0.02315336
6920	-55.95498	-53.85659	-2.098395	2.179024	2.179024	2.179024	2.179024	2.179024	2.179024	0.04216969
6930	-56.11961	-56.72303	0.6034273	1.302683	1.302683	1.302683	1.302683	1.302683	1.302683	0.01790382
6940	-56.82762	-57.07241	0.2447896	0.8722859	0.8722859	0.8722859	0.8722859	0.8722859	0.8722859	0.05181862
6950	-54.87554	-55.76482	0.889286	0.7931353	0.7931353	0.7931353	0.7931353	0.7931353	0.7931353	0.02924918
6960	-55.37126	-54.34201	-1.029254	1.794236	1.794236	1.794236	1.794236	1.794236	1.794236	0.03291215
6970	-55.2558	-56.61792	1.36212	0.7079837	0.7079837	0.7079837	0.7079837	0.7079837	0.7079837	0.01895925
6980	-57.11202	-53.55037	-3.561657	2.834527	2.834527	2.834527	2.834527	2.834527	2.834527	0.04712284
6990	-55.06493	-55.17858	0.1136555	1.150814	1.150814	1.150814	1.150814	1.150814	1.150814	0.03890404
7000	-54.86586	-55.75108	0.885215	0.9784173	0.9784173	0.9784173	0.9784173	0.9784173	0.9784173	0.02384283
7010	-54.80202	-55.78542	0.9833997	0.8750243	0.8750243	0.8750243	0.8750243	0.8750243	0.8750243	0.02468341
7020	-54.93886	-56.0158	1.076945	0.6744189	0.6744189	0.6744189	0.6744189	0.6744189	0.6744189	0.02524207
7030	-54.85558	-55.37345	0.517863	1.00177	1.00177	1.00177	1.00177	1.00177	1.00177	0.03326148
7040	-58.8407	-56.72606	-2.114633	1.788521	1.788521	1.788521	1.788521	1.788521	1.788521	0.09863686
7050	-56.06137	-54.96748	-1.09389	1.946059	1.946059	1.946059	1.946059	1.946059	1.946059	0.02536845
7060	-55.65227	-55.89216	0.2398885	0.9962231	0.9962231	0.9962231	0.9962231	0.9962231	0.9962231	0.04428655
7070	-57.3515	-53.94179	-3.409712	2.917355	2.917355	2.917355	2.917355	2.917355	2.917355	0.03432652
7080	-56.00228	-53.99915	-2.003128	2.063187	2.063187	2.063187	2.063187	2.063187	2.063187	0.04903779
7090	-56.06227	-53.8396	-2.222671	2.201665	2.201665	2.201665	2.201665	2.201665	2.201665	0.04551564
7100	-58.34552	-58.65478	0.3092664	0.558566	0.558566	0.558566	0.558566	0.558566	0.558566	0.04994341
7110	-55.98225	-54.06267	-1.919585	2.016962	2.016962	2.016962	2.016962	2.016962	2.016962	0.049782
7120	-55.41214	-55.5613	0.1491516	1.40499	1.40499	1.40499	1.40499	1.40499	1.40499	0.02297677
7130	-55.32685	-54.37721	-0.9496346	1.640323	1.640323	1.640323	1.640323	1.640323	1.640323	0.04219827
7140	-58.5622	-53.48634	-5.075856	3.601661	3.601661	3.601661	3.601661	3.601661	3.601661	0.04914324
7150	-55.03138	-55.18732	0.1559446	1.335486	1.335486	1.335486	1.335486	1.335486	1.335486	0.02624959
7160	-56.89336	-57.33187	0.4385089	0.7258054	0.7258054	0.7258054	0.7258054	0.7258054	0.7258054	0.04754691
7170	-54.82043	-55.03493	0.2145046	1.183337	1.183337	1.183337	1.183337	1.183337	1.183337	0.03315637
7180	-55.40042	-56.63285	1.232426	0.9063564	0.9063564	0.9063564	0.9063564	0.9063564	0.9063564	0.01855326
7190	-55.51245	-54.3749	-1.137547	1.865205	1.865205	1.865205	1.865205	1.865205	1.865205	0.03150759
7200	-55.78237	-53.94781	-1.834563	2.048404	2.048404	2.048404	2.048404	2.048404	2.048404	0.04275732
7210	-55.23634	-55.15625	-0.08009297	1.2131	1.2131	1.2131	1.2131	1.2131	1.2131	0.04212368
7220	-54.9078	-54.75533	-0.152463	1.378575	1.378575	1.378575	1.378575	1.378575	1.378575	0.03277486
7230	-55.02987	-56.21941	1.189537	0.6389882	0.6389882	0.6389882	0.6389882	0.6389882	0.6389882	0.02233189
7240	-56.05761	-54.20987	-1.847742	1.956833	1.956833	1.956833	1.956833	1.956833	1.956833	0.05268404
7250	-56.74802	-54.6038	-2.144227	1.99555	1.99555	1.99555	1.99555	1.99555	1.99555	0.06523719
7260	-54.77799	-55.70402	0.9260341	0.8950313	0.8950313	0.8950313	0.8950313	0.8950313	0.8950313	0.02554998
7270	-55.16133	-54.94294	-0.2183846	1.295437	1.295437	1.295437	1.295437	1.295437	1.295437	0.0413069
7280	-60.80642	-56.14775	-4.658667	2.753409	2.753409	2.753409	2.753409	2.753409	2.753409	0.1661085
7290	-54.80431	-55.03616	0.2318581	1.216826	1.216826	1.216826	1.216826	1.216826	1.216826	0.03062053
7300	-56.61161	-55.52879	-1.082825	1.518353	1.518353	1.518353	1.518353	1.518353	1.518353	0.06233261
7310	-55.89793	-57.4317	1.533765	0.752397	0.752397	0.752397	0.752397	0.752397	0.752397	0.01573714
7320	-58.41919	-56.82215	-1.59704	0.2145773	0.2145773	0.2145773	0.2145773	0.2145773	0.2145773	0.024362
7330	-57.23381	-57.26815	0.03434047	0.3727054	0.3727054	0.3727054	0.3727054	0.3727054	0.3727054	0.03387997
7340	-56.48458	-56.63564	0.1510633	0.9558951	0.9558951	0.9558951	0.9558951	0.9558951	0.9558951	0.05128766
7350	-58.70541	-53.93474	-4.77067	3.122141	3.122141	3.122141	3.122141	3.122141	3.122141	0.08960065
7360	-58.64928	-53.90334	-4.745935	3.118731	3.118731	3.118731	3.118731	3.118731	3.118731	0.08799156
7370	-54.93864	-55.63756	0.6989202	0.876682	0.876682	0.876682	0.876682	0.876682	0.876682	0.03274582
7380	-57.27055	-57.14752	-0.1230299	1.033733	1.033733	1.033733	1.033733	1.033733	1.033733	0.0600986
7390	-56.94161	-57.20231	0.2606958	0.8520863	0.8520863	0.8520863	0.8520863	0.8520863	0.8520863	0.05209579
7400	-57.28572	-58.36774	1.082029	0.389363	0.389363	0.389363	0.389363	0.389363	0.389363	0.01317528
7410	-54.76993	-55.34817	0.5782417	1.014568	1.014568	1.014568	1.014568	1.014568	1.014568	0.03070938
7420	-55.45406	-54.12766	-1.326398	1.858445	1.858445	1.858445	1.858445	1.858445	1.858445	0.03861171
7430	-55.85412	-54.43948	-1.414636	2.022773	2.022773	2.022773	2.022773	2.022773	2.022773	0.02967487
7440	-54.7506	-55.34258	0.5919784	1.033805	1.033805	1.033805	1.033805	1.033805	1.033805	0.02939617
7450	-56.36295	-53.72151	-2.641435	2.392921	2.392921	2.392921	2.392921	2.392921	2.392921	0.0462944
7460	-54.8932	-54.85563	-0.03756864	1.286515	1.286515	1.286515	1.286515	1.286515	1.286515	0.0350803
7470	-54.8209	-55.85009	1.029189	0.7801714	0.7801714	0.7801714	0.7801714	0.7801714	0.7801714	0.02565781
7480	-55.10538	-56.35402	1.248639	0.8083329	0.8083329	0.8083329	0.8083329	0.8083329	0.8083329	0.02018427
7490	-54.88228	-54.97712	0.09484393	1.310067	1.310067	1.310067	1.310067	1.310067	1.310067	0.02934364
7500	-55.74463	-54.38393	-1.360706	1.75949	1.75949	1.75949	1.75949	1.75949	1.75949	0.04938203
7510	-59.15349	-53.59161	-5.56188	3.587022	3.587022	3.587022	3.587022	3.587022	3.587022	0.08208156
7520	-54.86212	-55.79927	0.9371555	0.7752818	0.7752818	0.7752818	0.7752818	0.7752818	0.7752818	0.02821884
7530	-56.66083	-55.46208	-1.198755	2.052355	2.052355	2.052355	2.052355	2.052355	2.052355	0.0224504
7540	-55.40268	-55.1924	-0.2102738	1.538181	1.538181	1.538181	1.538181	1.538181	1.538181	0.02498965
7550	-55.86611	-54.74818	-1.117935	1.927151	1.927151	1.927151	1.927151	1.927151	1.927151	0.02705873
7560	-55.84399	-53.91161	-1.932376	2.125777	2.125777	2.125777	2.125777	2.125777	2.125777	0.03999067
7570	-58.02361	-53.74833	-4.275275	2.961597	2.961597	2.961597	2.961597	2.961597	2.961597	0.07473818
7580	-54.78321	-55.10943	0.3262118	1.169376	1.169376	1.169376	1.169376	1.169376	1.169376	0.03041815
7590	-58.72853	-53.65218	-5.076351	3.679562	3.679562	3.679562	3.679562	3.679562	3.679562	0.04262915
7600	-56.33301	-53.87696	-2.456059	2.417136	2.417136	2.417136	2.417136	2.417136	2.417136	0.0365689
7610	-55.36671	-56.23547	0.8687624	0.5685409	0.5685409	0.5685409	0.5685409	0.5685409	0.5685409	0.02894655
7620	-55.01149	-54.95898	-0.05251175	1.247771	1.247771	1.247771	1.247771	1.247771	1.247771	0.03837459
7630	-57.34886	-55.42077	-1.928086	2.395662	2.395662	2.395662	2.395662	2.395662	2.395662	0.02255499
7640	-54.91608	-55.15389	0.2378003	1.126581	1.126581	1.126581	1.126581	1.126581	1.126581	0.035871
7650	-56.11947	-54.0522	-2.06727	2.067869	2.067869	2.067869	2.067869	2.067869	2.067869	0.05176711
7660	-54.75617	-55.29081	0.534639	1.056722	1.056722	1.056722	1.056722	1.056722	1.056722	0.03000719
7670	-54.79629	-55.24299	0.4466995	1.066994	1.066994	1.066994	1.066994	1.066994	1.066994	0.0322186
7680	-55.7504	-53.98117	-1.769232	2.010229	2.010229	2.010229	2.010229	2.010229	2.010229	0.04345295
7690	-54.90837	-54.7469	-0.1614775	1.375315	1.375315	1.375315	1.375315	1.375315	1.375315	0.03329
7700	-55.14974	-55.48279	0.3330544	1.023416	1.023416	1.023416	1.023416	1.023416	1.023416	0.03870916
7710	-55.11103	-54.87803	-0.2329966	1.490212	1.490212	1.490212	1.490212	1.490212	1.490212	0.02825498
7720	-55.00982	-54.64569	-0.3641273	1.491909	1.491909	1.491909	1.491909	1.491909	1.491909	0.0321006
7730	-58.1075	-57.79502	-0.3124784	1.071138	1.071138	1.071138	1.071138	1.071138	1.071138	0.06836583
7740	-57.77035	-58.03285	0.2625002	0.7736767	0.7736767	0.7736767	0.7736767	0.7736767	0.7736767	0.05545852
7750	-58.2174	-54.44346	-3.77394	2.619509	2.619509	2.619509	2.619509	2.619509	2.619509	0.08998964
7760	-54.97356	-55.96341	0.9898537	0.6862344	0.6862344	0.6862344	0.6862344	0.6862344	0.6862344	0.02755857
7770	-55.89319	-56.5281	0.6349117	0.4761293	0.4761293	0.4761293	0.4761293	0.4761293	0.4761293	0.03001766
7780	-54.87532	-55.41057	0.5352476	0.9855688	0.9855688	0.9855688	0.9855688	0.9855688	0.9855688	0.03348362
7790	-57.43031	-53.89459	-3.535716	2.632007	2.632007	2.632007	2.632007	2.632007	2.632007	0.06912729
7800	-59.23809	-55.29471	-3.943379	2.575151	2.575151	2.575151	2.575151	2.575151	2.575151	0.1167406
7810	-56.66431	-54.20314	-2.461169	2.498503	2.498503	2.498503	2.498503	2.498503	2.498503	0.03104913
7820	-54.75872	-55.56914	0.810424	0.9128694	0.9128694	0.9128694	0.9128694	0.9128694	0.9128694	0.02806773
7830	-56.96127	-54.39634	-2.564927	2.176372	2.176372	2.176372	2.176372	2.176372	2.176372	0.06761648
7840	-55.59465	-54.56762	-1.027033	1.850691	1.850691	1.850691	1.850691	1.850691	1.850691	0.02910156
7850	-56.69116	-56.83014	0.1389766	0.9441394	0.9441394	0.9441394	0.9441394	0.9441394	0.9441394	0.05274977
7860	-54.95534	-55.14786	0.1925271	1.30272	1.30272	1.30272	1.30272	1.30272	1.30272	0.02700013
7870	-54.84644	-55.00036	0.1539198	1.273294	1.273294	1.273294	1.273294	1.273294	1.273294	0.02972066
7880	-58.26804	-53.53143	-4.736607	3.236207	3.236207	3.236207	3.236207	3.236207	3.236207	0.06951109
7890	-57.8081	-57.04625	-0.7618536	1.289956	1.289956	1.289956	1.289956	1.289956	1.289956	0.07189549
7900	-58.76508	-54.00614	-4.758937	3.101239	3.101239	3.101239	3.101239	3.101239	3.101239	0.09222265
7910	-56.82533	-57.09077	0.26544	1.501976	1.501976	1.501976	1.501976	1.501976	1.501976	0.01674948
7920	-56.90635	-55.81639	-1.089966	1.49613	1.49613	1.49613	1.49613	1.49613	1.49613	0.06575521
7930	-55.12881	-55.00994	-0.1188767	1.252818	1.252818	1.252818	1.252818	1.252818	1.252818	0.04061348
7940	-59.5274	-61.44867	1.921271	0.9262128	0.9262128	0.9262128	0.9262128	0.9262128	0.9262128	0.009087294
7950	-57.43732	-55.72741	-1.709913	2.320318	2.320318	2.320318	2.320318	2.320318	2.320318	0.02122853
7960	-56.3145	-56.82121	0.5067178	0.465702	0.465702	0.465702	0.465702	0.465702	0.465702	0.0329993
7970	-54.83357	-55.04045	0.2068837	1.178286	1.178286	1.178286	1.178286	1.178286	1.178286	0.03372079
7980	-55.29264	-54.51526	-0.7773796	1.704894	1.704894	1.704894	1.704894	1.704894	1.704894	0.03096309
7990	-54.90737	-54.80442	-0.102958	1.318524	1.318524	1.318524	1.318524	1.318524	1.318524	0.03516996
8000	-54.75637	-55.3889	0.6325323	1.043519	1.043519	1.043519	1.043519	1.043519	1.043519	0.02779516
8010	-55.23502	-54.49029	-0.7447293	1.552396	1.552396	1.552396	1.552396	1.552396	1.552396	0.0413927
8020	-56.57777	-53.70489	-2.872877	2.461244	2.461244	2.461244	2.461244	2.461244	2.461244	0.05062259
8030	-56.54104	-57.91859	1.377554	0.9810561	0.9810561	0.9810561	0.9810561	0.9810561	0.9810561	0.01451706
8040	-57.63181	-58.01085	0.3790351	0.6762799	0.6762799	0.6762799	0.6762799	0.6762799	0.6762799	0.05073497
8050	-56.75809	-57.04402	0.2859344	1.488376	1.488376	1.488376	1.488376	1.488376	1.488376	0.01688037
8060	-56.42769	-54.83727	-1.590425	1.769743	1.769743	1.769743	1.769743	1.769743	1.769743	0.06078794
8070	-55.78894	-54.04989	-1.739051	1.966877	1.966877	1.966877	1.966877	1.966877	1.966877	0.04625375
8080	-54.80857	-55.54737	0.7388063	1.03012	1.03012	1.03012	1.03012	1.03012	1.03012	0.02552969
8090	-56.74104	-54.92427	-1.816772	1.83946	1.83946	1.83946	1.83946	1.83946	1.83946	0.06566552
8100	-55.00371	-56.12624	1.122527	0.87843	0.87843	0.87843	0.87843	0.87843	0.87843	0.02139637
8110	-55.32524	-54.24043	-1.084808	1.737196	1.737196	1.737196	1.737196	1.737196	1.737196	0.03930343
8120	-55.22238	-55.84999	0.6276046	0.847598	0.847598	0.847598	0.847598	0.847598	0.847598	0.036258
8130	-55.00307	-55.56784	0.5647734	0.9328762	0.9328762	0.9328762	0.9328762	0.9328762	0.9328762	0.03497792
8140	-55.66645	-55.287	-0.3794494	1.637522	1.637522	1.637522	1.637522	1.637522	1.637522	0.02400194
8150	-57.31589	-54.26074	-3.055148	2.801673	2.801673	2.801673	2.801673	2.801673	2.801673	0.03032742
8160	-55.75628	-54.82993	-0.9263481	1.844791	1.844791	1.844791	1.844791	1.844791	1.844791	0.0266486
8170	-61.81725	-58.9495	-2.867754	3.11584	3.11584	3.11584	3.11584	3.11584	3.11584	0.01352674
8180	-55.98963	-54.04185	-1.947785	2.202939	2.202939	2.202939	2.202939	2.202939	2.202939	0.03448329
8190	-55.16194	-54.51772	-0.6442158	1.625835	1.625835	1.625835	1.625835	1.625835	1.625835	0.03206198
8200	-55.04345	-54.52595	-0.5175009	1.514056	1.514056	1.514056	1.514056	1.514056	1.514056	0.03573494
8210	-56.03496	-53.91686	-2.118104	2.129557	2.129557	2.129557	2.129557	2.129557	2.129557	0.0477674
8220	-56.5967	-53.68191	-2.914795	2.489621	2.489621	2.489621	2.489621	2.489621	2.489621	0.04977723
8230	-54.99721	-55.57889	0.5816797	0.9251623	0.9251623	0.9251623	0.9251623	0.9251623	0.9251623	0.03473751
8240	-55.37462	-54.69556	-0.6790605	1.482412	1.482412	1.482412	1.482412	1.482412	1.482412	0.04485898
8250	-54.8013	-55.58366	0.7823608	0.8883341	0.8883341	0.8883341	0.8883341	0.8883341	0.8883341	0.02972926
8260	-57.15696	-53.7067	-3.450261	2.656564	2.656564	2.656564	2.656564	2.656564	2.656564	0.06036708
8270	-54.99714	-56.12583	1.128687	0.8712316	0.8712316	0.8712316	0.8712316	0.8712316	0.8712316	0.0214345
8280	-56.79963	-53.61	-3.189623	2.671075	2.671075	2.671075	2.671075	2.671075	2.671075	0.04516331
8290	-55.74877	-54.29378	-1.454991	1.80934	1.80934	1.80934	1.80934	1.80934	1.80934	0.04877709
8300	-55.22633	-54.5411	-0.6852337	1.521611	1.521611	1.521611	1.521611	1.521611	1.521611	0.04159953
8310	-54.9933	-55.08756	0.09425752	1.177755	1.177755	1.177755	1.177755	1.177755	1.177755	0.03777746
8320	-60.8137	-54.76956	-6.044135	3.541325	3.541325	3.541325	3.541325	3.541325	3.541325	0.1446593
8330	-56.08806	-54.53736	-1.550693	1.796527	1.796527	1.796527	1.796527	1.796527	1.796527	0.05516774
8340	-55.03991	-55.85074	0.8108296	1.065775	1.065775	1.065775	1.065775	1.065775	1.065775	0.02243052
8350	-56.65213	-53.89972	-2.752404	2.343836	2.343836	2.343836	2.343836	2.343836	2.343836	0.05731455
8360	-54.77689	-55.51534	0.7384475	0.9265666	0.9265666	0.9265666	0.9265666	0.9265666	0.9265666	0.02964355
8370	-54.79562	-55.78213	0.986511	0.86227	0.86227	0.86227	0.86227	0.86227	0.86227	0.02494747
8380	-54.75516	-55.54802	0.7928676	0.9256146	0.9256146	0.9256146	0.9256146	0.9256146	0.9256146	0.0281079
8390	-57.36328	-53.77007	-3.593213	2.965743	2.965743	2.965743	2.965743	2.965743	2.965743	0.03747789
8400	-55.1023	-54.58647	-0.5158247	1.570855	1.570855	1.570855	1.570855	1.570855	1.570855	0.03167082
8410	-55.01195	-54.81954	-0.1924033	1.448546	1.448546	1.448546	1.448546	1.448546	1.448546	0.0295728
8420	-56.67664	-56.90382	0.2271836	0.8964554	0.8964554	0.8964554	0.8964554	0.8964554	0.8964554	0.05130574
8430	-55.91245	-55.45735	-0.4551042	1.695752	1.695752	1.695752	1.695752	1.695752	1.695752	0.02287404
8440	-55.08174	-54.7241	-0.3576436	1.387318	1.387318	1.387318	1.387318	1.387318	1.387318	0.03953403
8450	-55.68213	-54.33112	-1.35101	1.967414	1.967414	1.967414	1.967414	1.967414	1.967414	0.03134176
8460	-55.29116	-54.36548	-0.9256809	1.740433	1.740433	1.740433	1.740433	1.740433	1.740433	0.03329051
8470	-55.28071	-54.33803	-0.9426833	1.655841	1.655841	1.655841	1.655841	1.655841	1.655841	0.04054799
8480	-56.24155	-53.98141	-2.260147	2.151625	2.151625	2.151625	2.151625	2.151625	2.151625	0.05253807
8490	-55.83563	-53.95137	-1.884256	2.12891	2.12891	2.12891	2.12891	2.12891	2.12891	0.037859
8500	-55.71975	-54.15972	-1.560035	2.031898	2.031898	2.031898	2.031898	2.031898	2.031898	0.03365709
8510	-55.1862	-56.10989	0.9236921	1.040231	1.040231	1.040231	1.040231	1.040231	1.040231	0.02088339
8520	-56.40177	-56.94449	0.5427186	0.7010317	0.7010317	0.7010317	0.7010317	0.7010317	0.7010317	0.04306323
8530	-55.70982	-57.21362	1.503797	0.6664927	0.6664927	0.6664927	0.6664927	0.6664927	0.6664927	0.01645265
8540	-55.29319	-54.64958	-0.64361	1.481724	1.481724	1.481724	1.481724	1.481724	1.481724	0.04335841
8550	-54.75795	-55.25349	0.4955321	1.082508	1.082508	1.082508	1.082508	1.082508	1.082508	0.0299012
8560	-56.48751	-54.28838	-2.199133	2.063416	2.063416	2.063416	2.063416	2.063416	2.063416	0.05962688
8570	-55.8026	-56.48535	0.6827506	0.4934732	0.4934732	0.4934732	0.4934732	0.4934732	0.4934732	0.03008178
8580	-56.24324	-54.3572	-1.88604	1.941807	1.941807	1.941807	1.941807	1.941807	1.941807	0.05652897
8590	-55.50869	-54.12552	-1.383164	1.848834	1.848834	1.848834	1.848834	1.848834	1.848834	0.04171648
8600	-54.89727	-55.27724	0.3799641	1.059165	1.059165	1.059165	1.059165	1.059165	1.059165	0.03488747
8610	-58.55594	-55.61155	-2.944387	2.170778	2.170778	2.170778	2.170778	2.170778	2.170778	0.09999943
8620	-56.412	-55.13493	-1.277062	1.625709	1.625709	1.625709	1.625709	1.625709	1.625709	0.06038767
8630	-56.44331	-56.7333	0.2899965	0.8823814	0.8823814	0.8823814	0.8823814	0.8823814	0.8823814	0.04897482
8640	-55.52736	-54.21418	-1.313186	1.912547	1.912547	1.912547	1.912547	1.912547	1.912547	0.03393736
8650	-56.67111	-54.82713	-1.84398	2.290264	2.290264	2.290264	2.290264	2.290264	2.290264	0.02585548
8660	-56.03622	-53.82667	-2.209548	2.239223	2.239223	2.239223	2.239223	2.239223	2.239223	0.04149561
8670	-56.05405	-54.12344	-1.930617	2.216486	2.216486	2.216486	2.216486	2.216486	2.216486	0.03293932
8680	-57.92468	-54.12036	-3.804325	2.686518	2.686518	2.686518	2.686518	2.686518	2.686518	0.08093276
8690	-54.84405	-55.64514	0.8010906	0.8560142	0.8560142	0.8560142	0.8560142	0.8560142	0.8560142	0.03022572
8700	-54.96375	-54.78988	-0.1738723	1.329457	1.329457	1.329457	1.329457	1.329457	1.329457	0.03694569
8710	-57.46095	-53.87355	-3.5874	2.990478	2.990478	2.990478	2.990478	2.990478	2.990478	0.03548902
8720	-58.79318	-53.48943	-5.303747	3.71889	3.71889	3.71889	3.71889	3.71889	3.71889	0.04981711
8730	-56.18782	-53.7766	-2.411218	2.295684	2.295684	2.295684	2.295684	2.295684	2.295684	0.04507686
8740	-54.79092	-55.07793	0.2870125	1.188	1.188	1.188	1.188	1.188	1.188	0.03057394
8750	-54.74981	-55.38725	0.6374362	1.030398	1.030398	1.030398	1.030398	1.030398	1.030398	0.02824099
8760	-55.1339	-55.58943	0.4555347	0.96255	0.96255	0.96255	0.96255	0.96255	0.96255	0.037477
8770	-56.20452	-53.89081	-2.313716	2.346339	2.346339	2.346339	2.346339	2.346339	2.346339	0.03676792
8780	-58.20804	-55.93613	-2.27191	2.608304	2.608304	2.608304	2.608304	2.608304	2.608304	0.02050296
8790	-55.26994	-54.39621	-0.8737315	1.720944	1.720944	1.720944	1.720944	1.720944	1.720944	0.03294775
8800	-54.82201	-55.36203	0.5400267	1.003937	1.003937	1.003937	1.003937	1.003937	1.003937	0.03242631
8810	-54.74843	-55.36512	0.6166839	1.028223	1.028223	1.028223	1.028223	1.028223	1.028223	0.02893176
8820	-57.96218	-57.36388	-0.5982932	1.209225	1.209225	1.209225	1.209225	1.209225	1.209225	0.07124044
8830	-54.96986	-55.72886	0.7589989	1.0739	1.0739	1.0739	1.0739	1.0739	1.0739	0.02330834
8840	-55.40241	-56.78706	1.384642	0.6263505	0.6263505	0.6263505	0.6263505	0.6263505	0.6263505	0.01825228
8850	-55.57252	-56.38973	0.8172156	0.4528438	0.4528438	0.4528438	0.4528438	0.4528438	0.4528438	0.02312308
8860	-56.22675	-54.85288	-1.373872	1.691869	1.691869	1.691869	1.691869	1.691869	1.691869	0.05780303
8870	-55.04576	-56.00628	0.9605202	0.6670878	0.6670878	0.6670878	0.6670878	0.6670878	0.6670878	0.0283286
8880	-55.58334	-54.04483	-1.538515	1.952055	1.952055	1.952055	1.952055	1.952055	1.952055	0.03906806
8890	-57.55667	-55.59185	-1.964823	1.825071	1.825071	1.825071	1.825071	1.825071	1.825071	0.07852571
8900	-55.3892	-54.75559	-0.6336076	1.456851	1.456851	1.456851	1.456851	1.456851	1.456851	0.04519315
8910	-55.13085	-56.26899	1.138137	0.9069115	0.9069115	0.9069115	0.9069115	0.9069115	0.9069115	0.02037393
8920	-55.55488	-55.68525	0.1303617	1.063852	1.063852	1.063852	1.063852	1.063852	1.063852	0.04443619
8930	-54.85566	-55.91204	1.05638	0.8576042	0.8576042	0.8576042	0.8576042	0.8576042	0.8576042	0.02337734
8940	-55.98121	-53.94751	-2.033701	2.091962	2.091962	2.091962	2.091962	2.091962	2.091962	0.04755463
8950	-54.7531	-55.30171	0.5486048	1.056801	1.056801	1.056801	1.056801	1.056801	1.056801	0.02958722
8960	-54.97401	-54.66401	-0.3099927	1.458176	1.458176	1.458176	1.458176	1.458176	1.458176	0.03260928
8970	-58.15265	-53.75955	-4.393099	3.006647	3.006647	3.006647	3.006647	3.006647	3.006647	0.07694944
8980	-55.18506	-56.37132	1.186261	0.5764343	0.5764343	0.5764343	0.5764343	0.5764343	0.5764343	0.02128566
8990	-54.94037	-55.38552	0.4451443	1.012625	1.012625	1.012625	1.012625	1.012625	1.012625	0.03518585
9000	-55.50406	-56.37104	0.8669807	0.4669947	0.4669947	0.4669947	0.4669947	0.4669947	0.4669947	0.02311597
9010	-57.65629	-57.54546	-0.1108316	0.2746832	0.2746832	0.2746832	0.2746832	0.2746832	0.2746832	0.01540549
9020	-57.45979	-53.94566	-3.514135	2.611542	2.611542	2.611542	2.611542	2.611542	2.611542	0.07053953
9030	-63.7709	-55.17708	-8.593827	4.758712	4.758712	4.758712	4.758712	4.758712	4.758712	0.2240179
9040	-57.2471	-53.59855	-3.648553	2.777886	2.777886	2.777886	2.777886	2.777886	2.777886	0.05758356
9050	-63.06883	-56.74229	-6.326539	3.206908	3.206908	3.206908	3.206908	3.206908	3.206908	0.3605453
9060	-65.38514	-56.07624	-9.308894	3.977137	3.977137	3.977137	3.977137	3.977137	3.977137	1.721703
9070	-64.64932	-56.04235	-8.606962	4.017265	4.017265	4.017265	4.017265	4.017265	4.017265	0.795077
9080	-66.83721	-58.85551	-7.981704	2.583109	2.583109	2.583109	2.583109	2.583109	2.583109	6.515611
9090	-67.37461	-57.72942	-9.645192	2.926183	2.926183	2.926183	2.926183	2.926183	2.926183	17.22138
9100	-66.1041	-56.02384	-10.08027	4.05005	4.05005	4.05005	4.05005	4.05005	4.05005	3.275439
9110	-66.79007	-55.75108	-11.03899	5.112871	5.112871	5.112871	5.112871	5.112871	5.112871	1.467016
9120	-67.22071	-55.94732	-11.2734	4.17391	4.17391	4.17391	4.17391	4.17391	4.17391	8.706248
9130	-67.03776	-58.09132	-8.946446	2.801309	2.801309	2.801309	2.801309	2.801309	2.801309	10.98275
9140	-66.86477	-57.91737	-8.947399	2.859203	2.859203	2.859203	2.859203	2.859203	2.859203	9.791063
9150	-64.00374	-57.82759	-6.176153	2.865308	2.865308	2.865308	2.865308	2.865308	2.865308	0.6053502
9160	-65.36567	-57.4469	-7.918774	3.037151	3.037151	3.037151	3.037151	3.037151	3.037151	2.46274
9170	-67.42911	-58.88988	-8.539226	2.574422	2.574422	2.574422	2.574422	2.574422	2.574422	11.58303
9180	-64.99715	-56.52044	-8.476709	3.545598	3.545598	3.545598	3.545598	3.545598	3.545598	1.63442
9190	-62.97226	-55.47084	-7.501417	4.041814	4.041814	4.041814	4.041814	4.041814	4.041814	0.2520915
9200	-55.19994	-54.47904	-0.7208956	1.658908	1.658908	1.658908	1.658908	1.658908	1.658908	0.03227145
9210	-56.71838	-56.29628	-0.4221074	1.762638	1.762638	1.762638	1.762638	1.762638	1.762638	0.01918755
9220	-56.59307	-56.00786	-0.5852102	1.2977	1.2977	1.2977	1.2977	1.2977	1.2977	0.05934831
9230	-55.35778	-56.2269	0.8691154	0.5786304	0.5786304	0.5786304	0.5786304	0.5786304	0.5786304	0.02930698
9240	-58.54683	-53.54206	-5.004765	3.347732	3.347732	3.347732	3.347732	3.347732	3.347732	0.073506
9250	-55.08248	-54.51156	-0.570914	1.56964	1.56964	1.56964	1.56964	1.56964	1.56964	0.03355014
9260	-54.82168	-55.85349	1.031814	0.8494836	0.8494836	0.8494836	0.8494836	0.8494836	0.8494836	0.02415708
9270	-56.10051	-53.92268	-2.177832	2.28507	2.28507	2.28507	2.28507	2.28507	2.28507	0.03649942
9280	-57.90917	-55.42008	-2.489094	2.026378	2.026378	2.026378	2.026378	2.026378	2.026378	0.0862338
9290	-54.78554	-55.10675	0.3212103	1.15287	1.15287	1.15287	1.15287	1.15287	1.15287	0.03149588
9300	-55.64206	-54.27365	-1.368415	1.961991	1.961991	1.961991	1.961991	1.961991	1.961991	0.0322641
9310	-56.87648	-54.39704	-2.479443	2.145488	2.145488	2.145488	2.145488	2.145488	2.145488	0.06627794
9320	-54.85592	-55.13435	0.2784339	1.127322	1.127322	1.127322	1.127322	1.127322	1.127322	0.03439792
9330	-55.19406	-56.07353	0.8794668	0.6667993	0.6667993	0.6667993	0.6667993	0.6667993	0.6667993	0.03071875
9340	-55.76645	-54.03245	-1.734004	1.972927	1.972927	1.972927	1.972927	1.972927	1.972927	0.04542929
9350	-55.49657	-54.70071	-0.7958629	1.757227	1.757227	1.757227	1.757227	1.757227	1.757227	0.02820727
9360	-55.50807	-55.47911	-0.02896702	1.147753	1.147753	1.147753	1.147753	1.147753	1.147753	0.04511432
9370	-55.74132	-54.13396	-1.607367	2.049399	2.049399	2.049399	2.049399	2.049399	2.049399	0.03399533
9380	-57.20242	-53.56261	-3.639811	2.800187	2.800187	2.800187	2.800187	2.800187	2.800187	0.05458151
9390	-55.10999	-56.27713	1.167137	0.5955038	0.5955038	0.5955038	0.5955038	0.5955038	0.5955038	0.02215223
9400	-55.75439	-55.38735	-0.3670341	1.644185	1.644185	1.644185	1.644185	1.644185	1.644185	0.02337304
9410	-55.62163	-54.29727	-1.324369	1.767838	1.767838	1.767838	1.767838	1.767838	1.767838	0.04677772
9420	-57.51564	-55.74648	-1.769157	1.742735	1.742735	1.742735	1.742735	1.742735	1.742735	0.07700211
9430	-57.10274	-53.5882	-3.514542	2.73946	2.73946	2.73946	2.73946	2.73946	2.73946	0.05441605
9440	-55.00023	-54.78171	-0.218519	1.339488	1.339488	1.339488	1.339488	1.339488	1.339488	0.03786951
9450	-55.07724	-56.15598	1.07874	0.9308912	0.9308912	0.9308912	0.9308912	0.9308912	0.9308912	0.02097528
9460	-55.30284	-55.03569	-0.267142	1.292615	1.292615	1.292615	1.292615	1.292615	1.292615	0.0436109
9470	-55.87022	-54.95941	-0.9108042	1.517929	1.517929	1.517929	1.517929	1.517929	1.517929	0.05252813
9480	-55.63871	-54.33528	-1.303431	1.752001	1.752001	1.752001	1.752001	1.752001	1.752001	0.04738541
9490	-57.72799	-54.0683	-3.659683	2.640688	2.640688	2.640688	2.640688	2.640688	2.640688	0.07687723
9500	-54.9761	-56.01006	1.03396	0.9293592	0.9293592	0.9293592	0.9293592	0.9293592	0.9293592	0.02197968
9510	-56.32124	-56.56239	0.2411459	0.3638264	0.3638264	0.3638264	0.3638264	0.3638264	0.3638264	0.02594126
9520	-55.9595	-54.01184	-1.947664	2.041816	2.041816	2.041816	2.041816	2.041816	2.041816	0.04855473
9530	-56.6408	-57.10797	0.4671775	1.405524	1.405524	1.405524	1.405524	1.405524	1.405524	0.01669936
9540	-54.96814	-55.74267	0.7745289	0.8233364	0.8233364	0.8233364	0.8233364	0.8233364	0.8233364	0.03202137
9550	-55.26985	-54.9021	-0.367746	1.570633	1.570633	1.570633	1.570633	1.570633	1.570633	0.02732449
9560	-55.02663	-55.1271	0.1004716	1.354559	1.354559	1.354559	1.354559	1.354559	1.354559	0.02671007
9570	-54.93793	-54.80391	-0.134024	1.318785	1.318785	1.318785	1.318785	1.318785	1.318785	0.03626095
9580	-55.176	-55.56914	0.3931365	1.272512	1.272512	1.272512	1.272512	1.272512	1.272512	0.02343292
9590	-56.46409	-58.09043	1.626337	0.5901687	0.5901687	0.5901687	0.5901687	0.5901687	0.5901687	0.01392124
9600	-55.70477	-56.35928	0.6545043	0.7313147	0.7313147	0.7313147	0.7313147	0.7313147	0.7313147	0.03824289
9610	-56.23697	-56.21347	-0.02349867	1.066826	1.066826	1.066826	1.066826	1.066826	1.066826	0.05157412
9620	-56.8134	-53.61651	-3.196892	2.623165	2.623165	2.623165	2.623165	2.623165	2.623165	0.05015794
9630	-56.05711	-54.45103	-1.606088	1.829367	1.829367	1.829367	1.829367	1.829367	1.829367	0.05435269
9640	-56.13639	-55.11816	-1.018222	1.536459	1.536459	1.536459	1.536459	1.536459	1.536459	0.05626183
9650	-57.34531	-53.52681	-3.818498	2.891207	2.891207	2.891207	2.891207	2.891207	2.891207	0.05441309
9660	-57.52	-54.5051	-3.014896	2.323897	2.323897	2.323897	2.323897	2.323897	2.323897	0.07769751
9670	-55.95789	-56.26907	0.3111827	0.9220387	0.9220387	0.9220387	0.9220387	0.9220387	0.9220387	0.0457099
9680	-55.03447	-55.44676	0.4122944	1.006227	1.006227	1.006227	1.006227	1.006227	1.006227	0.03671697
9690	-56.42445	-57.29134	0.8668847	0.38886	0.38886	0.38886	0.38886	0.38886	0.38886	0.0162899
9700	-54.93142	-56.0272	1.095782	0.677907	0.677907	0.677907	0.677907	0.677907	0.677907	0.0247794
9710	-55.49717	-55.19883	-0.2983353	1.277882	1.277882	1.277882	1.277882	1.277882	1.277882	0.04630277
9720	-57.9707	-57.36528	-0.605426	1.929806	1.929806	1.929806	1.929806	1.929806	1.929806	0.01611608
9730	-54.87456	-55.89366	1.019105	0.7324998	0.7324998	0.7324998	0.7324998	0.7324998	0.7324998	0.02654788
9740	-56.65805	-53.63704	-3.021007	2.567064	2.567064	2.567064	2.567064	2.567064	2.567064	0.04718998
9750	-54.9208	-55.24415	0.3233474	1.081077	1.081077	1.081077	1.081077	1.081077	1.081077	0.0356049
9760	-54.94061	-55.87779	0.9371722	0.7342039	0.7342039	0.7342039	0.7342039	0.7342039	0.7342039	0.02879724
9770	-56.21187	-54.35438	-1.857483	2.227684	2.227684	2.227684	2.227684	2.227684	2.227684	0.02990061
9780	-54.94705	-55.04121	0.09415284	1.334936	1.334936	1.334936	1.334936	1.334936	1.334936	0.02795332
9790	-57.6281	-57.71949	0.09138956	0.8961963	0.8961963	0.8961963	0.8961963	0.8961963	0.8961963	0.058786
9800	-54.80333	-55.75249	0.9491562	0.9048968	0.9048968	0.9048968	0.9048968	0.9048968	0.9048968	0.02467261
9810	-57.81372	-53.64681	-4.166911	3.215995	3.215995	3.215995	3.215995	3.215995	3.215995	0.0408759
9820	-55.6801	-54.93293	-0.7471692	1.465667	1.465667	1.465667	1.465667	1.465667	1.465667	0.04971483
9830	-54.96536	-54.77752	-0.1878375	1.428602	1.428602	1.428602	1.428602	1.428602	1.428602	0.03066892
9840	-55.63061	-55.67439	0.04378241	1.097081	1.097081	1.097081	1.097081	1.097081	1.097081	0.04583241
9850	-57.8478	-55.77004	-2.077756	2.500092	2.500092	2.500092	2.500092	2.500092	2.500092	0.02109162
9860	-61.03855	-58.55949	-2.479061	1.797413	1.797413	1.797413	1.797413	1.797413	1.797413	0.1393309
9870	-54.81374	-55.18222	0.3684859	1.099336	1.099336	1.099336	1.099336	1.099336	1.099336	0.03299768
9880	-54.97357	-54.77388	-0.1996941	1.339882	1.339882	1.339882	1.339882	1.339882	1.339882	0.03713409
9890	-56.05804	-56.64553	0.5874948	0.7215587	0.7215587	0.7215587	0.7215587	0.7215587	0.7215587	0.04101517
9900	-55.22384	-56.54824	1.324406	0.6420793	0.6420793	0.6420793	0.6420793	0.6420793	0.6420793	0.01954083
9910	-55.92269	-54.01068	-1.91201	2.173243	2.173243	2.173243	2.173243	2.173243	2.173243	0.0354302
9920	-56.58238	-54.20554	-2.376843	2.141366	2.141366	2.141366	2.141366	2.141366	2.141366	0.06034063
9930	-58.57522	-53.4187	-5.156521	3.576164	3.576164	3.576164	3.576164	3.576164	3.576164	0.05583342
9940	-55.50063	-54.0981	-1.402534	1.896515	1.896515	1.896515	1.896515	1.896515	1.896515	0.03840485
9950	-55.6588	-54.18881	-1.469998	1.8418	1.8418	1.8418	1.8418	1.8418	1.8418	0.04619125
9960	-59.11084	-53.97764	-5.133195	3.273193	3.273193	3.273193	3.273193	3.273193	3.273193	0.09629198
9970	-54.93686	-54.90422	-0.03263705	1.261842	1.261842	1.261842	1.261842	1.261842	1.261842	0.03661728
9980	-56.82131	-54.89202	-1.92929	2.339306	2.339306	2.339306	2.339306	2.339306	2.339306	0.02540449
9990	-55.14585	-54.45726	-0.6885859	1.626106	1.626106	1.626106	1.626106	1.626106	1.626106	0.03349738
10000	-57.00307	-54.17809	-2.824985	2.307649	2.307649	2.307649	2.307649	2.307649	2.307649	0.06648684
10010	-54.76227	-55.23132	0.4690482	1.106534	1.106534	1.106534	1.106534	1.106534	1.106534	0.02947462
10020	-55.15657	-55.31839	0.1618256	1.35914	1.35914	1.35914	1.35914	1.35914	1.35914	0.02489089
10030	-56.47237	-55.41569	-1.056683	1.519553	1.519553	1.519553	1.519553	1.519553	1.519553	0.06057222
10040	-54.96241	-54.96294	0.0005284138	1.371236	1.371236	1.371236	1.371236	1.371236	1.371236	0.02854485
10050	-55.78903	-55.02727	-0.7617606	1.458122	1.458122	1.458122	1.458122	1.458122	1.458122	0.05123768
10060	-55.94869	-53.86103	-2.087658	2.168029	2.168029	2.168029	2.168029	2.168029	2.168029	0.04270267
10070	-55.52139	-56.26855	0.7471628	0.6871645	0.6871645	0.6871645	0.6871645	0.6871645	0.6871645	0.03512837
10080	-54.85912	-55.71735	0.858226	0.8180737	0.8180737	0.8180737	0.8180737	0.8180737	0.8180737	0.02958468
10090	-55.48518	-54.68727	-0.7979061	1.520989	1.520989	1.520989	1.520989	1.520989	1.520989	0.04662143
10100	-54.92397	-56.09955	1.175575	0.7700673	0.7700673	0.7700673	0.7700673	0.7700673	0.7700673	0.02230323
10110	-56.38767	-56.14131	-0.2463556	1.159833	1.159833	1.159833	1.159833	1.159833	1.159833	0.05486589
10120	-57.41364	-55.2001	-2.213541	1.95047	1.95047	1.95047	1.95047	1.95047	1.95047	0.07699356
10130	-55.4156	-56.26057	0.8449667	0.5781116	0.5781116	0.5781116	0.5781116	0.5781116	0.5781116	0.03000474
10140	-56.31627	-54.00832	-2.307949	2.160351	2.160351	2.160351	2.160351	2.160351	2.160351	0.05409989
10150	-57.51703	-55.74273	-1.774298	1.744863	1.744863	1.744863	1.744863	1.744863	1.744863	0.07704804
10160	-56.93935	-54.00389	-2.935461	2.383433	2.383433	2.383433	2.383433	2.383433	2.383433	0.06336051
10170	-54.9138	-54.83069	-0.08311028	1.37528	1.37528	1.37528	1.37528	1.37528	1.37528	0.03078299
10180	-55.98525	-54.30981	-1.675438	1.878357	1.878357	1.878357	1.878357	1.878357	1.878357	0.05245537
10190	-54.98718	-54.64421	-0.3429717	1.422511	1.422511	1.422511	1.422511	1.422511	1.422511	0.03626502
10200	-61.00841	-58.16716	-2.841249	1.941698	1.941698	1.941698	1.941698	1.941698	1.941698	0.1469652
10210	-54.90754	-54.77387	-0.1336616	1.340338	1.340338	1.340338	1.340338	1.340338	1.340338	0.03472967
10220	-54.98776	-56.00589	1.018138	0.6635455	0.6635455	0.6635455	0.6635455	0.6635455	0.6635455	0.02672399
10230	-54.82316	-54.96948	0.1463173	1.227858	1.227858	1.227858	1.227858	1.227858	1.227858	0.03266898
10240	-54.9084	-55.89297	0.9845666	0.9365906	0.9365906	0.9365906	0.9365906	0.9365906	0.9365906	0.0228748
10250	-55.56079	-54.52638	-1.034409	1.626362	1.626362	1.626362	1.626362	1.626362	1.626362	0.04731124
10260	-54.79106	-55.08138	0.2903265	1.166976	1.166976	1.166976	1.166976	1.166976	1.166976	0.03166728
10270	-55.77413	-56.42022	0.6460881	0.4210072	0.4210072	0.4210072	0.4210072	0.4210072	0.4210072	0.024039
10280	-57.3792	-54.85014	-2.529064	2.101899	2.101899	2.101899	2.101899	2.101899	2.101899	0.07640876
10290	-54.78273	-55.71041	0.9276776	0.9006351	0.9006351	0.9006351	0.9006351	0.9006351	0.9006351	0.02533842
10300	-56.47426	-54.13915	-2.335109	2.139635	2.139635	2.139635	2.139635	2.139635	2.139635	0.05808717
10310	-58.50152	-53.66355	-4.837966	3.225719	3.225719	3.225719	3.225719	3.225719	3.225719	0.07848772
10320	-57.87166	-56.8576	-1.01406	1.394007	1.394007	1.394007	1.394007	1.394007	1.394007	0.07519001
10330	-55.23918	-55.12273	-0.116451	1.476806	1.476806	1.476806	1.476806	1.476806	1.476806	0.02585581
10340	-56.68662	-54.03013	-2.656483	2.276978	2.276978	2.276978	2.276978	2.276978	2.276978	0.05991755
10350	-54.97454	-55.17003	0.195489	1.306886	1.306886	1.306886	1.306886	1.306886	1.306886	0.02670077
10360	-55.61293	-56.87507	1.262143	0.9264364	0.9264364	0.9264364	0.9264364	0.9264364	0.9264364	0.01756164
10370	-54.85076	-54.87941	0.02864462	1.296225	1.296225	1.296225	1.296225	1.296225	1.296225	0.03221585
10380	-54.92786	-54.84183	-0.08603485	1.383699	1.383699	1.383699	1.383699	1.383699	1.383699	0.03035247
10390	-55.05318	-56.30503	1.25185	0.7723593	0.7723593	0.7723593	0.7723593	0.7723593	0.7723593	0.02063702
10400	-55.19442	-54.34941	-0.8450115	1.664352	1.664352	1.664352	1.664352	1.664352	1.664352	0.03611579
10410	-55.26346	-54.49197	-0.771488	1.558305	1.558305	1.558305	1.558305	1.558305	1.558305	0.04199089
10420	-54.81326	-55.36622	0.5529566	1.11566	1.11566	1.11566	1.11566	1.11566	1.11566	0.02667801
10430	-55.4481	-54.61228	-0.8358183	1.547167	1.547167	1.547167	1.547167	1.547167	1.547167	0.04584051
10440	-54.78379	-55.30756	0.5237716	1.033376	1.033376	1.033376	1.033376	1.033376	1.033376	0.03149245
10450	-55.77141	-53.97658	-1.794826	2.087807	2.087807	2.087807	2.087807	2.087807	2.087807	0.03778262
10460	-54.8995	-55.01404	0.1145343	1.197028	1.197028	1.197028	1.197028	1.197028	1.197028	0.03572815
10470	-54.87976	-55.39746	0.5177018	1.155312	1.155312	1.155312	1.155312	1.155312	1.155312	0.02576401
10480	-54.90143	-54.958	0.05656887	1.330474	1.330474	1.330474	1.330474	1.330474	1.330474	0.0292825
10490	-55.16464	-56.45799	1.293345	0.6410389	0.6410389	0.6410389	0.6410389	0.6410389	0.6410389	0.02014832
10500	-55.03779	-56.21548	1.177683	0.6299546	0.6299546	0.6299546	0.6299546	0.6299546	0.6299546	0.02249547
10510	-56.46895	-56.83177	0.3628221	1.433287	1.433287	1.433287	1.433287	1.433287	1.433287	0.01751378
10520	-57.44523	-55.54659	-1.898639	1.805795	1.805795	1.805795	1.805795	1.805795	1.805795	0.07659228
10530	-56.04832	-53.86683	-2.181489	2.172891	2.172891	2.172891	2.172891	2.172891	2.172891	0.04642278
10540	-55.03445	-56.04931	1.014856	0.6388551	0.6388551	0.6388551	0.6388551	0.6388551	0.6388551	0.02659267
10550	-54.78797	-55.50564	0.7176674	1.029433	1.029433	1.029433	1.029433	1.029433	1.029433	0.02610325
10560	-54.78696	-55.74615	0.9591967	0.8774252	0.8774252	0.8774252	0.8774252	0.8774252	0.8774252	0.02522089
10570	-57.62928	-58.03568	0.4064006	0.5881396	0.5881396	0.5881396	0.5881396	0.5881396	0.5881396	0.04705089
10580	-58.36751	-55.23573	-3.131777	2.276703	2.276703	2.276703	2.276703	2.276703	2.276703	0.09643249
10590	-55.42093	-54.2155	-1.205428	1.847057	1.847057	1.847057	1.847057	1.847057	1.847057	0.03505668
10600	-55.56747	-56.32929	0.7618224	0.6521162	0.6521162	0.6521162	0.6521162	0.6521162	0.6521162	0.03442663
10610	-55.59275	-56.14166	0.5489093	0.8295897	0.8295897	0.8295897	0.8295897	0.8295897	0.8295897	0.03990263
10620	-56.17755	-55.06293	-1.114614	1.968073	1.968073	1.968073	1.968073	1.968073	1.968073	0.02470849
10630	-54.9394	-55.65122	0.7118129	1.087962	1.087962	1.087962	1.087962	1.087962	1.087962	0.02386551
10640	-55.71388	-56.40722	0.6933343	0.4300571	0.4300571	0.4300571	0.4300571	0.4300571	0.4300571	0.02388429
10650	-54.84775	-55.80852	0.9607722	0.7733095	0.7733095	0.7733095	0.7733095	0.7733095	0.7733095	0.0275937
10660	-56.41412	-53.76947	-2.644653	2.355672	2.355672	2.355672	2.355672	2.355672	2.355672	0.05020095
10670	-56.17678	-56.71339	0.5366146	0.7464994	0.7464994	0.7464994	0.7464994	0.7464994	0.7464994	0.04277265
10680	-57.30511	-55.03549	-2.269619	1.987875	1.987875	1.987875	1.987875	1.987875	1.987875	0.07517529
10690	-56.91265	-53.93203	-2.980619	2.416917	2.416917	2.416917	2.416917	2.416917	2.416917	0.06181928
10700	-58.69574	-53.45594	-5.239797	3.506144	3.506144	3.506144	3.506144	3.506144	3.506144	0.06908372
10710	-57.02244	-55.53504	-1.487397	1.661517	1.661517	1.661517	1.661517	1.661517	1.661517	0.06907138
10720	-55.33364	-56.20112	0.8674793	1.092787	1.092787	1.092787	1.092787	1.092787	1.092787	0.02025899
10730	-54.9535	-55.86359	0.9100862	0.7448533	0.7448533	0.7448533	0.7448533	0.7448533	0.7448533	0.02946335
10740	-56.42216	-54.56927	-1.852894	2.259914	2.259914	2.259914	2.259914	2.259914	2.259914	0.02780767
10750	-55.2558	-56.11924	0.8634415	0.6557097	0.6557097	0.6557097	0.6557097	0.6557097	0.6557097	0.03113416
10760	-55.8187	-56.47275	0.6540582	0.4711145	0.4711145	0.4711145	0.4711145	0.4711145	0.4711145	0.02898761
10770	-54.89056	-55.76491	0.8743532	0.7942954	0.7942954	0.7942954	0.7942954	0.7942954	0.7942954	0.02966425
10780	-54.77272	-55.45176	0.6790395	1.037814	1.037814	1.037814	1.037814	1.037814	1.037814	0.02677456
10790	-56.15878	-55.70007	-0.4587166	1.278306	1.278306	1.278306	1.278306	1.278306	1.278306	0.05431274
10800	-60.37163	-54.33329	-6.038347	3.626028	3.626028	3.626028	3.626028	3.626028	3.626028	0.1230343
10810	-58.27733	-54.21132	-4.066013	2.773087	2.773087	2.773087	2.773087	2.773087	2.773087	0.0882656
10820	-55.73484	-54.55045	-1.184388	1.67046	1.67046	1.67046	1.67046	1.67046	1.67046	0.05005487
10830	-54.79103	-55.65453	0.8634981	0.9529489	0.9529489	0.9529489	0.9529489	0.9529489	0.9529489	0.02525615
10840	-56.22865	-54.23778	-1.990867	1.999958	1.999958	1.999958	1.999958	1.999958	1.999958	0.05543729
10850	-62.24192	-56.64572	-5.596197	3.010751	3.010751	3.010751	3.010751	3.010751	3.010751	0.2542175
10860	-56.49401	-53.8641	-2.629911	2.503643	2.503643	2.503643	2.503643	2.503643	2.503643	0.03636818
10870	-54.87324	-54.95813	0.08489906	1.225406	1.225406	1.225406	1.225406	1.225406	1.225406	0.03489957
10880	-55.73188	-56.33871	0.6068287	0.7654027	0.7654027	0.7654027	0.7654027	0.7654027	0.7654027	0.03949475
10890	-58.51472	-54.42233	-4.092387	2.748322	2.748322	2.748322	2.748322	2.748322	2.748322	0.09526099
10900	-59.39911	-55.41335	-3.985754	2.578214	2.578214	2.578214	2.578214	2.578214	2.578214	0.1210307
10910	-57.70148	-53.47911	-4.222368	3.075247	3.075247	3.075247	3.075247	3.075247	3.075247	0.05672552
10920	-54.97994	-54.70185	-0.2780861	1.383672	1.383672	1.383672	1.383672	1.383672	1.383672	0.03678111
10930	-55.16214	-54.48478	-0.6773608	1.540841	1.540841	1.540841	1.540841	1.540841	1.540841	0.03964538
10940	-60.02989	-57.51925	-2.510634	1.871344	1.871344	1.871344	1.871344	1.871344	1.871344	0.1227527
10950	-56.47295	-56.89669	0.4237413	0.3422139	0.3422139	0.3422139	0.3422139	0.3422139	0.3422139	0.01835538
10960	-55.47768	-54.96174	-0.5159415	1.384556	1.384556	1.384556	1.384556	1.384556	1.384556	0.0465744
10970	-58.32238	-56.95128	-1.371105	0.2127095	0.2127095	0.2127095	0.2127095	0.2127095	0.2127095	0.01865709
10980	-56.84359	-57.18314	0.3395523	0.8103173	0.8103173	0.8103173	0.8103173	0.8103173	0.8103173	0.0500182
10990	-54.82328	-55.11026	0.2869746	1.219283	1.219283	1.219283	1.219283	1.219283	1.219283	0.02884497
11000	-55.71886	-56.73084	1.011982	1.077227	1.077227	1.077227	1.077227	1.077227	1.077227	0.01799847
11010	-55.08055	-55.79182	0.7112699	1.120494	1.120494	1.120494	1.120494	1.120494	1.120494	0.02258105
11020	-55.15763	-54.45094	-0.7066873	1.635717	1.635717	1.635717	1.635717	1.635717	1.635717	0.03342152
11030	-58.49377	-54.12181	-4.371957	2.914118	2.914118	2.914118	2.914118	2.914118	2.914118	0.09043033
11040	-55.32795	-54.41171	-0.9162393	1.75244	1.75244	1.75244	1.75244	1.75244	1.75244	0.03214266
11050	-55.28958	-56.18393	0.8943517	1.072874	1.072874	1.072874	1.072874	1.072874	1.072874	0.02039241
11060	-55.19124	-55.30527	0.1140298	1.383471	1.383471	1.383471	1.383471	1.383471	1.383471	0.02486034
11070	-54.9286	-55.31474	0.3861357	1.222485	1.222485	1.222485	1.222485	1.222485	1.222485	0.02596496
11080	-57.29751	-55.73671	-1.560801	1.670059	1.670059	1.670059	1.670059	1.670059	1.670059	0.07299466
11090	-55.54905	-54.23738	-1.311662	1.781511	1.781511	1.781511	1.781511	1.781511	1.781511	0.04485646
11100	-55.98581	-54.12754	-1.858271	1.979519	1.979519	1.979519	1.979519	1.979519	1.979519	0.0507207
11110	-57.55669	-54.82502	-2.731673	2.177965	2.177965	2.177965	2.177965	2.177965	2.177965	0.07961664
11120	-55.35115	-54.2213	-1.129851	1.754419	1.754419	1.754419	1.754419	1.754419	1.754419	0.03962929
11130	-54.81149	-55.30577	0.4942777	1.033038	1.033038	1.033038	1.033038	1.033038	1.033038	0.03245243
11140	-54.88437	-55.91754	1.033162	0.7212669	0.7212669	0.7212669	0.7212669	0.7212669	0.7212669	0.02626804
11150	-54.96322	-56.17065	1.207431	0.7113454	0.7113454	0.7113454	0.7113454	0.7113454	0.7113454	0.0221176
11160	-54.99186	-55.72754	0.7356779	1.090119	1.090119	1.090119	1.090119	1.090119	1.090119	0.02321788
11170	-55.05765	-55.94962	0.891962	0.7133785	0.7133785	0.7133785	0.7133785	0.7133785	0.7133785	0.03030867
11180	-56.6042	-55.91993	-0.6842726	1.341201	1.341201	1.341201	1.341201	1.341201	1.341201	0.06012861
11190	-55.06507	-56.2524	1.187326	0.8498506	0.8498506	0.8498506	0.8498506	0.8498506	0.8498506	0.02067033
11200	-54.86886	-55.55477	0.6859045	0.9077513	0.9077513	0.9077513	0.9077513	0.9077513	0.9077513	0.03199118
11210	-54.76403	-55.30983	0.5458025	1.086608	1.086608	1.086608	1.086608	1.086608	1.086608	0.02823973
11220	-58.1194	-58.26838	0.1489758	0.8241464	0.8241464	0.8241464	0.8241464	0.8241464	0.8241464	0.05981427
11230	-54.97782	-56.10763	1.129812	0.6502195	0.6502195	0.6502195	0.6502195	0.6502195	0.6502195	0.02381253
11240	-55.12958	-56.35783	1.228252	0.8382683	0.8382683	0.8382683	0.8382683	0.8382683	0.8382683	0.02006647
11250	-55.11497	-55.81959	0.7046185	1.130199	1.130199	1.130199	1.130199	1.130199	1.130199	0.02234834
11260	-55.69324	-56.11998	0.4267313	0.8892724	0.8892724	0.8892724	0.8892724	0.8892724	0.8892724	0.04237995
11270	-55.38499	-54.18406	-1.200933	1.816382	1.816382	1.816382	1.816382	1.816382	1.816382	0.03726793
11280	-56.14983	-54.04631	-2.103514	2.081463	2.081463	2.081463	2.081463	2.081463	2.081463	0.05214581
11290	-56.04068	-53.82888	-2.211797	2.212741	2.212741	2.212741	2.212741	2.212741	2.212741	0.04398123
11300	-54.83002	-55.87717	1.047157	0.8424319	0.8424319	0.8424319	0.8424319	0.8424319	0.8424319	0.0239546
11310	-55.62539	-54.29187	-1.333515	1.772006	1.772006	1.772006	1.772006	1.772006	1.772006	0.04678883
11320	-55.3777	-55.09508	-0.2826213	1.560265	1.560265	1.560265	1.560265	1.560265	1.560265	0.02564803
11330	-56.16199	-54.32279	-1.839203	1.93169	1.93169	1.93169	1.93169	1.93169	1.93169	0.05512279
11340	-56.2891	-55.97541	-0.3136989	1.682018	1.682018	1.682018	1.682018	1.682018	1.682018	0.0204471
11350	-56.10866	-54.64441	-1.464249	1.750849	1.750849	1.750849	1.750849	1.750849	1.750849	0.05579
11360	-56.76386	-54.62714	-2.136728	1.989728	1.989728	1.989728	1.989728	1.989728	1.989728	0.06556033
11370	-56.47361	-53.74461	-2.729009	2.394609	2.394609	2.394609	2.394609	2.394609	2.394609	0.05035386
11380	-55.98543	-56.20046	0.215031	0.9709439	0.9709439	0.9709439	0.9709439	0.9709439	0.9709439	0.04710514
11390	-54.75124	-55.52765	0.7764101	0.9405911	0.9405911	0.9405911	0.9405911	0.9405911	0.9405911	0.02801891
11400	-55.66832	-54.67386	-0.9944647	1.853639	1.853639	1.853639	1.853639	1.853639	1.853639	0.02799174
11410	-56.15746	-55.61298	-0.5444792	1.756129	1.756129	1.756129	1.756129	1.756129	1.756129	0.02198901
11420	-55.94149	-54.95546	-0.9860213	1.89201	1.89201	1.89201	1.89201	1.89201	1.89201	0.02556734
11430	-54.96996	-55.66375	0.6937905	1.103974	1.103974	1.103974	1.103974	1.103974	1.103974	0.02364586
11440	-55.61948	-54.44363	-1.175845	1.68793	1.68793	1.68793	1.68793	1.68793	1.68793	0.047818
11450	-56.63649	-53.75507	-2.881418	2.437885	2.437885	2.437885	2.437885	2.437885	2.437885	0.05359283
11460	-54.97621	-54.78997	-0.1862468	1.43309	1.43309	1.43309	1.43309	1.43309	1.43309	0.03033976
11470	-56.36481	-56.00192	-0.3628871	1.708046	1.708046	1.708046	1.708046	1.708046	1.708046	0.02031956
11480	-55.04388	-55.04396	8.013251e-05	1.212578	1.212578	1.212578	1.212578	1.212578	1.212578	0.03891635
11490	-57.50603	-53.51604	-3.989989	3.05373	3.05373	3.05373	3.05373	3.05373	3.05373	0.04689115
11500	-57.06851	-54.56139	-2.507116	2.131254	2.131254	2.131254	2.131254	2.131254	2.131254	0.07022822
11510	-54.80985	-55.14324	0.3333923	1.121146	1.121146	1.121146	1.121146	1.121146	1.121146	0.03291243
11520	-55.27142	-54.81724	-0.4541783	1.39028	1.39028	1.39028	1.39028	1.39028	1.39028	0.04328022
11530	-55.12066	-54.61031	-0.5103557	1.458613	1.458613	1.458613	1.458613	1.458613	1.458613	0.0398076
11540	-57.18251	-54.88187	-2.30064	2.016352	2.016352	2.016352	2.016352	2.016352	2.016352	0.07296735
11550	-55.04595	-54.91162	-0.1343366	1.28038	1.28038	1.28038	1.28038	1.28038	1.28038	0.03910889
11560	-56.36516	-53.7679	-2.597258	2.342772	2.342772	2.342772	2.342772	2.342772	2.342772	0.04918733
11570	-55.30779	-54.28532	-1.022475	1.697538	1.697538	1.697538	1.697538	1.697538	1.697538	0.040188
11580	-56.11245	-55.18577	-0.9266732	1.4969	1.4969	1.4969	1.4969	1.4969	1.4969	0.05575925
11590	-55.23672	-55.75977	0.5230497	1.229533	1.229533	1.229533	1.229533	1.229533	1.229533	0.02234328
11600	-54.74988	-55.52683	0.7769504	0.9465775	0.9465775	0.9465775	0.9465775	0.9465775	0.9465775	0.02777946
11610	-55.3415	-55.97442	0.6329189	0.8200379	0.8200379	0.8200379	0.8200379	0.8200379	0.8200379	0.03699864
11620	-55.06172	-56.29075	1.22903	0.8083571	0.8083571	0.8083571	0.8083571	0.8083571	0.8083571	0.02058357
11630	-55.13154	-55.61131	0.4797672	1.229437	1.229437	1.229437	1.229437	1.229437	1.229437	0.02333584
11640	-55.03836	-54.91327	-0.1250841	1.277685	1.277685	1.277685	1.277685	1.277685	1.277685	0.03895207
11650	-55.3069	-54.36037	-0.946531	1.751321	1.751321	1.751321	1.751321	1.751321	1.751321	0.03321053
11660	-57.9825	-54.49522	-3.48728	3.05231	3.05231	3.05231	3.05231	3.05231	3.05231	0.02844276
11670	-55.63883	-54.94389	-0.6949446	1.746734	1.746734	1.746734	1.746734	1.746734	1.746734	0.02607766
11680	-54.7468	-55.43336	0.6865605	0.9938104	0.9938104	0.9938104	0.9938104	0.9938104	0.9938104	0.02843434
11690	-55.61018	-55.2262	-0.3839854	1.303361	1.303361	1.303361	1.303361	1.303361	1.303361	0.04799488
11700	-55.60844	-55.24873	-0.359705	1.622521	1.622521	1.622521	1.622521	1.622521	1.622521	0.0242928
11710	-56.97868	-56.62488	-0.3538048	1.757806	1.757806	1.757806	1.757806	1.757806	1.757806	0.01810677
11720	-55.54925	-54.59414	-0.9551099	1.588124	1.588124	1.588124	1.588124	1.588124	1.588124	0.04738426
11730	-55.18767	-54.65023	-0.5374339	1.452518	1.452518	1.452518	1.452518	1.452518	1.452518	0.04141752
11740	-55.48117	-56.30374	0.8225707	0.5283927	0.5283927	0.5283927	0.5283927	0.5283927	0.5283927	0.02837057
11750	-55.39502	-56.34105	0.9460301	0.4922116	0.4922116	0.4922116	0.4922116	0.4922116	0.4922116	0.02304007
11760	-54.93855	-54.70732	-0.2312381	1.417856	1.417856	1.417856	1.417856	1.417856	1.417856	0.03274123
11770	-56.84187	-53.98815	-2.853721	2.357422	2.357422	2.357422	2.357422	2.357422	2.357422	0.06164802
11780	-55.07196	-55.18015	0.108186	1.362174	1.362174	1.362174	1.362174	1.362174	1.362174	0.02610299
11790	-55.09211	-56.0687	0.9765893	0.6300568	0.6300568	0.6300568	0.6300568	0.6300568	0.6300568	0.02750764
11800	-55.0938	-55.96573	0.8719385	1.047652	1.047652	1.047652	1.047652	1.047652	1.047652	0.02173278
11810	-55.17236	-54.8608	-0.3115576	1.339701	1.339701	1.339701	1.339701	1.339701	1.339701	0.04154425
11820	-55.30922	-56.36863	1.05941	0.5192587	0.5192587	0.5192587	0.5192587	0.5192587	0.5192587	0.02196755
11830	-55.05883	-54.62503	-0.4337984	1.43893	1.43893	1.43893	1.43893	1.43893	1.43893	0.03839876
11840	-54.86574	-54.95023	0.08448429	1.30419	1.30419	1.30419	1.30419	1.30419	1.30419	0.029994
11850	-56.07252	-54.44664	-1.625881	2.129311	2.129311	2.129311	2.129311	2.129311	2.129311	0.02921382
11860	-56.41311	-57.21325	0.8001485	1.246446	1.246446	1.246446	1.246446	1.246446	1.246446	0.01639977
11870	-55.2546	-56.29968	1.045084	0.5319992	0.5319992	0.5319992	0.5319992	0.5319992	0.5319992	0.02287169
11880	-54.79662	-55.80042	1.003802	0.8346561	0.8346561	0.8346561	0.8346561	0.8346561	0.8346561	0.02520124
11890	-55.79856	-53.94471	-1.853852	2.102468	2.102468	2.102468	2.102468	2.102468	2.102468	0.03884873
11900	-57.14287	-53.66923	-3.473639	2.869798	2.869798	2.869798	2.869798	2.869798	2.869798	0.04021934
11910	-55.16636	-55.86069	0.6943321	0.8184313	0.8184313	0.8184313	0.8184313	0.8184313	0.8184313	0.03484277
11920	-55.69455	-54.14625	-1.548299	1.87811	1.87811	1.87811	1.87811	1.87811	1.87811	0.04621716
11930	-58.18108	-54.59975	-3.581335	2.522389	2.522389	2.522389	2.522389	2.522389	2.522389	0.09059812
11940	-54.85513	-55.15748	0.3023465	1.229554	1.229554	1.229554	1.229554	1.229554	1.229554	0.02785988
11950	-56.77189	-53.62245	-3.149439	2.605682	2.605682	2.605682	2.605682	2.605682	2.605682	0.04957373
11960	-55.91144	-54.9364	-0.9750398	1.542964	1.542964	1.542964	1.542964	1.542964	1.542964	0.05315448
11970	-55.4135	-56.50575	1.092256	0.5045941	0.5045941	0.5045941	0.5045941	0.5045941	0.5045941	0.02055189
11980	-55.08346	-54.50997	-0.5734904	1.516644	1.516644	1.516644	1.516644	1.516644	1.516644	0.03758928
11990	-55.87296	-54.72606	-1.146899	1.938066	1.938066	1.938066	1.938066	1.938066	1.938066	0.02721089
12000	-57.95346	-54.999	-2.954465	2.238194	2.238194	2.238194	2.238194	2.238194	2.238194	0.08759089
